time,longitude,radius,latitude,Vr,Time_days,Times_Earth,Vr_pred_Earth,Lon-L1,Lat-L1,Vr_obs_Earth,SpiralOrigin_Lon_deg,SpiralOrigin_Rs,SpiralOrigin_Lat_deg,Encounter
2018-11-03 08:52:30+00:00,319.17910160063815,41.23311510202342,-2.3471471554282197,294.2032512865796,7.732511574074074,2018-11-07 08:52:30+00:00,396.3691477895607,208.32018617753337,3.739554012600576,415.30884808013354,314.81874505233725,30.0,-2.3471471554282197,1
2018-11-03 09:07:30+00:00,319.17960222413825,41.19559219168372,-2.355779557932179,281.8932224439106,7.742928240740741,2018-11-07 09:07:30+00:00,396.3691477895607,208.182848590687,3.7384214843278993,410.98631647984735,314.64403405874447,30.0,-2.355779557932179,1
2018-11-03 09:22:30+00:00,319.18037475021947,41.15815801130977,-2.3644118804886625,306.93391647143,7.753344907407407,2018-11-07 09:22:30+00:00,395.11250801156234,208.04551103119255,3.737288827839976,411.5549725733365,315.0287615107316,30.0,-2.3644118804886625,1
2018-11-03 09:37:30+00:00,319.18141928739493,41.12081297463537,-2.373043983969952,323.1685670808279,7.763761574074074,2018-11-07 09:37:30+00:00,395.11250801156234,207.908173499058,3.736156043174864,413.1385642737896,315.25156283959467,30.0,-2.373043983969952,1
2018-11-03 09:52:30+00:00,319.18273593869776,41.08355749621434,-2.381675728198125,314.3650500811518,7.774178240740741,2018-11-07 09:52:30+00:00,393.8654536807133,207.77083599424765,3.7350231303706103,408.1991811749742,315.15636128233115,30.0,-2.381675728198125,1
2018-11-03 10:07:30+00:00,319.1843248013894,41.04639199143207,-2.3903069719393257,319.89537577378223,7.784594907407407,2018-11-07 10:07:30+00:00,392.62793833442583,207.63349851672567,3.7338900894652425,408.7765323157644,315.2408256622341,30.0,-2.3903069719393257,1
2018-11-03 10:22:30+00:00,319.1861859671862,41.009316876477186,-2.3989375729071085,320.36958939121143,7.795011574074074,2018-11-07 10:22:30+00:00,392.62793833442583,207.4961610664857,3.7327569204968047,409.2089991255267,315.2617400406685,30.0,-2.3989375729071085,1
2018-11-03 10:37:30+00:00,319.188319521992,40.97233256834144,-2.40756738775911,311.20046104878844,7.805428240740741,2018-11-07 10:37:30+00:00,391.39991574037145,207.35882364350635,3.731623623503375,407.01548034603127,315.161816838993,30.0,-2.40756738775911,1
2018-11-03 10:52:30+00:00,319.1907255459667,40.93543948481209,-2.4161962720970123,277.16093078628313,7.815844907407407,2018-11-07 10:52:30+00:00,390.1813399442443,207.2214862477667,3.730490198522973,405.3183877891725,314.6849091343843,30.0,-2.4161962720970123,1
2018-11-03 11:07:30+00:00,319.19340411342046,40.89863804446191,-2.4248240804647576,268.6989765907963,7.826261574074074,2018-11-07 11:07:30+00:00,390.1813399442443,207.08414887923095,3.72935664559364,402.6711185308849,314.56133021672036,30.0,-2.4248240804647576,1
2018-11-03 11:22:30+00:00,319.1963552927505,40.86192866663325,-2.4334506663503195,268.2560934891486,7.836678240740741,2018-11-07 11:22:30+00:00,388.9721653190419,206.94681153789256,3.7282229647534577,404.6128468081724,314.5722617336128,30.0,-2.4334506663503195,1
2018-11-03 11:37:30+00:00,319.19957914641117,40.82531177143979,-2.4420758821820865,268.2153589315526,7.847094907407407,2018-11-07 11:37:30+00:00,387.7723466159565,206.80947422373055,3.727089156040434,403.98969422341713,314.5903740688666,30.0,-2.4420758821820865,1
2018-11-03 11:52:30+00:00,319.2030757308901,40.78878777975034,-2.4506995793304576,272.0806282075063,7.857511574074074,2018-11-07 11:52:30+00:00,387.7723466159565,206.6721369367092,3.725955219492637,403.79093360729416,314.6746808495738,30.0,-2.4506995793304576,1
2018-11-03 12:07:30+00:00,319.2068450965624,40.75235711318147,-2.4593216081066136,285.8514190317195,7.867928240740741,2018-11-07 12:07:30+00:00,386.5818390169725,206.53479967683663,3.724821155148106,405.6483027267668,314.9111584917405,30.0,-2.4593216081066136,1
2018-11-03 12:22:30+00:00,319.2108872877151,40.716020194076755,-2.4679418177656567,262.2391485809683,7.878344907407407,2018-11-07 12:22:30+00:00,385.4005981892637,206.39746244406265,3.723686963044878,407.99883199716254,314.5442369725811,30.0,-2.4679418177656567,1
2018-11-03 12:37:30+00:00,319.2152023424595,40.679777445524465,-2.4765600564986907,271.2966054535337,7.888761574074074,2018-11-07 12:37:30+00:00,385.4005981892637,206.26012523838077,3.722552643221011,411.9445106924239,314.71960811508535,30.0,-2.4765600564986907,1
2018-11-03 12:52:30+00:00,319.21979029268783,40.64362929131617,-2.4851761714406573,275.38606010016696,7.899178240740741,2018-11-07 12:52:30+00:00,384.22858034148226,206.1227880597555,3.721418195714553,409.6567195325543,314.8059455842415,30.0,-2.4851761714406573,1
2018-11-03 13:07:30+00:00,319.2246511640474,40.6075761559533,-2.4937900086669247,289.62379462675653,7.909594907407407,2018-11-07 13:07:30+00:00,383.06574228203186,205.98545090819485,3.720283620563528,415.6745369266237,315.0420044733115,30.0,-2.4937900086669247,1
2018-11-03 13:22:30+00:00,319.2297849758286,40.57161846463666,-2.5024014131930583,285.0944450428133,7.920011574074074,2018-11-07 13:22:30+00:00,383.06574228203186,205.84811378364873,3.719148917805999,411.6193656093489,314.99509142449347,30.0,-2.5024014131930583,1
2018-11-03 13:37:30+00:00,319.2351917409717,40.53575664324397,-2.511010228978228,286.7726452689967,7.930428240740741,2018-11-07 13:37:30+00:00,381.91204147941534,205.71077668611076,3.718014087480011,420.0080491295015,315.0395608884164,30.0,-2.511010228978228,1
2018-11-03 13:52:30+00:00,319.2408714659423,40.49999111833726,-2.5196162989214796,297.84015025041737,7.940844907407407,2018-11-07 13:52:30+00:00,381.91204147941534,205.57343961556003,3.7168791296235937,416.5384768264568,315.21486051844175,30.0,-2.5196162989214796,1
2018-11-03 14:07:30+00:00,319.2468241507312,40.46432231713819,-2.5282194648656087,325.4944396574937,7.951261574074074,2018-11-07 14:07:30+00:00,380.76743612474473,205.43610257196104,3.715744044274794,419.4029732093171,315.57538109919244,30.0,-2.5282194648656087,1
2018-11-03 14:22:30+00:00,319.2530497887599,40.428750667522486,-2.5368195675962006,301.3449835747752,7.961678240740741,2018-11-07 14:22:30+00:00,379.6318851965015,205.29876555532184,3.714608831471651,422.21236783528104,315.3008619250697,30.0,-2.5368195675962006,1
2018-11-03 14:37:30+00:00,319.25954836689033,40.3932765980083,-2.5454164468431086,282.88104808111274,7.972094907407407,2018-11-07 14:37:30+00:00,379.6318851965015,205.16142856559247,3.713473491252228,424.4435169727324,315.0637182583651,30.0,-2.5454164468431086,1
2018-11-03 14:52:30+00:00,319.26631986526945,40.35790053774384,-2.554009941281078,275.99274421031714,7.982511574074074,2018-11-07 14:52:30+00:00,378.5053485276329,205.02409160275212,3.712338023654562,425.7365450353764,314.9804070359525,30.0,-2.554009941281078,1
2018-11-03 15:07:30+00:00,319.27336425737667,40.32262291649672,-2.562599888531344,274.87479131886477,7.992928240740741,2018-11-07 15:07:30+00:00,377.3877868750643,204.88675466680888,3.711202428716669,425.2034641068448,314.9846766556137,30.0,-2.562599888531344,1
2018-11-03 15:22:30+00:00,319.28068150990464,40.28744416464343,-2.5711861251620243,276.97210636563346,8.003344907407408,2018-11-07 15:22:30+00:00,377.3877868750643,204.74941775771296,3.710066706476612,425.9082597980762,315.0389739881394,30.0,-2.5711861251620243,1
2018-11-03 15:37:30+00:00,319.28827158272634,40.25236471315486,-2.5797684866902006,273.7822446012171,8.013761574074074,2018-11-07 15:37:30+00:00,376.2791619917104,204.61208087545776,3.708930856972455,424.23205342237065,315.0117759827152,30.0,-2.5797684866902006,1
2018-11-03 15:52:30+00:00,319.29613442883607,40.21738499358735,-2.588346807582828,273.7312268574049,8.02417824074074,2018-11-07 15:52:30+00:00,375.1794367010581,204.47474402002263,3.7077948802421887,422.5191291040624,315.03343533976823,30.0,-2.588346807582828,1
2018-11-03 16:07:30+00:00,319.30426999429227,40.18250543806627,-2.596920921259402,270.11349561096455,8.034594907407408,2018-11-07 16:07:30+00:00,375.1794367010581,204.33740719137225,3.7066587763239,422.8672968656274,314.99922564788613,30.0,-2.596920921259402,1
2018-11-03 16:22:30+00:00,319.31267821815453,40.14772647928598,-2.605490660090331,270.7429048414023,8.045011574074074,2018-11-07 16:22:30+00:00,374.0885749743956,204.20007038951485,3.7055225452555938,422.85078305111693,315.03231197228126,30.0,-2.605490660090331,1
2018-11-03 16:37:30+00:00,319.321359032491,40.11304855047748,-2.6140558554042737,278.93565889385536,8.05542824074074,2018-11-07 16:37:30+00:00,373.00654201075326,204.06273361440049,3.704386187075334,418.2178631051753,315.1809112048297,30.0,-2.6140558554042737,1
2018-11-03 16:52:30+00:00,319.3303123621947,40.07847208541404,-2.6226163374850686,276.3412811675373,8.065844907407408,2018-11-07 16:52:30+00:00,373.00654201075326,203.925396866023,3.7032497018211625,419.45106924238814,315.1652817991281,30.0,-2.6226163374850686,1
2018-11-03 17:07:30+00:00,319.33953812507224,40.043997518386675,-2.631171935577324,268.35667787792295,8.076261574074074,2018-11-07 17:07:30+00:00,371.93330431961795,203.78806014436157,3.702113089531106,419.6787575251682,315.06525336798717,30.0,-2.631171935577324,1
2018-11-03 17:22:30+00:00,319.349036231692,40.00962528420023,-2.639722477886092,267.7001992568259,8.08667824074074,2018-11-07 17:22:30+00:00,370.868829806477,203.6507234493955,3.700976350243209,415.4312246601479,315.07893287278443,30.0,-2.639722477886092,1
2018-11-03 17:37:30+00:00,319.3588065853595,39.97535581815609,-2.6482677915805772,294.1562326099054,8.097094907407408,2018-11-07 17:37:30+00:00,370.868829806477,203.51338678108945,3.6998394839955258,416.9608076953653,315.4860553319262,30.0,-2.6482677915805772,1
2018-11-03 17:52:30+00:00,319.3688490820696,39.94118955603575,-2.656807702797424,270.90884000215414,8.107511574074074,2018-11-07 17:52:30+00:00,369.8130878612388,203.3760501394374,3.69870249082605,417.21828046744577,315.1781696526777,30.0,-2.656807702797424,1
2018-11-03 18:07:30+00:00,319.3791636104824,39.90712693409221,-2.6653420366422687,274.64524207011686,8.11792824074074,2018-11-07 18:07:30+00:00,369.8130878612388,203.23871352440392,3.697565370772878,422.3201864218141,315.2596597924076,30.0,-2.6653420366422687,1
2018-11-03 18:22:30+00:00,319.38975005172523,39.8731683890429,-2.6738706171908353,275.6994183854812,8.128344907407408,2018-11-07 18:22:30+00:00,368.76604944956995,203.10137693599756,3.696428123874019,420.40603386596706,315.30006413261435,30.0,-2.6738706171908353,1
2018-11-03 18:37:30+00:00,319.40060827957916,39.8393143580422,-2.6823932674955464,272.97737390600497,8.138761574074074,2018-11-07 18:37:30+00:00,367.72768720717966,202.96404037416843,3.6952907501674983,432.9218340090627,315.28430422571114,30.0,-2.6823932674955464,1
2018-11-03 18:52:30+00:00,319.41173816020387,39.80556527867177,-2.690909809587871,267.21751409503844,8.14917824074074,2018-11-07 18:52:30+00:00,367.72768720717966,202.82670383891053,3.694153249691384,432.253408458542,315.221130737915,30.0,-2.690909809587871,1
2018-11-03 19:07:30+00:00,319.4231395521972,39.77192158893472,-2.6994200644788884,265.03410453104834,8.159594907407408,2018-11-07 19:07:30+00:00,366.69797553707025,202.68936733021783,3.6930156224836854,426.5178686088536,315.21250574490216,30.0,-2.6994200644788884,1
2018-11-03 19:22:30+00:00,319.43481230650093,39.7383837272342,-2.7079238521653557,267.96441650061934,8.170011574074074,2018-11-07 19:22:30+00:00,365.6768907097631,202.5520308480259,3.691877868582454,424.0275459098498,315.2845168176816,30.0,-2.7079238521653557,1
2018-11-03 19:37:30+00:00,319.44675626638536,39.704952132360354,-2.7164209916322384,268.3992810598309,8.18042824074074,2018-11-07 19:37:30+00:00,365.6768907097631,202.41469439234345,3.6907399880257414,412.7809742427856,315.3174099108657,30.0,-2.7164209916322384,1
2018-11-03 19:52:30+00:00,319.4589712673794,39.67162724347969,-2.724911300856298,273.57823165742974,8.190844907407408,2018-11-07 19:52:30+00:00,364.6644109664941,202.2773579631497,3.689601980851552,412.13484623334375,315.42170610782364,30.0,-2.724911300856298,1
2018-11-03 20:07:30+00:00,319.4714571371209,39.63840950011584,-2.7333945968102804,272.35769989285075,8.201261574074074,2018-11-07 20:07:30+00:00,363.6605166253591,202.14002156042412,3.688463847097944,411.8787264488433,315.4300279076981,30.0,-2.7333945968102804,1
2018-11-03 20:22:30+00:00,319.4842136954774,39.605299342134835,-2.7418706954678345,267.0241012286222,8.21167824074074,2018-11-07 20:22:30+00:00,363.6605166253591,202.00268518414643,3.687325586802935,416.0137928293187,315.37622060938463,30.0,-2.7418706954678345,1
2018-11-03 20:37:30+00:00,319.4972407544199,39.57229720973186,-2.7503394118067397,270.93133163114993,8.222094907407408,2018-11-07 20:37:30+00:00,362.6651901903754,201.86534883429573,3.6861872000045777,415.3871531918276,315.46240180036244,30.0,-2.7503394118067397,1
2018-11-03 20:52:30+00:00,319.51053811786255,39.53940354342631,-2.7588005598108274,268.40409520918706,8.232511574074074,2018-11-07 20:52:30+00:00,361.6784164634051,201.7280125108517,3.6850486867408914,413.7192940615311,315.4517035986572,30.0,-2.7588005598108274,1
2018-11-03 21:07:30+00:00,319.52410558174563,39.50661878402894,-2.7672539524792072,296.2686262702419,8.24292824074074,2018-11-07 21:07:30+00:00,361.6784164634051,201.5906762137792,3.6839100470499417,408.9258612839581,315.85964818155065,30.0,-2.7672539524792072,1
2018-11-03 21:22:30+00:00,319.537942933993,39.47394337263096,-2.7756994018293244,270.3457375195218,8.253344907407408,2018-11-07 21:22:30+00:00,360.7001826588695,201.45333994307248,3.6827712809697126,401.9019794896256,315.5359112733819,30.0,-2.7756994018293244,1
2018-11-03 21:37:30+00:00,319.55204995431006,39.441377750601056,-2.784136718899364,291.00584307178633,8.263761574074074,2018-11-07 21:37:30+00:00,359.73047852116383,201.31600369869636,3.6816323885382904,404.8030808923965,315.84692442004985,30.0,-2.784136718899364,1
2018-11-03 21:52:30+00:00,319.56642641429784,39.40892235955514,-2.792565713756358,279.62800904733695,8.27417824074074,2018-11-07 21:52:30+00:00,359.73047852116383,201.1786674806596,3.680493369793666,408.61995371073,315.72379723407136,30.0,-2.792565713756358,1
2018-11-03 22:07:30+00:00,319.5810720773082,39.37657764134744,-2.800986195499814,273.7051672141742,8.284594907407408,2018-11-07 22:07:30+00:00,358.76929644465486,201.0413312889126,3.679354224773896,407.4618411638446,315.6687858592852,30.0,-2.800986195499814,1
2018-11-03 22:22:30+00:00,319.59598669838175,39.34434403806048,-2.8093979722656717,275.89797883383693,8.295011574074074,2018-11-07 22:22:30+00:00,358.76929644465486,200.9039951234496,3.678214953516999,411.4381111376103,315.7281372355469,30.0,-2.8093979722656717,1
2018-11-03 22:37:30+00:00,319.6111700242503,39.3122219919766,-2.817800851234578,273.88005750868587,8.30542824074074,2018-11-07 22:37:30+00:00,357.8166315961293,200.76665898425009,3.677075556061036,412.7243322203673,315.72821668122657,30.0,-2.817800851234578,1
2018-11-03 22:52:30+00:00,319.62662179325434,39.28021194556383,-2.8261946386375794,268.31176961602677,8.315844907407408,2018-11-07 22:52:30+00:00,356.8724820395252,200.62932287129385,3.675936032443998,417.98831385642734,315.67670967227576,30.0,-2.8261946386375794,1
2018-11-03 23:07:30+00:00,319.6423417353477,39.24831434147027,-2.8345791397587203,273.8209515859766,8.326261574074074,2018-11-07 23:07:30+00:00,356.8724820395252,200.4919867845604,3.674796382703948,418.07387312186984,315.7852038062991,30.0,-2.8345791397587203,1
2018-11-03 23:22:30+00:00,319.6583295719152,39.21652962249696,-2.8429541589440386,278.70974241459163,8.33667824074074,2018-11-07 23:22:30+00:00,355.93684886276236,200.354650724015,3.673656606878883,416.9542988313856,315.8818726468388,30.0,-2.8429541589440386,1
2018-11-03 23:37:30+00:00,319.6745850158526,39.18485823158659,-2.8513194996063587,280.9588080749021,8.347094907407408,2018-11-07 23:37:30+00:00,355.00973630645285,200.21731468965177,3.672516705006877,420.21822084426424,315.94123191376906,30.0,-2.8513194996063587,1
2018-11-03 23:52:30+00:00,319.6911077714661,39.15330061180158,-2.859674964232652,278.0311597856969,8.357511574074074,2018-11-07 23:52:30+00:00,355.00973630645285,200.07997868145043,3.67137667712594,420.3589315525876,315.9314049665606,30.0,-2.859674964232652,1
2018-11-04 00:07:30+00:00,319.7078975343687,39.12185720631715,-2.868020354388404,265.3869375358634,8.36792824074074,2018-11-08 00:07:30+00:00,354.0911518942502,199.94264269937617,3.670236523274094,426.1768125447174,315.78259631965506,30.0,-2.868020354388404,1
2018-11-04 00:22:30+00:00,319.72495399153667,39.090528458389414,-2.8763554707283654,262.16678334859176,8.378344907407408,2018-11-08 00:22:30+00:00,353.1811065645654,199.8053067434234,3.669096243489383,426.0046506081564,315.76508582674427,30.0,-2.8763554707283654,1
2018-11-04 00:37:30+00:00,319.74227682118516,39.05931481135154,-2.884680112998951,266.8998061284937,8.388761574074074,2018-11-08 00:37:30+00:00,353.1811065645654,199.66797081358615,3.667955837809824,425.0491891247317,315.8659859769097,30.0,-2.884680112998951,1
2018-11-04 00:52:30+00:00,319.7598656927486,39.02821670858964,-2.892994080047498,258.18845972430876,8.39917824074074,2018-11-08 00:52:30+00:00,352.2796148033542,199.53063490981535,3.666815306273448,431.2813021702838,315.76654295952255,30.0,-2.892994080047498,1
2018-11-04 01:07:30+00:00,319.7777202668416,38.9972345935235,-2.9012971698300185,266.9215105984722,8.409594907407408,2018-11-08 01:07:30+00:00,351.38669477765245,199.39329903210535,3.665674648918286,436.5490102551872,315.9283052830134,30.0,-2.9012971698300185,1
2018-11-04 01:22:30+00:00,319.79584019517085,38.966368909594635,-2.9095891794169284,318.0837109468161,8.420011574074074,2018-11-08 01:22:30+00:00,351.38669477765245,199.2559631804359,3.66453386578236,448.48497495826376,316.57666630972255,30.0,-2.9095891794169284,1
2018-11-04 01:37:30+00:00,319.8142251205142,38.93562010024303,-2.917869905002369,293.2134875329851,8.43042824074074,2018-11-08 01:37:30+00:00,350.5023684695255,199.11862735477231,3.663392956903712,441.1832220367279,316.3339785442439,30.0,-2.917869905002369,1
2018-11-04 01:52:30+00:00,319.83287467666906,38.90498860889824,-2.926139141909244,298.23005700745483,8.440844907407408,2018-11-08 01:52:30+00:00,349.6266618100852,198.98129155510895,3.662251922320375,443.7216789887908,316.4228994898696,30.0,-2.926139141909244,1
2018-11-04 02:07:30+00:00,319.8517884883551,38.8744748789498,-2.934396684600342,285.09646453767033,8.451261574074074,2018-11-08 02:07:30+00:00,349.6266618100852,198.84395578144031,3.66111076207033,436.74457429048414,316.29694819001526,30.0,-2.934396684600342,1
2018-11-04 02:22:30+00:00,319.8709661713472,38.84407935372857,-2.9426423266867383,301.1790484140234,8.46167824074074,2018-11-08 02:22:30+00:00,348.7596048132446,198.7066200337026,3.659969476191651,436.2235670562048,316.5174752424502,30.0,-2.9426423266867383,1
2018-11-04 02:37:30+00:00,319.89040733213966,38.81380247649873,-2.9508758609326695,286.8133105517995,8.472094907407408,2018-11-08 02:37:30+00:00,348.7596048132446,198.56928431191935,3.65882806472234,429.10543546603645,316.38100408871816,30.0,-2.9508758609326695,1
2018-11-04 02:52:30+00:00,319.9101115681527,38.7836446904359,-2.95909707926585,308.1924174699768,8.482511574074074,2018-11-08 02:52:30+00:00,347.90123170892593,198.43194861604144,3.6576865277004496,423.73442917683315,316.6553283183619,30.0,-2.95909707926585,1
2018-11-04 03:07:30+00:00,319.930078467535,38.75360643860218,-2.967305772787072,286.7056653562389,8.49292824074074,2018-11-08 03:07:30+00:00,347.05158107553774,198.29461294606335,3.656544865163984,422.26106010016696,316.44333493372034,30.0,-2.967305772787072,1
2018-11-04 03:22:30+00:00,319.95030760921856,38.723688163930234,-2.9755017317785986,280.4954517261806,8.503344907407408,2018-11-08 03:22:30+00:00,347.05158107553774,198.15727730196537,3.655403077150946,421.1483424755545,316.398547939518,30.0,-2.9755017317785986,1
2018-11-04 03:37:30+00:00,319.9707985627852,38.69389030921302,-2.983684745710918,284.5575959933222,8.513761574074074,2018-11-08 03:37:30+00:00,346.2106959717444,198.01994168372704,3.654261163699399,421.9927151312794,316.48170002104666,30.0,-2.983684745710918,1
2018-11-04 03:52:30+00:00,319.99155088848846,38.66421331706364,-2.9918546032572726,303.97890710424946,8.52417824074074,2018-11-08 03:52:30+00:00,345.37862406791993,197.8826060913285,3.653119124847342,423.7948664440735,316.7365212369323,30.0,-2.9918546032572726,1
2018-11-04 04:07:30+00:00,320.0125641371708,38.6346576299166,-3.000011092297922,286.27012763207495,8.534594907407408,2018-11-08 04:07:30+00:00,345.37862406791993,197.74527052474997,3.6519769606328287,418.4199856904364,316.5679676638622,30.0,-3.000011092297922,1
2018-11-04 04:22:30+00:00,320.0338378502505,38.6052236900026,-3.0081539999311837,284.73968711293014,8.545011574074074,2018-11-08 04:22:30+00:00,344.5554177783664,197.60793498394233,3.650834671093849,423.8320277385386,316.58253219757745,30.0,-3.0081539999311837,1
2018-11-04 04:37:30+00:00,320.05537155962037,38.575911939320974,-3.0162831124852425,300.01490579537324,8.55542824074074,2018-11-08 04:37:30+00:00,343.7411343965912,197.47059946894373,3.6496922562684344,420.8524624373957,316.7909462044642,30.0,-3.0162831124852425,1
2018-11-04 04:52:30+00:00,320.0771647877147,38.54672281963121,-3.024398215525352,299.95355161828854,8.565844907407408,2018-11-08 04:52:30+00:00,343.7411343965912,197.3332639796763,3.648549716194613,423.6346291438111,316.8231848350573,30.0,-3.024398215525352,1
2018-11-04 05:07:30+00:00,320.09921704730874,38.5176567724257,-3.032499093866035,309.29135925467176,8.576261574074074,2018-11-08 05:07:30+00:00,342.93583623812015,197.19592851617813,3.647407050910408,422.7152396851896,316.95421008911444,30.0,-3.032499093866035,1
2018-11-04 05:22:30+00:00,320.121527841634,38.48871423890576,-3.0405855315818684,336.8134504302311,8.58667824074074,2018-11-08 05:22:30+00:00,342.1395907992254,197.05859307837144,3.646264260453827,437.0158597662771,317.24332266792885,30.0,-3.0405855315818684,1
2018-11-04 05:37:30+00:00,320.1440966642651,38.45989565997369,-3.0486573120159055,332.8450892866047,8.597094907407408,2018-11-08 05:37:30+00:00,342.1395907992254,196.9212576662652,3.6451213448629063,426.4656462068816,317.24146375468587,30.0,-3.0486573120159055,1
2018-11-04 05:52:30+00:00,320.1669229990305,38.43120147620428,-3.0567142177916153,295.47012878607205,8.607511574074074,2018-11-08 05:52:30+00:00,341.35247094694375,196.7839222798544,3.643978304175647,426.5901502504173,316.9082172398555,30.0,-3.0567142177916153,1
2018-11-04 06:07:30+00:00,320.1900063200795,38.40263212782302,-3.0647560308248094,283.35767946577636,8.61792824074074,2018-11-08 06:07:30+00:00,340.57455516835404,196.6465869190899,3.642835138430116,419.97078464106846,316.80351766433625,30.0,-3.0647560308248094,1
2018-11-04 06:22:30+00:00,320.2133460917474,38.37418805469285,-3.072782532332545,274.22787979966614,8.628344907407408,2018-11-08 06:22:30+00:00,340.57455516835404,196.50925158396657,3.641691847664296,423.9565943238731,316.72595731510603,30.0,-3.072782532332545,1
2018-11-04 06:37:30+00:00,320.23694176857316,38.34586969628556,-3.080793502846673,276.518335156295,8.638761574074074,2018-11-08 06:37:30+00:00,339.8059279298379,196.37191627445023,3.640548431916197,427.08204149773434,316.7901350688674,30.0,-3.080793502846673,1
2018-11-04 06:52:30+00:00,320.2607927952392,38.317677491661875,-3.088788722225144,275.20172509738455,8.64917824074074,2018-11-08 06:52:30+00:00,339.8059279298379,196.2345809905357,3.639404891223854,422.794133384701,316.80919496571397,30.0,-3.088788722225144,1
2018-11-04 07:07:30+00:00,320.284898606557,38.289611879456494,-3.0967679696620896,284.8177742474016,8.659594907407408,2018-11-08 07:07:30+00:00,339.0466802383083,196.09724573221752,3.6382612256252913,426.17916307398775,316.96108722116134,30.0,-3.0967679696620896,1
2018-11-04 07:22:30+00:00,320.30925862736007,38.26167329784897,-3.104731023701783,276.21035058430715,8.670011574074074,2018-11-08 07:22:30+00:00,338.29691057146346,195.9599104994475,3.637117435158495,424.91652754590984,316.8934201202611,30.0,-3.104731023701783,1
2018-11-04 07:37:30+00:00,320.3338722725929,38.2338621845486,-3.1126776622495727,273.1871667833486,8.68042824074074,2018-11-08 07:37:30+00:00,338.29691057146346,195.82257529220527,3.6359735198615377,432.2744346638336,316.89185883388683,30.0,-3.1126776622495727,1
2018-11-04 07:52:30+00:00,320.35873894714325,38.20617897676924,-3.1206076625844705,288.6201668796316,8.690844907407408,2018-11-08 07:52:30+00:00,337.5567264811809,195.68524011051537,3.6348294797724017,436.1762298636255,317.11172934222185,30.0,-3.1206076625844705,1
2018-11-04 08:07:30+00:00,320.3838580458484,38.178624111212386,-3.128520801371132,285.55281234389537,8.701261574074074,2018-11-08 08:07:30+00:00,336.826247425115,195.5479049542997,3.633685314929093,451.8920422927101,317.11298966309334,30.0,-3.128520801371132,1
2018-11-04 08:22:30+00:00,320.4092289535266,38.15119802403775,-3.13641685467431,291.311309078349,8.71167824074074,2018-11-08 08:22:30+00:00,336.826247425115,195.41056982358236,3.632541025369662,457.6489088957787,317.2137691324988,30.0,-3.13641685467431,1
2018-11-04 08:37:30+00:00,320.4348510448678,38.12390115084918,-3.1442955979695046,282.03188109214284,8.722094907407408,2018-11-08 08:37:30+00:00,336.1056098423446,195.2732347183148,3.6313966111320943,475.9410525478973,317.1453071309273,30.0,-3.1442955979695046,1
2018-11-04 08:52:30+00:00,320.46072368440844,38.096733926663106,-3.1521568061594163,290.6244138822398,8.732511574074074,2018-11-08 08:52:30+00:00,335.39497633715985,195.13589963847733,3.630252072254435,476.00325940058826,317.27911300666534,30.0,-3.1521568061594163,1
2018-11-04 09:07:30+00:00,320.4868462265649,38.06969678589712,-3.160000253583221,319.16164036835585,8.74292824074074,2018-11-08 09:07:30+00:00,335.39497633715985,194.99856458407953,3.629107408774677,477.6788650275712,317.59938746608145,30.0,-3.160000253583221,1
2018-11-04 09:22:30+00:00,320.5132180154729,38.04279016234559,-3.167825714032028,296.96773867165376,8.753344907407408,2018-11-08 09:22:30+00:00,334.694552400335,194.86122955510208,3.6279626207308193,462.85403522465293,317.42031196498425,30.0,-3.167825714032028,1
2018-11-04 09:37:30+00:00,320.53983838512164,38.01601448914891,-3.1756329607635365,288.5538397328881,8.763761574074074,2018-11-08 09:37:30+00:00,334.004616992037,194.72389455148155,3.626817708160911,462.5319977740679,317.3673437391666,30.0,-3.1756329607635365,1
2018-11-04 09:52:30+00:00,320.56670665912026,37.98937019878578,-3.1834217665125446,296.62353226827804,8.77417824074074,2018-11-08 09:52:30+00:00,334.004616992037,194.58655957322785,3.625672671102951,456.61345297718424,317.49077837872096,30.0,-3.1834217665125446,1
2018-11-04 10:07:30+00:00,320.5938221508964,37.962857723029614,-3.1911919035112915,289.5518067747321,8.784594907407408,2018-11-08 10:07:30+00:00,333.32557867529374,194.4492246203358,3.624527509594968,465.0876460767946,317.4532271226134,30.0,-3.1911919035112915,1
2018-11-04 10:22:30+00:00,320.6211841635288,37.93647749294584,-3.198943143497248,293.81255625735673,8.795011574074074,2018-11-08 10:22:30+00:00,332.658078950297,194.31188969274248,3.6233822236749527,466.6170890878737,317.53638638582606,30.0,-3.198943143497248,1
2018-11-04 10:37:30+00:00,320.6487919896801,37.910229938862294,-3.206675257729993,271.87867690856547,8.80542824074074,2018-11-08 10:37:30+00:00,332.658078950297,194.17455479047229,3.6222368133809177,471.4782574131489,317.3261525006192,30.0,-3.206675257729993,1
2018-11-04 10:52:30+00:00,320.676644911699,37.88411549034189,-3.214388017007088,268.906510851419,8.815844907407408,2018-11-08 10:52:30+00:00,332.0031829684837,194.03721991349107,3.62109127875091,465.4612846808173,317.3283714408512,30.0,-3.214388017007088,1
2018-11-04 11:07:30+00:00,320.7047422015062,37.85813457616598,-3.222081191676988,274.03838386558243,8.826261574074074,2018-11-08 11:07:30+00:00,332.0031829684837,193.89988506177951,3.6199456198229063,470.1049367994276,317.42999841638994,30.0,-3.222081191676988,1
2018-11-04 11:22:30+00:00,320.73308312057276,37.832287624302985,-3.2297545516569337,284.81722347607695,8.83667824074074,2018-11-08 11:22:30+00:00,331.3627323228965,193.7625502352894,3.618799836634924,468.1030884808013,317.5926348704174,30.0,-3.2297545516569337,1
2018-11-04 11:37:30+00:00,320.7616669199675,37.80657506189431,-3.2374078664446033,275.8932898917551,8.847094907407408,2018-11-08 11:37:30+00:00,330.7399989950905,193.62521543405936,3.617653929224977,463.8425153032832,317.530282222467,30.0,-3.2374078664446033,1
2018-11-04 11:52:30+00:00,320.7904928401892,37.780997315229385,-3.2450409051349194,283.1012546162797,8.857511574074074,2018-11-08 11:52:30+00:00,330.7399989950905,193.48788065801216,3.616507897631083,465.10553303124254,317.65169942016945,30.0,-3.2450409051349194,1
2018-11-04 12:07:30+00:00,320.8195601112939,37.755554809716806,-3.252653436436814,295.14782702353386,8.86792824074074,2018-11-08 12:07:30+00:00,330.14089972415684,193.35054590718644,3.6153617418912543,464.0479668495111,317.81872216218096,30.0,-3.252653436436814,1
2018-11-04 12:22:30+00:00,320.84886795278084,37.73024796986318,-3.260245228688884,289.7219803814801,8.878344907407408,2018-11-08 12:22:30+00:00,329.576254411262,193.21321118150507,3.614215462043476,461.3453741583959,317.80180629511676,30.0,-3.260245228688884,1
2018-11-04 12:37:30+00:00,320.87841557359747,37.70507721925065,-3.2678160498739555,279.79581945331313,8.888761574074074,2018-11-08 12:37:30+00:00,329.576254411262,193.07587648099224,3.613069058125799,461.2533710029536,317.7335286381923,30.0,-3.2678160498739555,1
2018-11-04 12:52:30+00:00,320.9082021721539,37.68004298051574,-3.2753656676352634,298.6529969303678,8.89917824074074,2018-11-08 12:52:30+00:00,329.0659903675957,192.93854180559975,3.6119225301762015,465.54053382621834,317.9714585421183,30.0,-3.2753656676352634,1
2018-11-04 13:07:30+00:00,320.9382269362208,37.655145675319766,-3.282893849294001,296.2228714524207,8.909594907407408,2018-11-08 13:07:30+00:00,328.64697064316186,192.80120715532317,3.610775878232687,471.2043521308964,317.98698961578594,30.0,-3.282893849294001,1
2018-11-04 13:22:30+00:00,320.96848904301623,37.630385724326075,-3.290400361865892,296.1765862622129,8.920011574074074,2018-11-08 13:22:30+00:00,328.64697064316186,192.663872530143,3.60962910233329,480.82081246521983,318.0263375467473,30.0,-3.290400361865892,1
2018-11-04 13:37:30+00:00,320.99898765909626,37.6057635471808,-3.297884972076665,307.7279336528623,8.93042824074074,2018-11-08 13:37:30+00:00,328.3875535145453,192.526537930055,3.608482202516008,490.2556343906511,318.1764148005226,30.0,-3.297884972076665,1
2018-11-04 13:52:30+00:00,321.0297219403565,37.581279562484795,-3.3053474463796135,340.70190909580487,8.940844907407408,2018-11-08 13:52:30+00:00,328.4145719285686,192.38920335499628,3.607335178818833,491.1571594793631,318.4885315365045,30.0,-3.3053474463796135,1
2018-11-04 14:07:30+00:00,321.0606910320927,37.55693418776808,-3.31278755097358,292.77439828338294,8.951261574074074,2018-11-08 14:07:30+00:00,328.4145719285686,192.2518688049914,3.606188031279797,496.77290433550866,318.1130010529896,30.0,-3.31278755097358,1
2018-11-04 14:22:30+00:00,321.0918940688614,37.532727839468265,-3.3202050518191792,293.8856427378965,8.96167824074074,2018-11-08 14:22:30+00:00,328.96291319453036,192.11453427999223,3.6050407599369065,496.6876838381429,318.16475626496776,30.0,-3.3202050518191792,1
2018-11-04 14:37:30+00:00,321.123330174531,37.508660932910416,-3.327599714654929,312.5289826703566,8.972094907407408,2018-11-08 14:37:30+00:00,330.465072602938,191.9771997800089,3.6038933648281337,486.4606595407931,318.37959963524634,30.0,-3.327599714654929,1
2018-11-04 14:52:30+00:00,321.1549984622715,37.48473388227303,-3.334971305017717,324.4948858696907,8.982511574074074,2018-11-08 14:52:30+00:00,330.465072602938,191.83986530499325,3.6027458459915276,482.60282288662927,318.52086503727116,30.0,-3.334971305017717,1
2018-11-04 15:07:30+00:00,321.1868980345906,37.460947100567026,-3.342319588259925,335.10524157301046,8.99292824074074,2018-11-08 15:07:30+00:00,333.7073519331154,191.702530854941,3.6015982034650524,476.7636040225773,318.6442748548197,30.0,-3.342319588259925,1
2018-11-04 15:22:30+00:00,321.2190279831954,37.43730099961406,-3.3496443295661424,373.0354384172626,9.003344907407408,2018-11-08 15:22:30+00:00,333.7073519331154,191.56519642983295,3.600450437286753,471.008227999046,318.94217741338355,30.0,-3.3496443295661424,1
2018-11-04 15:37:30+00:00,321.2513873890603,37.413795990024354,-3.3569452939702997,375.6500586114357,9.013761574074074,2018-11-08 15:37:30+00:00,340.08320286708886,191.4278620296504,3.5993025474946125,465.61074012242625,318.99753000371896,30.0,-3.3569452939702997,1
2018-11-04 15:52:30+00:00,321.28397532244014,37.39043248116269,-3.3642222463775364,344.0532338931557,9.02417824074074,2018-11-08 15:52:30+00:00,351.9411332024569,191.29052765435975,3.5981545341266403,463.0641843548772,318.8308853827217,30.0,-3.3642222463775364,1
2018-11-04 16:07:30+00:00,321.31679084280273,37.36721088112999,-3.371474951580101,334.8329878093437,9.034594907407408,2018-11-08 16:07:30+00:00,351.9411332024569,191.15319330395673,3.597006397220849,469.0943238731218,318.8040706765876,30.0,-3.371474951580101,1
2018-11-04 16:22:30+00:00,321.34983299888887,37.34413159673846,-3.3787031742762608,333.393732100927,9.045011574074074,2018-11-08 16:22:30+00:00,372.8646861573624,191.01585897843708,3.5958581368152185,467.2760155815248,318.83417104551773,30.0,-3.3787031742762608,1
2018-11-04 16:37:30+00:00,321.38310082858214,37.32119503348628,-3.3859066790891235,351.86802141500203,9.05542824074074,2018-11-08 16:37:30+00:00,407.28820687917425,190.8785246777528,3.5947097529477894,470.7050441211543,319.00696403329954,30.0,-3.3859066790891235,1
2018-11-04 16:52:30+00:00,321.4165933591372,37.29840159552644,-3.3930852305875967,359.1108637853212,9.065844907407408,2018-11-08 16:52:30+00:00,407.28820687917425,190.74119040189973,3.593561245656521,475.9231655934494,319.095628979397,30.0,-3.3930852305875967,1
2018-11-04 17:07:30+00:00,321.4503096068769,37.275751685651414,-3.400238593302606,321.31677796327216,9.076261574074074,2018-11-08 17:07:30+00:00,458.29292507030885,190.60385615085903,3.59241261497945,480.83671198028463,318.8643976916238,30.0,-3.400238593302606,1
2018-11-04 17:22:30+00:00,321.4842485773914,37.253245705267744,-3.407366531746078,313.4676746189886,9.08667824074074,2018-11-08 17:22:30+00:00,523.2733866376009,190.4665219246119,3.5912638609545646,474.0947665300754,318.84178573313585,30.0,-3.407366531746078,1
2018-11-04 17:37:30+00:00,321.5184092655058,37.230884054359976,-3.4144688104340823,317.47101351715224,9.097094907407408,2018-11-08 17:37:30+00:00,523.2733866376009,190.3291877231252,3.5901149836198565,468.8965736545035,318.9173120667306,30.0,-3.4144688104340823,1
2018-11-04 17:52:30+00:00,321.5527906552147,37.20866713147827,-3.4215451939025057,331.53130022105194,9.107511574074074,2018-11-08 17:52:30+00:00,591.4662888450599,190.1918535464091,3.588965983013363,468.1000079497575,319.06965928161713,30.0,-3.4215451939025057,1
2018-11-04 18:07:30+00:00,321.58739171978823,37.186595333699174,-3.428595446730942,334.232457321342,9.11792824074074,2018-11-08 18:07:30+00:00,649.3865564942319,190.0545193944161,3.587816859173039,462.3844349167805,319.1318697101967,30.0,-3.428595446730942,1
2018-11-04 18:22:30+00:00,321.6222114216467,37.16466905661479,-3.4356193335583756,329.92487479131887,9.128344907407408,2018-11-08 18:22:30+00:00,649.3865564942319,189.91718526714183,3.5866676121369157,469.6060895142698,319.142219099946,30.0,-3.4356193335583756,1
2018-11-04 18:37:30+00:00,321.65724871242236,37.14288869430445,-3.4426166191037635,330.11100490064086,9.138761574074074,2018-11-08 18:37:30+00:00,690.0091445818045,189.7798511645679,3.585518241943002,464.5631608235949,319.1861895576312,30.0,-3.4426166191037635,1
2018-11-04 18:52:30+00:00,321.69250253301,37.12125463930085,-3.44958706818921,333.47790173985715,9.14917824074074,2018-11-08 18:52:30+00:00,714.6803335546231,189.64251708667555,3.584368748629261,463.3613065426504,319.25380062962614,30.0,-3.44958706818921,1
2018-11-04 19:07:30+00:00,321.72797181346954,37.099767282570085,-3.4565304457584007,331.653898971404,9.159594907407408,2018-11-08 19:07:30+00:00,714.6803335546231,189.50518303344631,3.5832191322337175,462.861713967724,319.28325663827917,30.0,-3.4565304457584007,1
2018-11-04 19:22:30+00:00,321.7636554731476,37.07842701348897,-3.4634465168961768,332.6772524915263,9.170011574074074,2018-11-08 19:22:30+00:00,728.3497928171421,189.3678490048616,3.582069392794379,459.56366671725607,319.33378617123077,30.0,-3.4634465168961768,1
2018-11-04 19:37:30+00:00,321.79955242059657,37.0572342198128,-3.4703350468518637,338.8019010178254,9.18042824074074,2018-11-08 19:37:30+00:00,728.3497928171421,189.23051500088815,3.580919530349227,456.9021285475793,319.4207522833587,30.0,-3.4703350468518637,1
2018-11-04 19:52:30+00:00,321.83566155358096,37.036189287661834,-3.477195801055517,335.50103667402664,9.190844907407408,2018-11-08 19:52:30+00:00,735.5510107843364,189.09318102153685,3.579769544936264,456.4563955799348,319.44062078746316,30.0,-3.477195801055517,1
2018-11-04 20:07:30+00:00,321.8719817591372,37.01529260148314,-3.484028545142677,329.67344768161996,9.201261574074074,2018-11-08 20:07:30+00:00,739.2616028099674,188.95584706676,3.5786194365934887,451.3922012878608,319.4418429456306,30.0,-3.484028545142677,1
2018-11-04 20:22:30+00:00,321.9085119135975,36.99454454402565,-3.4908330449761693,328.64586138187303,9.21167824074074,2018-11-08 20:22:30+00:00,739.2616028099674,188.8185131365536,3.577469205358912,459.05676126878126,319.47798443869505,30.0,-3.4908330449761693,1
2018-11-04 20:37:30+00:00,321.9452508825306,36.973945496325854,-3.4976090666628066,331.71478980118377,9.222094907407408,2018-11-08 20:37:30+00:00,741.1694403363009,188.6811792308994,3.5763188512705057,459.70069162890536,319.54430165827375,30.0,-3.4976090666628066,1
2018-11-04 20:52:30+00:00,321.98219752080126,36.953495837674055,-3.5043563765774004,334.1062388927783,9.232511574074074,2018-11-08 20:52:30+00:00,742.1655398887618,188.54384534977885,3.5751683743663096,460.3338898163606,319.60542358841775,30.0,-3.5043563765774004,1
2018-11-04 21:07:30+00:00,322.0193506725411,36.933195945589745,-3.5110747413843995,319.2043863428294,9.24292824074074,2018-11-08 21:07:30+00:00,742.1655398887618,188.40651149315917,3.5740177746842736,460.9324071865808,319.53888120348296,30.0,-3.5110747413843995,1
2018-11-04 21:22:30+00:00,322.05670917120233,36.91304619579657,-3.5177639280582267,298.31372179438847,9.253344907407408,2018-11-08 21:22:30+00:00,742.7040807788452,188.2691776610511,3.5728670522624193,460.09420462675894,319.4102482179342,30.0,-3.5177639280582267,1
2018-11-04 21:37:30+00:00,322.0942718396613,36.89304696219486,-3.524423703906336,296.369957994507,9.263761574074074,2018-11-08 21:37:30+00:00,743.0126542678559,188.13184385342151,3.571716207138744,459.4188727243819,319.43816022567074,30.0,-3.524423703906336,1
2018-11-04 21:52:30+00:00,322.13203748997455,36.87319861684583,-3.5310538365875996,314.94305986167416,9.27417824074074,2018-11-08 21:52:30+00:00,743.0126542678559,187.9945100702525,3.57056523935123,454.6382544139222,319.639761615441,30.0,-3.5310538365875996,1
2018-11-04 22:07:30+00:00,322.1700049236942,36.85350152992999,-3.5376540941388535,297.18902635053206,9.284594907407408,2018-11-08 22:07:30+00:00,743.2044208785192,187.85717631151095,3.5694141489378897,454.6327212020034,319.536409814639,30.0,-3.5376540941388535,1
2018-11-04 22:22:30+00:00,322.2081729316879,36.83395606973554,-3.5442242449931443,313.99307986428994,9.295011574074074,2018-11-08 22:22:30+00:00,743.3355077529527,187.71984257719336,3.568262935936696,454.3377851975515,319.72262943240736,30.0,-3.5442242449931443,1
2018-11-04 22:37:30+00:00,322.24654029428393,36.814562602623774,-3.550764058003757,339.0355854227091,9.30542824074074,2018-11-08 22:37:30+00:00,743.3355077529527,187.58250886728135,3.5671116003856707,454.3947253358773,319.95112134156295,30.0,-3.550764058003757,1
2018-11-04 22:52:30+00:00,322.2851057812182,36.79532149301021,-3.5572733024648464,330.8844714308794,9.315844907407408,2018-11-08 22:52:30+00:00,743.4337991072842,187.44517518175684,3.565960142322792,454.2968439462597,319.9397815827949,30.0,-3.5572733024648464,1
2018-11-04 23:07:30+00:00,322.32386815164114,36.77623310333669,-3.563751748134501,323.5392320534224,9.326261574074074,2018-11-08 23:07:30+00:00,743.5132338847502,187.30784152060167,3.56480856178606,452.8366722314969,319.93203627745055,30.0,-3.563751748134501,1
2018-11-04 23:22:30+00:00,322.36282615420646,36.757297794044035,-3.5701991652567857,317.52790982690277,9.33667824074074,2018-11-08 23:22:30+00:00,743.5132338847502,187.1705078837975,3.563656858813482,450.1614794498768,319.9325231923314,30.0,-3.5701991652567857,1
2018-11-04 23:37:30+00:00,322.4019785270979,36.73851592354835,-3.576615324584504,315.9573751952178,9.347094907407408,2018-11-08 23:37:30+00:00,743.5808699681995,187.033174271312,3.5625050334430335,444.40337069719374,319.96638380788403,30.0,-3.576615324584504,1
2018-11-04 23:52:30+00:00,322.4413239980092,36.71988784821808,-3.5829999974008007,317.5791108094507,9.357511574074074,2018-11-08 23:52:30+00:00,743.5808699681995,186.89584068314144,3.561353085712714,441.9635901105016,320.02486540004406,30.0,-3.5829999974008007,1
2018-11-05 00:07:30+00:00,322.4808612841697,36.70141392234304,-3.5893529555429713,326.57152947219726,9.36792824074074,2018-11-09 00:07:30+00:00,743.6403653363453,186.7585071192823,3.560201015660499,446.4792511328404,320.13740214549415,30.0,-3.5893529555429713,1
2018-11-05 00:22:30+00:00,322.5205890923652,36.68309449811704,-3.5956739714231363,309.5340352199903,9.378344907407408,2018-11-09 00:22:30+00:00,743.6936914381961,186.6211735796875,3.5590488233244213,447.8515780268702,320.05489920087933,30.0,-3.5956739714231363,1
2018-11-05 00:37:30+00:00,322.56050611910905,36.664929925602294,-3.60196281805381,322.451397490441,9.388761574074074,2018-11-09 00:37:30+00:00,743.6936914381961,186.4838400643536,3.557896508742431,437.5120149744523,320.2000246996752,30.0,-3.60196281805381,1
2018-11-05 00:52:30+00:00,322.6006110504533,36.6469205527142,-3.6082192690673303,314.68105444558137,9.39917824074074,2018-11-09 00:52:30+00:00,743.741976326733,186.3465065732772,3.556744071952545,435.66852492248984,320.18837861261494,30.0,-3.6082192690673303,1
2018-11-05 01:07:30+00:00,322.64090256224085,36.62906672519059,-3.614443098740973,314.46463191340405,9.409594907407408,2018-11-09 01:07:30+00:00,743.7859199489429,186.2091731064111,3.555591512992756,436.26281898402095,320.23349375263825,30.0,-3.614443098740973,1
2018-11-05 01:22:30+00:00,322.6813793199798,36.61136878656762,-3.620634082018987,314.73288814691153,9.420011574074074,2018-11-09 01:22:30+00:00,743.7859199489429,186.07183966373745,3.554438831901063,437.0977269808656,320.28244411389414,30.0,-3.620634082018987,1
2018-11-05 01:37:30+00:00,322.72203997894974,36.59382707815504,-3.6267919945356706,301.002006031558,9.43042824074074,2018-11-09 01:37:30+00:00,743.8259992524684,185.9345062452675,3.5532860287154437,438.15734557595994,320.22032732212006,30.0,-3.6267919945356706,1
2018-11-05 01:52:30+00:00,322.76288318418483,36.57644193901522,-3.632916612637576,337.53412653627953,9.440844907407408,2018-11-09 01:52:30+00:00,743.8625700730674,185.7971728509689,3.5521331034738663,438.4877573734001,320.53781889631597,30.0,-3.632916612637576,1
2018-11-05 02:07:30+00:00,322.8039075706097,36.559213705928606,-3.6390077134083745,310.255634988551,9.451261574074074,2018-11-09 02:07:30+00:00,743.8625700730674,185.65983948082368,3.550980056214369,439.9113602035138,320.3895512531339,30.0,-3.6390077134083745,1
2018-11-05 02:22:30+00:00,322.845111762998,36.54214271338,-3.645065074689598,344.1225006346984,9.46167824074074,2018-11-09 02:22:30+00:00,743.8959183238151,185.52250613479927,3.549826886974936,437.9451864218141,320.6740298678493,30.0,-3.645065074689598,1
2018-11-05 02:37:30+00:00,322.8864943760578,36.52522929352693,-3.651088475105688,318.593489148581,9.472094907407408,2018-11-09 02:37:30+00:00,743.9262862565571,185.38517281290743,3.5486735957935247,436.15152237856745,320.5475055717365,30.0,-3.651088475105688,1
2018-11-05 02:52:30+00:00,322.9280540144373,36.50847377617355,-3.657077694086958,330.63762880663177,9.482511574074074,2018-11-09 02:52:30+00:00,743.9262862565571,185.2478395151011,3.547520182708136,434.1722314969394,320.68005485918576,30.0,-3.657077694086958,1
2018-11-05 03:07:30+00:00,322.9697892728037,36.49187648875178,-3.663032511891238,344.07864874637454,9.49292824074074,2018-11-09 03:07:30+00:00,743.953886431726,185.110506241377,3.5463666477567743,433.9121750536608,320.81511420375796,30.0,-3.663032511891238,1
2018-11-05 03:22:30+00:00,323.01169873583365,36.47543775629596,-3.668952709628,345.4321700861633,9.503344907407408,2018-11-09 03:22:30+00:00,743.9789095872947,184.97317299171743,3.545212990977441,435.47976786708006,320.87090111075383,30.0,-3.668952709628,1
2018-11-05 03:37:30+00:00,323.05378097836524,36.45915790141355,-3.674838069282,301.77404427361256,9.513761574074074,2018-11-09 03:37:30+00:00,743.9789095872947,184.83583976610487,3.544059212408092,430.96351061292626,320.6094316037367,30.0,-3.674838069282,1
2018-11-05 03:52:30+00:00,323.09603456529885,36.44303724426734,-3.6806883737356086,303.1374129295953,9.52417824074074,2018-11-09 03:52:30+00:00,744.00152943659,184.69850656452155,3.542905312086734,432.4832252472069,320.66875184603714,30.0,-3.6806883737356086,1
2018-11-05 04:07:30+00:00,323.138458051808,36.42707610254181,-3.6865034067938054,295.58354833813934,9.534594907407408,2018-11-09 04:07:30+00:00,744.00152943659,184.56117338694983,3.5417512900513555,432.8404483663248,320.6553109603943,30.0,-3.6865034067938054,1
2018-11-05 04:22:30+00:00,323.1810499832901,36.41127479142994,-3.6922829532049257,311.7070116861436,9.545011574074074,2018-11-09 04:22:30+00:00,744.0219058755747,184.42384023337212,3.5405971463399664,433.6477462437395,320.8321361699187,30.0,-3.6922829532049257,1
2018-11-05 04:37:30+00:00,323.22380889539073,36.3956336236035,-3.6980267986853,318.31176961602665,9.55542824074074,2018-11-09 04:37:30+00:00,744.0401873221801,184.28650710375632,3.539442880990512,427.15711702043086,320.9292450720039,30.0,-3.6980267986853,1
2018-11-05 04:52:30+00:00,323.26673331415776,36.380152909188375,-3.7037347299428327,296.48372287145247,9.565844907407408,2018-11-09 04:52:30+00:00,744.0401873221801,184.1491739981141,3.5382884940410086,417.5729390253597,320.8091995459623,30.0,-3.7037347299428327,1
2018-11-05 05:07:30+00:00,323.30982175602406,36.36483295574352,-3.709406534699305,310.8153741083624,9.576261574074074,2018-11-09 05:07:30+00:00,744.0565125404476,184.0118409164132,3.5371339855294477,433.1856123842769,320.97123341767013,30.0,-3.709406534699305,1
2018-11-05 05:22:30+00:00,323.35307272786895,36.34967406823479,-3.7150420017144374,328.6765005866735,9.58667824074074,2018-11-09 05:22:30+00:00,744.0710121229439,183.87450785862168,3.535979355493789,431.6832617855154,321.1468363512668,30.0,-3.7150420017144374,1
2018-11-05 05:37:30+00:00,323.3964847271301,36.33467654901331,-3.7206409208084543,303.9026738111907,9.597094907407408,2018-11-09 05:37:30+00:00,744.0710121229439,183.7371748247511,3.5348246039720705,429.1398362349949,321.01603406012424,30.0,-3.7206409208084543,1
2018-11-05 05:52:30+00:00,323.44005624176356,36.319840697790106,-3.726203082886155,306.65221605902315,9.607511574074074,2018-11-09 05:52:30+00:00,744.0838097190228,183.59984181474053,3.5336697310022167,431.6785913029652,321.08647450241114,30.0,-3.726203082886155,1
2018-11-05 06:07:30+00:00,323.48378575045064,36.30516681161375,-3.731728279959568,354.8588565427786,9.61792824074074,2018-11-09 06:07:30+00:00,744.0950230562727,183.46250882863063,3.5325147366222733,431.4239009460211,321.4546542442618,30.0,-3.731728279959568,1
2018-11-05 06:22:30+00:00,323.5276717224675,36.29065518484997,-3.7372163051695706,302.5528658875905,9.628344907407408,2018-11-09 06:22:30+00:00,744.0950230562727,183.32517586636044,3.5313596208701994,433.7908418793226,321.1532171155814,30.0,-3.7372163051695706,1
2018-11-05 06:37:30+00:00,323.57171261790415,36.276306109152245,-3.742666952812326,300.9498814695091,9.638761574074074,2018-11-09 06:37:30+00:00,744.104764784348,183.1878429279272,3.5302043837839756,432.878408458542,321.190055690935,30.0,-3.742666952812326,1
2018-11-05 06:52:30+00:00,323.61590688766563,36.262119873444966,-3.748080018359663,299.61393989983304,9.64917824074074,2018-11-09 06:52:30+00:00,744.1131431626567,183.05051001331344,3.5290490254016067,432.3269437157167,321.2290376711911,30.0,-3.748080018359663,1
2018-11-05 07:07:30+00:00,323.6602529735845,36.24809676389624,-3.7534552984832152,314.31219487057587,9.659594907407408,2018-11-09 07:07:30+00:00,744.1131431626567,182.91317712248744,3.527893545761069,426.1010414182367,321.3900965785668,30.0,-3.7534552984832152,1
2018-11-05 07:22:30+00:00,323.7047493083994,36.23423706389816,-3.75879259107711,321.04390123699267,9.670011574074074,2018-11-09 07:22:30+00:00,744.120262610282,182.77584425547553,3.526737944900365,422.0538504344848,321.48712409507306,30.0,-3.75879259107711,1
2018-11-05 07:37:30+00:00,323.74939431587893,36.22054105404231,-3.764091695280967,360.7975835503996,9.68042824074074,2018-11-09 07:37:30+00:00,744.120262610282,182.63851141221684,3.525582222857466,421.4829775816837,321.7804483288305,30.0,-3.764091695280967,1
2018-11-05 07:52:30+00:00,323.79418641090865,36.2070090121003,-3.7693524115027306,320.09060800258493,9.690844907407408,2018-11-09 07:52:30+00:00,744.1262241351608,182.5011785926942,3.5244263796703432,416.0267111853088,321.5796710014624,30.0,-3.7693524115027306,1
2018-11-05 08:07:30+00:00,323.83912399951316,36.19364121299711,-3.774574541441599,289.11822734861136,9.701261574074074,2018-11-09 08:07:30+00:00,744.131125658553,182.3638457969049,3.5232704153770036,413.9315525876461,321.392654343939,30.0,-3.774574541441599,1
2018-11-05 08:22:30+00:00,323.8842054789973,36.18043792879326,-3.779757888110627,282.63488389740473,9.71167824074074,2018-11-09 08:22:30+00:00,744.131125658553,182.226513024861,3.5221143300154356,412.1156789092933,321.38695130312163,30.0,-3.779757888110627,1
2018-11-05 08:37:30+00:00,323.92942923789815,36.167399428660445,-3.784902255859435,317.8374436630573,9.722094907407408,2018-11-09 08:37:30+00:00,744.1350622495758,182.08918027648704,3.520958123623611,411.2667938627872,321.71344697853766,30.0,-3.784902255859435,1
2018-11-05 08:52:30+00:00,323.97479365622235,36.15452597886109,-3.7900074503968018,273.99773816576015,9.732511574074074,2018-11-09 08:52:30+00:00,744.1381262828661,181.9518475517951,3.519801796239539,408.33459806748624,321.40961927717444,30.0,-3.7900074503968018,1
2018-11-05 09:07:30+00:00,324.02029710538415,36.14181784272575,-3.795073278813237,290.68973409520135,9.74292824074074,2018-11-09 09:07:30+00:00,744.1381262828661,181.81451485078264,3.518645347901182,409.0862747436204,321.6074127964737,30.0,-3.795073278813237,1
2018-11-05 09:22:30+00:00,324.06593794831906,36.12927528063334,-3.8000995496031433,298.9669581176259,9.753344907407408,2018-11-09 09:22:30+00:00,744.1404075302839,181.6771821734036,3.517488778646526,409.7573336513236,321.72464802263687,30.0,-3.8000995496031433,1
2018-11-05 09:37:30+00:00,324.1117145396232,36.11689854998718,-3.8050860726876863,319.71902094889333,9.763761574074074,2018-11-09 09:37:30+00:00,744.1419931951767,181.53984951965543,3.5163320885135585,409.3948247078464,321.92681202065125,30.0,-3.8050860726876863,1
2018-11-05 09:52:30+00:00,324.15762522555684,36.10468790519744,-3.8100326594363585,322.2356627572368,9.77417824074074,2018-11-09 09:52:30+00:00,744.1419931951767,181.4025168895212,3.515175277540272,407.05703415949654,321.9941141402419,30.0,-3.8100326594363585,1
2018-11-05 10:07:30+00:00,324.2036683441623,36.09264359765776,-3.814939122689621,296.2636591288511,9.784594907407408,2018-11-09 10:07:30+00:00,744.1429678953059,181.2651842829985,3.514018345764659,404.27877631550416,321.8551354171685,30.0,-3.814939122689621,1
2018-11-05 10:22:30+00:00,324.24984222530816,36.08076587572556,-3.8198052767806994,286.3741316172115,9.795011574074074,2018-11-09 10:22:30+00:00,744.1434135983613,181.1278517000266,3.5128612932246956,403.60283011368153,321.824942640609,30.0,-3.8198052767806994,1
2018-11-05 10:37:30+00:00,324.2961451908514,36.069054984702944,-3.824630937556997,297.6048790995746,9.80542824074074,2018-11-09 10:37:30+00:00,744.1434135983613,180.9905191406324,3.511704119958351,401.9789927657206,321.9672481598485,30.0,-3.824630937556997,1
2018-11-05 10:52:30+00:00,324.3425755546382,36.05751116681317,-3.829415922402872,275.52372233292044,9.815844907407408,2018-11-09 10:52:30+00:00,744.1434095123197,180.85318660478455,3.510546826003627,398.95460688449,321.8318196752536,30.0,-3.829415922402872,1
2018-11-05 11:07:30+00:00,324.38913162260656,36.04613466118389,-3.834160050260569,273.52038343475687,9.826261574074074,2018-11-09 11:07:30+00:00,744.1430319319467,180.71585409246617,3.509389411398504,394.1731168108464,321.8647362166918,30.0,-3.834160050260569,1
2018-11-05 11:22:30+00:00,324.4358116929554,36.03492570382471,-3.838863141652442,285.83055091819705,9.83667824074074,2018-11-09 11:22:30+00:00,744.1430319319467,180.5785216036603,3.508231876180966,388.76649574687974,322.024615531755,30.0,-3.838863141652442,1
2018-11-05 11:37:30+00:00,324.48261405606877,36.02388452761025,-3.8435250187012873,291.275041736227,9.847094907407408,2018-11-09 11:37:30+00:00,744.1423540426335,180.4411891383504,3.507074220389003,386.7081860821427,322.12081672687015,30.0,-3.8435250187012873,1
2018-11-05 11:52:30+00:00,324.5295369948019,36.01301136225763,-3.848145505152552,282.88099212974004,9.857511574074074,2018-11-09 11:52:30+00:00,744.1423540426335,180.30385669651952,3.5059164440605937,384.2487479131886,322.102046600513,30.0,-3.848145505152552,1
2018-11-05 12:07:30+00:00,324.57657878439767,36.00230643431071,-3.852724426395368,309.92278797996664,9.86792824074074,2018-11-09 12:07:30+00:00,744.1414456835948,180.16652427813645,3.5047585472337235,383.7815234987605,322.36483958339176,30.0,-3.852724426395368,1
2018-11-05 12:22:30+00:00,324.62373769265963,35.99176996712051,-3.857261609483608,283.35767946577636,9.878344907407408,2018-11-09 12:22:30+00:00,744.1403730741561,180.02919188321354,3.5036005299463686,384.0746482232292,322.2088918785381,30.0,-3.857261609483608,1
2018-11-05 12:37:30+00:00,324.67101198010045,35.981402180821,-3.8617568831568985,317.70510374433576,9.888761574074074,2018-11-09 12:37:30+00:00,744.1403730741561,179.89185951171967,3.502442392236533,383.6501005950087,322.52096437840567,30.0,-3.8617568831568985,1
2018-11-05 12:52:30+00:00,324.7183998998995,35.97120329231851,-3.866210077859141,322.040771402611,9.89917824074074,2018-11-09 12:52:30+00:00,744.139198509341,179.75452716362375,3.501284134142164,383.1698664440735,322.6009152974221,30.0,-3.866210077859141,1
2018-11-05 13:07:30+00:00,324.7658996981073,35.96117351526905,-3.870621025760329,351.11716366357723,9.909594907407408,2018-11-09 13:07:30+00:00,744.1379800339681,179.61719483893793,3.500125755701297,383.841659175549,322.82702847106896,30.0,-3.870621025760329,1
2018-11-05 13:22:30+00:00,324.8135096136483,35.95131306006162,-3.874989560777719,300.1093893047552,9.920011574074074,2018-11-09 13:22:30+00:00,744.1379800339681,179.47986253763142,3.4989672569518584,383.5837506956038,322.548852398665,30.0,-3.874989560777719,1
2018-11-05 13:37:30+00:00,324.861227878572,35.94162213379818,-3.879315518595604,335.8152296838818,9.93042824074074,2018-11-09 13:37:30+00:00,744.1367711076815,179.34253025965836,3.4978086379318856,383.73280864933616,322.8406578687342,30.0,-3.879315518595604,1
2018-11-05 13:52:30+00:00,324.90905271795503,35.93210094027938,-3.883598736684425,389.6659082341537,9.940844907407408,2018-11-09 13:52:30+00:00,744.1356202764251,179.20519800506062,3.496649898679334,383.45158597662765,323.17050993188155,30.0,-3.883598736684425,1
2018-11-05 14:07:30+00:00,324.95698235017556,35.92274967998453,-3.8878390543216983,325.9785880507917,9.951261574074074,2018-11-09 14:07:30+00:00,744.1356202764251,179.0678657737778,3.4954910392321774,382.4930439621592,322.88205179693824,30.0,-3.8878390543216983,1
2018-11-05 14:22:30+00:00,325.00501498686475,35.913568550056304,-3.892036312610809,331.3103777180329,9.96167824074074,2018-11-09 14:22:30+00:00,744.1345708684073,178.93053356582283,3.494332059628423,382.3281858653311,322.96664104869564,30.0,-3.892036312610809,1
2018-11-05 14:37:30+00:00,325.0531488331323,35.90455774428173,-3.896190354501276,405.8526237648584,9.972094907407408,2018-11-09 14:37:30+00:00,744.1336607342408,178.7932013811645,3.493172959906041,379.5897925113284,323.3916949989111,30.0,-3.896190354501276,1
2018-11-05 14:52:30+00:00,325.101382087568,35.89571745307989,-3.9003010248061223,360.8079998922936,9.982511574074074,2018-11-09 14:52:30+00:00,744.1336607342408,178.6558692197719,3.492013740103024,383.2584610714828,323.2353042026899,30.0,-3.9003010248061223,1
2018-11-05 15:07:30+00:00,325.1497129424392,35.8870478634802,-3.904368170223474,338.30072971080835,9.99292824074074,2018-11-09 15:07:30+00:00,744.1329220513525,178.51853708164333,3.490854400257339,392.1630296525956,323.1624108295267,30.0,-3.904368170223474,1
2018-11-05 15:22:30+00:00,325.1981395837288,35.87854915910951,-3.9083916393536686,334.9727936226267,10.003344907407408,2018-11-09 15:22:30+00:00,744.1323812117072,178.38120496676228,3.489694940406985,396.9254312743461,323.19399116141403,30.0,-3.9083916393536686,1
2018-11-05 15:37:30+00:00,325.24666019124373,35.87022152017652,-3.9123712827179222,334.13787764553825,10.013761574074074,2018-11-09 15:37:30+00:00,744.1323812117072,178.2438728751126,3.488535360589942,404.1151919866445,323.24035016946755,30.0,-3.9123712827179222,1
2018-11-05 15:52:30+00:00,325.29527293877703,35.86206512345274,-3.91630695277813,326.3904222090581,10.02417824074074,2018-11-09 15:52:30+00:00,744.1320588092915,178.10654080669244,3.4873756608441977,412.38838721100825,323.2441934347741,30.0,-3.91630695277813,1
2018-11-05 16:07:30+00:00,325.34397599414046,35.854080142262795,-3.9201985039527334,329.8534071122121,10.034594907407408,2018-11-09 16:07:30+00:00,744.1320588092915,177.96920876144185,3.4862158412077173,412.038914063121,323.3171944014757,30.0,-3.9201985039527334,1
2018-11-05 16:22:30+00:00,325.39276751933164,35.846266746464416,-3.9240457926364374,328.45753054097605,10.045011574074074,2018-11-09 16:22:30+00:00,744.131969739675,177.83187673938826,3.4850559017185088,414.7702520073138,323.3600891501547,30.0,-3.9240457926364374,1
2018-11-05 16:37:30+00:00,325.4416456705845,35.838625102437504,-3.92784867721704,323.6422262911304,10.05542824074074,2018-11-09 16:37:30+00:00,744.1321234185186,177.6945447405157,3.483895842414529,410.1651426620125,323.3814205786023,30.0,-3.92784867721704,1
2018-11-05 16:52:30+00:00,325.49060859855985,35.83115537306657,-3.931607018093579,345.9633514563775,10.065844907407408,2018-11-09 16:52:30+00:00,744.1321234185186,177.55721276477863,3.482735663333794,411.4814373161619,323.5657723888017,30.0,-3.931607018093579,1
2018-11-05 17:07:30+00:00,325.5396544483798,35.82385771772819,-3.935320677692716,332.70639237438746,10.076261574074074,2018-11-09 17:07:30+00:00,744.1325241194694,177.4198808121756,3.4815753645142515,416.3111137610303,323.54062646732416,30.0,-3.935320677692716,1
2018-11-05 17:22:30+00:00,325.58878135979126,35.81673229227653,-3.9389895204870418,347.2813752567643,10.08667824074074,2018-11-09 17:22:30+00:00,744.1331714248963,177.28254888267597,3.480414945993904,419.4911161459576,323.67599332778866,30.0,-3.9389895204870418,1
2018-11-05 17:37:30+00:00,325.6379874672616,35.80977924903019,-3.942613413010257,370.1765711669987,10.097094907407408,2018-11-09 17:37:30+00:00,744.1331714248963,177.1452169763072,3.4792544078107426,422.2217404187354,323.84564925167996,30.0,-3.942613413010257,1
2018-11-05 17:52:30+00:00,325.6872709000923,35.80299873675905,-3.946192223874673,325.0104340567613,10.107511574074074,2018-11-09 17:52:30+00:00,744.1340607759581,177.00788509300966,3.478093750002726,429.97575323952617,323.64823705551254,30.0,-3.946192223874673,1
2018-11-05 18:07:30+00:00,325.7366297824966,35.79639090066953,-3.949725823787366,320.3354564547951,10.11792824074074,2018-11-09 18:07:30+00:00,744.1351841020728,176.87055323278176,3.476932972607878,430.73947650846645,323.67019398472297,30.0,-3.949725823787366,1
2018-11-05 18:22:30+00:00,325.7860622337756,35.78995588239574,-3.9532140855650577,328.1712576516416,10.128344907407408,2018-11-09 18:22:30+00:00,744.1351841020728,176.73322139559315,3.4757720756641453,424.0055576032204,323.77120640875586,30.0,-3.9532140855650577,1
2018-11-05 18:37:30+00:00,325.8355663683708,35.78369381998298,-3.956656884151577,327.5661047983197,10.138761574074074,2018-11-09 18:37:30+00:00,744.1365305045563,176.5958895814715,3.474611059209514,422.20287781222675,323.8191714249372,30.0,-3.956656884151577,1
2018-11-05 18:52:30+00:00,325.88514029614123,35.77760484787593,-3.960054096632879,309.1506677796327,10.14917824074074,2018-11-09 18:52:30+00:00,744.1380869654514,176.45855779035705,3.473449923282,422.9653589315526,323.7508823421697,30.0,-3.960054096632879,1
2018-11-05 19:07:30+00:00,325.93478212219173,35.77168909690936,-3.963405602250764,307.820493833809,10.159594907407408,2018-11-09 19:07:30+00:00,744.1380869654514,176.32122602223404,3.472288667919554,426.1845138723269,323.79349620648856,30.0,-3.963405602250764,1
2018-11-05 19:22:30+00:00,325.9844899473022,35.765946694294925,-3.9667112824197712,317.1307017071463,10.170011574074074,2018-11-09 19:22:30+00:00,744.1398390507321,176.18389427711568,3.4711272931601584,435.3710730004553,323.9081350017889,30.0,-3.9667112824197712,1
2018-11-05 19:37:30+00:00,326.0342618678023,35.760377763610016,-3.96997102074058,314.3730814798858,10.18042824074074,2018-11-09 19:37:30+00:00,744.1417715773185,176.04656255497156,3.469965799041819,432.76939740837906,323.94171653517384,30.0,-3.96997102074058,1
2018-11-05 19:52:30+00:00,326.0840959758517,35.75498242478739,-3.97318470301405,320.92869836824815,10.190844907407408,2018-11-09 19:52:30+00:00,744.1417715773185,175.90923085578586,3.46880418560251,426.1623462792078,324.0362150118798,30.0,-3.97318470301405,1
2018-11-05 20:07:30+00:00,326.1339903594822,35.74976079410412,-3.97635221725672,322.21410684474125,10.201261574074074,2018-11-09 20:07:30+00:00,744.1438692156722,175.77189917954286,3.467642452880223,436.31767231099445,324.0961296833925,30.0,-3.97635221725672,1
2018-11-05 20:22:30+00:00,326.1839431027358,35.74471298417083,-3.9794734537133856,328.7899186816738,10.21167824074074,2018-11-09 20:22:30+00:00,744.1438692156722,175.63456752622662,3.466480600912938,435.5540484140233,324.18859301364427,30.0,-3.9794734537133856,1
2018-11-05 20:37:30+00:00,326.2339522857907,35.7398391039225,-3.982548304871109,305.51752921535893,10.222094907407408,2018-11-09 20:37:30+00:00,744.1461170039822,175.49723589582172,3.46531862973862,429.01172283476126,324.08843090099344,30.0,-3.982548304871109,1
2018-11-05 20:52:30+00:00,326.28401598507753,35.735139258608406,-3.98557666547192,288.8447909181389,10.232511574074074,2018-11-09 20:52:30+00:00,744.1485007557718,175.3599042883122,3.4641565393952813,434.8773597020675,324.0165087053299,30.0,-3.98557666547192,1
2018-11-05 21:07:30+00:00,326.33413227344585,35.730613549782575,-3.9885584325264127,303.75323119177125,10.24292824074074,2018-11-09 21:07:30+00:00,744.1485007557718,175.2225727036825,3.4629943299208996,443.20458339657,324.17961749231887,30.0,-3.9885584325264127,1
2018-11-05 21:22:30+00:00,326.3842992202195,35.72626207529521,-3.9914935053255793,314.4435169727323,10.253344907407408,2018-11-09 21:22:30+00:00,744.1510073496675,175.08524114191698,3.461832001353449,453.58534064711023,324.30461288827235,30.0,-3.9914935053255793,1
2018-11-05 21:37:30+00:00,326.4345148913802,35.72208492928348,-3.994381785453914,292.0953605471485,10.263761574074074,2018-11-09 21:37:30+00:00,744.1536248975472,174.9479096030001,3.4606695537309204,462.3302726766833,324.1973453257629,30.0,-3.994381785453914,1
2018-11-05 21:52:30+00:00,326.4847773495953,35.71808220216465,-3.9972231767997743,298.89466314825785,10.27417824074074,2018-11-09 21:52:30+00:00,744.1536248975472,174.81057808691617,3.4595069870912947,471.3940396692901,324.30002861827006,30.0,-3.9972231767997743,1
2018-11-05 22:07:30+00:00,326.53508465446953,35.71425398062445,-4.000017585569296,299.3651596656605,10.284594907407408,2018-11-09 22:07:30+00:00,744.1563427947342,174.6732465936352,3.4583443014725663,473.2976678302221,324.3552299554031,30.0,-4.000017585569296,1
2018-11-05 22:22:30+00:00,326.58543486265694,35.71060034761368,-4.002764920296048,315.45085062405593,10.295011574074074,2018-11-09 22:22:30+00:00,744.159151662774,174.53591512318522,3.457181496912717,470.3863582160744,324.51805954628105,30.0,-4.002764920296048,1
2018-11-05 22:37:30+00:00,326.6358260278597,35.707121382337206,-4.005465091852688,311.59705278027485,10.30542824074074,2018-11-09 22:37:30+00:00,744.159151662774,174.3985836755073,3.456018573449734,469.6212437395659,324.54415668897855,30.0,-4.005465091852688,1
2018-11-05 22:52:30+00:00,326.6862562010776,35.703817160248946,-4.00811801346136,308.31560665625506,10.315844907407408,2018-11-09 22:52:30+00:00,744.1620432011357,174.2612522506003,3.4548555311215874,470.695206296208,324.5735488245549,30.0,-4.00811801346136,1
2018-11-05 23:07:30+00:00,326.73672343071144,35.7006877530452,-4.010723600704377,311.2004176614549,10.326261574074074,2018-11-09 23:07:30+00:00,744.1650099685686,174.12392084844896,3.453692369966274,473.2136894824708,324.64474913173586,30.0,-4.010723600704377,1
2018-11-05 23:22:30+00:00,326.7872257626837,35.697733228656155,-4.013281771534119,318.6385912003877,10.33667824074074,2018-11-09 23:22:30+00:00,744.1650099685686,173.98658946902322,3.45252909002179,471.6827152396852,324.74514459483737,30.0,-4.013281771534119,1
2018-11-05 23:37:30+00:00,326.83776124054214,35.69495365124214,-4.01579244628265,336.0297053059447,10.347094907407408,2018-11-09 23:37:30+00:00,744.168045117541,173.8492581123368,3.451365691326111,470.3712536767629,324.9023120045936,30.0,-4.01579244628265,1
2018-11-05 23:52:30+00:00,326.8883279056094,35.69234908118642,-4.0182555476712665,325.28038566866724,10.357511574074074,2018-11-09 23:52:30+00:00,744.1711421061507,173.71192677837465,3.45020217391721,471.5734557595993,324.889833618932,30.0,-4.0182555476712665,1
2018-11-06 00:07:30+00:00,326.93892379715874,35.689919575090556,-4.02067100082032,343.98995837347394,10.36792824074074,2018-11-10 00:07:30+00:00,744.1711421061507,173.57459546709202,3.449038537833101,470.44230463470865,325.0499339447055,30.0,-4.02067100082032,1
2018-11-06 00:22:30+00:00,326.98954695247903,35.687665185768985,-4.023038733259028,339.7655366471,10.378344907407408,2018-11-10 00:22:30+00:00,744.1742944111566,173.43726417848833,3.447874783111756,462.2086594540684,325.07782837739813,30.0,-4.023038733259028,1
2018-11-06 00:37:30+00:00,327.0401954070027,35.68558596224408,-4.025358674929447,318.5475722128845,10.388761574074074,2018-11-10 00:37:30+00:00,744.1742944111566,173.29993291254848,3.4467109097911557,459.389458621512,325.0018856059994,30.0,-4.025358674929447,1
2018-11-06 00:52:30+00:00,327.090867194477,35.683681949742855,-4.027630758196436,351.86883850079226,10.39917824074074,2018-11-10 00:52:30+00:00,744.1774952635271,173.16260166925696,3.4455469179093012,447.688856427379,325.2461991599786,30.0,-4.027630758196436,1
2018-11-06 01:07:30+00:00,327.14156034704894,35.68195318969079,-4.029854917856408,365.4133831176214,10.409594907407408,2018-11-10 01:07:30+00:00,744.1807374244318,173.0252704485988,3.4443828075041716,440.9770252007314,325.36580772587024,30.0,-4.029854917856408,1
2018-11-06 01:22:30+00:00,327.1922728954522,35.6803997197099,-4.032031091143239,337.080444140308,10.420011574074074,2018-11-10 01:22:30+00:00,744.1807374244318,172.8879392505733,3.4432185786137675,452.6780745687256,325.26778757866845,30.0,-4.032031091143239,1
2018-11-06 01:37:30+00:00,327.2430028690789,35.67902157361475,-4.0341592177370424,342.9021487425279,10.43042824074074,2018-11-10 01:37:30+00:00,744.1840130152661,172.75060807512196,3.4420542312760376,468.593489148581,325.3516499502572,30.0,-4.0341592177370424,1
2018-11-06 01:52:30+00:00,327.29374829614295,35.677818781409094,-4.036239239769164,351.57841882120243,10.440844907407408,2018-11-10 01:52:30+00:00,744.1873134104807,172.6132769222874,3.4408897655290116,488.91903171953254,325.4494609755511,30.0,-4.036239239769164,1
2018-11-06 02:07:30+00:00,327.3445072038373,35.67679136928368,-4.038271101829868,344.2163707188749,10.451261574074074,2018-11-10 02:07:30+00:00,744.1873134104807,172.4759457920113,3.4397251814106684,502.5586294618014,325.461115407701,30.0,-4.038271101829868,1
2018-11-06 02:22:30+00:00,327.3952776183713,35.67593935961333,-4.040254750972982,347.03437180246647,10.46167824074074,2018-11-10 02:22:30+00:00,744.1906291970716,172.3386146842931,3.438560478958981,503.3177816201606,325.5274597848549,30.0,-4.040254750972982,1
2018-11-06 02:37:30+00:00,327.44605756524055,35.675262770955996,-4.0421901367227315,322.63594085380396,10.472094907407408,2018-11-10 02:37:30+00:00,744.1939501999249,172.2012835991323,3.4373956582119476,507.50854598934734,325.4372307749142,30.0,-4.0421901367227315,1
2018-11-06 02:52:30+00:00,327.4968450692638,35.67476161804922,-4.044077211078607,367.6917846949216,10.482511574074074,2018-11-10 02:52:30+00:00,744.1939501999249,172.06395253648478,3.4362307192075567,503.78813173470934,325.7343295157308,30.0,-4.044077211078607,1
2018-11-06 03:07:30+00:00,327.54763815471387,35.67443591181061,-4.045915928519531,368.4063234008708,10.49292824074074,2018-11-10 03:07:30+00:00,744.1972655680855,171.92662149636487,3.435065661983802,501.27975287094654,325.78864203454395,30.0,-4.045915928519531,1
2018-11-06 03:22:30+00:00,327.59843484553613,35.674285659336164,-4.047706246009387,352.46677814897276,10.503344907407408,2018-11-10 03:22:30+00:00,744.2005639136494,171.789290478714,3.433900486578661,503.9987280387947,325.75994062501996,30.0,-4.047706246009387,1
2018-11-06 03:37:30+00:00,327.6492331653446,35.67431086389926,-4.049448123000514,344.63089462281664,10.513761574074074,2018-11-10 03:37:30+00:00,744.2005639136494,171.65195948357527,3.432735193030127,500.9141498457024,325.76892869164936,30.0,-4.049448123000514,1
2018-11-06 03:52:30+00:00,327.70003113766836,35.67451152495161,-4.051141521437859,312.0812465219811,10.52417824074074,2018-11-10 03:52:30+00:00,744.2038334924957,171.51462851090503,3.431569781376197,506.62910406232606,325.62354004500014,30.0,-4.051141521437859,1
2018-11-06 04:07:30+00:00,327.75082678606526,35.67488763812073,-4.052786405762225,312.32568509622075,10.534594907407408,2018-11-10 04:07:30+00:00,744.207062414539,171.3772975606736,3.4304042516548727,499.9145401065267,325.6758233138779,30.0,-4.052786405762225,1
2018-11-06 04:22:30+00:00,327.80161813416277,35.67543919521384,-4.05438274291353,311.53934718784177,10.545011574074074,2018-11-10 04:22:30+00:00,744.207062414539,171.23996663289557,3.429238603904116,501.2246601478655,325.7211750852941,30.0,-4.05438274291353,1
2018-11-06 04:37:30+00:00,327.8524032059504,35.67616618421552,-4.05593050233369,307.96575807077176,10.55542824074074,2018-11-10 04:37:30+00:00,744.2102388705547,171.1026357275269,3.428072838161935,488.3625486922649,325.7475494192356,30.0,-4.05593050233369,1
2018-11-06 04:52:30+00:00,327.90318002577726,35.67706858929083,-4.057429655968616,303.8576065782608,10.565844907407408,2018-11-10 04:52:30+00:00,744.2102388705547,170.96530484458208,3.4269069544663093,477.3863031792915,325.76952948214415,30.0,-4.057429655968616,1
2018-11-06 05:07:30+00:00,327.9539466185057,35.67814639078559,-4.0588801782704405,304.6337309494318,10.576261574074074,2018-11-10 05:07:30+00:00,744.2133513628546,170.8279739840318,3.4257409528552474,476.9906192861118,325.8253279942071,30.0,-4.0588801782704405,1
2018-11-06 05:22:30+00:00,328.0047010097415,35.67939956522862,-4.060282046199225,294.81427378964946,10.58667824074074,2018-11-10 05:22:30+00:00,744.2163889280154,170.69064314586151,3.4245748333667176,481.9840200839783,325.8046984843773,30.0,-4.060282046199225,1
2018-11-06 05:37:30+00:00,328.05544122580045,35.68082808533398,-4.061635239223988,329.910228353871,10.597094907407408,2018-11-10 05:37:30+00:00,744.2163889280154,170.55331233005643,3.423408596038741,477.98712139279746,326.0889811731066,30.0,-4.061635239223988,1
2018-11-06 05:52:30+00:00,328.1061652939838,35.682431920002315,-4.062939739324122,351.7662339531403,10.607511574074074,2018-11-10 05:52:30+00:00,744.2193413413542,170.41598153660206,3.4222422409092963,477.6377295492488,326.2613650213957,30.0,-4.062939739324122,1
2018-11-06 06:07:30+00:00,328.1568712426956,35.68421103432608,-4.064195530989453,320.6470108911678,10.61792824074074,2018-11-10 06:07:30+00:00,744.2221992947262,170.2786507654692,3.4210757680163733,484.0428491930997,326.1323969810671,30.0,-4.064195530989453,1
2018-11-06 06:22:30+00:00,328.2075571014622,35.68616538959001,-4.065402601220838,301.8222575259842,10.628344907407408,2018-11-10 06:22:30+00:00,744.2221992947262,170.14132001667255,3.4199091773979524,492.5441211543048,326.05607624337625,30.0,-4.065402601220838,1
2018-11-06 06:37:30+00:00,328.25822090118737,35.68829494327677,-4.066560939529585,301.04138618126984,10.638761574074074,2018-11-10 06:37:30+00:00,744.2249545413257,170.0039892901975,3.4187424690920505,496.1511248906908,326.1003514645252,30.0,-4.066560939529585,1
2018-11-06 06:52:30+00:00,328.3088606742047,35.69059964906766,-4.067670537937353,308.485101431679,10.64917824074074,2018-11-10 06:52:30+00:00,744.2276000033532,169.8666585860004,3.4175756431366677,512.1974123539231,326.20220721603056,30.0,-4.067670537937353,1
2018-11-06 07:07:30+00:00,328.35947445449074,35.69307945685212,-4.068731390975246,309.9281500870008,10.659594907407408,2018-11-10 07:07:30+00:00,744.2276000033532,169.72932790409604,3.4164086995697693,515.7953732411161,326.26171598481926,30.0,-4.068731390975246,1
2018-11-06 07:22:30+00:00,328.4100602776769,35.695734312726486,-4.0697434956822125,300.1507889493241,10.670011574074074,2018-11-10 07:22:30+00:00,744.2301298405434,169.5919972444263,3.415241638429354,527.8780874106417,326.2429575662127,30.0,-4.0697434956822125,1
2018-11-06 07:37:30+00:00,328.4606161812788,35.69856415900289,-4.070706851603794,298.4917335343852,10.68042824074074,2018-11-10 07:37:30+00:00,744.2325394795064,169.45466660702036,3.414074459753449,537.7365052865887,326.28038575523226,30.0,-4.070706851603794,1
2018-11-06 07:52:30+00:00,328.5111402048049,35.701568934211785,-4.071621460790012,305.59045369246513,10.690844907407408,2018-11-10 07:52:30+00:00,744.2325394795064,169.31733599187865,3.412907163580007,529.7213609984896,326.38043258834745,30.0,-4.071621460790012,1
2018-11-06 08:07:30+00:00,328.561630389873,35.70474857310947,-4.072487327793242,315.6022500844516,10.701261574074074,2018-11-10 08:07:30+00:00,744.2348256055712,169.1800053989284,3.411739749947047,524.686978297162,326.4973642940908,30.0,-4.072487327793242,1
2018-11-06 08:22:30+00:00,328.6120847803384,35.70810300668279,-4.073304459665183,311.4328478498647,10.71167824074074,2018-11-10 08:22:30+00:00,744.236986120252,169.04267482819913,3.410572218892561,522.9462298274902,326.5189526390045,30.0,-4.073304459665183,1
2018-11-06 08:37:30+00:00,328.66250141934654,35.711632161504,-4.074072865754635,326.2394220252144,10.722094907407408,2018-11-10 08:37:30+00:00,744.236986120252,168.9053442796327,3.409404570454558,535.8230528514334,326.66313196220386,30.0,-4.074072865754635,1
2018-11-06 08:52:30+00:00,328.7128783533192,35.715335960513194,-4.074792557952131,307.0598986817109,10.732511574074074,2018-11-10 08:52:30+00:00,744.239020068578,168.7680137532734,3.4082368046710028,549.288099212974,326.58724711381836,30.0,-4.074792557952131,1
2018-11-06 09:07:30+00:00,328.7632136389875,35.71921432457173,-4.075463551143331,308.91217505366086,10.74292824074074,2018-11-10 09:07:30+00:00,744.239020068578,168.6306832490922,3.4070689215799215,547.1671535893156,326.6488941715899,30.0,-4.075463551143331,1
2018-11-06 09:22:30+00:00,328.8135053304615,35.72326716965561,-4.076085862344609,311.75682589261675,10.753344907407408,2018-11-10 09:22:30+00:00,744.2409275413282,168.49335276703147,3.405900921219308,545.9495985372446,326.71699353209107,30.0,-4.076085862344609,1
2018-11-06 09:37:30+00:00,328.8637514847031,35.72749440800498,-4.076659511052685,309.89968618273855,10.763761574074074,2018-11-10 09:37:30+00:00,744.2427095576844,168.35602230712053,3.404732803627169,546.0962715637173,326.7531181184894,30.0,-4.076659511052685,1
2018-11-06 09:52:30+00:00,328.9139501617478,35.73189594813464,-4.077184519241016,329.1076525391782,10.77417824074074,2018-11-10 09:52:30+00:00,744.2427095576844,168.21869186933094,3.4035645688414715,543.9150071547817,326.9249739944537,30.0,-4.077184519241016,1
2018-11-06 10:07:30+00:00,328.96409942470297,35.73647169483951,-4.077660911353524,320.10990539788537,10.784594907407408,2018-11-10 10:07:30+00:00,744.2443679340055,168.0813614536486,3.4023962169002218,537.5026753991696,326.9175840860604,30.0,-4.077660911353524,1
2018-11-06 10:22:30+00:00,329.014197339958,35.741221549204326,-4.0780887142998825,321.9880356149137,10.795011574074074,2018-11-10 10:22:30+00:00,744.2459051443426,167.9440310600592,3.401227747841447,556.5692821368948,326.9779345095423,30.0,-4.0780887142998825,1
2018-11-06 10:37:30+00:00,329.06424197728614,35.746145408612605,-4.07846795744923,326.30982192543127,10.80542824074074,2018-11-10 10:37:30+00:00,744.2459051443426,167.80670068856347,3.400059161703134,561.7144645838302,327.0532250433716,30.0,-4.07846795744923,1
2018-11-06 10:52:30+00:00,329.1142314100128,35.75124316675564,-4.078798672624244,316.1217843043875,10.815844907407408,2018-11-10 10:52:30+00:00,744.2473241780052,167.66937033910386,3.3988904585232658,560.0356655031112,327.03656141566756,30.0,-4.078798672624244,1
2018-11-06 11:07:30+00:00,329.1641637149866,35.756514713641245,-4.079080894094537,341.39815896349313,10.826261574074074,2018-11-10 11:07:30+00:00,744.2486283989871,167.5320400117244,3.3977216383398634,555.5381985849431,327.23855649192444,30.0,-4.079080894094537,1
2018-11-06 11:22:30+00:00,329.2140369729438,35.761959935603684,-4.079314658569755,360.8988771608595,10.83667824074074,2018-11-10 11:22:30+00:00,744.2486283989871,167.39470970638226,3.396552701190932,561.1461020893408,327.3907544654256,30.0,-4.079314658569755,1
2018-11-06 11:37:30+00:00,329.26384926840706,35.76757871531584,-4.079500005192717,362.1661101836394,10.847094907407408,2018-11-10 11:37:30+00:00,744.2498214114075,167.2573794230488,3.3953836471144614,574.2924715796169,327.4451747417218,30.0,-4.079500005192717,1
2018-11-06 11:52:30+00:00,329.31359868999675,35.77337093179651,-4.079636975531355,306.12479131886477,10.857511574074074,2018-11-10 11:52:30+00:00,744.250906934366,167.12004916173944,3.39421447614844,581.8720303069217,327.159824237064,30.0,-4.079636975531355,1
2018-11-06 12:07:30+00:00,329.3632833303279,35.77933646042289,-4.079725613571134,307.0435084867741,10.86792824074074,2018-11-10 12:07:30+00:00,744.250906934366,166.98271892242573,3.3930451883309023,585.2763037602354,327.21373447150995,30.0,-4.079725613571134,1
2018-11-06 12:22:30+00:00,329.41290128638263,35.78547517294265,-4.079765965706413,321.5148393410597,10.878344907407408,2018-11-10 12:22:30+00:00,744.2518886887816,166.84538870509388,3.3918757836998323,585.8445533320324,327.3579228266108,30.0,-4.079765965706413,1
2018-11-06 12:37:30+00:00,329.4624506594237,35.79178693748117,-4.079758080732887,323.2575125208681,10.888761574074074,2018-11-10 12:37:30+00:00,744.2527702979339,166.70805850971553,3.390706262293231,584.4121154304794,327.41632070891825,30.0,-4.079758080732887,1
2018-11-06 12:52:30+00:00,329.5119295552534,35.79827161855825,-4.079702009838423,335.30346276051483,10.89917824074074,2018-11-10 12:52:30+00:00,744.2527702979339,166.5707283363206,3.3895366241491107,582.6148548863491,327.5370992668706,30.0,-4.079702009838423,1
2018-11-06 13:07:30+00:00,329.56133608424733,35.80492907709626,-4.079597806593805,368.377739781356,10.909594907407408,2018-11-10 13:07:30+00:00,744.2535552025819,166.43339818485177,3.3883668693054787,580.5605496340054,327.76174927494026,30.0,-4.079597806593805,1
2018-11-06 13:22:30+00:00,329.61066836149735,35.811759170433945,-4.0794455269430046,319.94756045021273,10.920011574074074,2018-11-10 13:22:30+00:00,744.2535552025819,166.29606805530992,3.3871969978003342,578.5932904046426,327.5362417812471,30.0,-4.0794455269430046,1
2018-11-06 13:37:30+00:00,329.65992450696257,35.81876175233965,-4.079245229193732,325.0830236774553,10.93042824074074,2018-11-10 13:37:30+00:00,744.2542465907432,166.15873794768132,3.386027009671688,576.1912214802448,327.61580846289485,30.0,-4.079245229193732,1
2018-11-06 13:52:30+00:00,329.7091026455787,35.82593667302395,-4.078996974007225,330.51961602671116,10.940844907407408,2018-11-10 13:52:30+00:00,744.2548473415026,166.021407861967,3.3848569049575357,573.8691469910168,327.69613042247175,30.0,-4.078996974007225,1
2018-11-06 14:07:30+00:00,329.7582009073017,35.83328377914963,-4.078700824387609,373.44157671016393,10.951261574074074,2018-11-10 14:07:30+00:00,744.2548473415026,165.8840777981242,3.3836866836959048,573.451712450043,327.974345296624,30.0,-4.078700824387609,1
2018-11-06 14:22:30+00:00,329.80721742726513,35.84080291384904,-4.078356845671602,355.45455204497154,10.96167824074074,2018-11-10 14:22:30+00:00,744.2553599816092,165.74674775616856,3.382516345924785,574.6002762540743,327.93067782617044,30.0,-4.078356845671602,1
2018-11-06 14:37:30+00:00,329.85615034592854,35.84849391673651,-4.077965105517034,321.65913042474784,10.972094907407408,2018-11-10 14:37:30+00:00,744.2557866531407,165.60941773607178,3.3813458916822072,571.8290404642659,327.7797197427102,30.0,-4.077965105517034,1
2018-11-06 14:52:30+00:00,329.90499780918924,35.85635662392239,-4.07752567389189,331.8786442702647,10.982511574074074,2018-11-10 14:52:30+00:00,744.2557866531407,165.47208773780602,3.380175321006172,571.4480483345258,327.88980098512303,30.0,-4.07752567389189,1
2018-11-06 15:07:30+00:00,329.95375796842245,35.86439086802592,-4.077038623062472,400.76168614357266,10.99292824074074,2018-11-10 15:07:30+00:00,744.2561290901697,165.334757761387,3.37900463393465,565.5293544796884,328.2826443604773,30.0,-4.077038623062472,1
2018-11-06 15:22:30+00:00,330.0024289806376,35.872596478192015,-4.076504027581487,331.13126405879115,11.003344907407408,2018-11-10 15:22:30+00:00,744.2563886021742,165.19742780678664,3.377833830505674,560.398282852373,327.9770829395164,30.0,-4.076504027581487,1
2018-11-06 15:37:30+00:00,330.0510090086204,35.8809732801052,-4.075921964275927,340.0220605771524,11.013761574074074,2018-11-10 15:37:30+00:00,744.2563886021742,165.0600978740059,3.3766629107573007,559.3568646156293,328.07580766036665,30.0,-4.075921964275927,1
2018-11-06 15:52:30+00:00,330.0994962209789,35.8895210960026,-4.075292512234702,329.18334877743956,11.02417824074074,2018-11-10 15:52:30+00:00,744.2565660618781,164.9227679630025,3.375491874727483,553.4103313214331,328.0562938455853,30.0,-4.075292512234702,1
2018-11-06 16:07:30+00:00,330.1478887923104,35.89823974469301,-4.074615752795415,310.543446066024,11.034594907407408,2018-11-10 16:07:30+00:00,744.2566618952853,164.7854380737778,3.374320722454252,548.8035614913745,327.97884003080543,30.0,-4.074615752795415,1
2018-11-06 16:22:30+00:00,330.1961849032926,35.90712904157004,-4.073891769531681,307.210249405575,11.045011574074074,2018-11-10 16:22:30+00:00,744.2566618952853,164.64810820633272,3.373149453975623,556.0762887641017,328.00029774303727,30.0,-4.073891769531681,1
2018-11-06 16:37:30+00:00,330.2443827407077,35.916188798629136,-4.073120648239735,310.1910442134741,11.05542824074074,2018-11-10 16:37:30+00:00,744.2566760718723,164.5107783606396,3.3719780693296197,551.685100166945,328.0662615906868,30.0,-4.073120648239735,1
2018-11-06 16:52:30+00:00,330.2924804977027,35.9254188244832,-4.07230247692475,321.56181000592386,11.065844907407408,2018-11-10 16:52:30+00:00,744.2566080931776,164.3734485366707,3.370806568554232,554.1981946823349,328.18810202516687,30.0,-4.07230247692475,1
2018-11-06 17:07:30+00:00,330.34047637376676,35.93481892437794,-4.071437345786971,308.147489942417,11.076261574074074,2018-11-10 17:07:30+00:00,744.2566080931776,164.23611873444187,3.369634951687476,553.3921615390731,328.1410060814495,30.0,-4.071437345786971,1
2018-11-06 17:22:30+00:00,330.3883685749167,35.9443889002106,-4.070525347207488,320.10642737896495,11.08667824074074,2018-11-10 17:22:30+00:00,744.2564569783868,164.0987889539252,3.368463218767398,568.7639120756817,328.26765467820894,30.0,-4.070525347207488,1
2018-11-06 17:37:30+00:00,330.4361553136873,35.954128550546685,-4.069566575734088,323.2347167077093,11.097094907407408,2018-11-10 17:37:30+00:00,744.2564569783868,163.96145919512236,3.36729136983197,570.2818189045233,328.3325247629515,30.0,-4.069566575734088,1
2018-11-06 17:52:30+00:00,330.48383480937395,35.964037670634355,-4.068561128066266,341.208152352549,11.107511574074074,2018-11-10 17:52:30+00:00,744.2562212458829,163.82412945799092,3.366119404919238,566.6569282136895,328.4876982863399,30.0,-4.068561128066266,1
2018-11-06 18:07:30+00:00,330.5314052880497,35.97411605242608,-4.067509103040585,342.3410657547525,11.11792824074074,2018-11-10 18:07:30+00:00,744.2558988901061,163.686799742547,3.364947324067207,558.4159611256857,328.5385125775768,30.0,-4.067509103040585,1
2018-11-06 18:22:30+00:00,330.57886498269175,35.98436348459309,-4.066410601615225,329.9440599924605,11.128344907407408,2018-11-10 18:22:30+00:00,744.2558988901061,163.54947004874842,3.36377512731391,557.6762858732809,328.5075463485047,30.0,-4.066410601615225,1
2018-11-06 18:37:30+00:00,330.6262121331913,35.994779752542826,-4.0652657268551415,338.91972732331664,11.138761574074074,2018-11-10 18:37:30+00:00,744.2554873534135,163.4121403765966,3.3626028146973557,549.2737896494157,328.6062387561363,30.0,-4.0652657268551415,1
2018-11-06 18:52:30+00:00,330.6734449866139,36.00536463843969,-4.064074583915657,323.4625995742502,11.14917824074074,2018-11-10 18:52:30+00:00,744.2549834928986,163.2748107260934,3.3614303862555435,560.8462020033389,328.5532071915357,30.0,-4.064074583915657,1
2018-11-06 19:07:30+00:00,330.7205617971922,36.016117921223156,-4.062837280026921,348.4352280682859,11.159594907407408,2018-11-10 19:07:30+00:00,744.2549834928986,163.13748109721092,3.36025784202652,558.8808728833772,328.74875869753276,30.0,-4.062837280026921,1
2018-11-06 19:22:30+00:00,330.7675608264032,36.027039376623115,-4.061553924478093,342.33274735927006,11.170011574074074,2018-11-10 19:22:30+00:00,744.2543835423191,163.00015148995095,3.359085182048291,551.8793226806582,328.75696468179973,30.0,-4.061553924478093,1
2018-11-06 19:37:30+00:00,330.8144403431501,36.03812877718525,-4.060224628600223,327.94386639950534,11.18042824074074,2018-11-10 19:37:30+00:00,744.2536830693515,162.8628219042714,3.3579124063588996,566.2152198107957,328.7117654910902,30.0,-4.060224628600223,1
2018-11-06 19:52:30+00:00,330.8611986237264,36.04938589227963,-4.0588495057507545,342.9478297161936,11.190844907407408,2018-11-10 19:52:30+00:00,744.2536830693515,162.72549234017407,3.3567395149963275,564.7686620558073,328.8467671773178,30.0,-4.0588495057507545,1
2018-11-06 20:07:30+00:00,330.9078339520299,36.06081048812948,-4.057428671295921,400.114525846022,11.201261574074074,2018-11-10 20:07:30+00:00,744.2528769283429,162.58816279766066,3.3555665079986445,568.672245951044,329.17795526410157,30.0,-4.057428671295921,1
2018-11-06 20:22:30+00:00,330.9543446196012,36.07240232782847,-4.055962242593688,365.1742929194595,11.21167824074074,2018-11-10 20:22:30+00:00,744.2519592085605,162.45083327668917,3.3543933854038293,561.0774902615469,329.05532433762124,30.0,-4.055962242593688,1
2018-11-06 20:37:30+00:00,331.0007289257345,36.08416117135772,-4.054450338977144,351.8264461079098,11.222094907407408,2018-11-10 20:37:30+00:00,744.2519592085605,162.31350377727594,3.3532201472499428,562.188965736545,329.02584538274215,30.0,-4.054450338977144,1
2018-11-06 20:52:30+00:00,331.0469851774781,36.096086775605585,-4.0528930817366975,345.12897840486835,11.232511574074074,2018-11-10 20:52:30+00:00,744.25092317765,162.1761742993937,3.352046793574982,568.1838778917243,329.0298315454231,30.0,-4.0528930817366975,1
2018-11-06 21:07:30+00:00,331.09311168983083,36.10817889439179,-4.051290594102578,350.41556329514714,11.24292824074074,2018-11-10 21:07:30+00:00,744.2497612196356,162.03884484304416,3.3508733244169955,592.5305530585164,329.1024492438919,30.0,-4.051290594102578,1
2018-11-06 21:22:30+00:00,331.13910678583017,36.12043727848426,-4.049643001226683,394.9490362349159,11.253344907407408,2018-11-10 21:22:30+00:00,744.2497612196356,161.90151540817126,3.349699739813984,614.3532872247397,329.36936194322755,30.0,-4.049643001226683,1
2018-11-06 21:37:30+00:00,331.18496879650326,36.132861675621186,-4.0479504301651055,380.7296269616674,11.263761574074074,2018-11-10 21:37:30+00:00,744.2484647663526,161.76418599482017,3.348526039804003,606.414261865013,329.34540116939786,30.0,-4.0479504301651055,1
2018-11-06 21:52:30+00:00,331.2306960611158,36.14545183052848,-4.046213009859782,377.6085141903172,11.27417824074074,2018-11-10 21:52:30+00:00,744.2484647663526,161.6268566029495,3.34735222442505,581.49693934335,329.3721158749951,30.0,-4.046213009859782,1
2018-11-06 22:07:30+00:00,331.27628692712995,36.158207484947766,-4.044430871119423,385.90358931552583,11.284594907407408,2018-11-10 22:07:30+00:00,744.2470242207505,161.4895272325319,3.3461782937151674,574.7356705620479,329.45388250181816,30.0,-4.044430871119423,1
2018-11-06 22:22:30+00:00,331.32173975035903,36.17112837764894,-4.042604146602261,356.7023668479724,11.295011574074074,2018-11-10 22:22:30+00:00,744.2454288700833,161.35219788358398,3.3450042477123927,575.139120756817,329.34600857757033,30.0,-4.042604146602261,1
2018-11-06 22:37:30+00:00,331.3670528949858,36.1842142444568,-4.040732970796161,357.6646561473423,11.30542824074074,2018-11-10 22:37:30+00:00,744.2454288700833,161.21486855609317,3.343830086454747,612.3730523094046,329.39245912311804,30.0,-4.040732970796161,1
2018-11-06 22:52:30+00:00,331.41222473371823,36.19746481827214,-4.038817480000179,347.5787586112358,11.315844907407408,2018-11-10 22:52:30+00:00,744.243666786673,161.07753925000333,3.342655809980273,606.505882820574,329.3759793894763,30.0,-4.038817480000179,1
2018-11-06 23:07:30+00:00,331.45725364777917,36.210879829089585,-4.036857812305715,338.66476770039156,11.326261574074074,2018-11-10 23:07:30+00:00,744.2417247137548,160.94020996536017,3.3414814183269868,616.6980682089196,329.3628886532399,30.0,-4.036857812305715,1
2018-11-06 23:22:30+00:00,331.5021380270367,36.224459004023835,-4.034854107576889,346.2687813021703,11.33667824074074,2018-11-10 23:22:30+00:00,744.2417247137548,160.80288070210756,3.3403069115329274,608.938508625487,329.4492865261398,30.0,-4.034854107576889,1
2018-11-06 23:37:30+00:00,331.54687627007905,36.23820206732877,-4.032806507431383,354.96122569874524,11.347094907407408,2018-11-10 23:37:30+00:00,744.2395879339174,160.66555146026238,3.3391322896361144,600.3112330073933,329.53987436374416,30.0,-4.032806507431383,1
2018-11-06 23:52:30+00:00,331.5914667843067,36.2521087404241,-4.03071515522041,350.7347114622682,11.357511574074074,2018-11-10 23:52:30+00:00,744.2372401178743,160.5282222397975,3.3379575526746055,590.4614834247554,329.5557515073899,30.0,-4.03071515522041,1
2018-11-07 00:07:30+00:00,331.63590798587484,36.26617874190731,-4.028580196010054,340.82759363492363,11.36792824074074,2018-11-11 00:07:30+00:00,744.2372401178743,160.39089304070052,3.3367827006864275,578.3607148277432,329.53630446348757,30.0,-4.028580196010054,1
2018-11-07 00:22:30+00:00,331.6801982999442,36.28041178758839,-4.026401776559714,362.3855072889485,11.378344907407408,2018-11-11 00:22:30+00:00,744.2346631517548,160.25356386295925,3.3356077337096175,576.1209158120678,329.70101252310377,30.0,-4.026401776559714,1
2018-11-07 00:37:30+00:00,331.72433616065945,36.294807590504554,-4.024180045304123,385.7788342890324,11.388761574074074,2018-11-11 00:37:30+00:00,744.2318369417352,160.116234706576,3.334432651782196,578.9955481357819,329.86090512061196,30.0,-4.024180045304123,1
2018-11-07 00:52:30+00:00,331.76832001117583,36.309365860945995,-4.021915152332566,330.00498142064725,11.39917824074074,2018-11-11 00:52:30+00:00,744.2318369417352,159.97890557150942,3.3332574549422196,579.481427378965,329.5849141186947,30.0,-4.021915152332566,1
2018-11-07 01:07:30+00:00,331.81214830380685,36.32408630647544,-4.019607249369022,352.8137547046751,11.409594907407408,2018-11-11 01:07:30+00:00,744.2287391956086,159.84157645777606,3.3320821432277175,583.0590666984657,329.765130866262,30.0,-4.019607249369022,1
2018-11-07 01:22:30+00:00,331.85581950008174,36.33896863195549,-4.017256489750955,336.0433957033128,11.420011574074074,2018-11-11 01:22:30+00:00,744.2253451816989,159.70424736534963,3.3309067166767288,573.3846092694173,329.70158736437793,30.0,-4.017256489750955,1
2018-11-07 01:37:30+00:00,331.8993320707285,36.35401253957099,-4.014863028409358,322.0554949027134,11.43042824074074,2018-11-11 01:37:30+00:00,744.2253451816989,159.56691829421763,3.3297311753272996,573.993587797845,329.6462001719006,30.0,-4.014863028409358,1
2018-11-07 01:52:30+00:00,331.94268449585405,36.36921772884769,-4.01242702184829,323.8754405490633,11.440844907407408,2018-11-11 01:52:30+00:00,744.2216274662643,159.42958924438253,3.3285555192174745,571.5279433977264,329.6968521080457,30.0,-4.01242702184829,1
2018-11-07 02:07:30+00:00,331.9858752649024,36.38458389668289,-4.009948628123841,320.96673218805535,11.451261574074074,2018-11-11 02:07:30+00:00,744.2216274662643,159.2922602158033,3.327379748385288,567.7810239287702,329.7142230654423,30.0,-4.009948628123841,1
2018-11-07 02:22:30+00:00,332.02890287679503,36.40011073736291,-4.00742800682384,343.04957186709026,11.46167824074074,2018-11-11 02:22:30+00:00,744.2175556310553,159.15493120849675,3.3262038628687756,583.3353207727164,329.8983129528649,30.0,-4.00742800682384,1
2018-11-07 02:37:30+00:00,332.07176583988615,36.415797942588405,-4.004865319046811,350.25580268188907,11.472094907407408,2018-11-11 02:37:30+00:00,744.2130959728968,159.01760222242194,3.325027862705996,585.0107321726687,329.97989627631944,30.0,-4.004865319046811,1
2018-11-07 02:52:30+00:00,332.1144626721399,36.43164520149886,-4.00226072738081,422.22018459497593,11.482511574074074,2018-11-11 02:52:30+00:00,744.2130959728968,158.88027325759575,3.3238517479349827,585.025041736227,330.3748508534261,30.0,-4.00226072738081,1
2018-11-07 03:07:30+00:00,332.15699190109103,36.44765220069773,-3.999614395882499,393.44404652916154,11.49292824074074,2018-11-11 03:07:30+00:00,744.2082111869048,158.7429443140063,3.32267551859378,587.274922489864,330.28550028158827,30.0,-3.999614395882499,1
2018-11-07 03:22:30+00:00,332.1993520640248,36.46381862427315,-3.996926490056151,354.72783940976893,11.503344907407408,2018-11-11 03:22:30+00:00,744.2028600342221,158.60561539159798,3.3214991747204388,585.0602374809387,330.11839485455215,30.0,-3.996926490056151,1
2018-11-07 03:37:30+00:00,332.24154170781475,36.480144153824,-3.994197176832499,478.176665410092,11.513761574074074,2018-11-11 03:37:30+00:00,744.2028600342221,158.46828649041717,3.320322716353008,581.0207488671596,330.69391737274157,30.0,-3.994197176832499,1
2018-11-07 03:52:30+00:00,332.28355938923,36.49662846848451,-3.991426624547088,474.3031371481342,11.52417824074074,2018-11-11 03:52:30+00:00,744.1969969939183,158.33095761042276,3.319146143529535,580.1920498811149,330.7193269223365,30.0,-3.991426624547088,1
2018-11-07 04:07:30+00:00,332.3254036747864,36.51327124494651,-3.988615002919276,340.5455300280008,11.534594907407408,2018-11-11 04:07:30+00:00,744.1905718970762,158.19362875160286,3.31796945628806,585.740122426266,330.1411994507331,30.0,-3.988615002919276,1
2018-11-07 04:22:30+00:00,332.36707314083765,36.5300721574841,-3.985762483031132,336.4791453497765,11.545011574074074,2018-11-11 04:22:30+00:00,744.1905718970762,158.0562999139602,3.3167926546666573,591.3182685428094,330.15077036653446,30.0,-3.985762483031132,1
2018-11-07 04:37:30+00:00,332.40856637379676,36.547030877983666,-3.982869237304459,338.3031670321875,11.55542824074074,2018-11-11 04:37:30+00:00,744.1835295392161,157.91897109745395,3.3156157387033622,594.1765541775976,330.1984884432307,30.0,-3.982869237304459,1
2018-11-07 04:52:30+00:00,332.44988196993256,36.56414707596023,-3.979935439481133,316.08983334507053,11.565844907407408,2018-11-11 04:52:30+00:00,744.1758092653519,157.78164230208685,3.314438708436217,597.2901264011448,330.0783060182844,30.0,-3.979935439481133,1
2018-11-07 05:07:30+00:00,332.4910185355166,36.58142041858479,-3.976961264601034,309.7953145732638,11.576261574074074,2018-11-11 05:07:30+00:00,744.1758092653519,157.6443135278618,3.3132615639032856,596.3182226788238,330.06488862961584,30.0,-3.976961264601034,1
2018-11-07 05:22:30+00:00,332.53197468692304,36.598850570710766,-3.973946888979692,323.15317195325537,11.58667824074074,2018-11-11 05:22:30+00:00,744.1673445204253,157.50698477475245,3.3120843051426183,584.7701526353446,330.19997153594994,30.0,-3.973946888979692,1
2018-11-07 05:37:30+00:00,332.5727490506283,36.61643719490015,-3.970892490186934,326.4466314825785,11.597094907407408,2018-11-11 05:37:30+00:00,744.1580623569546,157.3696560427472,3.3109069321922604,578.9051377114816,330.2581207179735,30.0,-3.970892490186934,1
2018-11-07 05:52:30+00:00,332.61334026323834,36.63417995144497,-3.9677982470254616,326.2090042544025,11.607511574074074,2018-11-11 05:52:30+00:00,744.1580623569546,157.23232733183428,3.309729445090305,577.5691809581625,330.29081436732383,30.0,-3.9677982470254616,1
2018-11-07 06:07:30+00:00,332.6537469714713,36.65207849838886,-3.964664339509547,327.00213681789154,11.61792824074074,2018-11-11 06:07:30+00:00,744.1478828917552,157.09499864201675,3.3085518438747807,572.3014051196438,330.33060347100735,30.0,-3.964664339509547,1
2018-11-07 06:22:30+00:00,332.6939678323995,36.670132491561944,-3.961490948842105,355.73019426316586,11.628344907407408,2018-11-11 06:22:30+00:00,744.1478828917552,156.95766997326825,3.3073741285837492,576.0175689641467,330.55264083209363,30.0,-3.961490948842105,1
2018-11-07 06:37:30+00:00,332.7340015132262,36.68834158459928,-3.9582782573935327,429.6685111386361,11.638761574074074,2018-11-11 06:37:30+00:00,744.1367187048156,156.82034132557754,3.3061962992552365,582.5431274346132,330.9563190823625,30.0,-3.9582782573935327,1
2018-11-07 06:52:30+00:00,332.7738466915305,36.706705428964774,-3.9550264486803814,420.556101567128,11.64917824074074,2018-11-11 06:52:30+00:00,744.1244741759232,156.6830126989329,3.3050183559273796,590.2908617537165,330.95265963284936,30.0,-3.9550264486803814,1
2018-11-07 07:07:30+00:00,332.8135020551467,36.72522367397846,-3.951735707342922,410.1377723870184,11.659594907407408,2018-11-11 07:07:30+00:00,744.1244741759232,156.5456840933229,3.303840298638173,592.5639955481358,330.9408968471146,30.0,-3.951735707342922,1
2018-11-07 07:22:30+00:00,332.85296630236627,36.74389596684778,-3.948406219122671,395.9947646999992,11.670011574074074,2018-11-11 07:22:30+00:00,744.1110447584405,156.40835550876525,3.302662127425698,597.1758486366166,330.9080958429845,30.0,-3.948406219122671,1
2018-11-07 07:37:30+00:00,332.8922381418207,36.762721952681645,-3.945038170841989,388.4824525162588,11.68042824074074,2018-11-11 07:37:30+00:00,744.0963161944821,156.27102694519007,3.301483842328028,583.428711313728,330.90422437659424,30.0,-3.945038170841989,1
2018-11-07 07:52:30+00:00,332.931316292518,36.781701274518575,-3.941631750382259,415.415140826108,11.690844907407408,2018-11-11 07:52:30+00:00,744.0963161944821,156.13369840262982,3.3003054433832206,574.3539598965308,331.06697423717924,30.0,-3.941631750382259,1
2018-11-07 08:07:30+00:00,332.97019948399765,36.80083357335706,-3.938187146660833,403.1393047552372,11.701261574074074,2018-11-11 08:07:30+00:00,744.0801636812474,155.99636988105854,3.2991269306293427,571.3716312902457,331.0436673083418,30.0,-3.938187146660833,1
2018-11-07 08:22:30+00:00,333.0088864562678,36.82011848818277,-3.934704549608998,368.3702314030415,11.71167824074074,2018-11-11 08:22:30+00:00,744.0624510038167,155.8590413804795,3.297948304104441,575.9888640157839,330.89453755189413,30.0,-3.934704549608998,1
2018-11-07 08:37:30+00:00,333.04737595984903,36.83955565598509,-3.9311841501517697,375.96599170660784,11.722094907407408,2018-11-11 08:37:30+00:00,744.0624510038167,155.72171290086672,3.2967695638466052,577.9036489387073,330.96983981800247,30.0,-3.9311841501517697,1
2018-11-07 08:52:30+00:00,333.0856667557514,36.85914471178254,-3.9276261401856662,328.1205558647128,11.732511574074074,2018-11-11 08:52:30+00:00,744.043029654642,155.584384442209,3.2955907098939092,574.2299666110183,330.69837340178486,30.0,-3.9276261401856662,1
2018-11-07 09:07:30+00:00,333.12375761558366,36.87888528865951,-3.924030712556031,391.8391192880934,11.74292824074074,2018-11-11 09:07:30+00:00,744.0217379634632,155.44705600449495,3.2944117422844066,571.8146315287383,331.11891845093885,30.0,-3.924030712556031,1
2018-11-07 09:22:30+00:00,333.1616473215337,36.898777017781065,-3.920398061035809,460.0496795734827,11.753344907407408,2018-11-11 09:22:30+00:00,744.0217379634632,155.30972758772813,3.2932326610561655,571.2950155020271,331.4491234364958,30.0,-3.920398061035809,1
2018-11-07 09:37:30+00:00,333.1993346664418,36.918819528423704,-3.916728380303573,452.4617642307071,11.763761574074074,2018-11-11 09:37:30+00:00,743.9984002627883,155.17239919186812,3.292053466247264,574.8827410763972,331.45303255121917,30.0,-3.916728380303573,1
2018-11-07 09:52:30+00:00,333.23681845371254,36.9390124479974,-3.913021865922439,468.530211643061,11.77417824074074,2018-11-11 09:52:30+00:00,743.9728261128158,155.03507081693277,3.290874157895789,571.0326870541812,331.54548465190885,30.0,-3.913021865922439,1
2018-11-07 10:07:30+00:00,333.27409749741656,36.9593554020746,-3.9092787143179137,417.2767111853088,11.784594907407408,2018-11-11 10:07:30+00:00,743.9728261128158,154.89774246289656,3.2896947360397983,567.4338182685428,331.36945210249354,30.0,-3.9092787143179137,1
2018-11-07 10:22:30+00:00,333.31117062230226,36.979848014412454,-3.905499122756435,368.161990414131,11.795011574074074,2018-11-11 10:22:30+00:00,743.9448096054792,154.76041412976286,3.288515200717355,566.7886648687984,331.1460790037505,30.0,-3.905499122756435,1
2018-11-07 10:37:30+00:00,333.3480366638075,37.00048990698051,-3.9016832893233993,346.62475092896767,11.80542824074074,2018-11-11 10:37:30+00:00,743.9448096054792,154.62308581749156,3.2873355519665557,569.4232642010188,331.04161809777645,30.0,-3.9016832893233993,1
2018-11-07 10:52:30+00:00,333.38469446806783,37.0212806999872,-3.8978314129021943,337.1363293661479,11.815844907407408,2018-11-11 10:52:30+00:00,743.9141287602122,154.48575752610063,3.2861557898254734,564.8923801574053,331.0063210417355,30.0,-3.8978314129021943,1
2018-11-07 11:07:30+00:00,333.42114289188635,37.04222001189811,-3.893943693153037,337.3852253756261,11.826261574074074,2018-11-11 11:07:30+00:00,743.8805450145421,154.34842925556467,3.2849759143321795,563.8886238969711,331.0374363358872,30.0,-3.893943693153037,1
2018-11-07 11:22:30+00:00,333.45738080285247,37.06330745947123,-3.8900203304903416,351.4479778124832,11.83667824074074,2018-11-11 11:22:30+00:00,743.8805450145421,154.2111010058871,3.2837959255247564,560.8794916130057,331.16220305657276,30.0,-3.8900203304903416,1
2018-11-07 11:37:30+00:00,333.49340707929787,37.084542657779814,-3.886061526061763,347.9563495366178,11.847094907407408,2018-11-11 11:37:30+00:00,743.8438028015871,154.07377277704245,3.282615823441283,553.3678654400691,331.16822848718584,30.0,-3.886061526061763,1
2018-11-07 11:52:30+00:00,333.529220610271,37.1059252202335,-3.8820674817275984,352.14323481462264,11.857511574074074,2018-11-11 11:52:30+00:00,743.80362919516,153.93644456900532,3.281435608119858,547.7864817430761,331.224753333628,30.0,-3.8820674817275984,1
2018-11-07 12:07:30+00:00,333.56482029561204,37.12745475860538,-3.87803840003871,338.9101844087304,11.86792824074074,2018-11-11 12:07:30+00:00,743.80362919516,153.7991163817939,3.2802552795985407,548.1484292001821,331.1631183405557,30.0,-3.87803840003871,1
2018-11-07 12:22:30+00:00,333.60020504587266,37.14913088306037,-3.8739744842141337,337.6467723984419,11.878344907407408,2018-11-11 12:22:30+00:00,743.7597335929624,153.66178821538273,3.279074837915427,542.2291120120835,331.1821849413198,30.0,-3.8739744842141337,1
2018-11-07 12:37:30+00:00,333.63537378244325,37.170953202178225,-3.8698759381231937,339.3922086495661,11.888761574074074,2018-11-11 12:37:30+00:00,743.711807400784,153.5244600697756,3.2778942831085924,544.2427855950393,331.2224462313922,30.0,-3.8698759381231937,1
2018-11-07 12:52:30+00:00,333.6703254374766,37.192921322979664,-3.8657429662627982,356.65692821368947,11.89917824074074,2018-11-11 12:52:30+00:00,743.711807400784,153.38713194494713,3.2767136152161345,540.1902476349471,331.36716650932715,30.0,-3.8657429662627982,1
2018-11-07 13:07:30+00:00,333.7050589539434,37.215034850949806,-3.86157577373708,394.5027310098127,11.909594907407408,2018-11-11 13:07:30+00:00,743.6595236771387,153.2498038408866,3.2755328342761456,539.1395610510802,331.6164473753844,30.0,-3.86157577373708,1
2018-11-07 13:22:30+00:00,333.7395732855866,37.2372933900694,-3.857374566235036,355.7761615113064,11.920011574074074,2018-11-11 13:22:30+00:00,743.6025366994751,153.11247575759774,3.2743519403266923,537.730940456316,331.416469590551,30.0,-3.857374566235036,1
2018-11-07 13:37:30+00:00,333.77386739695686,37.25969654283118,-3.853139550011431,359.0929326655537,11.93042824074074,2018-11-11 13:37:30+00:00,743.6025366994751,152.9751476950408,3.273170933405884,536.2660982590031,331.46509632783943,30.0,-3.853139550011431,1
2018-11-07 13:52:30+00:00,333.8079402634235,37.28224391027462,-3.848870931864536,363.2686226693859,11.940844907407408,2018-11-11 13:52:30+00:00,743.5404814205696,152.83781965323422,3.2719898135518104,538.0594641863423,331.5186197709506,30.0,-3.848870931864536,1
2018-11-07 14:07:30+00:00,333.84179087108134,37.30493509199818,-3.84456891911773,350.4707860338235,11.951261574074074,2018-11-11 14:07:30+00:00,743.4729727969168,152.70049163215276,3.2708085808025524,555.854996422609,331.46147933816565,30.0,-3.84456891911773,1
2018-11-07 14:22:30+00:00,333.8754182169315,37.32776968619977,-3.840233719596165,340.06335094169657,11.96167824074074,2018-11-11 14:22:30+00:00,743.4729727969168,152.56316363180042,3.2696272351962055,553.3006399554814,331.414590311631,30.0,-3.840233719596165,1
2018-11-07 14:37:30+00:00,333.90882130869437,37.35074728969286,-3.835865541608091,365.6213364292017,11.972094907407408,2018-11-11 14:37:30+00:00,743.3996049891127,152.42583565213738,3.268445776770879,546.6770013514588,331.61283537645454,30.0,-3.835865541608091,1
2018-11-07 14:52:30+00:00,333.94199916491874,37.37386749793287,-3.831464593924231,367.2831735688513,11.982511574074074,2018-11-11 14:52:30+00:00,743.3996049891127,152.28850769318237,3.2672642055646555,545.8326377295492,331.64921296465013,30.0,-3.831464593924231,1
2018-11-07 15:07:30+00:00,333.9749508149755,37.39712990504286,-3.827031085757493,358.64492856758187,11.99292824074074,2018-11-11 15:07:30+00:00,743.3199504559573,152.1511797549247,3.266082521615632,553.5865827967247,331.6195337691138,30.0,-3.827031085757493,1
2018-11-07 15:22:30+00:00,334.00767529896603,37.420534103838186,-3.82256522674289,399.1131051752921,12.003344907407408,2018-11-11 15:22:30+00:00,743.2335589872616,152.0138518373248,3.264900724961934,541.9223236418562,331.8843895784273,30.0,-3.82256522674289,1
2018-11-07 15:37:30+00:00,334.04017166781165,37.44407968584979,-3.818067226917526,370.9333085282248,12.013761574074074,2018-11-11 15:37:30+00:00,743.2335589872616,151.87652394038702,3.263718815641602,550.655457508546,331.7483308905814,30.0,-3.818067226917526,1
2018-11-07 15:52:30+00:00,334.0724389832239,37.46776624135533,-3.8135372967001726,356.8444046529161,12.02417824074074,2018-11-11 15:52:30+00:00,743.1399567427648,151.73919606411508,3.2625367936927963,554.7616563319818,331.68253151849336,30.0,-3.8135372967001726,1
2018-11-07 16:07:30+00:00,334.10447631764026,37.49159335939488,-3.808975646872538,378.348736728294,12.034594907407408,2018-11-11 16:07:30+00:00,743.038645383601,151.6018682084989,3.2613546591535836,559.1848746690149,331.8432128322827,30.0,-3.808975646872538,1
2018-11-07 16:22:30+00:00,334.13628275431154,37.51556062780158,-3.8043824885589497,380.9415652496512,12.045011574074074,2018-11-11 16:22:30+00:00,743.038645383601,151.46454037351322,3.2601724120620856,566.4989267827331,331.88322521650196,30.0,-3.8043824885589497,1
2018-11-07 16:37:30+00:00,334.167857387182,37.53966763322439,-3.7997580332068193,361.3731218697829,12.05542824074074,2018-11-11 16:37:30+00:00,742.9291013960542,151.327212559148,3.2589900524564084,567.4196577629382,331.7851779542603,30.0,-3.7997580332068193,1
2018-11-07 16:52:30+00:00,334.1991993209819,37.563913961153865,-3.7951024925671697,376.81216005169904,12.065844907407408,2018-11-11 16:52:30+00:00,742.8107757129169,151.18988476539283,3.2578075803746316,561.143572621035,331.90679650745165,30.0,-3.7951024925671697,1
2018-11-07 17:07:30+00:00,334.2303076711519,37.588299195944806,-3.790416078675624,357.5943614071677,12.076261574074074,2018-11-11 17:07:30+00:00,742.8107757129169,151.05255699223738,3.256624995854903,568.4070673344463,331.8069191520241,30.0,-3.790416078675624,1
2018-11-07 17:22:30+00:00,334.2611815638505,37.612822920842234,-3.785699003832893,351.7715297385043,12.08667824074074,2018-11-11 17:22:30+00:00,742.6830937343328,150.9152292396714,3.255442298935307,575.3520252007313,331.78971748506495,30.0,-3.785699003832893,1
2018-11-07 17:37:30+00:00,334.2918201359199,37.63748471800409,-3.780951480586051,356.3018561401619,12.097094907407408,2018-11-11 17:37:30+00:00,742.5454558370269,150.77790150771378,3.254259489653939,576.8433500278242,331.84387583707934,30.0,-3.780951480586051,1
2018-11-07 17:52:30+00:00,334.32222253493035,37.66228416852965,-3.77617372170927,359.20730980205104,12.107511574074074,2018-11-11 17:52:30+00:00,742.5454558370269,150.64057379631072,3.253076568048956,580.1717147626997,331.8861941152087,30.0,-3.77617372170927,1
2018-11-07 18:07:30+00:00,334.3523879190833,37.68722085247639,-3.7713659401851225,370.7780138755545,12.11792824074074,2018-11-11 18:07:30+00:00,742.3972384387163,150.50324610546653,3.251893534158421,582.2916666666667,331.9846989720257,30.0,-3.7713659401851225,1
2018-11-07 18:22:30+00:00,334.3823154572834,37.71229434889135,-3.766528349186195,347.6951773521325,12.128344907407408,2018-11-11 18:22:30+00:00,742.2377956544796,150.36591843520023,3.2507103880204693,581.2813021702838,331.8492046270282,30.0,-3.766528349186195,1
2018-11-07 18:37:30+00:00,334.412004329027,37.73750423583213,-3.761661162055944,350.9869874893454,12.138761574074074,2018-11-11 18:37:30+00:00,742.2377956544796,150.228590785458,3.249527129673224,587.686620558073,331.89444829162716,30.0,-3.761661162055944,1
2018-11-07 18:52:30+00:00,334.4414537244359,37.76285009038608,-3.7567645922916553,401.83544543936864,12.14917824074074,2018-11-11 18:52:30+00:00,742.06646154598,150.09126315624445,3.2483437591547855,576.5981496939344,332.2352672441169,30.0,-3.7567645922916553,1
2018-11-07 19:07:30+00:00,334.4706628442711,37.78833148870441,-3.7518388535244576,344.5603784084586,12.159594907407408,2018-11-11 19:07:30+00:00,742.06646154598,149.9539355475639,3.247160276503281,573.5201526353446,331.8893041633954,30.0,-3.7518388535244576,1
2018-11-07 19:22:30+00:00,334.49963089980463,37.81394800601788,-3.7468841595020135,372.5928867906088,12.170011574074074,2018-11-11 19:22:30+00:00,741.8825529253288,149.81660795939197,3.245976681756822,571.4787271715486,332.1046325434817,30.0,-3.7468841595020135,1
2018-11-07 19:37:30+00:00,334.52835711293244,37.83969921666236,-3.74190072407101,374.4365609348915,12.18042824074074,2018-11-11 19:37:30+00:00,741.6853726360238,149.67928039171846,3.24479297495355,564.6807178631051,332.13729743957515,30.0,-3.74190072407101,1
2018-11-07 19:52:30+00:00,334.55684071605,37.86558469410129,-3.736888761159183,376.7290604057853,12.190844907407408,2018-11-11 19:52:30+00:00,741.6853726360238,149.5419528445481,3.2436091561315736,565.2208045154623,332.1724844279134,30.0,-3.736888761159183,1
2018-11-07 20:07:30+00:00,334.58508095211425,37.8916040109573,-3.7318484847558984,408.85952393774573,12.201261574074074,2018-11-11 20:07:30+00:00,741.4742131969825,149.4046253178565,3.242425225329003,563.0046108593688,332.3808330896321,30.0,-3.7318484847558984,1
2018-11-07 20:22:30+00:00,334.61307707452187,37.91775673902229,-3.7267801088976737,371.2479131886478,12.21167824074074,2018-11-11 20:22:30+00:00,741.248360665248,149.2672978116336,3.2412411825839733,566.9796883695047,332.17746905401424,30.0,-3.7267801088976737,1
2018-11-07 20:37:30+00:00,334.6408283471605,37.94404244928888,-3.721683847648532,361.412453936284,12.222094907407408,2018-11-11 20:37:30+00:00,741.248360665248,149.12997032588407,3.24005702793462,574.7893314253915,332.13063193577574,30.0,-3.721683847648532,1
2018-11-07 20:52:30+00:00,334.66833404434004,37.9704607119711,-3.7165599150840594,398.19157717441567,12.232511574074074,2018-11-11 20:52:30+00:00,741.007098551148,148.99264286058366,3.238872761419054,582.3942682248191,332.3824161982188,30.0,-3.7165599150840594,1
2018-11-07 21:07:30+00:00,334.6955934507894,37.99701109652941,-3.711408525273101,393.67468426523845,12.24292824074074,2018-11-11 21:07:30+00:00,740.749711608714,148.85531541572243,3.2376883830754175,575.8411837188966,332.3757457569804,30.0,-3.711408525273101,1
2018-11-07 21:22:30+00:00,334.7226058616437,38.02369317169168,-3.706229892262189,382.1681969949916,12.253344907407408,2018-11-11 21:22:30+00:00,740.749711608714,148.71798799130528,3.2365038929418386,571.6273153668812,332.32493794801144,30.0,-3.706229892262189,1
2018-11-07 21:37:30+00:00,334.74937058238186,38.050506505477856,-3.701024230057498,411.19170391512733,12.263761574074074,2018-11-11 21:37:30+00:00,740.4754893254046,148.58066058729315,3.235319291056446,572.5,332.5134924754611,30.0,-3.701024230057498,1
2018-11-07 21:52:30+00:00,334.775886928831,38.07745066521763,-3.695791752609877,391.08628628359094,12.27417824074074,2018-11-11 21:52:30+00:00,740.183728949187,148.44333320370566,3.234134577457364,580.5850524683997,332.41719626055055,30.0,-3.695791752609877,1
2018-11-07 22:07:30+00:00,334.8021542270967,38.10452521758123,-3.690532673796279,388.3710754483279,12.284594907407408,2018-11-11 22:07:30+00:00,740.183728949187,148.306005840533,3.232949752182741,585.5463470864138,332.41901199837815,30.0,-3.690532673796279,1
2018-11-07 22:22:30+00:00,334.82817181357416,38.13172972859394,-3.685247207405557,394.1668828954089,12.295011574074074,2018-11-11 22:22:30+00:00,739.8737379174462,148.16867849775105,3.2317648152707057,587.3264965418555,332.47218928850236,30.0,-3.685247207405557,1
2018-11-07 22:37:30+00:00,334.8539390349071,38.15906376366456,-3.679935567120761,394.3519648131501,12.30542824074074,2018-11-11 22:37:30+00:00,739.8737379174462,148.03135117534998,3.2305797667594023,585.9605294538517,332.49114655329765,30.0,-3.679935567120761,1
2018-11-07 22:52:30+00:00,334.8794552479384,38.186526887603776,-3.67459796650428,374.134694536978,12.315844907407408,2018-11-11 22:52:30+00:00,739.5448355896478,147.8940238733349,3.2293946066869506,586.5172112250576,332.3806007370348,30.0,-3.67459796650428,1
2018-11-07 23:07:30+00:00,334.90471981967755,38.21411866464445,-3.6692346189818648,421.8586757499058,12.326261574074074,2018-11-11 23:07:30+00:00,739.1963542319269,147.7566965916671,3.22820933509151,588.0731775180857,332.6810861079527,30.0,-3.6692346189818648,1
2018-11-07 23:22:30+00:00,334.9297321272823,38.24183865847042,-3.6638457378264224,391.2409699729965,12.33667824074074,2018-11-11 23:22:30+00:00,739.1963542319269,147.6193693303661,3.2270239520112245,590.7032554257095,332.52399016380315,30.0,-3.6638457378264224,1
2018-11-07 23:37:30+00:00,334.9544915580373,38.26968643223073,-3.658431536143147,394.9701987382395,12.347094907407408,2018-11-11 23:37:30+00:00,738.8276392537243,147.48204208942244,3.225838457484224,603.5207488671596,332.5634122786306,30.0,-3.658431536143147,1
2018-11-07 23:52:30+00:00,334.97899750931936,38.2976615485705,-3.65299222685322,392.8390752263874,12.357511574074074,2018-11-11 23:52:30+00:00,738.4380487505342,147.34471486879758,3.2246528515486466,604.926862230702,332.56681425296125,30.0,-3.65299222685322,1
2018-11-08 00:07:30+00:00,335.00324938849,38.32576356963889,-3.647528022680714,385.308266710402,12.36792824074074,2018-11-12 00:07:30+00:00,738.4380487505342,147.20738766851096,3.223467134242672,596.0961721917481,332.5355911626091,30.0,-3.647528022680714,1
2018-11-08 00:22:30+00:00,335.0272466130155,38.353992057127314,-3.642039136133695,381.5983335947944,12.378344907407408,2018-11-12 00:22:30+00:00,738.0269524586863,147.0700604885389,3.222281305604397,604.2292710072343,332.5271496614008,30.0,-3.642039136133695,1
2018-11-08 00:37:30+00:00,335.0509886102633,38.38234657227307,-3.636525779494882,371.4454560330078,12.388761574074074,2018-11-12 00:37:30+00:00,737.5937302737623,146.93273332890084,3.2210953656720154,601.1399952301455,332.47383784912057,30.0,-3.636525779494882,1
2018-11-08 00:52:30+00:00,335.07447481752774,38.41082667589659,-3.630988164803148,380.38170501560575,12.39917824074074,2018-11-12 00:52:30+00:00,737.5937302737623,146.79540618954388,3.2199093144836537,593.0196160267112,332.54931816945924,30.0,-3.630988164803148,1
2018-11-08 01:07:30+00:00,335.09770468201646,38.43943192841055,-3.6254265038409623,427.6494576724288,12.409594907407408,2018-11-12 01:07:30+00:00,737.1377705199161,146.6580790704732,3.2187231520774753,597.0347404404165,332.84401274455445,30.0,-3.6254265038409623,1
2018-11-08 01:22:30+00:00,335.120677660791,38.468161889847146,-3.619841008119092,377.3824788626206,12.420011574074074,2018-11-12 01:22:30+00:00,736.658468179943,146.5207519716941,3.217536878491625,607.2662771285476,332.558102092402,30.0,-3.619841008119092,1
2018-11-08 01:37:30+00:00,335.1433932207321,38.497016119879206,-3.614231888862157,366.1042213212497,12.43042824074074,2018-11-12 01:37:30+00:00,736.658468179943,146.3834248931828,3.216350493764242,601.37406590349,332.49287394018046,30.0,-3.614231888862157,1
2018-11-08 01:52:30+00:00,335.165850838511,38.52599417783642,-3.6085993569959993,370.01530637826113,12.440844907407408,2018-11-12 01:52:30+00:00,736.1552233033209,146.24609783492969,3.215163997933536,592.2231496939344,332.53440397995405,30.0,-3.6085993569959993,1
2018-11-08 02:07:30+00:00,335.1880500005283,38.55509562272588,-3.60294362313356,391.2425882217489,12.451261574074074,2018-11-12 02:07:30+00:00,735.6274398008176,146.10877079694055,3.213977391037613,590.0926146752523,332.6908805865298,30.0,-3.60294362313356,1
2018-11-08 02:22:30+00:00,335.2099902028735,38.58432001326308,-3.597264897559212,399.94609659104253,12.46167824074074,2018-11-12 02:22:30+00:00,735.6274398008176,145.97144377919145,3.212790673114648,607.0012520868113,332.75881870054883,30.0,-3.597264897559212,1
2018-11-08 02:37:30+00:00,335.23167095135574,38.61366690787931,-3.591563390218102,410.4319148727841,12.472094907407408,2018-11-12 02:37:30+00:00,735.0745248101938,145.8341167816878,3.2116038442027985,597.728356785118,332.83495695685224,30.0,-3.591563390218102,1
2018-11-08 02:52:30+00:00,335.2530917612782,38.6431358647373,-3.585839310703311,390.903766786286,12.482511574074074,2018-11-12 02:52:30+00:00,735.0745248101938,145.69678980440588,3.210416904340233,596.321249701884,332.7280373172467,30.0,-3.585839310703311,1
2018-11-08 03:07:30+00:00,335.27425215764026,38.67272644176784,-3.5800928682389492,385.8517286875976,12.49292824074074,2018-11-12 03:07:30+00:00,734.4958887800368,145.5594628473366,3.209229853565127,598.4097548945213,332.7073786973301,30.0,-3.5800928682389492,1
2018-11-08 03:22:30+00:00,335.2951516749148,38.70243819666679,-3.574324271671058,371.12896494156934,12.503344907407408,2018-11-12 03:22:30+00:00,733.8909463710148,145.42213591047087,3.2080426919156197,601.0624850942046,332.6173071439085,30.0,-3.574324271671058,1
2018-11-08 03:37:30+00:00,335.3157898570973,38.73227068694782,-3.5685337294521156,363.0528973019548,12.513761574074074,2018-11-12 03:37:30+00:00,733.8909463710148,145.2848089938142,3.2068554194298975,602.6794657762939,332.5689929808225,30.0,-3.5685337294521156,1
2018-11-08 03:52:30+00:00,335.3361662576141,38.762223469942256,-3.5627214496305855,371.06973662523234,12.52417824074074,2018-11-12 03:52:30+00:00,733.2591182199759,145.147482097343,3.205668036146129,614.1972732331664,332.6394947208171,30.0,-3.5627214496305855,1
2018-11-08 04:07:30+00:00,335.3562804392598,38.79229610281364,-3.5568876398387292,394.0609483547848,12.534594907407408,2018-11-12 04:07:30+00:00,732.5998335569101,145.01015522106297,3.2044805421024605,620.1208363144923,332.8082291269842,30.0,-3.5568876398387292,1
2018-11-08 04:22:30+00:00,335.3761319741883,38.822488142589314,-3.551032507278523,417.2442920598448,12.545011574074074,2018-11-12 04:22:30+00:00,732.5998335569101,144.87282836495038,3.2032929373370806,624.7770093012163,332.9613943929656,30.0,-3.551032507278523,1
2018-11-08 04:37:30+00:00,335.3957204439879,38.85279914617846,-3.54515625870917,413.3555926544241,12.55542824074074,2018-11-12 04:37:30+00:00,731.9125336124188,144.73550152899656,3.202105221888162,625.485183639399,332.94989164105044,30.0,-3.54515625870917,1
2018-11-08 04:52:30+00:00,335.4150454393308,38.883228670376,-3.539259100439005,421.0704460158849,12.565844907407408,2018-11-12 04:52:30+00:00,731.1966757080645,144.59817471320687,3.200917395793898,623.1417441768026,333.00577615695283,30.0,-3.539259100439005,1
2018-11-08 05:07:30+00:00,335.4341065602761,38.913776271898456,-3.533341238309654,388.883557966438,12.576261574074074,2018-11-12 05:07:30+00:00,731.1966757080645,144.46084791757255,3.199729459092446,619.564552031163,332.8164575702063,30.0,-3.533341238309654,1
2018-11-08 05:22:30+00:00,335.4529034158882,38.94444150738675,-3.5274028776880795,379.5335664977272,12.58667824074074,2018-11-12 05:22:30+00:00,730.4517378869323,144.32352114204133,3.19854141182196,624.1844045631608,332.7615402841619,30.0,-3.5274028776880795,1
2018-11-08 05:37:30+00:00,335.47143562452646,38.97522393344778,-3.5214442234507817,379.40615311233006,12.597094907407408,2018-11-12 05:37:30+00:00,729.6772239188128,144.18619438666232,3.197353254020663,617.2231496939344,332.76990319460623,30.0,-3.5214442234507817,1
2018-11-08 05:52:30+00:00,335.4897028135685,39.006123106649355,-3.515465479976795,427.78589315525875,12.607511574074074,2018-11-12 05:52:30+00:00,729.6772239188128,144.04886765141225,3.196164985726701,610.0535614913745,333.085446959318,30.0,-3.515465479976795,1
2018-11-08 06:07:30+00:00,335.5077046193558,39.03713858354213,-3.509466851136132,408.4593273735796,12.61792824074074,2018-11-12 06:07:30+00:00,728.8726685041132,143.91154093625326,3.194976606978285,614.9293465299309,332.9810179652925,30.0,-3.509466851136132,1
2018-11-08 06:22:30+00:00,335.52544068728815,39.06826992068907,-3.503448540277159,411.31178226336823,12.628344907407408,2018-11-12 06:22:30+00:00,728.0376425020681,143.77421424120573,3.1937881178135834,616.6358613562286,333.0076330279519,30.0,-3.503448540277159,1
2018-11-08 06:37:30+00:00,335.54291067171215,39.099516674683784,-3.4974107502152516,421.561887678803,12.638761574074074,2018-11-12 06:37:30+00:00,728.0376425020681,143.6368875662465,3.192599518270792,617.0287781222672,333.07785775448775,30.0,-3.4974107502152516,1
2018-11-08 06:52:30+00:00,335.5601142358563,39.13087840215497,-3.4913536832252405,397.35617054064465,12.64917824074074,2018-11-12 06:52:30+00:00,727.1717580200701,143.49956091138128,3.1914108083880843,609.9227879799665,332.9358844550119,30.0,-3.4913536832252405,1
2018-11-08 07:07:30+00:00,335.5770510517466,39.16235465978149,-3.4852775410311914,382.74709192740585,12.659594907407408,2018-11-12 07:07:30+00:00,727.1717580200701,143.3622342766015,3.190221988203668,613.7709674854917,332.84326539232694,30.0,-3.4852775410311914,1
2018-11-08 07:22:30+00:00,335.5937208002281,39.19394500433483,-3.479182524792276,378.1964889573093,12.670011574074074,2018-11-12 07:22:30+00:00,726.2746732191532,143.2249076618695,3.189033057755714,606.1407902058986,332.8175021273026,30.0,-3.479182524792276,1
2018-11-08 07:37:30+00:00,335.6101231708794,39.22564899266966,-3.473068835096593,375.8507180116657,12.68042824074074,2018-11-12 07:37:30+00:00,725.346096712671,143.08758106720583,3.1878440170824165,603.4049805230941,332.80694433953784,30.0,-3.473068835096593,1
2018-11-08 07:52:30+00:00,335.6262578620255,39.25746618175713,-3.4669366719498225,374.1442645530103,12.690844907407408,2018-11-12 07:52:30+00:00,725.346096712671,142.95025449258725,3.1866548662219887,596.8268237049539,332.80058224421407,30.0,-3.4669366719498225,1
2018-11-08 08:07:30+00:00,335.642124580518,39.289396128692374,-3.4607862347663265,385.84098497495825,12.701261574074074,2018-11-12 08:07:30+00:00,724.3857914579276,142.8129279380199,3.185465605212591,586.2425471023134,332.89265836604426,30.0,-3.4607862347663265,1
2018-11-08 08:22:30+00:00,335.65772304193274,39.32143839072116,-3.4546177223579986,397.30250403190377,12.71167824074074,2018-11-12 08:22:30+00:00,723.3935780612948,142.67560140348056,3.184276234092483,590.4150767151602,332.97836412906804,30.0,-3.4546177223579986,1
2018-11-08 08:37:30+00:00,335.67305297026763,39.353592525242874,-3.4484313329280796,383.8876459839443,12.722094907407408,2018-11-12 08:37:30+00:00,723.3935780612948,142.538274888961,3.1830867528997873,592.8322998648541,332.89049915453205,30.0,-3.4484313329280796,1
2018-11-08 08:52:30+00:00,335.68811409806017,39.38585808983693,-3.4422272640592704,413.08091442727135,12.732511574074074,2018-11-12 08:52:30+00:00,722.369337434405,142.40094839446712,3.18189716167276,586.4953493918435,333.0932888447455,30.0,-3.4422272640592704,1
2018-11-08 09:07:30+00:00,335.70290616632207,39.418234642280545,-3.43600571270557,409.8149548227636,12.74292824074074,2018-11-12 09:07:30+00:00,721.3130127514802,142.26362191997617,3.1807074604495726,576.8885642737896,333.07837964542,30.0,-3.43600571270557,1
2018-11-08 09:22:30+00:00,335.7174289244077,39.45072174055736,-3.4297668751841615,419.43576938575785,12.753344907407408,2018-11-12 09:22:30+00:00,721.3130127514802,142.1262954654941,3.17951764926845,571.559742427856,333.1442571780458,30.0,-3.4297668751841615,1
2018-11-08 09:37:30+00:00,335.7316821299671,39.48331894287775,-3.4235109471659877,465.1045873947619,12.763761574074074,2018-11-12 09:37:30+00:00,720.2246106659718,141.9889690309981,3.1783277281675915,574.6881165578995,333.4031673654946,30.0,-3.4235109471659877,1
2018-11-08 09:52:30+00:00,335.7456655490267,39.516025807699734,-3.417238123666904,462.4865367009532,12.77417824074074,2018-11-12 09:52:30+00:00,719.104201749512,141.85164261647986,3.1771376971851972,573.7590925351776,333.39589325587207,30.0,-3.417238123666904,1
2018-11-08 10:07:30+00:00,335.7593789557863,39.5488418937297,-3.41094859904155,383.4722136740958,12.784594907407408,2018-11-12 10:07:30+00:00,719.104201749512,141.7143162219456,3.1759475563594717,577.7555847046665,332.915663986908,30.0,-3.41094859904155,1
2018-11-08 10:22:30+00:00,335.7728221325923,39.581766759953055,-3.4046425669728886,380.72829716193655,12.795011574074074,2018-11-12 10:22:30+00:00,717.9519201195039,141.57698984737252,3.174757305728644,572.102313379442,332.89873651984385,30.0,-3.4046425669728886,1
2018-11-08 10:37:30+00:00,335.78599487,39.614799965644586,-3.3983202204651226,379.70979261004715,12.80542824074074,2018-11-12 10:37:30+00:00,716.7679622256408,141.43966349276698,3.1735669453309123,568.1629600922172,332.89426502228014,30.0,-3.3983202204651226,1
2018-11-08 10:52:30+00:00,335.79889696656284,39.647941070378266,-3.391981751836512,369.8167334308214,12.815844907407408,2018-11-12 10:52:30+00:00,716.7679622256408,141.3023371581061,3.1723764752045,566.1569878368709,332.819575635634,30.0,-3.391981751836512,1
2018-11-08 11:07:30+00:00,335.81152822886907,39.68118963404836,-3.385627352711174,374.85267304185936,12.826261574074074,2018-11-12 11:07:30+00:00,715.5525847723674,141.1650108433818,3.1711858953876155,565.5537006121314,332.8621030932397,30.0,-3.385627352711174,1
2018-11-08 11:22:30+00:00,335.8238884714668,39.71454521688761,-3.379257214010563,378.3533712100813,12.83667824074074,2018-11-12 11:22:30+00:00,715.5525847723674,141.02768454860023,3.16999520591849,564.5572481914301,332.89168483405774,30.0,-3.379257214010563,1
2018-11-08 11:37:30+00:00,335.8359775169074,39.748007379478125,-3.372871525946988,376.1825264329438,12.847094907407408,2018-11-12 11:37:30+00:00,714.3061017656238,140.89035827373917,3.16880440683531,557.178631051753,332.87669456296254,30.0,-3.372871525946988,1
2018-11-08 11:52:30+00:00,335.84779519542906,39.78157568275453,-3.3664704780188783,372.8095086918933,12.857511574074074,2018-11-12 11:52:30+00:00,713.0288806893064,140.75303201881923,3.167613498176335,549.9991438722657,332.8514551340511,30.0,-3.3664704780188783,1
2018-11-08 12:07:30+00:00,335.8593413452479,39.8152496880398,-3.3600542589989124,384.2394643565278,12.86792824074074,2018-11-12 12:07:30+00:00,713.0288806893064,140.6157057837888,3.166422479979768,548.2590031004055,332.94212494895265,30.0,-3.3600542589989124,1
2018-11-08 12:22:30+00:00,335.8706158121815,39.84902895704223,-3.3536230569302794,391.023008778071,12.878344907407408,2018-11-12 12:22:30+00:00,711.7213378401802,140.4783795686545,3.16523135228382,551.7966452023213,332.9941424056376,30.0,-3.3536230569302794,1
2018-11-08 12:37:30+00:00,335.8816184498682,39.88291305188039,-3.3471770591194963,437.71911519198665,12.888761574074074,2018-11-12 12:37:30+00:00,710.3839328789642,140.34105337340816,3.1640401151267534,544.7312981954051,333.3031683920687,30.0,-3.3471770591194963,1
2018-11-08 12:52:30+00:00,335.8923491194984,39.91690153509103,-3.34071645213113,433.3874910565228,12.89917824074074,2018-11-12 12:52:30+00:00,710.3839328789642,140.20372719807102,3.1628487685467626,541.4701585976628,333.27917173379564,30.0,-3.34071645213113,1
2018-11-08 13:07:30+00:00,335.9028076899008,39.95099396964616,-3.3342414217798,431.11901033019103,12.909594907407408,2018-11-12 13:07:30+00:00,709.0171626886572,140.06640104260595,3.1616573125820855,541.4003497893315,333.2668492933004,30.0,-3.3342414217798,1
2018-11-08 13:22:30+00:00,335.91299403741203,39.985189918961815,-3.3277521531249135,438.1657601378642,12.920011574074074,2018-11-12 13:22:30+00:00,707.6215546667702,139.92907490700497,3.160465747270974,544.6219890293346,333.3105155126974,30.0,-3.3277521531249135,1
2018-11-08 13:37:30+00:00,335.92290804588475,40.019488946921314,-3.3212488304631385,460.73862908332575,12.93042824074074,2018-11-12 13:37:30+00:00,707.6215546667702,139.7917487912748,3.1592740726516317,550.4417084028937,333.43943067656267,30.0,-3.3212488304631385,1
2018-11-08 13:52:30+00:00,335.93254960652195,40.0538906178779,-3.3147316373240927,430.6094835478486,12.940844907407408,2018-11-12 13:52:30+00:00,706.1976596133777,139.6544226953931,3.1580822887623095,577.9215358931554,333.2661832078225,30.0,-3.3147316373240927,1
2018-11-08 14:07:30+00:00,335.94191861795576,40.08839449666683,-3.308200756465109,402.0109905397885,12.951261574074074,2018-11-12 14:07:30+00:00,704.7460444089207,139.51709661935183,3.1568903956412444,583.2415136338341,333.0760690351917,30.0,-3.308200756465109,1
2018-11-08 14:22:30+00:00,335.9510149861279,40.12300014863842,-3.3016563698615835,442.93849964995417,12.96167824074074,2018-11-12 14:22:30+00:00,704.7460444089207,139.37977056315785,3.155698393326669,582.0982888146912,333.3410476326188,30.0,-3.3016563698615835,1
2018-11-08 14:37:30+00:00,335.95983862425743,40.15770713964828,-3.295098658706302,416.23037418179865,12.972094907407408,2018-11-12 14:37:30+00:00,703.267284701608,139.2424445268033,3.15450628185683,584.0702758565865,333.17287577183464,30.0,-3.295098658706302,1
2018-11-08 14:52:30+00:00,335.96838945268297,40.192515036071235,-3.288527803402922,405.7414238785072,12.982511574074074,2018-11-12 14:52:30+00:00,701.7619578415183,139.10511851026604,3.1533140612699504,579.6537880594642,333.09958283578396,30.0,-3.288527803402922,1
2018-11-08 15:07:30+00:00,335.976667398966,40.22742340482797,-3.2819439835593154,408.5350584307178,12.99292824074074,2018-11-12 15:07:30+00:00,701.7619578415183,138.96779251353803,3.1521217316043213,580.3109348914858,333.1177199912181,30.0,-3.2819439835593154,1
2018-11-08 15:22:30+00:00,335.984672397795,40.26243181340016,-3.275347377981034,407.42411187103954,13.003344907407408,2018-11-12 15:22:30+00:00,700.2306363050833,138.83046653661197,3.150929292898107,577.5061610620876,333.1081164909184,30.0,-3.275347377981034,1
2018-11-08 15:37:30+00:00,335.99240439080893,40.29753982981378,-3.2687381646726275,417.36071520758543,13.013761574074074,2018-11-12 15:37:30+00:00,700.2306363050833,138.6931405795089,3.1497367451896463,589.468772740893,333.1747276009562,30.0,-3.2687381646726275,1
2018-11-08 15:52:30+00:00,335.9998633266627,40.33274702267942,-3.2621165208269667,412.11974339767977,13.02417824074074,2018-11-12 15:52:30+00:00,698.6738818482042,138.55581464217775,3.1485440885171236,586.0325435554985,333.13659771077243,30.0,-3.2621165208269667,1
2018-11-08 16:07:30+00:00,336.00704916099585,40.36805296120231,-3.2554826228216527,407.9514782702354,13.034594907407408,2018-11-12 16:07:30+00:00,697.0922406083995,138.41848872463993,3.1473513229188232,598.2570156610224,333.10464453331815,30.0,-3.2554826228216527,1
2018-11-08 16:22:30+00:00,336.01396185629005,40.40345721517849,-3.248836646216876,399.572203672788,13.045011574074074,2018-11-12 16:22:30+00:00,697.0922406083995,138.28116282687327,3.146158448432994,590.5537006121314,333.04057321042154,30.0,-3.248836646216876,1
2018-11-08 16:37:30+00:00,336.0206013817943,40.43895935501407,-3.242178765750193,406.1295034735312,13.05542824074074,2018-11-12 16:37:30+00:00,695.4862393465219,138.1438369488994,3.144965465097859,597.1028102392877,333.08523761909913,30.0,-3.242178765750193,1
2018-11-08 16:52:30+00:00,336.02696771359143,40.47455895174309,-3.235509155330829,449.3032742743282,13.065844907407408,2018-11-12 16:52:30+00:00,693.8563829779893,138.00651109066698,3.1437723729517137,596.3599144317006,333.3646160249687,30.0,-3.235509155330829,1
2018-11-08 17:07:30+00:00,336.0330608344404,40.510255577028545,-3.228827988037496,466.46398281919846,13.076261574074074,2018-11-12 17:07:30+00:00,693.8563829779893,137.86918525219775,3.1425791720328,614.1950870498449,333.45991486941665,30.0,-3.228827988037496,1
2018-11-08 17:22:30+00:00,336.0388807337945,40.54604880318885,-3.222135436112013,469.9892966772578,13.08667824074074,2018-11-12 17:22:30+00:00,692.2031534942403,137.73185943346957,3.141385862379378,626.0761306723327,333.47633826764246,30.0,-3.222135436112013,1
2018-11-08 17:37:30+00:00,336.0444274076291,40.581938203183626,-3.2154316709599913,473.1420422927102,13.097094907407408,2018-11-12 17:37:30+00:00,690.5270103198554,137.5945336344897,3.140192444029703,625.7095158597663,333.49029773274214,30.0,-3.2154316709599913,1
2018-11-08 17:52:30+00:00,336.0497008585557,40.61792335065006,-3.208716863142217,471.74390112553186,13.107511574074074,2018-11-12 17:52:30+00:00,690.5270103198554,137.45720785523588,3.1389989170220742,615.0973845297718,333.4792899608458,30.0,-3.208716863142217,1
2018-11-08 18:07:30+00:00,336.0547010956042,40.654003819902165,-3.2019911823740963,457.21026980451296,13.11792824074074,2018-11-12 18:07:30+00:00,688.8283920925583,137.31988209571557,3.137805281394697,624.1108693059862,333.3935708360994,30.0,-3.2019911823740963,1
2018-11-08 18:22:30+00:00,336.0594281342792,40.69017918593924,-3.1952547975214705,426.43039324800594,13.128344907407408,2018-11-12 18:22:30+00:00,687.1077197953406,137.18255635590677,3.1366115371858783,619.817828248546,333.19652867845485,30.0,-3.1952547975214705,1
2018-11-08 18:37:30+00:00,336.06388199645403,40.72644902446224,-3.18850787659737,428.6376414258368,13.138761574074074,2018-11-12 18:37:30+00:00,687.1077197953406,137.0452306358165,3.1354176844338784,602.4193099610462,333.20606161842613,30.0,-3.18850787659737,1
2018-11-08 18:52:30+00:00,336.0680627103316,40.762812911881994,-3.181750586758705,430.9258486366166,13.14917824074074,2018-11-12 18:52:30+00:00,685.3654011154237,136.90790493542298,3.134223723176983,592.5339355274664,333.21578040587633,30.0,-3.181750586758705,1
2018-11-08 19:07:30+00:00,336.0719703103736,40.79927042532598,-3.174983094303911,427.35424632451935,13.159594907407408,2018-11-12 19:07:30+00:00,683.6018358565775,136.77057925471905,3.133029653453447,607.3613761030288,333.18610767646453,30.0,-3.174983094303911,1
2018-11-08 19:22:30+00:00,336.0756048372825,40.835821142658055,-3.168205564668524,426.0614368802074,13.170011574074074,2018-11-12 19:22:30+00:00,683.6018358565775,136.63325359371206,3.1318354753015383,628.5195564035297,333.1711885581547,30.0,-3.168205564668524,1
2018-11-08 19:37:30+00:00,336.07896633787453,40.872464642472934,-3.1614181624250826,451.5799181431418,13.18042824074074,2018-11-12 19:37:30+00:00,681.8174221919219,136.49592795239442,3.130641188759572,629.3611195426721,333.3294098553836,30.0,-3.1614181624250826,1
2018-11-08 19:52:30+00:00,336.08205486513236,40.90920050411913,-3.154621051278131,449.39482470784634,13.190844907407408,2018-11-12 19:52:30+00:00,681.8174221919219,136.3586023307302,3.129446793865772,632.9505525081485,333.3097938405184,30.0,-3.154621051278131,1
2018-11-08 20:07:30+00:00,336.0848704780538,40.94602830770936,-3.147814394061576,455.2109698960633,13.201261574074074,2018-11-12 20:07:30+00:00,680.01256351557,136.22127672875578,3.128252290658455,629.6869782971619,333.33879095532143,30.0,-3.147814394061576,1
2018-11-08 20:22:30+00:00,336.08741324163,40.98294763411267,-3.140998352739444,447.64526899671495,13.21167824074074,2018-11-12 20:22:30+00:00,678.1876756344888,136.08395114642016,3.1270576791758997,634.5136916505865,333.2855032750597,30.0,-3.140998352739444,1
2018-11-08 20:37:30+00:00,336.0896832268011,41.01995806498154,-3.1341730884004613,440.9283418401438,13.222094907407408,2018-11-12 20:37:30+00:00,678.1876756344888,135.94662558376004,3.125862959456392,628.3065571045538,333.23550434281594,30.0,-3.1341730884004613,1
2018-11-08 20:52:30+00:00,336.0916805104483,41.057059182766885,-3.1273387612544528,450.90507027842096,13.232511574074074,2018-11-12 20:52:30+00:00,676.3431940371311,135.80930004073926,3.1246681315381992,616.0656649972176,333.29125659790935,30.0,-3.1273387612544528,1
2018-11-08 21:07:30+00:00,336.093405175195,41.09425057069774,-3.120495530636365,464.2238326503769,13.24292824074074,2018-11-12 21:07:30+00:00,674.4795809824249,135.67197451735066,3.1234731954596313,612.0941419459783,333.3641772912089,30.0,-3.120495530636365,1
2018-11-08 21:22:30+00:00,336.09485730953327,41.131531812818466,-3.1136435549986134,461.26575205988473,13.253344907407408,2018-11-12 21:22:30+00:00,674.4795809824249,135.5346490136018,3.1222781512589655,609.6754664367352,333.33889684289545,30.0,-3.1136435549986134,1
2018-11-08 21:37:30+00:00,336.0960370076264,41.16890249398354,-3.1067829919118624,454.0272093273736,13.263761574074074,2018-11-12 21:37:30+00:00,672.5973321705823,135.39732352947115,3.1210829989744924,602.1887669926067,333.2867385472887,30.0,-3.1067829919118624,1
2018-11-08 21:52:30+00:00,336.09694436933586,41.20636219987309,-3.0999139980624837,454.48462491248864,13.27417824074074,2018-11-12 21:52:30+00:00,670.696982784381,135.2599980649662,3.1198877386445205,602.6450333889816,333.28106061995146,30.0,-3.0999139980624837,1
2018-11-08 22:07:30+00:00,336.09757950010857,41.24391051699276,-3.0930367292519656,451.9683343206419,13.284594907407408,2018-11-12 22:07:30+00:00,670.696982784381,135.1226726200801,3.1186923703073224,598.6137610302885,333.25653108780426,30.0,-3.0930367292519656,1
2018-11-08 22:22:30+00:00,336.09794251103557,41.281547032699805,-3.086151340392764,449.13606010016696,13.295011574074074,2018-11-12 22:22:30+00:00,668.7791127241121,134.98534719477672,3.1174968940012207,602.3497495826377,333.22940855342944,30.0,-3.086151340392764,1
2018-11-08 22:37:30+00:00,336.09803351863513,41.31927133518086,-3.0792579855119424,455.1928521221057,13.30542824074074,2018-11-12 22:37:30+00:00,666.8443508990832,134.8480217890928,3.116301309764494,605.3049725733365,333.25820380551875,30.0,-3.0792579855119424,1
2019-04-02 03:52:30+00:00,354.3566005383019,41.26381361023399,-2.3393895784464593,300.4460559265442,21.147685185185185,2019-04-06 03:52:30+00:00,412.9741377089176,34.78596361402587,-6.272189628647094,506.9313935924955,350.0751768250054,30.0,-2.3393895784464593,2
2019-04-02 04:07:30+00:00,354.3568799462146,41.226220382721806,-2.348028313431204,303.05881703665887,21.158101851851853,2019-04-06 04:07:30+00:00,412.9741377089176,34.648508510681744,-6.271536940544071,500.8653311074012,350.12653382678866,30.0,-2.348028313431204,2
2019-04-02 04:22:30+00:00,354.35743115293246,41.18871555222506,-2.3566670966448204,302.2168730830454,21.16851851851852,2019-04-06 04:22:30+00:00,411.68633834289,34.51105331871516,-6.270884056256063,504.9697909213769,350.1294719566608,30.0,-2.3566670966448204,2
2019-04-02 04:37:30+00:00,354.3582542714058,41.151299531783046,-2.3653057898025245,296.5567612687813,21.178935185185185,2019-04-06 04:37:30+00:00,410.40933208644526,34.37359803811942,-6.27023097580943,509.3200789194111,350.06400833425516,30.0,-2.3653057898025245,2
2019-04-02 04:52:30+00:00,354.35934940906515,41.11397273527516,-2.373944253566422,285.3748495554606,21.189351851851853,2019-04-06 04:52:30+00:00,410.40933208644526,34.236142668859145,-6.269577699230546,505.9810000794976,349.91177837037475,30.0,-2.373944253566422,2
2019-04-02 05:07:30+00:00,354.3607166677596,41.07673557740016,-2.382582347547276,274.75249446752343,21.19976851851852,2019-04-06 05:07:30+00:00,409.1431620656256,34.09868721091313,-6.268924226545768,510.02921535893154,349.7566732935518,30.0,-2.382582347547276,2
2019-04-02 05:22:30+00:00,354.36235614371157,41.039588473679935,-2.3912199303004873,278.78246690220135,21.210185185185185,2019-04-06 05:22:30+00:00,409.1431620656256,33.96123166424584,-6.26827055778145,500.1824469353685,349.8400840452707,30.0,-2.3912199303004873,2
2019-04-02 05:37:30+00:00,354.36426792746926,41.00253184043845,-2.399856859327843,272.0549874791319,21.220601851851853,2019-04-06 05:37:30+00:00,407.88787490892304,33.823776028865396,-6.267616692963982,492.3336874588962,349.74572266587,30.0,-2.399856859327843,2
2019-04-02 05:52:30+00:00,354.36645210378117,40.96556609480749,-2.4084929910734605,275.83181271110766,21.23101851851852,2019-04-06 05:52:30+00:00,406.643520966814,33.686320304736185,-6.266962632119712,484.1624930439621,349.82645092640354,30.0,-2.4084929910734605,2
2019-04-02 06:07:30+00:00,354.36890875166347,40.92869165470882,-2.4171281809247938,283.79857902706067,21.241435185185185,2019-04-06 06:07:30+00:00,406.643520966814,33.54886449182262,-6.266308375275049,484.2251738245061,349.97119236047007,30.0,-2.4171281809247938,2
2019-04-02 06:22:30+00:00,354.3716379442368,40.89190893884705,-2.4257622832114856,277.0633347245409,21.251851851851853,2019-04-06 06:22:30+00:00,405.41015456838,33.411408590132886,-6.265653922456323,473.1943348804784,349.8821769070214,30.0,-2.4257622832114856,2
2019-04-02 06:37:30+00:00,354.3746397487609,40.855218366696676,-2.434395151205744,286.68711418255236,21.26226851851852,2019-04-06 06:37:30+00:00,404.18783432339734,33.27395259963122,-6.264999273689965,469.22668733603626,350.05050067536024,30.0,-2.434395151205744,2
2019-04-02 06:52:30+00:00,354.3779142265069,40.8186203584962,-2.443026637120815,332.99685522382265,21.272685185185185,2019-04-06 06:52:30+00:00,404.18783432339734,33.13649652031134,-6.264344429002323,472.7942404006678,350.6676827033977,30.0,-2.443026637120815,2
2019-04-02 07:07:30+00:00,354.3814614327234,40.78211533524792,-2.451656592108515,331.88647746243737,21.283101851851853,2019-04-06 07:07:30+00:00,402.9766234798994,32.99904035210848,-6.26368938841978,468.7467207250179,350.6713779885548,30.0,-2.451656592108515,2
2019-04-02 07:22:30+00:00,354.3852814166025,40.74570371868914,-2.460284866263356,337.0069908180301,21.29351851851852,2019-04-06 07:22:30+00:00,401.77659034914586,32.8615840950599,-6.263034151968747,470.89391409925634,350.74390802684354,30.0,-2.460284866263356,2
2019-04-02 07:37:30+00:00,354.38937422124354,40.709385931291806,-2.468911308620036,334.66630430562566,21.303935185185185,2019-04-06 07:37:30+00:00,401.77659034914586,32.72412774910088,-6.262378719675588,468.8027665156214,350.7349257413349,30.0,-2.468911308620036,2
2019-04-02 07:52:30+00:00,354.39373988350815,40.673162396257695,-2.4775357671524185,332.8648522731685,21.314351851851853,2019-04-06 07:52:30+00:00,400.58780881223424,32.58667131422496,-6.2617230915667195,466.0302885761984,350.73194140601964,30.0,-2.4775357671524185,2
2019-04-02 08:07:30+00:00,354.3983784341188,40.637033537498375,-2.486158088775551,333.29192064293204,21.32476851851852,2019-04-06 08:07:30+00:00,399.4103589253175,32.44921479041114,-6.261067267668527,467.7689005485332,350.7536514294971,30.0,-2.486158088775551,2
2019-04-02 08:22:30+00:00,354.40328989740726,40.60099977963465,-2.494778119343799,326.5677170283807,21.335185185185185,2019-04-06 08:22:30+00:00,399.4103589253175,32.311758177652976,-6.260411248007393,481.2214802448525,350.6961170343537,30.0,-2.494778119343799,2
2019-04-02 08:37:30+00:00,354.40847429147135,40.56506154797622,-2.503395703652997,318.709477035369,21.345601851851853,2019-04-06 08:37:30+00:00,398.24432764362894,32.17430147591492,-6.259755032609741,491.6706415454329,350.622773239091,30.0,-2.503395703652997,2
2019-04-02 08:52:30+00:00,354.4139316279293,40.52921926851671,-2.512010685440132,295.3682494079279,21.35601851851852,2019-04-06 08:52:30+00:00,397.0898096883392,32.036844685161505,-6.259098621501958,489.6616155130346,350.34292674860677,30.0,-2.512010685440132,2
2019-04-02 09:07:30+00:00,354.4196619119819,40.4934733679316,-2.5206229073812514,284.3110610707769,21.366435185185185,2019-04-06 09:07:30+00:00,397.0898096883392,31.899387805386095,-6.258442014710458,473.9090792346218,350.2046891687793,30.0,-2.5206229073812514,2
2019-04-02 09:22:30+00:00,354.425665142333,40.457824273550045,-2.5292322110963736,283.6915692821369,21.376851851851853,2019-04-06 09:22:30+00:00,395.9469085847822,31.76193083658246,-6.257785212261644,471.4583830193179,350.21583888685785,30.0,-2.5292322110963736,2
2019-04-02 09:37:30+00:00,354.43194131113415,40.422272413347265,-2.5378384371494622,279.9937880964398,21.38726851851852,2019-04-06 09:37:30+00:00,395.9469085847822,31.62447377871493,-6.257128214181918,475.2225932109071,350.1810178426054,30.0,-2.5378384371494622,2
2019-04-02 09:52:30+00:00,354.4384904038861,40.386818215949894,-2.5464414250450744,278.96105912955704,21.397685185185185,2019-04-06 09:52:30+00:00,394.81573790588715,31.487016631762515,-6.25647102049771,464.24636298592895,350.1863439940012,30.0,-2.5464414250450744,2
2019-04-02 10:07:30+00:00,354.4453123994571,40.35146211060521,-2.5550410132343773,263.5788329386186,21.408101851851853,2019-04-06 10:07:30+00:00,393.69642276087114,31.349559395689756,-6.255813631235422,461.784223706177,349.9603332518387,30.0,-2.5550410132343773,2
2019-04-02 10:22:30+00:00,354.45240726999407,40.31620452718363,-2.5636370391126,256.9360392320534,21.41851851851852,2019-04-06 10:22:30+00:00,393.69642276087114,31.212102070504795,-6.255156046421468,473.25542570951586,349.8671450090132,30.0,-2.5636370391126,2
2019-04-02 10:37:30+00:00,354.4597749808405,40.281045896149806,-2.5722293390244486,236.51822805450945,21.428935185185185,2019-04-06 10:37:30+00:00,392.589101576504,31.074644656172005,-6.254498266082276,460.79905903779024,349.49565873080576,30.0,-2.5722293390244486,2
2019-04-02 10:52:30+00:00,354.46741549054997,40.24598664856891,-2.580817748261099,237.9935551500563,21.439351851851853,2019-04-06 10:52:30+00:00,391.493928226702,30.937187152655977,-6.253840290244263,453.1326019556403,349.55089502684206,30.0,-2.580817748261099,2
2019-04-02 11:07:30+00:00,354.47532875072443,40.21102721609594,-2.5894021010615593,235.78056450673603,21.44976851851852,2019-04-06 11:07:30+00:00,391.493928226702,30.7997295599792,-6.253182118933867,452.2634947134112,349.52959545695336,30.0,-2.5894021010615593,2
2019-04-02 11:22:30+00:00,354.4835147060587,40.17616803094409,-2.5979822306188387,240.88585141903172,21.460185185185185,2019-04-06 11:22:30+00:00,390.4110745759933,30.662271878062757,-6.252523752177499,463.95897925113286,349.6591265854376,30.0,-2.5979822306188387,2
2019-04-02 11:37:30+00:00,354.49197329422094,40.14140952588986,-2.606557969077267,236.27751679155185,21.470601851851853,2019-04-06 11:37:30+00:00,389.3407335136847,30.52481410694371,-6.251865190001592,457.494114121827,349.5902907067458,30.0,-2.606557969077267,2
2019-04-02 11:52:30+00:00,354.5007044459037,40.1067521342487,-2.6151291475380116,251.0074931086695,21.48101851851852,2019-04-06 11:52:30+00:00,389.3407335136847,30.387356246557523,-6.251206432432571,457.16739437524075,349.90243738754776,30.0,-2.6151291475380116,2
2019-04-02 12:07:30+00:00,354.50970808464257,40.07219628987205,-2.623695596057792,261.4357262103506,21.491435185185185,2019-04-06 12:07:30+00:00,388.2831225685079,30.249898296897793,-6.250547479496887,460.56761268781304,350.1099529421047,30.0,-2.623695596057792,2
2019-04-02 12:22:30+00:00,354.5189841267834,40.03774242713806,-2.6322571436509867,252.56938647746244,21.501851851851853,2019-04-06 12:22:30+00:00,387.2384882083023,30.112440257943547,-6.249888331220962,462.05515686317017,349.980356001309,30.0,-2.6322571436509867,2
2019-04-02 12:37:30+00:00,354.52853248147835,40.00339098092333,-2.640813618295253,270.65263811779323,21.51226851851852,2019-04-06 12:37:30+00:00,387.2384882083023,29.974982129688456,-6.249228987631234,460.6606248509421,350.30764047259254,30.0,-2.640813618295253,2
2019-04-02 12:52:30+00:00,354.5383530506099,39.96914238660171,-2.649364846931306,256.9165663703071,21.522685185185185,2019-04-06 12:52:30+00:00,386.2071109460352,29.837523912082403,-6.248569448754164,462.63077351140794,350.1070142872669,30.0,-2.649364846931306,2
2019-04-02 13:07:30+00:00,354.54844572873304,39.93499708002781,-2.6579106554660097,265.10851419031724,21.533101851851853,2019-04-06 13:07:30+00:00,386.2071109460352,29.70006560511893,-6.247909714616173,456.94928054694327,350.2687456949565,30.0,-2.6579106554660097,2
2019-04-02 13:22:30+00:00,354.5588104030267,39.90095549752671,-2.6664508687747035,259.29152754590984,21.54351851851852,2019-04-06 13:22:30+00:00,385.1893113923017,29.56260720877731,-6.247249785243706,455.6997774067891,350.1980919837069,30.0,-2.6664508687747035,2
2019-04-02 13:37:30+00:00,354.5694469532346,39.867018075871,-2.674985310706147,241.6818728889234,21.553935185185185,2019-04-06 13:37:30+00:00,384.1854574154494,29.425148723050988,-6.246589660663229,452.4934414500358,349.90703001258044,30.0,-2.674985310706147,2
2019-04-02 13:52:30+00:00,354.58035525160983,39.83318525228107,-2.6835138040822715,240.32301898513023,21.564351851851853,2019-04-06 13:52:30+00:00,384.1854574154494,29.287690147889997,-6.245929340901174,457.33090504375974,349.90765295868,30.0,-2.6835138040822715,2
2019-04-02 14:07:30+00:00,354.5915351628347,39.79945746439994,-2.6920361707038936,231.7350623131576,21.57476851851852,2019-04-06 14:07:30+00:00,383.1959725936477,29.150231483302527,-6.245268825984006,460.6998844227559,349.762286756058,30.0,-2.6920361707038936,2
2019-04-02 14:22:30+00:00,354.6029865440415,39.76583515028925,-2.7005522313517245,233.65505008347247,21.585185185185185,2019-04-06 14:22:30+00:00,382.221346168456,29.01277272923851,-6.244608115938174,462.0104936799427,349.8298541684377,30.0,-2.7005522313517245,2
2019-04-02 14:37:30+00:00,354.6147092446528,39.732318748406854,-2.7090618057920635,227.08389952245992,21.595601851851853,2019-04-06 14:37:30+00:00,382.221346168456,28.875313885706333,-6.24394721079013,460.8950815461667,349.72031168637096,30.0,-2.7090618057920635,2
2019-04-02 14:52:30+00:00,354.62670310643193,39.698908697591285,-2.7175647127804416,227.0606048841092,21.60601851851852,2019-04-06 14:52:30+00:00,381.2621447364783,28.737854952670183,-6.243286110566354,461.52873837347965,349.7486071092668,30.0,-2.7175647127804416,2
2019-04-02 15:07:30+00:00,354.63896796336684,39.665605437057685,-2.7260607700627766,234.03346663043055,21.616435185185185,2019-04-06 15:07:30+00:00,380.31902594404056,28.6003959300949,-6.242624815293282,460.3589315525877,349.92246231277863,30.0,-2.7260607700627766,2
2019-04-02 15:22:30+00:00,354.6515036416167,39.63240940637438,-2.7345497943817314,265.0511268781303,21.626851851851853,2019-04-06 15:22:30+00:00,380.31902594404056,28.462936817988577,-6.241963324997393,455.9472136099849,350.50125094707516,30.0,-2.7345497943817314,2
2019-04-02 15:37:30+00:00,354.66430995948144,39.59932104545229,-2.743031601479622,264.0214310672827,21.63726851851852,2019-04-06 15:37:30+00:00,379.3927544787014,28.325477616315773,-6.2413016397051475,451.6457985531442,350.5121832522291,30.0,-2.743031601479622,2
2019-04-02 15:52:30+00:00,354.6773867273367,39.56634079452928,-2.7515060061027743,293.38741652754595,21.647685185185185,2019-04-06 15:52:30+00:00,378.484220679595,28.18801832505564,-6.240639759443019,449.254710231338,350.9536957929821,30.0,-2.7515060061027743,2
2019-04-02 16:07:30+00:00,354.6907337476121,39.53346909415249,-2.75997282200683,299.02296176687923,21.658101851851853,2019-04-06 16:07:30+00:00,378.484220679595,28.050558944187273,-6.2399776842374655,449.4379521424596,351.04977560425544,30.0,-2.75997282200683,2
2019-04-02 16:22:30+00:00,354.7043508146826,39.500706385167106,-2.768431861959786,297.08107262103505,21.66851851851852,2019-04-06 16:22:30+00:00,377.59446211432794,27.913099473689755,-6.239315414114981,448.24230860958744,351.0521876204773,30.0,-2.768431861959786,2
2019-04-02 16:37:30+00:00,354.7182377148251,39.4680531087007,-2.7768829377473665,296.820281865124,21.678935185185185,2019-04-06 16:37:30+00:00,376.72468849089586,27.775639913542236,-6.238652949102008,447.90901502504175,351.0754289382898,30.0,-2.7768829377473665,2
2019-04-02 16:52:30+00:00,354.7323942262057,39.435509706144906,-2.7853258601783284,301.46367977637146,21.689351851851853,2019-04-06 16:52:30+00:00,376.72468849089586,27.638180263723935,-6.23799028922505,445.1733047142062,351.1580231940685,30.0,-2.7853258601783284,2
2019-04-02 17:07:30+00:00,354.74682011881237,39.40307661913946,-2.793760439089419,301.76651007493103,21.69976851851852,2019-04-06 17:07:30+00:00,375.87631028530984,27.50072052421376,-6.237327434510585,446.3972692582876,351.1883100691148,30.0,-2.793760439089419,2
2019-04-02 17:22:30+00:00,354.7615151543752,39.37075428956559,-2.802186483348527,316.4023372287145,21.710185185185185,2019-04-06 17:22:30+00:00,375.87631028530984,27.36326069499113,-6.23666438498508,444.169449081803,351.3792774273809,30.0,-2.802186483348527,2
2019-04-02 17:37:30+00:00,354.7764790863532,39.33854315951592,-2.8106038008634173,314.29126062817875,21.720601851851853,2019-04-06 17:37:30+00:00,375.0509714645371,27.22580077604954,-6.236001140675031,450.34253517767706,351.38322729197967,30.0,-2.8106038008634173,2
2019-04-02 17:52:30+00:00,354.79171165982075,39.30644367128827,-2.8190121985849803,324.5641961408549,21.73101851851852,2019-04-06 17:52:30+00:00,374.250586663493,27.088340767324617,-6.23533770160692,454.958263772955,351.51715578302776,30.0,-2.8190121985849803,2
2019-04-02 18:07:30+00:00,354.8072126115221,39.27445626736527,-2.827411482513692,305.50918196994996,21.741435185185185,2019-04-06 18:07:30+00:00,374.250586663493,26.950880668853635,-6.2346740678072345,445.7250178869545,351.3403753762288,30.0,-2.827411482513692,2
2019-04-02 18:22:30+00:00,354.8229816696974,39.24258139040201,-2.8358014577044925,287.3147954924875,21.751851851851853,2019-04-06 18:22:30+00:00,373.4773831256253,26.81342048057219,-6.234010239302447,450.3745558837379,351.14927433921264,30.0,-2.8358014577044925,2
2019-04-02 18:37:30+00:00,354.83901855416195,39.210819483201895,-2.8441819282751584,288.83798579027064,21.76226851851852,2019-04-06 18:37:30+00:00,372.7339476279817,26.67596020247394,-6.2333462161190845,440.4352492248986,351.1972425900334,30.0,-2.8441819282751584,2
2019-04-02 18:52:30+00:00,354.85532297606954,39.17917098870918,-2.852552697409444,282.0592460302054,21.772685185185185,2019-04-06 18:52:30+00:00,372.7339476279817,26.538499834538104,-6.232681998283605,444.8974481278321,351.1388380014474,30.0,-2.852552697409444,2
2019-04-02 19:07:30+00:00,354.8718946381157,39.14763634998422,-2.860913567366269,283.1307993943394,21.783101851851853,2019-04-06 19:07:30+00:00,372.02327846928233,26.4010393767583,-6.232017585822542,444.029632721202,351.18219478868696,30.0,-2.860913567366269,2
2019-04-02 19:22:30+00:00,354.8887332342038,39.11621601019701,-2.8692643394827253,259.23674874791317,21.79351851851852,2019-04-06 19:22:30+00:00,371.34884238553934,26.263578829084754,-6.231352978762358,442.8264278848586,350.87279242324524,30.0,-2.8692643394827253,2
2019-04-02 19:37:30+00:00,354.90583844965926,39.08491041259731,-2.877604814184821,244.5393485266141,21.803935185185185,2019-04-06 19:37:30+00:00,371.34884238553934,26.12611819152571,-6.230688177129577,447.489069083393,350.66314981895744,30.0,-2.877604814184821,2
2019-04-02 19:52:30+00:00,354.92320996098283,39.05372000050095,-2.8859347909931,244.32969678145747,21.814351851851853,2019-04-06 19:52:30+00:00,370.7146359501627,25.988657464045836,-6.230023180950684,443.4311153509818,350.6914593534658,30.0,-2.8859347909931,2
2019-04-02 20:07:30+00:00,354.94084743591657,39.02264521728047,-2.894254068527489,267.337034592538,21.82476851851852,2019-04-06 20:07:30+00:00,370.12525058801737,25.851196646609793,-6.229357990252195,434.1026711185309,351.08656073632113,30.0,-2.894254068527489,2
2019-04-02 20:22:30+00:00,354.9587505333466,38.99168650633539,-2.9025624445180855,248.20273372287147,21.835185185185185,2019-04-06 20:22:30+00:00,370.12525058801737,25.713735739225832,-6.228692605060614,428.2801693298354,350.82157585022645,30.0,-2.9025624445180855,2
2019-04-02 20:37:30+00:00,354.9769189032528,38.96084431108498,-2.9108597158094924,262.111270722522,21.845601851851853,2019-04-06 20:37:30+00:00,369.58593975530977,25.576274741844113,-6.228027025402451,423.36950473010575,351.07271494015015,30.0,-2.9108597158094924,2
2019-04-02 20:52:30+00:00,354.99535218670917,38.93011907494193,-2.91914567837093,277.5090266723609,21.85601851851852,2019-04-06 20:52:30+00:00,369.102686076509,25.438813654487543,-6.22736125130421,418.6894824707846,351.3204194226329,30.0,-2.91914567837093,2
2019-04-02 21:07:30+00:00,355.01405001573755,38.899511241306115,-2.927420127300553,286.48528797996664,21.866435185185185,2019-04-06 21:07:30+00:00,369.102686076509,25.301352477077085,-6.2266952827924085,418.9657365450353,351.46646269775795,30.0,-2.927420127300553,2
2019-04-02 21:22:30+00:00,355.03301201333045,38.86902125353183,-2.935682856837791,279.89284466358663,21.876851851851853,2019-04-06 21:22:30+00:00,368.6822652525629,25.163891209635615,-6.226029119893561,421.7830312425471,351.41430717034535,30.0,-2.935682856837791,2
2019-04-02 21:37:30+00:00,355.0522377934609,38.83864955491425,-2.943933660369878,270.5051054082386,21.88726851851852,2019-04-06 21:37:30+00:00,368.6822652525629,25.02642985212792,-6.225362762634187,424.1958820255982,351.3207698872522,30.0,-2.943933660369878,2
2019-04-02 21:52:30+00:00,355.07172696088685,38.80839658867918,-2.952172330437923,275.3969794618938,21.897685185185185,2019-04-06 21:52:30+00:00,368.33230233282154,24.888968404533188,-6.224696211040802,425.0779076238174,351.4190862986904,30.0,-2.952172330437923,2
2019-04-02 22:07:30+00:00,355.09147911126774,38.77826279794875,-2.960398658749932,272.96275041736226,21.908101851851853,2019-04-06 22:07:30+00:00,368.06131445993685,24.751506866816168,-6.22402946513991,420.2977184195882,351.4188721347864,30.0,-2.960398658749932,2
2019-04-02 22:22:30+00:00,355.111493830942,38.74824862574373,-2.968612436183755,257.53775672632685,21.91851851851852,2019-04-06 22:22:30+00:00,368.06131445993685,24.614045238985227,-6.223362524958058,422.7434613244296,351.23222862800446,30.0,-2.968612436183755,2
2019-04-02 22:37:30+00:00,355.13177069703187,38.71835451494457,-2.9768134528011325,255.72853981441935,21.928935185185185,2019-04-06 22:37:30+00:00,367.878732460216,24.47658352100498,-6.222695390521768,419.0627235869306,351.2384104699939,30.0,-2.9768134528011325,2
2019-04-02 22:52:30+00:00,355.1523092773627,38.688580908280095,-2.985001497855253,247.3191753698024,21.939351851851853,2019-04-06 22:52:30+00:00,367.7948917098401,24.339121712869417,-6.22202806185755,415.5564830272676,351.140314842473,30.0,-2.985001497855253,2
2019-04-02 23:07:30+00:00,355.17310913035107,38.658928248311035,-2.99317635979862,244.99426126878132,21.94976851851852,2019-04-06 23:07:30+00:00,367.7948917098401,24.201659814528607,-6.221360538991944,416.4023372287145,351.1368643966569,30.0,-2.99317635979862,2
2019-04-02 23:22:30+00:00,355.19416980502257,38.62939697740796,-3.0013378262936956,251.1472609387739,21.960185185185185,2019-04-06 23:22:30+00:00,367.8209806712936,24.06419782596184,-6.220692821951473,414.83583750695607,351.27023968734534,30.0,-3.0013378262936956,2
2019-04-02 23:37:30+00:00,355.21549084098854,38.59998753772808,-3.0094856842234248,249.10509764335907,21.970601851851853,2019-04-06 23:37:30+00:00,367.96893356533457,23.926735747192197,-6.220024910762672,413.4275379600922,351.2728749410074,30.0,-3.0094856842234248,2
2019-04-02 23:52:30+00:00,355.23707176831954,38.57070037120239,-3.017619719699192,237.8460224405016,21.98101851851852,2019-04-06 23:52:30+00:00,367.96893356533457,23.789273578155154,-6.219356805452081,414.8080133555926,351.1218837573831,30.0,-3.017619719699192,2
2019-04-03 00:07:30+00:00,355.2589121075545,38.541535919517074,-3.0257397180706747,243.63261686143576,21.991435185185185,2019-04-07 00:07:30+00:00,368.25125214155,23.651811318844697,-6.218688506046238,414.43834963033623,351.2551358153656,30.0,-3.0257397180706747,2
2019-04-03 00:22:30+00:00,355.2810113696772,38.51249462407709,-3.0338454639403154,243.5143844391816,22.001851851851853,2019-04-07 00:22:30+00:00,368.6807408976843,23.514348969240192,-6.218020012571658,414.0400667779633,351.2889106255023,30.0,-3.0338454639403154,2
2019-04-03 00:37:30+00:00,355.30336905605657,38.48357692600764,-3.04193674116823,255.85277788562337,22.01226851851852,2019-04-07 00:37:30+00:00,368.6807408976843,23.3768865293354,-6.217351325054893,411.9027744653788,351.5166932254912,30.0,-3.04193674116823,2
2019-04-03 00:52:30+00:00,355.32598465837543,38.45478326612083,-3.0500133328861097,260.5582948324727,22.022685185185185,2019-04-07 00:52:30+00:00,369.2701409890877,23.23942399908057,-6.216682443522501,421.06983861992205,351.6203138373705,30.0,-3.0500133328861097,2
2019-04-03 01:07:30+00:00,355.34885765864556,38.42611408489774,-3.058075021507222,257.9533597662771,22.033101851851853,2019-04-07 01:07:30+00:00,370.0316512075074,23.10196137848429,-6.216013368001006,411.9861385136844,351.618457609198,30.0,-3.058075021507222,2
2019-04-03 01:22:30+00:00,355.3719875290905,38.397569822472505,-3.066121588736757,253.97367705866367,22.04351851851852,2019-04-07 01:22:30+00:00,370.0316512075074,22.964498667496606,-6.215344098516954,412.3602830113681,351.595968460264,30.0,-3.066121588736757,2
2019-04-03 01:37:30+00:00,355.39537373218445,38.36915091860426,-3.074152815584348,295.6943743448383,22.053935185185185,2019-04-07 01:37:30+00:00,370.97633058573024,22.82703586612608,-6.214674635096909,411.1063894369404,352.16310396970175,30.0,-3.074152815584348,2
2019-04-03 01:52:30+00:00,355.4190157205762,38.34085781266116,-3.0821684823747746,271.1030011259075,22.064351851851853,2019-04-07 01:52:30+00:00,370.97633058573024,22.689572974323056,-6.2140049777674,408.3448604817553,351.90546963299994,30.0,-3.0821684823747746,2
2019-04-03 02:07:30+00:00,355.4429129370712,38.31269094359746,-3.0901683687595325,285.9922787979966,22.07476851851852,2019-04-07 02:07:30+00:00,372.1133870890311,22.552109992081355,-6.213335126554978,413.81747356705614,352.1235358787549,30.0,-3.0901683687595325,2
2019-04-03 02:22:30+00:00,355.4670648145663,38.284650749932815,-3.0981522537288693,277.0043095080948,22.085185185185185,2019-04-07 02:22:30+00:00,373.44937082365954,22.41464691939497,-6.212665081486212,415.9694729310756,352.0515439608472,30.0,-3.0981522537288693,2
2019-04-03 02:37:30+00:00,355.49147077598747,38.2567376697354,-3.1061199156226285,285.5223822650154,22.095601851851853,2019-04-07 02:37:30+00:00,373.44937082365954,22.27718375622875,-6.211994842587635,430.05425709515856,352.1890105930916,30.0,-3.1061199156226285,2
2019-04-03 02:52:30+00:00,355.51613023433765,38.228952140588014,-3.114071132145541,261.7618511472609,22.10601851851852,2019-04-07 02:52:30+00:00,374.9873078901485,22.139720502547473,-6.211324409885815,423.8973686302568,351.9260227983853,30.0,-3.114071132145541,2
2019-04-03 03:07:30+00:00,355.5410425925949,38.201294599585935,-3.1220056803747136,263.9085976627713,22.116435185185185,2019-04-07 03:07:30+00:00,376.7258310758048,22.002257158359736,-6.2106537834073166,431.22843628269334,351.9921068534934,30.0,-3.1220056803747136,2
2019-04-03 03:22:30+00:00,355.56620724371453,38.17376548329523,-3.1299233367769883,261.0552471172885,22.126851851851853,2019-04-07 03:22:30+00:00,376.7258310758048,21.864793723630346,-6.209982963178692,426.03863582160744,351.9905242552779,30.0,-3.1299233367769883,2
2019-04-03 03:37:30+00:00,355.5916235705562,38.14636522774246,-3.137823877219728,275.3503901851924,22.13726851851852,2019-04-07 03:37:30+00:00,378.6583833745157,21.727330198324218,-6.209311949226493,436.3689482470785,352.2129406001241,30.0,-3.137823877219728,2
2019-04-03 03:52:30+00:00,355.61729094586605,38.1190942683925,-3.145707076982734,251.2625208681135,22.147685185185185,2019-04-07 03:52:30+00:00,380.7725859138573,21.58986658244991,-6.208640741577295,438.4114549890844,351.927097498742,30.0,-3.145707076982734,2
2019-04-03 04:07:30+00:00,355.6432087322236,38.091953040128224,-3.1535727107714737,251.9653968735772,22.158101851851853,2019-04-07 04:07:30+00:00,380.7725859138573,21.452402875972265,-6.207969340257662,433.3289609666905,351.97561084507555,30.0,-3.1535727107714737,2
2019-04-03 04:22:30+00:00,355.66937628210013,38.064941977216016,-3.1614205527336945,258.23659587684904,22.16851851851852,2019-04-07 04:22:30+00:00,383.0498684731002,21.31493907887077,-6.207297745294152,433.3351039611473,352.10279011229534,30.0,-3.1614205527336945,2
2019-04-03 04:37:30+00:00,355.6957929377105,38.0380615132955,-3.169250376469837,256.9942151648096,22.178935185185185,2019-04-07 04:37:30+00:00,385.4654537205655,21.17747519112483,-6.206625956713347,432.4970188409253,352.12390981380304,30.0,-3.169250376469837,2
2019-04-03 04:52:30+00:00,355.722458031045,38.01131208135632,-3.177061955046918,268.0746981403114,22.189351851851853,2019-04-07 04:52:30+00:00,385.4654537205655,21.04001121271404,-6.205953974541795,434.1695755552183,352.3096089293053,30.0,-3.177061955046918,2
2019-04-03 05:07:30+00:00,355.7493708837968,37.984694113710155,-3.1848550610138275,251.66162353923204,22.19976851851852,2019-04-07 05:07:30+00:00,387.98876247019393,20.902547143617728,-6.205281798806098,430.0632005723825,352.12601867811236,30.0,-3.1848550610138275,2
2019-04-03 05:22:30+00:00,355.7765308073905,37.95820804197576,-3.1926294664135333,241.75175680397564,22.210185185185185,2019-04-07 05:22:30+00:00,390.58426665899185,20.76508298381553,-6.204609429532793,424.4880356149137,352.01716219156566,30.0,-3.1926294664135333,2
2019-04-03 05:37:30+00:00,355.8039371028962,37.9318542970485,-3.200384942799405,255.44900415421048,22.220601851851853,2019-04-07 05:37:30+00:00,390.58426665899185,20.627618733286827,-6.203936866748483,426.82446935368466,352.25792857257454,30.0,-3.200384942799405,2
2019-04-03 05:52:30+00:00,355.8315890610764,37.90563330907789,-3.208121261249749,244.41511045541017,22.23101851851852,2019-04-07 05:52:30+00:00,393.2127635966782,20.490154392011178,-6.203264110479744,424.5029594779178,352.13775078933804,30.0,-3.208121261249749,2
2019-04-03 06:07:30+00:00,355.85948596225944,37.879545507450686,-3.215838192380809,250.02608514190317,22.241435185185185,2019-04-07 06:07:30+00:00,393.2127635966782,20.3526899599681,-6.202591160753137,423.1008029255108,352.26045892446064,30.0,-3.215838192380809,2
2019-04-03 06:22:30+00:00,355.8876270763617,37.8535913207671,-3.223535506361856,237.4422487090888,22.251851851851853,2019-04-07 06:22:30+00:00,395.8329877479896,20.21522543713718,-6.201918017595247,410.11600530799194,352.1103437336385,30.0,-3.223535506361856,2
2019-04-03 06:37:30+00:00,355.91601166288353,37.827771176811325,-3.231212972931738,251.8616298481966,22.26226851851852,2019-04-07 06:37:30+00:00,398.4034259705515,20.077760823497886,-6.201244681032671,412.3361279788659,352.36668988026787,30.0,-3.231212972931738,2
2019-04-03 06:52:30+00:00,355.9446389708966,37.80208550253224,-3.238870361413625,266.8789067049734,22.272685185185185,2019-04-07 06:52:30+00:00,398.4034259705515,19.940296119029732,-6.2005711510919665,414.5071150329915,352.6060287574011,30.0,-3.238870361413625,2
2019-04-03 07:07:30+00:00,355.9735082389084,37.77653472402064,-3.246507440729906,280.2405050083472,22.283101851851853,2019-04-07 07:07:30+00:00,400.88416971972026,19.802831323726902,-6.199897427799736,413.6469874032478,352.8044919557682,30.0,-3.246507440729906,2
2019-04-03 07:22:30+00:00,356.00261869496694,37.751119266486,-3.254123979417775,280.53732965795706,22.29351851851852,2019-04-07 07:22:30+00:00,403.2386308602594,19.665366437539845,-6.199223511182569,411.6066459972971,352.8473015103013,30.0,-3.254123979417775,2
2019-04-03 07:37:30+00:00,356.0319695565887,37.725839554232,-3.2617197456453786,271.9649027448849,22.303935185185185,2019-04-07 07:37:30+00:00,403.2386308602594,19.527901460477207,-6.198549401267049,411.77518085698387,352.7878109016594,30.0,-3.2617197456453786,2
2019-04-03 07:52:30+00:00,356.0615600307082,37.70069601063314,-3.2692945072280395,251.2093799743759,22.314351851851853,2019-04-07 07:52:30+00:00,405.4349681984613,19.39043639248946,-6.197875098079758,409.9618411638445,352.56079154982234,30.0,-3.2692945072280395,2
2019-04-03 08:07:30+00:00,356.0913893137288,37.6756890581057,-3.276848031645328,231.3543405676127,22.32476851851852,2019-04-07 08:07:30+00:00,407.4471150250671,19.252971233570843,-6.197200601647288,407.4693934335003,352.3025256052688,30.0,-3.276848031645328,2
2019-04-03 08:22:30+00:00,356.1214565914213,37.650819118095114,-3.2843800860549113,226.29964669798505,22.335185185185185,2019-04-07 08:22:30+00:00,407.4471150250671,19.115505983715455,-6.196525911996236,403.8838540424518,352.2605142094177,30.0,-3.2843800860549113,2
2019-04-03 08:37:30+00:00,356.15176103898244,37.62608661104206,-3.291890437311662,230.92751485033193,22.345601851851853,2019-04-07 08:37:30+00:00,409.2553542117211,18.97804064287372,-6.195851029153204,406.30217028380633,352.3804242855931,30.0,-3.291890437311662,2
2019-04-03 08:52:30+00:00,356.18230182095283,37.60149195636119,-3.299378851983493,233.76946072912224,22.35601851851852,2019-04-07 08:52:30+00:00,410.8464450787482,18.84057521105454,-6.195175953144782,407.7291517608713,352.4688283354643,30.0,-3.299378851983493,2
2019-04-03 09:07:30+00:00,356.21307809119253,37.57703557242529,-3.306845096366375,244.2508347245409,22.366435185185185,2019-04-07 09:07:30+00:00,410.8464450787482,18.70310968820833,-6.194500683997559,404.07816446213775,352.67039314702464,30.0,-3.306845096366375,2
2019-04-03 09:22:30+00:00,356.24408899296884,37.55271787652663,-3.3142889365049126,245.6807858058004,22.376851851851853,2019-04-07 09:22:30+00:00,412.21335494131586,18.56564407434391,-6.193825221738143,406.3454964623579,352.73332745382913,30.0,-3.3142889365049126,2
2019-04-03 09:37:30+00:00,356.2753336588168,37.52853928485834,-3.3217101382090153,263.5633031797181,22.38726851851852,2019-04-07 09:37:30+00:00,413.35468118890634,18.428178369411775,-6.193149566393129,404.27200095397086,353.01325040180683,30.0,-3.3217101382090153,2
2019-04-03 09:52:30+00:00,356.30681121057864,37.5045002124982,-3.3291084670678495,262.3131575882285,22.397685185185185,2019-04-07 09:52:30+00:00,413.35468118890634,18.290712573420706,-6.1924737179891265,410.3422370617697,353.03964701524245,30.0,-3.3291084670678495,2
2019-04-03 10:07:30+00:00,356.3385207594262,37.480601073372625,-3.336483688471613,263.8381677796327,22.408101851851853,2019-04-07 10:07:30+00:00,414.2738647566173,18.153246686321346,-6.1917976765527225,414.23404086175367,353.10058569456476,30.0,-3.336483688471613,2
2019-04-03 10:22:30+00:00,356.3704614057462,37.45684228024033,-3.3438355676268947,254.9442869899445,22.41851851851852,2019-04-07 10:22:30+00:00,414.2738647566173,18.015780708122406,-6.191121442110555,407.25867899490606,353.0302116945233,30.0,-3.3438355676268947,2
2019-04-03 10:37:30+00:00,356.402632239295,37.433224244657936,-3.3511638695771757,261.1484256706915,22.428935185185185,2019-04-07 10:37:30+00:00,414.9782946972186,17.87831463878908,-6.190445014689206,405.321965180062,353.1520655183252,30.0,-3.3511638695771757,2
2019-04-03 10:52:30+00:00,356.43503233902425,37.40974737696721,-3.358468359218054,262.91105330589744,22.439351851851853,2019-04-07 10:52:30+00:00,415.4783905817169,17.740848478301086,-6.189768394315278,391.4983305509182,353.2164559676937,30.0,-3.358468359218054,2
2019-04-03 11:07:30+00:00,356.46766077309826,37.3864120862669,-3.3657488013159313,267.70398580968276,22.44976851851852,2019-04-07 11:07:30+00:00,415.4783905817169,17.603382226638175,-6.189091581015386,394.6306343906511,353.31666400402247,30.0,-3.3657488013159313,2
2019-04-03 11:22:30+00:00,356.5005165989895,37.36321878037974,-3.3730049605296686,276.4297084287766,22.460185185185185,2019-04-07 11:22:30+00:00,415.7867298275352,17.465915883779928,-6.188414574816157,396.2776344412404,353.4585653400556,30.0,-3.3730049605296686,2
2019-04-03 11:37:30+00:00,356.5335988633681,37.340167865837465,-3.3802366014255316,270.4274566137361,22.470601851851853,2019-04-07 11:37:30+00:00,415.9172654888307,17.328449449691757,-6.187737375744182,396.6221480244853,353.4338645520869,30.0,-3.3802366014255316,2
2019-04-03 11:52:30+00:00,356.56690660214304,37.31725974785168,-3.387443488498082,271.1472245409015,22.48101851851852,2019-04-07 11:52:30+00:00,415.9172654888307,17.190982924396867,-6.18705998382609,395.3255425709516,353.48504898292975,30.0,-3.387443488498082,2
2019-04-03 12:07:30+00:00,356.6004388404647,37.29449483028776,-3.394625386188721,274.34095585666034,22.491435185185185,2019-04-07 12:07:30+00:00,415.8846600216682,17.05351630783153,-6.186382399088491,393.46121741363817,353.56393499513996,30.0,-3.394625386188721,2
2019-04-03 12:22:30+00:00,356.6341945926467,37.27187351564513,-3.401782058903892,273.447994719882,22.501851851851853,2019-04-07 12:22:30+00:00,415.7037440968014,16.916049599975555,-6.185704621557993,392.7526035455919,353.5972222596761,30.0,-3.401782058903892,2
2019-04-03 12:37:30+00:00,356.6681728622569,37.24939620502752,-3.408913271035637,281.2982878440812,22.51226851851852,2019-04-07 12:37:30+00:00,415.7037440968014,16.778582800837622,-6.185026651261231,388.5100166944909,353.72507970205083,30.0,-3.408913271035637,2
2019-04-03 12:52:30+00:00,356.7023726420737,37.2270632981128,-3.416018786982258,294.45951585976627,22.522685185185185,2019-04-07 12:52:30+00:00,415.3890974506366,16.64111591039771,-6.184348488224807,389.1656729469752,353.89948604489393,30.0,-3.416018786982258,2
2019-04-03 13:07:30+00:00,356.73679291408973,37.20487519314145,-3.423098371164249,272.6792716543076,22.533101851851853,2019-04-07 13:07:30+00:00,414.9547409123782,16.503648928606495,-6.183670132475355,385.9724540901502,353.71931848191326,30.0,-3.423098371164249,2
2019-04-03 13:22:30+00:00,356.7714326494872,37.182832286880334,-3.4301517880469783,300.4853049656404,22.54351851851852,2019-04-07 13:22:30+00:00,414.9547409123782,16.366181855458365,-6.182991584039499,386.3804753955004,354.04156400484766,30.0,-3.4301517880469783,2
2019-04-03 13:37:30+00:00,356.80629080868397,37.1609349746001,-3.43717880216011,297.4026478238925,22.553935185185185,2019-04-07 13:37:30+00:00,414.41392447245295,16.22871469093311,-6.1823128429438405,387.1047705772247,354.0565347895724,30.0,-3.43717880216011,2
2019-04-03 13:52:30+00:00,356.84136634128953,37.13918365005569,-3.4441791781159905,279.1292779632721,22.564351851851853,2019-04-07 13:52:30+00:00,413.7789947063346,16.0912474350106,-6.1816339092150345,381.52516098259,353.9204950246869,30.0,-3.4441791781159905,2
2019-04-03 14:07:30+00:00,356.8766581861583,37.11757870544848,-3.451152680633271,282.4630197616182,22.57476851851852,2019-04-07 14:07:30+00:00,413.7789947063346,15.953780087685308,-6.180954782879688,381.3856427378965,353.9989951218153,30.0,-3.451152680633271,2
2019-04-03 14:22:30+00:00,356.9121652713547,37.09612053141218,-3.458099074554169,283.74422487090885,22.585185185185185,2019-04-07 14:22:30+00:00,413.06132518622275,15.816312648908,-6.180275463964427,377.0659432387312,354.0561323139106,30.0,-3.458099074554169,2
2019-04-03 14:37:30+00:00,356.9478865141445,37.074809516986896,-3.465018124864999,275.5678068097993,22.595601851851853,2019-04-07 14:37:30+00:00,413.06132518622275,15.678845118687525,-6.1795959524958946,375.9830486708617,354.0159434416791,30.0,-3.465018124864999,2
2019-04-03 14:52:30+00:00,356.983820821114,37.05364604958358,-3.4719095967198563,276.2103505843072,22.60601851851852,2019-04-07 14:52:30+00:00,412.2712949705127,15.541377496974809,-6.178916248500715,376.49415692821367,354.0674484443599,30.0,-3.4719095967198563,2
2019-04-03 15:07:30+00:00,357.0199670879746,37.03263051496961,-3.478773255458187,275.16403307838647,22.616435185185185,2019-04-07 15:07:30+00:00,411.4183022952626,15.40390978376437,-6.17823635200551,375.2814214166468,354.1012271780844,30.0,-3.478773255458187,2
2019-04-03 15:22:30+00:00,357.05632419978576,37.01176329723972,-3.4856088666265017,278.8212912994526,22.626851851851853,2019-04-07 15:22:30+00:00,411.4183022952626,15.266441979035912,-6.177556263036941,374.7468002225932,354.18441586098487,30.0,-3.4856088666265017,2
2019-04-03 15:37:30+00:00,357.09289103083046,36.991044778789586,-3.492416195999857,287.4713670070272,22.63726851851852,2019-04-07 15:37:30+00:00,410.5108028076352,15.128974082784136,-6.176875981621604,374.44908180300496,354.31562967149046,30.0,-3.492416195999857,2
2019-04-03 15:52:30+00:00,357.1296664446736,36.970475340288594,-3.4991950096036515,271.05806265034903,22.647685185185185,2019-04-07 15:52:30+00:00,409.55636382604183,14.991506094959862,-6.176195507786161,376.2938230383973,354.1929005548751,30.0,-3.4991950096036515,2
2019-04-03 16:07:30+00:00,357.16664929414617,36.9500553606589,-3.5059450737332964,273.90278563445963,22.658101851851853,2019-04-07 16:07:30+00:00,409.55636382604183,14.854038015572058,-6.175514841557238,389.3966134032912,354.26889821039487,30.0,-3.5059450737332964,2
2019-04-03 16:22:30+00:00,357.20383842144486,36.92978521704684,-3.512666154976517,269.68979306596265,22.66851851851852,2019-04-07 16:22:30+00:00,408.5617280429104,14.716569844586225,-6.174833982961478,389.1248039662063,354.26940320354544,30.0,-3.512666154976517,2
2019-04-03 16:37:30+00:00,357.24123265799574,36.909665284798216,-3.519358020234738,285.3360251582094,22.678935185185185,2019-04-07 16:37:30+00:00,407.53288173901086,14.57910158196775,-6.17415293202552,386.1956435328723,354.4757581152292,30.0,-3.519358020234738,2
2019-04-03 16:52:30+00:00,357.27883082464325,36.889695937432094,-3.526020436745157,313.4912353923205,22.689351851851853,2019-04-07 16:52:30+00:00,407.53288173901086,14.441633227725802,-6.173471688776007,382.8825820812465,354.7690030884016,30.0,-3.526020436745157,2
2019-04-03 17:07:30+00:00,357.31663173150434,36.86987754661872,-3.5326531721006553,293.7919788795279,22.69976851851852,2019-04-07 17:07:30+00:00,406.4751239393344,14.30416478182574,-6.172790253239573,383.1314094920105,354.64621940793035,30.0,-3.5326531721006553,2
2019-04-03 17:22:30+00:00,357.35463417809973,36.85021048215006,-3.5392559942737347,270.11686143572626,22.710185185185185,2019-04-07 17:22:30+00:00,405.3931340260495,14.166696244233131,-6.17210862544286,383.5026631687733,354.4584812992531,30.0,-3.5392559942737347,2
2019-04-03 17:37:30+00:00,357.39283695338685,36.83069511191178,-3.5458286716386804,269.37919788795284,22.720601851851853,2019-04-07 17:37:30+00:00,405.3931340260495,14.02922761495722,-6.171426805412522,382.8137805433298,354.49702665882705,30.0,-3.5458286716386804,2
2019-04-03 17:52:30+00:00,357.4312388356463,36.811331801866224,-3.552370972991066,277.24332220367273,22.73101851851852,2019-04-07 17:52:30+00:00,404.29103616600133,13.891758893963235,-6.170744793175208,381.88607997456074,354.6255454753383,30.0,-3.552370972991066,2
2019-04-03 18:07:30+00:00,357.4698385926793,36.79212091602138,-3.5588826675718956,284.4741235392321,22.741435185185185,2019-04-07 18:07:30+00:00,403.17245954643187,13.754290081231437,-6.170062588757553,380.6551322911924,354.7431728435104,30.0,-3.5588826675718956,2
2019-04-03 18:22:30+00:00,357.5086349816679,36.773062816403474,-3.5653635250901523,282.6726715067748,22.751851851851853,2019-04-07 18:22:30+00:00,403.17245954643187,13.61682117674189,-6.1693801921862175,381.9254312743461,354.77229193777583,30.0,-3.5653635250901523,2
2019-04-03 18:37:30+00:00,357.5476267493241,36.754157863041605,-3.5718133157418084,281.4535854330861,22.76226851851852,2019-04-07 18:37:30+00:00,402.0405938809566,13.479352180474583,-6.1686976034878365,383.445135832448,354.80710228304173,30.0,-3.5718133157418084,2
2019-04-03 18:52:30+00:00,357.5868126318338,36.73540641393018,-3.5782318102365807,280.7256886477462,22.772685185185185,2019-04-07 18:52:30+00:00,402.0405938809566,13.341883092409784,-6.1680148226890665,380.4459813975674,354.84681042666824,30.0,-3.5782318102365807,2
2019-04-03 19:07:30+00:00,357.62619135497386,36.71680882500636,-3.5846187798193028,284.4818884186823,22.783101851851853,2019-04-07 19:07:30+00:00,400.89823998300784,13.204413912513004,-6.167331849816563,380.9593911931141,354.92983289747895,30.0,-3.5846187798193028,2
2019-04-03 19:22:30+00:00,357.6657616340297,36.69836545013237,-3.5909739962896663,276.70924408898554,22.79351851851852,2019-04-07 19:22:30+00:00,399.74785543598495,13.066944640793482,-6.16664868489697,380.6546625327927,354.9012753963788,30.0,-3.5909739962896663,2
2019-04-03 19:37:30+00:00,357.7055221739287,36.68007664106237,-3.597297232028019,276.7170089684358,22.803935185185185,2019-04-07 19:37:30+00:00,399.74785543598495,12.92947527723132,-6.165965327956953,380.8194212576516,354.9486612828155,30.0,-3.597297232028019,2
2019-04-03 19:52:30+00:00,357.74547166915704,36.66194274742207,-3.6035882600159512,281.3126043405676,22.814351851851853,2019-04-07 19:52:30+00:00,398.591595543197,12.79200582176306,-6.165281779023153,383.406868590508,355.04100915137843,30.0,-3.6035882600159512,2
2019-04-03 20:07:30+00:00,357.7856088039595,36.643964116677445,-3.6098468538614785,287.20736110571886,22.82476851851852,2019-04-07 20:07:30+00:00,397.43134983652664,12.654536274427096,-6.164598038122251,385.5346211940536,355.14380249114384,30.0,-3.6098468538614785,2
2019-04-03 20:22:30+00:00,357.8259322522117,36.62614109411591,-3.6160727878196512,288.65939356291494,22.835185185185185,2019-04-07 20:22:30+00:00,397.43134983652664,12.51706663516002,-6.163914105280867,382.5834724540902,355.20446614872424,30.0,-3.6160727878196512,2
2019-04-03 20:37:30+00:00,357.866440677498,36.60847402282163,-3.622265836815027,294.21128236984123,22.845601851851853,2019-04-07 20:37:30+00:00,396.2687744764707,12.379596903956385,-6.163229980525702,380.5413784879561,355.3013003627355,30.0,-3.622265836815027,2
2019-04-03 20:52:30+00:00,357.90713273321893,36.59096324364483,-3.6284257764669823,283.48810517529216,22.85601851851852,2019-04-07 20:52:30+00:00,395.10532090008775,12.24212708079664,-6.162545663883375,380.4907168513178,355.25201788995065,30.0,-3.6284257764669823,2
2019-04-03 21:07:30+00:00,357.94800706256274,36.573609095178625,-3.634552383111844,291.9206429320185,22.866435185185185,2019-04-07 21:07:30+00:00,395.10532090008775,12.10465716567552,-6.161861155380574,381.39677239844184,355.3763779710599,30.0,-3.634552383111844,2
2019-04-03 21:22:30+00:00,357.98906229854765,36.55641191373759,-3.64064543382468,308.7160771829017,22.876851851851853,2019-04-07 21:22:30+00:00,393.9422610767182,11.967187158544125,-6.161176455043954,381.96337329893254,355.56370210284757,30.0,-3.64064543382468,2
2019-04-03 21:37:30+00:00,358.03029706408824,36.5393720333301,-3.646704706443729,281.49240983033735,22.88726851851852,2019-04-07 21:37:30+00:00,392.7807097210471,11.829717059397373,-6.160491562900167,382.2346768423563,355.3772887029436,30.0,-3.646704706443729,2
2019-04-03 21:52:30+00:00,358.0717099720039,36.52248978563691,-3.652729979591824,284.3958681135225,22.897685185185185,2019-04-07 21:52:30+00:00,392.7807097210471,11.692246868229908,-6.159806478975898,381.2799109627156,355.45256590668026,30.0,-3.652729979591824,2
2019-04-03 22:07:30+00:00,358.113299625127,36.50576549997758,-3.658721032703225,276.1657025274683,22.908101851851853,2019-04-07 22:07:30+00:00,391.6216437942343,11.554776584993078,-6.1591212032977865,378.39852134509897,355.4230168852307,30.0,-3.658721032703225,2
2019-04-03 22:22:30+00:00,358.1550646162415,36.48919950329738,-3.66467764604227,278.4485770858407,22.91851851851852,2019-04-07 22:22:30+00:00,390.4659196000761,11.417306209681708,-6.158435735892528,375.65943238731217,355.4936325484659,30.0,-3.66467764604227,2
2019-04-03 22:37:30+00:00,358.1970035282524,36.47279212013634,-3.6705996007293593,274.0070660402997,22.928935185185185,2019-04-07 22:37:30+00:00,390.4659196000761,11.279835742290716,-6.157750076786757,371.3657683440655,355.4992693194879,30.0,-3.6705996007293593,2
2019-04-03 22:52:30+00:00,358.23911493415636,36.45654367260578,-3.676486678763433,276.2573038397329,22.939351851851853,2019-04-07 22:52:30+00:00,389.3142877570508,11.142365182785811,-6.157064226007164,375.4960648700215,355.5700718390053,30.0,-3.676486678763433,2
2019-04-03 23:07:30+00:00,358.2813973970279,36.44045448036402,-3.6823386630450425,271.85619443258145,22.94976851851852,2019-04-07 23:07:30+00:00,389.3142877570508,11.004894531132788,-6.156378183580416,379.0101558152476,355.5759035909433,30.0,-3.6823386630450425,2
2019-04-03 23:22:30+00:00,358.3238494702633,36.42452486059245,-3.6881553374005143,278.3398687735373,22.960185185185185,2019-04-07 23:22:30+00:00,388.16740630038794,10.86742378734121,-6.155691949533182,376.73205342237065,355.687913491673,30.0,-3.6881553374005143,2
2019-04-03 23:37:30+00:00,358.3664696974048,36.40875512797306,-3.6939364866031954,292.2157083511279,22.970601851851853,2019-04-07 23:37:30+00:00,387.0258521421523,10.72995295137682,-6.155005523892132,381.4397733596398,355.8618638979944,30.0,-3.6939364866031954,2
2019-04-03 23:52:30+00:00,358.40925661241704,36.39314559466051,-3.699681896399497,299.76523372287147,22.98101851851852,2019-04-07 23:52:30+00:00,387.0258521421523,10.59248202320556,-6.154318906683936,383.15477719275714,355.9736755175704,30.0,-3.699681896399497,2
2019-04-04 00:07:30+00:00,358.45220873951854,36.37769657026227,-3.705391353529482,285.5383973288815,22.991435185185185,2019-04-08 00:07:30+00:00,385.89013109248486,10.455011002836926,-6.15363209793526,382.1097662771286,355.90145461487185,30.0,-3.705391353529482,2
2019-04-04 00:22:30+00:00,358.4953245933691,36.36240836181293,-3.711064645751838,301.1686143572621,23.001851851851853,2019-04-08 00:22:30+00:00,384.76068662200765,10.31753989023676,-6.1529450976727915,382.32053422370615,356.08274810301606,30.0,-3.711064645751838,2
2019-04-04 00:37:30+00:00,358.5386026791735,36.3472812737476,-3.7167015618673056,299.56128431106106,23.01226851851852,2019-04-08 00:37:30+00:00,384.76068662200765,10.18006868538554,-6.152257905923215,382.4554813578186,356.11884808946365,30.0,-3.7167015618673056,2
2019-04-04 00:52:30+00:00,358.5820414925867,36.3323156078848,-3.722301891740222,298.24707846410683,23.022685185185185,2019-04-08 00:52:30+00:00,383.63790752421056,10.042597388263722,-6.1515705227131745,385.3485968677955,356.15735487079235,30.0,-3.722301891740222,2
2019-04-04 01:07:30+00:00,358.62563951989387,36.317511663398705,-3.727865426323109,291.6022828745584,23.033101851851853,2019-04-08 01:07:30+00:00,382.5221346174408,9.905125998851815,-6.150882948069375,386.4162493043962,356.15149881264443,30.0,-3.727865426323109,2
2019-04-04 01:22:30+00:00,358.6693952380089,36.302869736796,-3.733391957679747,298.29560896067085,23.04351851851852,2019-04-08 01:22:30+00:00,382.5221346174408,9.767654517130278,-6.150195182018481,386.39041259241594,356.2563762843703,30.0,-3.733391957679747,2
2019-04-04 01:37:30+00:00,358.71330711452356,36.288390121895745,-3.738881279006996,303.95972454090145,23.053935185185185,2019-04-08 01:37:30+00:00,381.41366660889634,9.630182943065082,-6.149507224587184,386.06606248509416,356.35069353061,30.0,-3.738881279006996,2
2019-04-04 01:52:30+00:00,358.7573736079225,36.27407310979956,-3.744333184660816,303.4359591567341,23.064351851851853,2019-04-08 01:52:30+00:00,380.31276522768496,9.492711276680454,-6.148819075802143,385.5572418677594,356.39607021631684,30.0,-3.744333184660816,2
2019-04-04 02:07:30+00:00,358.8015931673704,36.25991898887829,-3.749747470175438,311.938502154754,23.07476851851852,2019-04-08 02:07:30+00:00,380.31276522768496,9.35523951791316,-6.148130735690058,388.0843071786311,356.50983391934517,30.0,-3.749747470175438,2
2019-04-04 02:22:30+00:00,358.8459642330311,36.24592804474157,-3.7551239322895817,329.3318321233063,23.085185185185185,2019-04-08 02:22:30+00:00,379.2196597204233,9.217767666758476,-6.1474422042776045,386.028797996661,356.680093521141,30.0,-3.7551239322895817,2
2019-04-04 02:37:30+00:00,358.89048523605675,36.232100560216686,-3.760462368968849,321.0194073455759,23.095601851851853,2019-04-08 02:37:30+00:00,378.13455079087663,9.080295723196892,-6.146753481591456,389.2638524525002,356.6734508662096,30.0,-3.760462368968849,2
2019-04-04 02:52:30+00:00,358.93515459857736,36.218436815328594,-3.7657625794271463,319.7732655200528,23.10601851851852,2019-04-08 02:52:30+00:00,378.13455079087663,8.942823687223527,-6.1460645676583185,389.55898720089033,356.7143602888817,30.0,-3.7657625794271463,2
2019-04-04 03:07:30+00:00,358.97997073385295,36.20493708727601,-3.771024364150819,323.5625266917731,23.116435185185185,2019-04-08 03:07:30+00:00,377.05761405461993,8.805351558790028,-6.145375462504858,386.6479847364656,356.78994899199597,30.0,-3.771024364150819,2
2019-04-04 03:22:30+00:00,359.02493204632566,36.191601650409744,-3.776247524921335,317.6223939123345,23.126851851851853,2019-04-08 03:22:30+00:00,377.05761405461993,8.667879337891426,-6.144686166157763,389.68697829716194,356.7987475458219,30.0,-3.776247524921335,2
2019-04-04 03:37:30+00:00,359.0700369316955,36.17843077620981,-3.7814318648375567,313.0060517529215,23.13726851851852,2019-04-08 03:37:30+00:00,375.989003070494,8.530407024522965,-6.143996678643734,389.6621262710579,356.81582516288915,30.0,-3.7814318648375567,2
2019-04-04 03:52:30+00:00,359.1152837769738,36.16542473326297,-3.786577188339699,308.3263772954925,23.147685185185185,2019-04-08 03:52:30+00:00,374.9288520025849,8.392934618636277,-6.143306999989431,388.1023928770173,356.83167563796354,30.0,-3.786577188339699,2
2019-04-04 04:07:30+00:00,359.1606709605728,36.15258378724503,-3.791683301229311,309.52413802618685,23.158101851851853,2019-04-08 04:07:30+00:00,374.9288520025849,8.255462120241054,-6.142617130221561,389.0514104704422,356.8906374102169,30.0,-3.791683301229311,2
2019-04-04 04:22:30+00:00,359.20619685237625,36.139908200894475,-3.796750010694589,317.9562837286951,23.16851851851852,2019-04-08 04:22:30+00:00,373.87727795944465,8.117989529288902,-6.1419270693668055,382.0295730980205,357.00091690868766,30.0,-3.796750010694589,2
2019-04-04 04:37:30+00:00,359.2518598138363,36.12739823399378,-3.801777125331261,312.64607679465774,23.178935185185185,2019-04-08 04:37:30+00:00,372.8343830511663,7.980516845775098,-6.141236817451869,386.7588901082223,357.0136933412495,30.0,-3.801777125331261,2
2019-04-04 04:52:30+00:00,359.2976581979916,36.11505414334752,-3.806764455165236,308.46760104049383,23.189351851851853,2019-04-08 04:52:30+00:00,372.8343830511663,7.843044069694984,-6.140546374503413,382.0188409253518,357.0337437411444,30.0,-3.806764455165236,2
2019-04-04 05:07:30+00:00,359.34359034964785,36.10287618276143,-3.8117118116748663,309.1819699499165,23.19976851851852,2019-04-08 05:07:30+00:00,371.8002561996237,7.705571201000095,-6.139855740548164,377.7545909849749,357.0894048020067,30.0,-3.8117118116748663,2
2019-04-04 05:22:30+00:00,359.38965460533745,36.09086460302273,-3.816619007812887,306.54967581628296,23.210185185185185,2019-04-08 05:22:30+00:00,370.7749747325773,7.568098239714987,-6.139164915612789,381.86560934891486,357.1205874663204,30.0,-3.816619007812887,2
2019-04-04 05:37:30+00:00,359.43584929354245,36.07901965187718,-3.821485858028654,304.2805717863105,23.220601851851853,2019-04-08 05:37:30+00:00,370.7749747325773,7.430625185762098,-6.1384738997239845,377.7065943238731,357.1543066747089,30.0,-3.821485858028654,2
2019-04-04 05:52:30+00:00,359.4821727346199,36.06734157401189,-3.8263121782898817,305.75765811235783,23.23101851851852,2019-04-08 05:52:30+00:00,369.7586057883486,7.29315203916591,-6.137782692908456,376.87852770490497,357.2160138076421,30.0,-3.8263121782898817,2
2019-04-04 06:07:30+00:00,359.528623240991,36.05583061103135,-3.8310977861045594,303.24183717047794,23.241435185185185,2019-04-08 06:07:30+00:00,368.75120755430095,7.1556787998927955,-6.137091295192885,389.9526989426822,357.2479983399402,30.0,-3.8310977861045594,2
2019-04-04 06:22:30+00:00,359.57519911723267,36.044487001440295,-3.83584250054264,300.5862483984936,23.251851851851853,2019-04-08 06:22:30+00:00,368.75120755430095,7.01820546792353,-6.136399706603975,411.4897845615709,357.27873532711084,30.0,-3.83584250054264,2
2019-04-04 06:37:30+00:00,359.62189866013904,36.033310980622375,-3.84054614225755,302.23027963272125,23.26226851851852,2019-04-08 06:37:30+00:00,367.75283035935496,6.880732043224407,-6.1357079271684105,421.7584863661658,357.3421498367108,30.0,-3.84054614225755,2
2019-04-04 06:52:30+00:00,359.66872015871763,36.02230278082509,-3.845208533506092,303.7232596963932,23.272685185185185,2019-04-08 06:52:30+00:00,366.7635176381648,6.743258525805386,-6.135015956912908,432.0713093250656,357.40431676884924,30.0,-3.845208533506092,2
2019-04-04 07:07:30+00:00,359.7156618944583,36.011462631130996,-3.849829498172857,329.4250106767093,23.283101851851853,2019-04-08 07:07:30+00:00,366.7635176381648,6.605784915632854,-6.134323795864151,428.4358852055012,357.63168526095745,30.0,-3.849829498172857,2
2019-04-04 07:22:30+00:00,359.7627221412984,36.000790757448094,-3.854408861788481,342.02741002445936,23.29351851851852,2019-04-08 07:22:30+00:00,365.783306782322,6.468311212702219,-6.133631444048838,431.4795492487479,357.7590953329824,30.0,-3.854408861788481,2
2019-04-04 07:37:30+00:00,359.80989916571855,35.99028738248593,-3.858946451551635,340.83368113522533,23.303935185185185,2019-04-08 07:37:30+00:00,365.783306782322,6.3308374169653145,-6.132938901493672,429.7245409015025,357.80277419062196,30.0,-3.858946451551635,2
2019-04-04 07:52:30+00:00,359.85719122692404,35.97995272573599,-3.8634420963508935,348.3946111736615,23.314351851851853,2019-04-08 07:52:30+00:00,364.81222989199966,6.193363528417691,-6.132246168225356,429.33361157484694,357.89701289616085,30.0,-3.8634420963508935,2
2019-04-04 08:07:30+00:00,359.9045965767937,35.96978700345916,-3.86789562678274,346.47668594945065,23.32476851851852,2019-04-08 08:07:30+00:00,363.85031443975765,6.055889547054894,-6.1315532442705765,432.6862230701964,357.93691834302496,30.0,-3.86789562678274,2
2019-04-04 08:22:30+00:00,359.95211346014787,35.95979042866012,-3.872306875174541,347.2298792561246,23.335185185185185,2019-04-08 08:22:30+00:00,363.85031443975765,5.918415472828687,-6.13086012965605,433.6672231496939,357.991991198304,30.0,-3.872306875174541,2
2019-04-04 08:37:30+00:00,359.9997401147077,35.94996321107465,-3.876675675603545,342.07794240400665,23.345601851851853,2019-04-08 08:37:30+00:00,362.8975838567608,5.78094130573472,-6.130166824408466,432.8097424278559,358.0133777812503,30.0,-3.876675675603545,2
2019-04-04 09:07:30+00:00,0.0953156536432669,35.93081767002433,-3.88528527775466,339.9541872112435,23.366435185185185,2019-04-08 09:07:30+00:00,361.9540580503961,5.505992692881984,-6.1287796421209775,436.36179346529934,358.1029757187639,30.0,-3.88528527775466,2
2019-04-04 09:22:30+00:00,0.1432609790825608,35.92149974951702,-3.889525756563051,339.8843032961913,23.376851851851853,2019-04-08 09:22:30+00:00,361.0197538611763,5.368518247070734,-6.1280857651344744,438.15525876460765,358.1536422106011,30.0,-3.889525756563051,2
2019-04-04 09:37:30+00:00,0.1913089580799469,35.91235199210401,-3.8937231416204576,341.28756260434056,23.38726851851852,2019-04-08 09:37:30+00:00,360.0946854658675,5.2310437083305175,-6.127391697621721,440.50083472454094,358.2129318314581,30.0,-3.8937231416204576,2
2019-04-04 09:52:30+00:00,0.2394577945855052,35.903374590904505,-3.897877276053771,342.6563652599293,23.397685185185185,2019-04-08 09:52:30+00:00,360.0946854658675,5.093569076627766,-6.126697439609454,438.27609507910006,358.2719756488118,30.0,-3.897877276053771,2
2019-04-04 10:07:30+00:00,0.2877056860671546,35.89456773566448,-3.901988004858175,342.0351749039096,23.408101851851853,2019-04-08 10:07:30+00:00,359.1788647329607,4.956094351943584,-6.126002991124353,440.91263216471896,358.3195907669171,30.0,-3.901988004858175,2
2019-04-04 10:22:30+00:00,0.3360508237095377,35.88593161273903,-3.906055174916213,343.22320145979734,23.41851851851852,2019-04-08 10:22:30+00:00,358.2723015358996,4.818619534244678,-6.125308352193132,436.31608235948806,358.3776218033707,30.0,-3.906055174916213,2
2019-04-04 10:37:30+00:00,0.3844913923952593,35.87746640507805,-3.9100786350161383,334.1897954924875,23.428935185185185,2019-04-08 10:37:30+00:00,358.2723015358996,4.68114462354111,-6.124613522842511,439.5603784084585,358.37601730521243,30.0,-3.9100786350161383,2
2019-04-04 10:52:30+00:00,0.4330255708931112,35.86917229220857,-3.914058235871331,336.8792949489459,23.439351851851853,2019-04-08 10:52:30+00:00,357.37500402886764,4.543669619799734,-6.123918503099179,439.6744574290484,358.4433979507939,30.0,-3.914058235871331,2
2019-04-04 11:07:30+00:00,0.4816515319440751,35.861049450222346,-3.917993830136972,324.50207710525297,23.44976851851852,2019-04-08 11:07:30+00:00,356.48697888941547,4.406194522987011,-6.123223292989856,440.5230940456317,358.4189938117213,30.0,-3.917993830136972,2
2019-04-04 11:22:30+00:00,0.5303674423165674,35.85309805175701,-3.9218852724301345,321.4660092402065,23.460185185185185,2019-04-08 11:22:30+00:00,356.48697888941547,4.268719333113409,-6.1225278925412345,441.4730900707529,358.4510538009108,30.0,-3.9218852724301345,2
2019-04-04 11:37:30+00:00,0.5791714630621956,35.84531826598188,-3.925732419347391,323.6096619365609,23.470601851851853,2019-04-08 11:37:30+00:00,355.6082315317635,4.131244050145389,-6.1218323017800635,442.0348307785703,358.51637705738716,30.0,-3.925732419347391,2
2019-04-04 11:52:30+00:00,0.6280617494541498,35.83771025858464,-3.9295351294813936,319.6334976899484,23.48101851851852,2019-04-08 11:52:30+00:00,355.6082315317635,3.993768674064454,-6.121136520733008,448.9752762540743,358.54232491548527,30.0,-3.9295351294813936,2
2019-04-04 12:07:30+00:00,0.6770364511334269,35.83027419175883,-3.933293263438227,314.865861707497,23.491435185185185,2019-04-08 12:07:30+00:00,354.7387662942323,3.856293204851751,-6.120440549426792,452.8502048869327,358.5624148440634,30.0,-3.933293263438227,2
2019-04-04 12:22:30+00:00,0.7260937123473836,35.82301022418423,-3.9370066838561266,318.75606631207046,23.501851851851853,2019-04-08 12:22:30+00:00,353.87858660393215,3.718817642503036,-6.119744387888157,449.1012799109627,358.63988211154634,30.0,-3.9370066838561266,2
2019-04-04 12:37:30+00:00,0.7752316719232217,35.815918511016875,-3.940675255421584,348.89398998330546,23.51226851851852,2019-04-08 12:37:30+00:00,353.87858660393215,3.581341986956191,-6.119048036143779,446.6161857063359,358.87155106147577,30.0,-3.940675255421584,2
2019-04-04 12:52:30+00:00,0.8244484634561144,35.80899920387489,-3.9442988448859904,361.8666770198392,23.522685185185185,2019-04-08 12:52:30+00:00,353.027695121576,3.4438662382506133,-6.118351494220381,456.42181413466886,358.9911972266347,30.0,-3.9442988448859904,2
2019-04-04 13:07:30+00:00,0.8737422153516224,35.802252450825364,-3.9478773210819273,343.5415615172575,23.533101851851853,2019-04-08 13:07:30+00:00,352.1860938690561,3.306390396323977,-6.117654762144686,465.4245170522299,358.9449448800789,30.0,-3.9478773210819273,2
2019-04-04 13:22:30+00:00,0.9231110510025752,35.79567839637015,-3.9514105549398737,334.13829250300887,23.54351851851852,2019-04-08 13:22:30+00:00,352.1860938690561,3.168914461172282,-6.116957839943399,462.60016694490815,358.94228065597775,30.0,-3.9514105549398737,2
2019-04-04 13:37:30+00:00,0.9725530889005825,35.78927718143509,-3.954898419503418,312.1374165275459,23.553935185185185,2019-04-08 13:37:30+00:00,351.35378434224964,3.0314384327914983,-6.116260727643228,456.3260195564035,358.8544466817125,30.0,-3.954898419503418,2
2019-04-04 13:52:30+00:00,1.0220664427204142,35.78304894335629,-3.958340789945918,314.12043328027335,23.564351851851853,2019-04-08 13:52:30+00:00,350.53076761138345,2.893962311148366,-6.115563425270891,452.3352051398797,358.9195957915355,30.0,-3.958340789945918,2
2019-04-04 14:07:30+00:00,1.07164922150168,35.776993815867414,-3.9617375435856648,309.0654967581628,23.57476851851852,2019-04-08 14:07:30+00:00,350.53076761138345,2.7564860962098887,-6.114865932853115,453.8778917243024,358.93702889590213,30.0,-3.9617375435856648,2
2019-04-04 14:22:30+00:00,1.1212995296230988,35.771111929090765,-3.965088559899895,306.961214427146,23.585185185185185,2019-04-08 14:22:30+00:00,349.7170444111965,2.619009787986564,-6.114168250416612,460.6236890544069,358.97423421976987,30.0,-3.965088559899895,2
2019-04-04 14:37:30+00:00,1.1710154671009485,35.76540340952188,-3.9683937205411137,330.36310517529216,23.595601851851853,2019-04-08 14:37:30+00:00,348.91261522308736,2.4815333864307907,-6.1134703779880875,452.8607202480324,359.1780148959805,30.0,-3.9683937205411137,2
2019-04-04 14:52:30+00:00,1.2207951296287205,35.75986838002115,-3.9716529093512767,334.6274799083744,23.60601851851852,2019-04-08 14:52:30+00:00,348.91261522308736,2.344056891553099,-6.11277231559428,444.47990240143827,359.25508163680377,30.0,-3.9716529093512767,2
2019-04-04 15:07:30+00:00,1.2706366086352463,35.75450695980281,-3.97486601237537,310.51752921535893,23.616435185185185,2019-04-08 15:07:30+00:00,348.1174803514415,2.206580303320675,-6.112074063261878,442.3789649415693,359.154268249834,30.0,-3.97486601237537,2
2019-04-04 15:22:30+00:00,1.3205379915313016,35.749319264422134,-3.97803291787685,328.66405249058516,23.626851851851853,2019-04-08 15:22:30+00:00,347.331639996397,2.069103621700246,-6.11137562101761,439.304793703792,359.32282321381706,30.0,-3.97803291787685,2
2019-04-04 15:37:30+00:00,1.3704973617180074,35.74430540576772,-3.981153516349704,343.5882721202004,23.63726851851852,2019-04-08 15:37:30+00:00,347.331639996397,1.93162684670261,-6.110676988888213,432.11324429604895,359.4612225087269,30.0,-3.981153516349704,2
2019-04-04 15:52:30+00:00,1.4205127987792492,35.739465492050726,-3.9842277005331694,377.81719532554257,23.647685185185185,2019-04-08 15:52:30+00:00,346.55509432546404,1.7941499783093142,-6.109978166900383,434.988472851578,359.6856745392046,30.0,-3.9842277005331694,2
2019-04-04 16:07:30+00:00,1.4705823785864942,35.73479962779441,-3.987255365424102,377.049904110156,23.658101851851853,2019-04-08 16:07:30+00:00,346.55509432546404,1.6566730164583778,-6.109279155080845,439.1402337228714,359.7336269441363,30.0,-3.987255365424102,2
2019-04-04 16:22:30+00:00,1.5207041733746287,35.73030791382652,-3.990236408290021,398.0462228714524,23.66851851851852,2019-04-08 16:22:30+00:00,345.7878435466973,1.519195961189604,-6.10857995345632,435.15303283249864,359.87665912298587,30.0,-3.990236408290021,2
2019-04-04 16:37:30+00:00,1.5708762519338235,35.72599044726867,-3.99317072868214,477.4857320340102,23.678935185185185,2019-04-08 16:37:30+00:00,345.02988798660425,1.3817188124408972,-6.1078805620535235,425.5329589720241,0.2013843060995273,30.0,-3.99317072868214,2
2019-04-04 16:52:30+00:00,1.6210966797497628,35.721847321528095,-3.996058228447037,441.57316457661994,23.689351851851853,2019-04-08 16:52:30+00:00,345.02988798660425,1.244241570208608,-6.107180980899196,427.73352412751416,0.1412972528583607,30.0,-3.996058228447037,2
2019-04-04 17:07:30+00:00,1.6713635190328335,35.71787862629008,-3.998898811738614,429.87925612454865,23.69976851851852,2019-04-08 17:07:30+00:00,344.2812281767826,1.1067642344743664,-6.1064812100200285,430.4410127991096,0.15236375741162966,30.0,-3.998898811738614,2
2019-04-04 17:22:30+00:00,1.7216748289266264,35.71408444750886,-4.00169238502996,430.96828046744577,23.710185185185185,2019-04-08 17:22:30+00:00,343.5418649546287,0.9692868052343916,-6.10578124944277,433.2232291915096,0.20751887177919226,30.0,-4.00169238502996,2
2019-04-04 17:37:30+00:00,1.772028665609016,35.71046486740102,-4.004438857124355,426.05893543502737,23.720601851851853,2019-04-08 17:37:30+00:00,343.5418649546287,0.8318092824413829,-6.105081099194121,440.5688051514429,0.24139575096006372,30.0,-4.004438857124355,2
2019-04-04 17:52:30+00:00,1.822423082400924,35.70701996443686,-4.007138139166471,417.0672050316419,23.73101851851852,2019-04-08 17:52:30+00:00,342.81179958572983,0.6943316660916198,-6.104380759300827,433.5642737896494,0.25973387664487424,30.0,-4.007138139166471,2
2019-04-04 18:07:30+00:00,1.872856129913269,35.703749813334625,-4.009790144652989,401.0249640874325,23.741435185185185,2019-04-08 18:07:30+00:00,342.0910339193999,0.5568539561815432,-6.103680229789573,430.0600206693696,0.24858576338271998,30.0,-4.009790144652989,2
2019-04-04 18:22:30+00:00,1.9233258561787536,35.700654485053334,-4.012394789442403,365.7502086811352,23.751851851851853,2019-04-08 18:22:30+00:00,342.0910339193999,0.4193761526782524,-6.102979510687125,429.9227879799666,0.1433693150917268,30.0,-4.012394789442403,2
2019-04-04 18:37:30+00:00,1.9738303067726468,35.697734046786266,-4.014951991766021,360.92712660635937,23.76226851851852,2019-04-08 18:37:30+00:00,341.3795705954336,0.2818982555636239,-6.10227860202018,439.82142857142856,0.1710121977858039,30.0,-4.014951991766021,2
2019-04-04 18:52:30+00:00,2.0243675249470954,35.69498856195512,-4.0174616722368075,368.5056489498001,23.772685185185185,2019-04-08 18:52:30+00:00,340.6774133316093,0.1444202648049498,-6.101577503815466,434.6754692163707,0.259476199464584,30.0,-4.0174616722368075,2
2019-04-04 19:07:30+00:00,2.0749355517148222,35.69241809020367,-4.019923753858919,392.4525371743604,23.783101851851853,2019-04-08 19:07:30+00:00,340.6774133316093,0.0069421804132361,-6.100876216099707,431.03943079736064,0.4184833399527115,30.0,-4.019923753858919,2
2019-04-04 19:22:30+00:00,2.1255324260951745,35.6900226873934,-4.022338162037117,394.5716819699499,23.79351851851852,2019-04-08 19:22:30+00:00,339.98456734151813,359.8694640023558,-6.100174738899637,430.3728436282693,0.4786699016999325,30.0,-4.022338162037117,2
2019-04-04 19:37:30+00:00,2.176156185079719,35.68780240559778,-4.0247048245846075,400.37271421361186,23.803935185185185,2019-04-08 19:37:30+00:00,339.30103996764296,359.73198573060006,-6.099473072241961,429.0173015632114,0.55378848833293,30.0,-4.0247048245846075,2
2019-04-04 19:52:30+00:00,2.226804863924116,35.685757293098035,-4.027023671732118,410.8708312303452,23.814351851851853,2019-04-08 19:52:30+00:00,339.30103996764296,359.5945073651715,-6.09877121615342,433.6445357647361,0.6464585475190887,30.0,-4.027023671732118,2
2019-04-04 20:07:30+00:00,2.2774764961444056,35.68388739437908,-4.029294636135615,415.3666964320379,23.82476851851852,2019-04-08 20:07:30+00:00,338.6268416773499,359.45702890600865,-6.098069170660737,436.0267111853088,0.7147497146226309,30.0,-4.029294636135615,2
2019-04-04 20:22:30+00:00,2.3281691137471965,35.68219275012345,-4.031517652883517,409.1584933222037,23.835185185185185,2019-04-08 20:22:30+00:00,338.6268416773499,359.31955035310756,-6.097366935790652,428.60561252881786,0.7422039157224709,30.0,-4.031517652883517,2
2019-04-04 20:37:30+00:00,2.378880747343107,35.68067339721114,-4.033692659505287,415.4676398648911,23.845601851851853,2019-04-08 20:37:30+00:00,337.961987681516,359.1820717064508,-6.096664511569859,424.8707441695755,0.8174170922390163,30.0,-4.033692659505287,2
2019-04-04 20:52:30+00:00,2.429609426168958,35.67932936871257,-4.035819595976521,401.3122646270917,23.85601851851852,2019-04-08 20:52:30+00:00,337.3065006366807,359.04459296603466,-6.095961898025109,420.84784164083,0.81345116857649,30.0,-4.035819595976521,2
2019-04-04 21:07:30+00:00,2.4803531783874986,35.67816069388874,-4.037898404727156,421.03505843071787,23.866435185185185,2019-04-08 21:07:30+00:00,337.3065006366807,358.90711413181214,-6.095259095183104,411.04062326099057,0.940218565531987,30.0,-4.037898404727156,2
2019-04-04 21:22:30+00:00,2.5311100311283465,35.67716739818632,-4.039929030646861,405.41005843071787,23.876851851851853,2019-04-08 21:22:30+00:00,336.6604152544567,358.76963520377996,-6.094556103070606,412.1484219731298,0.9318965482900032,30.0,-4.039929030646861,2
2019-04-04 21:37:30+00:00,2.5818780105661308,35.676349503236956,-4.0419114210908615,392.9960787358776,23.88726851851852,2019-04-08 21:37:30+00:00,336.02378629911,358.63215618193465,-6.093852921714318,412.2454090150251,0.932386164939071,30.0,-4.0419114210908615,2
2019-04-04 21:52:30+00:00,2.632655142170701,35.67570702685389,-4.043845525886314,398.6644407345576,23.897685185185185,2019-04-08 21:52:30+00:00,336.02378629911,358.49467706622914,-6.093149551140973,405.0837254009207,1.0068004391340803,30.0,-4.043845525886314,2
2019-04-04 22:07:30+00:00,2.6834394507921275,35.675239983031815,-4.045731297336646,406.18084404239625,23.908101851851853,2019-04-08 22:07:30+00:00,335.3967026489349,358.35719785668954,-6.0924459913773115,408.76865482875496,1.0878026091843185,30.0,-4.045731297336646,2
2019-04-04 22:22:30+00:00,2.7342289607624064,35.67494838194442,-4.047568690226887,404.69793405676126,23.91851851851852,2019-04-08 22:22:30+00:00,334.77931227633206,358.2197185532396,-6.091742242450039,406.3439065108514,1.1328276105589172,30.0,-4.047568690226887,2
2019-04-04 22:37:30+00:00,2.7850216960321896,35.67483222994404,-4.049357661827519,418.61241604224097,23.928935185185185,2019-04-08 22:37:30+00:00,334.77931227633206,358.0822391559052,-6.091038304385893,394.2718633620136,1.2368818689928445,30.0,-4.049357661827519,2
2019-04-04 22:52:30+00:00,2.8358156803532735,35.674891529560725,-4.05109817189971,413.8680746981403,23.939351851851853,2019-04-08 22:52:30+00:00,334.1718669888402,357.94475966463955,-6.090334177211603,397.7595137194469,1.2699125217046827,30.0,-4.05109817189971,2
2019-04-04 23:07:30+00:00,2.886608937388115,35.67512627950236,-4.05279018269802,400.7531933066739,23.94976851851852,2019-04-08 23:07:30+00:00,333.5748030888055,357.8072800794683,-6.089629860953907,396.8638206534701,1.269393791267107,30.0,-4.05279018269802,2
2019-04-04 23:22:30+00:00,2.9373994907846335,35.67553647465566,-4.054433658974259,395.4872704507512,23.960185185185185,2019-04-08 23:22:30+00:00,333.5748030888055,357.6698004003303,-6.08892535563952,394.0498052309405,1.2985326368392496,30.0,-4.054433658974259,2
2019-04-04 23:37:30+00:00,2.9881853643883467,35.67612210608415,-4.056028567980506,392.8407811468727,23.970601851851853,2019-04-08 23:37:30+00:00,332.9888875632278,357.5323206272224,-6.08822066129517,395.0345814452659,1.3381075481236586,30.0,-4.056028567980506,2
2019-04-04 23:52:30+00:00,3.0389645823358564,35.676883161031036,-4.057574879471547,390.85297200760954,23.98101851851852,2019-04-08 23:52:30+00:00,332.41548420955945,357.3948407601268,-6.087515777947606,400.51582182425255,1.3802723941416668,30.0,-4.057574879471547,2
2019-04-05 00:07:30+00:00,3.089735169214128,35.677819622918776,-4.0590725657077895,395.6904919051131,23.991435185185185,2019-04-09 00:07:30+00:00,332.41548420955945,357.25736079902595,-6.086810705623531,406.50011924636294,1.451051072952685,30.0,-4.0590725657077895,2
2019-04-05 00:22:30+00:00,3.1404951501545626,35.67893147134771,-4.060521601456694,400.29215358931555,24.001851851851853,2019-04-09 00:22:30+00:00,331.857039871872,357.119880743902,-6.0861054443497,408.4919309961046,1.5203317661725737,30.0,-4.060521601456694,2
2019-04-05 00:37:30+00:00,3.191242550988632,35.68021868210532,-4.061921963994295,407.70276041464456,24.01226851851852,2019-04-09 00:37:30+00:00,331.857039871872,356.98240059475216,-6.085399994152831,408.2256141187694,1.6001674991090074,30.0,-4.061921963994295,2
2019-04-05 00:52:30+00:00,3.241975398345342,35.68168122716697,-4.063273633106938,396.598982800792,24.022685185185185,2019-04-09 00:52:30+00:00,331.31797553834133,356.8449203515297,-6.084694355059655,409.4643850862549,1.605933091941516,30.0,-4.063273633106938,2
2019-04-05 01:07:30+00:00,3.292691719883173,35.68331907469526,-4.064576591091866,405.7071863959312,24.033101851851853,2019-04-09 01:07:30+00:00,330.80632337700393,356.70744001424606,-6.083988527096895,409.1342714047222,1.6929178439200467,30.0,-4.064576591091866,2
2019-04-05 01:22:30+00:00,3.343389544265051,35.68513218904474,-4.06583082275762,385.89315525876464,24.04351851851852,2019-04-09 01:22:30+00:00,330.80632337700393,356.56995958286916,-6.083282510291303,406.35583114715007,1.6609372685417898,30.0,-4.06583082275762,2
2019-04-05 01:37:30+00:00,3.3940669014846314,35.68712053076361,-4.067036315424485,387.6616065535583,24.053935185185185,2019-04-09 01:37:30+00:00,330.33673941140023,356.43247905738156,-6.082576304669576,401.23792178884,1.718703964977434,30.0,-4.067036315424485,2
2019-04-05 01:52:30+00:00,3.4447218227895973,35.68928405659903,-4.068193058924102,385.8989789183522,24.064351851851853,2019-04-09 01:52:30+00:00,329.9360526458048,356.2949984377658,-6.08186991025848,408.7944192702123,1.7610662562604722,30.0,-4.068193058924102,2
2019-04-05 02:07:30+00:00,3.495352340931954,35.69162271949909,-4.069301045598704,407.4698140311371,24.07476851851852,2019-04-09 02:07:30+00:00,329.9360526458048,356.1575177239897,-6.081163327084735,412.11324429604895,1.9001714984819478,30.0,-4.069301045598704,2
2019-04-05 02:22:30+00:00,3.5459564903109744,35.694136468618,-4.070360270300556,399.4000417362271,24.085185185185185,2019-04-09 02:22:30+00:00,329.6534816429647,356.0200369160651,-6.080456555175054,405.8096828046744,1.9178266818380567,30.0,-4.070360270300556,2
2019-04-05 02:37:30+00:00,3.596532307056505,35.696825249321385,-4.071370730390575,400.9550801723803,24.095601851851853,2019-04-09 02:37:30+00:00,329.5793960572577,355.8825560139746,-6.079749594556201,406.8030050083472,1.973951108769596,30.0,-4.071370730390575,2
2019-04-05 02:52:30+00:00,3.6470778291918498,35.69968900318998,-4.072332425736571,389.230112202508,24.10601851851852,2019-04-09 02:52:30+00:00,329.5793960572577,355.7450750176715,-6.079042445254875,412.8833770569998,1.974778597685602,30.0,-4.072332425736571,2
2019-04-05 03:07:30+00:00,3.697591096745654,35.70272766802524,-4.073245358711218,391.8235819388904,24.116435185185185,2019-04-09 03:07:30+00:00,329.87955450892383,355.6075939271533,-6.0783351072978355,415.7081246521981,2.035475120110574,30.0,-4.073245358711218,2
2019-04-05 03:22:30+00:00,3.748070151845392,35.70594117785548,-4.07410953418977,382.9664023372287,24.126851851851853,2019-04-09 03:22:30+00:00,330.8567790986047,355.470112742417,-6.077627580711794,408.88782892121793,2.0465547784928444,30.0,-4.07410953418977,2
2019-04-05 03:37:30+00:00,3.798513038907404,35.70932946294063,-4.074924959547273,380.2228520402221,24.13726851851852,2019-04-09 03:37:30+00:00,330.8567790986047,355.33263146341613,-6.07691986552349,398.0571515296056,2.0837024678797316,30.0,-4.074924959547273,2
2019-04-05 03:52:30+00:00,3.848917804757821,35.71289244978058,-4.0756916446557145,401.841611018364,24.147685185185185,2019-04-09 03:52:30+00:00,333.0592332722014,355.19515009014833,-6.076211961759645,399.82788774942367,2.225350099990977,30.0,-4.0756916446557145,2
2019-04-05 04:07:30+00:00,3.899282498734672,35.716630061118586,-4.076409601880083,408.8535537371028,24.158101851851853,2019-04-09 04:07:30+00:00,333.0592332722014,355.05766862261055,-6.07550386944702,387.7890501262788,2.3025154058909343,30.0,-4.076409601880083,2
2019-04-05 04:22:30+00:00,3.949605172820142,35.720542215951106,-4.077078846075072,394.70471619365605,24.16851851851852,2019-04-09 04:22:30+00:00,337.4610146442007,354.9201870607712,-6.074795588612313,389.80055142409066,2.294467433321102,30.0,-4.077078846075072,2
2019-04-05 04:37:30+00:00,3.999883881785806,35.72462882953434,-4.077699394580841,395.7914353379664,24.178935185185185,2019-04-09 04:37:30+00:00,345.7323683860649,354.78270540461284,-6.074087119282281,390.6850244913684,2.3481114884870484,30.0,-4.077699394580841,2
2019-04-05 04:52:30+00:00,4.05011668331332,35.7288898133911,-4.078271267218313,386.24839849361337,24.189351851851853,2019-04-09 04:52:30+00:00,345.7323683860649,354.6452236541041,-6.073378461483645,390.3116304952699,2.3562741279993458,30.0,-4.078271267218313,2
2019-04-05 05:07:30+00:00,4.100301638104684,35.73332507531865,-4.078794486284451,385.6970920526458,24.19976851851852,2019-04-09 05:07:30+00:00,360.54693394048473,354.5077418092712,-6.072669615243134,393.45575959933217,2.402724709532958,30.0,-4.078794486284451,2
2019-04-05 05:22:30+00:00,4.150436810011063,35.737934519397044,-4.079269076547026,385.56448247078464,24.210185185185185,2019-04-09 05:22:30+00:00,385.6386151898528,354.3702598700535,-6.071960580587492,395.0396494156928,2.450910746229683,30.0,-4.079269076547026,2
2019-04-05 05:37:30+00:00,4.200520266187084,35.74271804599981,-4.079695065239323,390.1929572543386,24.220601851851853,2019-04-09 05:37:30+00:00,385.6386151898528,354.2327778364483,-6.07125135754344,402.0518324191112,2.519753974163657,30.0,-4.079695065239323,2
2019-04-05 05:52:30+00:00,4.250550077231913,35.74767555179957,-4.080072482053896,397.1114648445083,24.23101851851852,2019-04-09 05:52:30+00:00,424.8506797732165,354.0952957084388,-6.0705419461377215,401.4092932665554,2.5976405560364584,30.0,-4.080072482053896,2
2019-04-05 06:07:30+00:00,4.30052431718567,35.75280692977761,-4.080401359136415,398.5246729044531,24.241435185185185,2019-04-09 06:07:30+00:00,479.2449205803206,353.9578134860077,-6.069832346397061,388.3016336751729,2.6520057347455857,30.0,-4.080401359136415,2
2019-04-05 06:22:30+00:00,4.350441063814398,35.75811206923709,-4.080681731079502,408.3446368948247,24.251851851851853,2019-04-09 06:22:30+00:00,479.2449205803206,353.8203311691528,-6.0691225583481945,406.39816360601,2.740082751834941,30.0,-4.080681731079502,2
2019-04-05 06:37:30+00:00,4.400298398678908,35.76359085580889,-4.080913634915262,419.9246806693326,24.26226851851852,2019-04-09 06:37:30+00:00,543.2939760524076,353.6828487578422,-6.068412582017851,414.12910406232606,2.832858111284807,30.0,-4.080913634915262,2
2019-04-05 06:52:30+00:00,4.450094407181004,35.76924317146264,-4.081097110108391,418.77547851069613,24.272685185185185,2019-04-09 06:52:30+00:00,605.1809276207589,353.5453662520446,-6.067702417432768,411.8145321567693,2.8768113590976276,30.0,-4.081097110108391,2
2019-04-05 07:07:30+00:00,4.499827178792555,35.77506889451815,-4.081232198548467,412.17132721202006,24.283101851851853,2019-04-09 07:07:30+00:00,605.1809276207589,353.40788365177235,-6.066992064619664,419.1597106288259,2.8997215427069474,30.0,-4.081232198548467,2
2019-04-05 07:22:30+00:00,4.549494807137474,35.781067899656755,-4.081318944542214,418.82983266684784,24.29351851851852,2019-04-09 07:22:30+00:00,653.9887995358466,353.27040095697913,-6.0662815236053005,413.6767628587328,2.973191727507671,30.0,-4.081318944542214,2
2019-04-05 07:37:30+00:00,4.599095390111046,35.78724005792988,-4.081357394805031,420.7477578910588,24.303935185185185,2019-04-09 07:37:30+00:00,686.2075498817646,353.13291816769186,-6.065570794416388,417.7445092470134,3.0283024190758465,30.0,-4.081357394805031,2
2019-04-05 07:52:30+00:00,4.648627029935057,35.793585236772095,-4.081347598452538,422.8132158248243,24.314351851851853,2019-04-09 07:52:30+00:00,686.2075498817646,352.99543528385004,-6.064859877079668,413.4080610541379,3.08379362216996,30.0,-4.081347598452538,2
2019-04-05 08:07:30+00:00,4.698087833439921,35.80010330001408,-4.0812896069917874,419.1517111853088,24.32476851851852,2019-04-09 08:07:30+00:00,704.6645423687526,352.8579523054514,-6.064148771621865,413.7648606262963,3.1178089131192293,30.0,-4.0812896069917874,2
2019-04-05 08:22:30+00:00,4.7474759119719945,35.806794107890525,-4.081183474311909,411.62402453701907,24.335185185185185,2019-04-09 08:22:30+00:00,704.6645423687526,352.7204692324791,-6.063437478069709,413.0256777168296,3.1364409142837713,30.0,-4.081183474311909,2
2019-04-05 08:37:30+00:00,4.796789381678939,35.81365751705677,-4.081029256674596,408.0444151104554,24.345601851851853,2019-04-09 08:37:30+00:00,713.9940581879481,352.58298606491627,-6.062725996449944,412.52643294379527,3.169700535810899,30.0,-4.081029256674596,2
2019-04-05 08:52:30+00:00,4.8460263635868825,35.82069338059953,-4.080827012704427,406.4215553053539,24.35601851851852,2019-04-09 08:52:30+00:00,717.9503707290123,352.4455028027611,-6.062014326789297,407.3288814691152,3.2104634628811963,30.0,-4.080827012704427,2
2019-04-05 09:07:30+00:00,4.895184983688398,35.82790154805056,-4.080576803378563,411.06010016694495,24.366435185185185,2019-04-09 09:07:30+00:00,717.9503707290123,352.30801944598187,-6.0613024691145,402.6850306065665,3.276075767436989,30.0,-4.080576803378563,2
2019-04-05 09:22:30+00:00,4.944263373031332,35.835281865397214,-4.080278692016199,432.7367317622394,24.376851851851853,2019-04-09 09:22:30+00:00,718.9127369088778,352.1705359945476,-6.060590423452299,399.52659193894584,3.404310819732258,30.0,-4.080278692016199,2
2019-04-05 09:37:30+00:00,4.993259667888497,35.84283417510006,-4.079932744268065,437.0229452187755,24.38726851851852,2019-04-09 09:37:30+00:00,718.2277819099044,352.0330524484707,-6.059878189829398,410.7878209714603,3.466437055200586,30.0,-4.079932744268065,2
2019-04-05 09:52:30+00:00,5.04217200986278,35.85055831610275,-4.079539028105092,453.95814729976314,24.397685185185185,2019-04-09 09:52:30+00:00,718.2277819099044,351.89556880772,-6.059165768272562,414.7301057317751,3.5703653635567205,30.0,-4.079539028105092,2
2019-04-05 10:07:30+00:00,5.090998545987378,35.858454123848034,-4.079097613807218,435.92967445742903,24.408101851851853,2019-04-09 10:07:30+00:00,716.6187445573102,351.7580850722643,-6.058453158808492,410.4428014945544,3.556254835376416,30.0,-4.079097613807218,2
2019-04-05 10:22:30+00:00,5.139737428835769,35.86652143029287,-4.078608573951596,419.9091509104321,24.41851851851852,2019-04-09 10:22:30+00:00,714.4664532612154,351.62060124211615,-6.057740361463942,416.98728650314627,3.54424559974561,30.0,-4.078608573951596,2
2019-04-05 10:37:30+00:00,5.188386816617689,35.874760063920064,-4.078071983400674,419.86256163373065,24.428935185185185,2019-04-09 10:37:30+00:00,714.4664532612154,351.48311731725903,-6.057027376265636,417.90805188134067,3.5904770734167486,30.0,-4.078071983400674,2
2019-04-05 10:52:30+00:00,5.236944873341831,35.88316984975784,-4.077487919289939,420.0877431377878,24.439351851851853,2019-04-09 10:52:30+00:00,711.9717936888212,351.3456332976473,-6.056314203240299,416.81691708402894,3.637605464988466,30.0,-4.077487919289939,2
2019-04-05 11:07:30+00:00,5.285409768904356,35.891750609389454,-4.076856461015361,414.7459307178631,24.44976851851852,2019-04-09 11:07:30+00:00,709.2429943318781,351.20814918327903,-6.05560084241467,415.7214404960649,3.663108589775754,30.0,-4.076856461015361,2
2019-04-05 11:22:30+00:00,5.333779679113133,35.900502160972025,-4.0761776902205735,418.2552315875296,24.460185185185185,2019-04-09 11:22:30+00:00,709.2429943318781,351.07066497415235,-6.054887293815493,414.4421257651642,3.7227006153958264,30.0,-4.0761776902205735,2
2019-04-05 11:37:30+00:00,5.382052785922574,35.90942431925239,-4.075451690783825,408.3317156501145,24.470601851851853,2019-04-09 11:37:30+00:00,706.3409287920706,350.93318067022165,-6.0541735574694915,412.4751570077112,3.7293250184712186,30.0,-4.075451690783825,2
2019-04-05 11:52:30+00:00,5.430227277464456,35.9185168955803,-4.074678548804465,405.2335287494662,24.48101851851852,2019-04-09 11:52:30+00:00,703.3022347432244,350.7956962714997,-6.053459633403379,418.67278797996664,3.762301262952673,30.0,-4.074678548804465,2
2019-04-05 12:07:30+00:00,5.478301348196578,35.92777969792837,-4.073858352589394,410.62186978297166,24.491435185185185,2019-04-09 12:07:30+00:00,703.3022347432244,350.65821177795567,-6.052745521643899,407.0155387183768,3.8296863715224037,30.0,-4.073858352589394,2
2019-04-05 12:22:30+00:00,5.526273198934039,35.93721253090583,-4.072991192639142,415.2269286019335,24.501851851851853,2019-04-09 12:22:30+00:00,700.1510124010049,350.52072718957305,-6.052031222217798,408.1290245647508,3.8933477913341665,30.0,-4.072991192639142,2
2019-04-05 12:37:30+00:00,5.5741410370456395,35.94681519577544,-4.072077161633671,419.3190200722134,24.51226851851852,2019-04-09 12:37:30+00:00,700.1510124010049,350.38324250633553,-6.051316735151789,409.5645520311631,3.9545359120038146,30.0,-4.072077161633671,2
2019-04-05 12:52:30+00:00,5.621903076482703,35.95658749047155,-4.071116354417823,422.424971852312,24.522685185185185,2019-04-09 12:52:30+00:00,696.9047180433378,350.24575772822686,-6.050602060472607,410.5881597534352,4.011564475704922,30.0,-4.071116354417823,2
2019-04-05 13:07:30+00:00,5.669557537927108,35.96652920961768,-4.0701088679867565,414.2607470784641,24.533101851851853,2019-04-09 13:07:30+00:00,693.5771267323398,350.1082728552455,-6.049887198206986,411.8141346688926,4.024741813786454,30.0,-4.0701088679867565,2
2019-04-05 13:22:30+00:00,5.717102648842739,35.9766401445407,-4.0690548014709895,401.0715533641341,24.54351851851852,2019-04-09 13:22:30+00:00,693.5771267323398,349.9707878873459,-6.04917214838165,415.298910883218,4.0153183609051,30.0,-4.0690548014709895,2
2019-04-05 13:37:30+00:00,5.7645366436196115,35.986920083292816,-4.067954256121067,370.0819194782001,24.553935185185185,2019-04-09 13:37:30+00:00,690.1798218033147,349.8333028245266,-6.048456911023345,418.2595993322203,3.9170774476654397,30.0,-4.067954256121067,2
2019-04-05 13:52:30+00:00,5.811857763684856,35.997368810666956,-4.06680733529222,381.2400512482044,24.564351851851853,2019-04-09 13:52:30+00:00,686.7229469027195,349.69581766678584,-6.047741486158768,418.46808172350745,4.0153400670333514,30.0,-4.06680733529222,2
2019-04-05 14:07:30+00:00,5.859064257554742,36.00798610821658,-4.065614144428641,383.2089941569282,24.57476851851852,2019-04-09 14:07:30+00:00,686.7229469027195,349.55833241409306,-6.047025873814684,418.5392320534224,4.068613058864615,30.0,-4.065614144428641,2
2019-04-05 14:22:30+00:00,5.906154380910285,36.018771754271214,-4.064374791047427,378.8562332569786,24.585185185185185,2019-04-09 14:22:30+00:00,683.2155909453281,349.4208470664322,-6.046310074017815,416.2985928929168,4.091881122781407,30.0,-4.064374791047427,2
2019-04-05 14:37:30+00:00,5.95312639677524,36.029725523958376,-4.063089384722852,384.8429553131187,24.595601851851853,2019-04-09 14:37:30+00:00,679.6659918794791,349.28336162377235,-6.045594086794885,419.4045631608236,4.163825974975323,30.0,-4.063089384722852,2
2019-04-05 14:52:30+00:00,5.999978575512832,36.04084718922033,-4.0617580370695165,374.9272042551539,24.60601851851852,2019-04-09 14:52:30+00:00,679.6659918794791,349.14587608614147,-6.044877912172618,421.6070434851737,4.159968680664036,30.0,-4.0617580370695165,2
2019-04-05 15:07:30+00:00,6.046709195008977,36.05213651883254,-4.0603808617259896,371.64284223706176,24.616435185185185,2019-04-09 15:07:30+00:00,676.0816521295874,349.00839045347965,-6.04416155017775,418.77944722685953,4.186969310516243,30.0,-4.0603808617259896,2
2019-04-05 15:22:30+00:00,6.093316540733403,36.06359327842845,-4.058957974337647,369.0569553907676,24.626851851851853,2019-04-09 15:22:30+00:00,672.4694117359063,348.8709047257855,-6.043445000837004,415.5741049897979,4.217000763886685,30.0,-4.058957974337647,2
2019-04-05 15:37:30+00:00,6.139798905765455,36.07521723051056,-4.057489492540073,372.3259696393214,24.63726851851852,2019-04-09 15:37:30+00:00,672.4694117359063,348.7334189030431,-6.04272826417713,413.9315525876461,4.276391812223787,30.0,-4.057489492540073,2
2019-04-05 15:52:30+00:00,6.18615459097953,36.08700813447579,-4.055975535941843,377.77024207011686,24.647685185185185,2019-04-09 15:52:30+00:00,668.8355016693437,348.59593298525124,-6.04201134022482,413.2766732432843,4.346037751307059,30.0,-4.055975535941843,2
2019-04-05 16:07:30+00:00,6.232381905054921,36.09896574663403,-4.054416226106548,377.9356779205011,24.658101851851853,2019-04-09 16:07:30+00:00,665.185588026542,348.45844697236475,-6.041294229006838,410.5453533667223,4.389457317909589,30.0,-4.054416226106548,2
2019-04-05 16:22:30+00:00,6.2784791646433185,36.11108982022719,-4.0528116865356,403.32336840470555,24.66851851851852,2019-04-09 16:22:30+00:00,665.185588026542,348.32096086439685,-6.040576930549903,409.3906510851419,4.548126829165156,30.0,-4.0528116865356,2
2019-04-05 16:37:30+00:00,6.324444694327769,36.1233801054526,-4.051162042650213,373.5683503513608,24.678935185185185,2019-04-09 16:37:30+00:00,661.5248119802757,348.1834746613318,-6.039859444880731,411.062087606328,4.452511237990846,30.0,-4.051162042650213,2
2019-04-05 16:52:30+00:00,6.370276826881031,36.13583634947955,-4.049467421773429,372.124082773615,24.689351851851853,2019-04-09 16:52:30+00:00,661.5248119802757,348.04598836312465,-6.039141772026052,409.06207315222343,4.48725543938901,30.0,-4.049467421773429,2
2019-04-05 17:07:30+00:00,6.415973903163954,36.14845829647226,-4.047727953111722,368.25438230383975,24.69976851851852,2019-04-09 17:07:30+00:00,657.8578275251674,347.9085019697742,-6.038423912012596,414.17084028937114,4.509251058212738,30.0,-4.047727953111722,2
2019-04-05 17:22:30+00:00,6.461534272350026,36.16124568761123,-4.0459437677367935,353.5660208875257,24.710185185185185,2019-04-09 17:22:30+00:00,654.1888377260144,347.7710154812648,-6.037705864867102,408.83010145113656,4.471469241741728,30.0,-4.0459437677367935,2
2019-04-05 17:37:30+00:00,6.506956291946468,36.17419826111274,-4.04411499856693,351.40738440035716,24.720601851851853,2019-04-09 17:37:30+00:00,654.1888377260144,347.6335288975807,-6.036987630616274,403.78793716022426,4.500457282162682,30.0,-4.04411499856693,2
2019-04-05 17:52:30+00:00,6.552238327843486,36.18731575225116,-4.042241780348095,352.22269674263305,24.73101851851852,2019-04-09 17:52:30+00:00,650.5216295891113,347.4960422187205,-6.036269209286858,401.6499721758487,4.54613081760583,30.0,-4.042241780348095,2
2019-04-05 18:07:30+00:00,6.597378754467917,36.20059789338059,-4.040324249635168,340.8102045075125,24.741435185185185,2019-04-09 18:07:30+00:00,646.8596074528841,347.3585554446544,-6.035550600905585,402.3013102645824,4.519643348093999,30.0,-4.040324249635168,2
2019-04-05 18:22:30+00:00,6.642375954815337,36.214044413954966,-4.038362544772999,323.0811041658578,24.751851851851853,2019-04-09 18:22:30+00:00,646.8596074528841,347.2210685753668,-6.034831805499154,398.8480801335559,4.4458716609249445,30.0,-4.038362544772999,2
2019-04-05 18:37:30+00:00,6.687228320457978,36.2276550405508,-4.036356805876683,319.8509143145553,24.76226851851852,2019-04-09 18:37:30+00:00,643.2058247398857,347.0835816108273,-6.034112823094309,400.44379521424594,4.463681831745982,30.0,-4.036356805876683,2
2019-04-05 18:52:30+00:00,6.731934251779885,36.24142949689018,-4.034307174812725,315.3006949567108,24.772685185185185,2019-04-09 18:52:30+00:00,639.5630139314569,346.94609455104955,-6.033393653717779,400.6956037840846,4.471309891638931,30.0,-4.034307174812725,2
2019-04-05 19:07:30+00:00,6.776492157918339,36.25536750386164,-4.032213795178809,336.12270450751254,24.783101851851853,2019-04-09 19:07:30+00:00,639.5630139314569,346.80860739601803,-6.032674297396276,400.534223706177,4.651172582121539,30.0,-4.032213795178809,2
2019-04-05 19:22:30+00:00,6.8209004568864895,36.269468779543686,-4.03007681228467,331.06340024071125,24.79351851851852,2019-04-09 19:22:30+00:00,635.9336146720676,346.6711201456882,-6.031954754156535,397.7659735923509,4.65823753301026,30.0,-4.03007681228467,2
2019-04-05 19:37:30+00:00,6.865157575630163,36.28373303922507,-4.027896373132017,323.1354583220095,24.803935185185185,2019-04-09 19:37:30+00:00,632.3197999604209,346.53363280005925,-6.031235024025275,396.381469115192,4.644393765985493,30.0,-4.027896373132017,2
2019-04-05 19:52:30+00:00,6.909261950061233,36.29815999542648,-4.025672626395073,296.93675505687776,24.814351851851853,2019-04-09 19:52:30+00:00,632.3197999604209,346.3961453591301,-6.030515107029227,398.1015979012641,4.487011792124841,30.0,-4.025672626395073,2
2019-04-05 20:07:30+00:00,6.95321202521162,36.31274935792891,-4.023405722399505,291.3449499165275,24.82476851851852,2019-04-09 20:07:30+00:00,628.7235004293227,346.25865782287104,-6.029795003195107,401.5611489234194,4.478752730983875,30.0,-4.023405722399505,2
2019-04-05 20:22:30+00:00,6.997006255228944,36.3275008337906,-4.021095813102895,281.9194782001009,24.835185185185185,2019-04-09 20:22:30+00:00,625.146426752689,346.1211701912665,-6.02907471254965,400.41875347801897,4.43384228176181,30.0,-4.021095813102895,2
2019-04-05 20:37:30+00:00,7.040643103492294,36.34241412737385,-4.018743052074073,290.7481461350312,24.845601851851853,2019-04-09 20:37:30+00:00,625.146426752689,345.98368246430135,-6.028354235119549,403.2136894824708,4.549452806729986,30.0,-4.018743052074073,2
2019-04-05 20:52:30+00:00,7.084121042579468,36.35748894036552,-4.016347594473132,285.5853505843072,24.85601851851852,2019-04-09 20:52:30+00:00,621.5900902454921,345.84619464197476,-6.027633570931566,413.3853771437243,4.541866983922725,30.0,-4.016347594473132,2
2019-04-05 21:07:30+00:00,7.127438554490099,36.37272497180285,-4.013909597029963,296.45533253096244,24.866435185185185,2019-04-09 21:07:30+00:00,621.5900902454921,345.70870672422774,-6.026912720012397,411.32641704428016,4.672530835861432,30.0,-4.013909597029963,2
2019-04-05 21:22:30+00:00,7.170594130524205,36.38812191809467,-4.011429218024626,327.91862406336145,24.876851851851853,2019-04-09 21:22:30+00:00,618.0558217417456,345.5712187111035,-6.026191682388779,411.6631886477462,4.945868925617987,30.0,-4.011429218024626,2
2019-04-05 21:37:30+00:00,7.213586271517539,36.4036794730461,-4.008906617265597,317.4282719260783,24.88726851851852,2019-04-09 21:37:30+00:00,614.5447888481127,345.4337306025429,-6.025470458087436,411.9953891406312,4.909741345008988,30.0,-4.008906617265597,2
2019-04-05 21:52:30+00:00,7.256413487721397,36.419397327879445,-4.006341956070084,323.46097662771285,24.897685185185185,2019-04-09 21:52:30+00:00,614.5447888481127,345.2962423985747,-6.0247490471350815,415.5495269894268,4.989987059639419,30.0,-4.006341956070084,2
2019-04-05 22:07:30+00:00,7.29907429899084,36.4352751712629,-4.003735397241778,335.76891718756065,24.908101851851853,2019-04-09 22:07:30+00:00,611.0580116777544,345.1587540991255,-6.024027449558424,417.5566420224183,5.110325635361557,30.0,-4.003735397241778,2
2019-04-05 22:22:30+00:00,7.341567234836726,36.451312689331175,-4.001087105050504,337.352952595411,24.91851851851852,2019-04-09 22:22:30+00:00,607.5963771718399,345.0212657042239,-6.023305665384195,424.8902016180814,5.157666779849497,30.0,-4.001087105050504,2
2019-04-05 22:37:30+00:00,7.383890834411618,36.467509565710785,-3.998397245210688,337.20541988585626,24.928935185185185,2019-04-09 22:37:30+00:00,607.5963771718399,344.8837772138545,-6.0225836946391205,432.8571428571429,5.193549517692004,30.0,-3.998397245210688,2
2019-04-05 22:52:30+00:00,7.426043646591756,36.483865481542104,-3.99566598486075,342.9778797996661,24.939351851851853,2019-04-09 22:52:30+00:00,604.1606521158144,344.7462886279736,-6.021861537349919,436.84260091605665,5.267120677562044,30.0,-3.99566598486075,2
2019-04-05 23:07:30+00:00,7.468024230049517,36.50038011550639,-3.9928934925411537,367.0303218542532,24.94976851851852,2019-04-09 23:07:30+00:00,600.7514949549073,344.6087999465807,-6.02113919354331,436.98487377953154,5.445442543251381,30.0,-3.9928934925411537,2
2019-04-05 23:22:30+00:00,7.509831153295663,36.517053143848194,-3.9900799381734937,339.99301160849484,24.960185185185185,2019-04-09 23:22:30+00:00,600.7514949549073,344.4713111696751,-6.020416663246008,438.7832896096669,5.320807097642623,30.0,-3.9900799381734937,2
2019-04-05 23:37:30+00:00,7.5514629946482525,36.53388424039749,-3.987225493039301,342.7107194160811,24.970601851851853,2019-04-09 23:37:30+00:00,597.3694665091913,344.3338222972278,-6.019693946484732,441.4844184752365,5.3741893813813135,30.0,-3.987225493039301,2
2019-04-05 23:52:30+00:00,7.592918342472043,36.55087307660278,-3.984330329757016,334.9410475792988,24.98101851851852,2019-04-09 23:52:30+00:00,594.0150396832904,344.1963333292235,-6.018971043286196,441.347545053722,5.35934574520954,30.0,-3.984330329757016,2
2019-04-06 00:07:30+00:00,7.634195795029666,36.56801932154416,-3.981394622262886,331.4586811352254,24.991435185185185,2019-04-10 00:07:30+00:00,594.0150396832904,344.05884426564745,-6.0182479536771325,447.7525041736227,5.371249299212745,30.0,-3.981394622262886,2
2019-04-06 00:22:30+00:00,7.675293960595004,36.58532264196559,-3.9784185457874166,333.951935396203,25.001851851851853,2019-04-10 00:22:30+00:00,590.6886082600294,343.92135510648484,-6.017524677684229,449.400985769934,5.4233252344589395,30.0,-3.9784185457874166,2
2019-04-06 00:37:30+00:00,7.71621145753729,36.6027827022976,-3.9754022768348194,352.0130449974764,25.01226851851852,2019-04-10 00:37:30+00:00,587.3904948611904,343.78386585172103,-6.01680121533425,450.22815804117977,5.574122467795377,30.0,-3.9754022768348194,2
2019-04-06 00:52:30+00:00,7.756946914351967,36.620399164682055,-3.972345993160392,371.5098080133555,25.022685185185185,2019-04-10 00:52:30+00:00,587.3904948611904,343.6463765013555,-6.0160775666538715,450.9154145798553,5.7218591017,30.0,-3.972345993160392,2
2019-04-06 01:07:30+00:00,7.797498969608021,36.63817168899413,-3.9692498737502735,352.38575921108827,25.033101851851853,2019-04-10 01:07:30+00:00,584.1209581523788,343.50888705534487,-6.015353731669818,454.4027925330096,5.6462068138137536,30.0,-3.9692498737502735,2
2019-04-06 01:22:30+00:00,7.837866272104336,36.656099932873495,-3.966114098798064,329.67348681911716,25.04351851851852,2019-04-10 01:22:30+00:00,584.1209581523788,343.3713975137032,-6.014629710408814,450.70414977343194,5.532154195351381,30.0,-3.966114098798064,2
2019-04-06 01:37:30+00:00,7.87804748089431,36.67418355174465,-3.962938849684077,334.1149978646581,25.053935185185185,2019-04-10 01:37:30+00:00,580.8801993629066,343.2339078764159,-6.013905502897576,454.3712735511567,5.596805067030536,30.0,-3.962938849684077,2
2019-04-06 01:52:30+00:00,7.918041265235454,36.69242219884171,-3.959724308953549,324.7913188647746,25.064351851851853,2019-04-10 01:52:30+00:00,577.6683681857397,343.09641814343934,-6.013181109162802,453.5183639398999,5.564899021307506,30.0,-3.959724308953549,2
2019-04-06 02:07:30+00:00,7.957846304730544,36.71081552523888,-3.956470660293744,326.1404666692549,25.07476851851852,2019-04-10 02:07:30+00:00,577.6683681857397,342.9589283147735,-6.012456529231219,447.807854360442,5.607997744513662,30.0,-3.956470660293744,2
2019-04-06 02:22:30+00:00,7.997461289318039,36.729363179867775,-3.9531780885136847,332.35237022945216,25.085185185185185,2019-04-10 02:22:30+00:00,574.4855681169646,342.8214383904183,-6.011731763129553,451.0826124348662,5.685159851352328,30.0,-3.9531780885136847,2
2019-04-06 02:37:30+00:00,8.0368849192777,36.74806480954702,-3.9498467795216214,325.006794269519,25.095601851851853,2019-04-10 02:37:30+00:00,571.331861288985,342.6839483703302,-6.011006810884485,455.2690992924716,5.665751088167411,30.0,-3.9498467795216214,2
2019-04-06 02:52:30+00:00,8.076115905273044,36.76692005900769,-3.9464769203027954,328.1719532554257,25.10601851851852,2019-04-10 02:52:30+00:00,571.331861288985,342.5464582545092,-6.01028167252276,453.1524763494714,5.721289776123086,30.0,-3.9464769203027954,2
2019-04-06 03:07:30+00:00,8.115152968431833,36.785928570917186,-3.943068698898307,353.0302442054587,25.116435185185185,2019-04-10 03:07:30+00:00,568.207272846764,342.40896804296995,-6.009556348071066,442.6585976627713,5.919990681500771,30.0,-3.943068698898307,2
2019-04-06 03:22:30+00:00,8.153994840333796,36.80508998590613,-3.939622304382788,344.6441743991924,25.126851851851853,2019-04-10 03:22:30+00:00,565.1117949118978,342.2714777356545,-6.008830837556125,437.6850306065664,5.899069368040101,30.0,-3.939622304382788,2
2019-04-06 03:37:30+00:00,8.192640263056632,36.82440394259322,-3.936137926842548,330.4033854874403,25.13726851851852,2019-04-10 03:37:30+00:00,565.1117949118978,342.1339873325629,-6.008105141004654,435.18793949511814,5.833849064613883,30.0,-3.936137926842548,2
2019-04-06 03:52:30+00:00,8.231087989170739,36.84387007760664,-3.9326157573546863,325.36905340922544,25.147685185185185,2019-04-10 03:52:30+00:00,562.0453901751468,341.9964968336811,-6.007379258443345,436.8067992108059,5.8289675716988665,30.0,-3.9326157573546863,2
2019-04-06 04:07:30+00:00,8.269336781781263,36.86348802561699,-3.929055987963894,332.6287614343465,25.158101851851853,2019-04-10 04:07:30+00:00,559.0079951542344,341.85900623900886,-6.006653189898926,434.3179108037205,5.912907863901401,30.0,-3.929055987963894,2
2019-04-06 04:22:30+00:00,8.307385414571906,36.883257419355054,-3.925458811661899,334.08393834685717,25.16851851851852,2019-04-10 04:22:30+00:00,559.0079951542344,341.7215155485178,-6.005926935398105,431.6568017402742,5.954462620873091,30.0,-3.925458811661899,2
2019-04-06 04:37:30+00:00,8.34523267186966,36.90317788964675,-3.921824422364102,328.283573397523,25.178935185185185,2019-04-10 04:37:30+00:00,555.9995231502551,341.58402476217884,-6.005200494967591,434.770450751252,5.94380685687529,30.0,-3.921824422364102,2
2019-04-06 04:52:30+00:00,8.382877348538962,36.923249065428394,-3.918153014889839,331.54476210350583,25.189351851851853,2019-04-10 04:52:30+00:00,553.0198669328778,341.44653388002166,-6.004473868634083,434.5707130932506,5.998159255809432,30.0,-3.918153014889839,2
2019-04-06 05:07:30+00:00,8.420318250077802,36.943470573775166,-3.9144447849399953,416.91190744263696,25.19976851851852,2019-04-10 05:07:30+00:00,553.0198669328778,341.3090429019884,-6.003747056424296,431.12687813021705,6.518357448218596,30.0,-3.9144447849399953,2
2019-04-06 05:22:30+00:00,8.457554192651012,36.963842039931016,-3.9106999290744935,343.06013899134217,25.210185185185185,2019-04-10 05:22:30+00:00,550.0689011816687,341.17155182807943,-6.003020058364935,430.6701645599809,6.139370137589577,30.0,-3.9106999290744935,2
2019-04-06 05:37:30+00:00,8.494584003129704,36.98436308732987,-3.9069186446914026,339.2398183018209,25.220601851851853,2019-04-10 05:37:30+00:00,550.0689011816687,341.0340606583098,-6.002292874482714,429.32109070673346,6.1433857599975825,30.0,-3.9069186446914026,2
2019-04-06 05:52:30+00:00,8.531406519018558,37.00503333762267,-3.903101130005581,350.05217028380633,25.23101851851852,2019-04-10 05:52:30+00:00,547.1464847082838,340.89656939260726,-6.001565504804332,430.1126878130217,6.246088236625617,30.0,-3.903101130005581,2
2019-04-06 06:07:30+00:00,8.568020588536017,37.025852410702385,-3.899247584026438,397.88018791008267,25.241435185185185,2019-04-10 06:07:30+00:00,544.2524624819544,340.75907803100137,-6.000837949356499,430.008347245409,6.551438199273399,30.0,-3.899247584026438,2
2019-04-06 06:22:30+00:00,8.604425070649741,37.046819924729235,-3.89535820653716,363.5283612221921,25.251851851851853,2019-04-10 06:22:30+00:00,544.2524624819544,340.6215865734637,-6.000110208165912,425.8875904284919,6.3906976883215085,30.0,-3.89535820653716,2
2019-04-06 06:37:30+00:00,8.640618835009082,37.06793549615645,-3.8914331980731154,326.1482315487052,25.26226851851852,2019-04-10 06:37:30+00:00,541.3866674785994,340.4840950199948,-5.999382281259288,420.82081246521983,6.165780631992438,30.0,-3.8914331980731154,2
2019-04-06 06:52:30+00:00,8.67660076207032,37.08919873975815,-3.887472759899425,323.7896494156928,25.272685185185185,2019-04-10 06:52:30+00:00,538.548922372024,340.34660337055175,-5.998654168663322,424.75792988313856,6.1762355254990595,30.0,-3.887472759899425,2
2019-04-06 07:07:30+00:00,8.712369742945674,37.110609268650045,-3.883477093991595,323.77994331638,25.283101851851853,2019-04-10 07:07:30+00:00,538.548922372024,340.2091116251498,-5.9979258704047265,426.1733842117816,6.204377817247206,30.0,-3.883477093991595,2
2019-04-06 07:22:30+00:00,8.747924679634211,37.13216669431856,-3.8794464030126874,324.3001902395465,25.29351851851852,2019-04-10 07:22:30+00:00,535.7390410839884,340.07161978374575,-5.997197386510199,434.68976071229827,6.236364760866264,30.0,-3.8794464030126874,2
2019-04-06 07:37:30+00:00,8.78326448481211,37.153870626646984,-3.875380890292655,326.77718678417517,25.303935185185185,2019-04-10 07:37:30+00:00,532.9568302084316,339.9341278463553,-5.996468717006431,438.2290997816874,6.283157379446289,30.0,-3.875380890292655,2
2019-04-06 07:52:30+00:00,8.818388081941974,37.17572067393133,-3.8712807598082737,323.50792988313856,25.314351851851853,2019-04-10 07:52:30+00:00,532.9568302084316,339.7966358129644,-5.9957398619201525,450.4942581069459,6.285302539364999,30.0,-3.8712807598082737,2
2019-04-06 08:07:30+00:00,8.853294405309853,37.197716442921205,-3.867146216160205,338.92922312381097,25.32476851851852,2019-04-10 08:07:30+00:00,530.2020903238016,339.6591436835303,-5.995010821278029,445.711900787026,6.428052971109553,30.0,-3.867146216160205,2
2019-04-06 08:22:30+00:00,8.887982399999194,37.21985753883477,-3.862977464552985,341.01021081647707,25.335185185185185,2019-04-10 08:22:30+00:00,527.4746172062626,339.52165145806845,-5.994281595106795,452.2879040825619,6.470125982305319,30.0,-3.862977464552985,2
2019-04-06 08:37:30+00:00,8.92245102183994,37.24214356538509,-3.8587747107747776,333.1599176922779,25.345601851851853,2019-04-10 08:37:30+00:00,527.4746172062626,339.3841591365507,-5.993552183433124,448.0972255346212,6.439983097156032,30.0,-3.8587747107747776,2
2019-04-06 08:52:30+00:00,8.956699237490993,37.26457412481026,-3.854538161175134,325.2843280467446,25.35601851851852,2019-04-10 08:52:30+00:00,524.7742029554988,339.2466667189488,-5.992822586283735,444.885225375626,6.406252362423045,30.0,-3.854538161175134,2
2019-04-06 09:07:30+00:00,8.990726024415109,37.28714881789261,-3.8502680226458574,323.5004076561711,25.366435185185185,2019-04-10 09:07:30+00:00,522.1006370439184,339.1091742052783,-5.992092803685315,455.68169170840287,6.418245659700318,30.0,-3.8502680226458574,2
2019-04-06 09:22:30+00:00,9.024530370876654,37.30986724398608,-3.8459645025996,293.4891485809683,25.376851851851853,2019-04-10 09:22:30+00:00,522.1006370439184,338.9716815955257,-5.991362835664575,456.44963828603227,6.180156349433082,30.0,-3.8459645025996,2
2019-04-06 09:37:30+00:00,9.058111275910168,37.33272900104154,-3.8416278089494633,287.8673758589898,25.38726851851852,2019-04-10 09:37:30+00:00,519.4537072992512,338.8341888896629,-5.990632682248199,458.0279097641368,6.14911980391039,30.0,-3.8416278089494633,2
2019-04-06 09:52:30+00:00,9.09146774938741,37.3557336856357,-3.837258150088034,283.92633555926545,25.397685185185185,2019-04-10 09:52:30+00:00,519.4537072992512,338.6966960876621,-5.989902343462882,454.22609110422127,6.132845070476091,30.0,-3.837258150088034,2
2019-04-06 10:07:30+00:00,9.124598811939372,37.378880892989386,-3.8328557348681542,278.8834103350546,25.408101851851853,2019-04-10 10:07:30+00:00,516.8332008298373,338.55920318953866,-5.989171819335326,447.69616026711185,6.102998047605643,30.0,-3.8328557348681542,2
2019-04-06 10:22:30+00:00,9.1575034950281,37.402170216995174,-3.828420772582301,281.4691151919867,25.41851851851852,2019-04-10 10:22:30+00:00,514.2389049013032,338.4217101952649,-5.988441109892239,447.11741791875346,6.154211338465678,30.0,-3.828420772582301,2
2019-04-06 10:37:30+00:00,9.190180840879334,37.4256012502457,-3.823953472941843,282.10583530690684,25.428935185185185,2019-04-10 10:37:30+00:00,514.2389049013032,338.28421710482723,-5.9877102151603,454.1002048869328,6.184181945096867,30.0,-3.823953472941843,2
2019-04-06 10:52:30+00:00,9.222629902477994,37.44917358405237,-3.8194540460582034,309.21848914858094,25.439351851851853,2019-04-10 10:52:30+00:00,511.67060777281216,338.1467239182271,-5.986979135166203,456.04936799427617,6.4714948980179745,30.0,-3.8194540460582034,2
2019-04-06 11:07:30+00:00,9.254849743655004,37.472886808475565,-3.814922702421947,277.66432426136583,25.44976851851852,2019-04-10 11:07:30+00:00,509.12809950065986,338.00923063543667,-5.986247869936653,458.0593919158193,6.18131884725671,30.0,-3.814922702421947,2
2019-04-06 11:22:30+00:00,9.286839438914951,37.49674051234803,-3.81035965288322,272.75692044881004,25.460185185185185,2019-04-10 11:22:30+00:00,509.12809950065986,337.87173725644266,-5.9855164194983415,456.2151204388266,6.148022682852961,30.0,-3.81035965288322,2
2019-04-06 11:37:30+00:00,9.318598073631357,37.52073428329825,-3.805765108632372,270.904632721202,25.470601851851853,2019-04-10 11:37:30+00:00,506.6111727166458,337.7342437812318,-5.984784783877955,454.3948247078464,6.148205259829533,30.0,-3.805765108632372,2
2019-04-06 11:52:30+00:00,9.350124743802544,37.544867707773,-3.801139281180941,276.1346430096673,25.48101851851852,2019-04-10 11:52:30+00:00,504.1196233883963,337.59675020979114,-5.984052963102175,456.32760950791,6.229798556075485,30.0,-3.801139281180941,2
2019-04-06 12:07:30+00:00,9.381418556254882,37.56914037106888,-3.796482382340784,292.316651783981,25.491435185185185,2019-04-10 12:07:30+00:00,504.1196233883963,337.4592565421074,-5.9833209571977175,450.7331663884251,6.424344058609352,30.0,-3.796482382340784,2
2019-04-06 12:22:30+00:00,9.412478628498844,37.593551857349006,-3.7917946242063434,287.1297123112164,25.501851851851853,2019-04-10 12:22:30+00:00,501.6532515686382,337.3217627781676,-5.982588766191254,458.2685428094443,6.392275942914354,30.0,-3.7917946242063434,2
2019-04-06 12:37:30+00:00,9.443304088789368,37.618101749672554,-3.78707621913421,289.27118113522533,25.51226851851852,2019-04-10 12:37:30+00:00,499.21186214032053,337.1842689179877,-5.981856390109473,457.14325463073374,6.4357678976271355,30.0,-3.78707621913421,2
2019-04-06 12:52:30+00:00,9.473894076027785,37.64278963001713,-3.782327379725008,292.3865356990333,25.522685185185185,2019-04-10 12:52:30+00:00,499.21186214032053,337.0467749614966,-5.981123828979084,461.1296605453534,6.48876030208255,30.0,-3.782327379725008,2
2019-04-06 13:07:30+00:00,9.504247739851662,37.66761507930442,-3.777548318803836,277.08195830259734,25.533101851851853,2019-04-10 13:07:30+00:00,496.7952655644595,336.90928090873945,-5.98039108282676,454.66094284124335,6.34399863864226,30.0,-3.777548318803836,2
2019-04-06 13:22:30+00:00,9.53436424054379,37.692577677420815,-3.772739249401921,280.847924835967,25.54351851851852,2019-04-10 13:22:30+00:00,494.4032786376422,336.7717867596598,-5.97965815167919,450.0959933222037,6.4063412735394945,30.0,-3.772739249401921,2
2019-04-06 13:37:30+00:00,9.564242749054504,37.71767700324564,-3.767900384737949,278.66757095158596,25.553935185185185,2019-04-10 13:37:30+00:00,494.4032786376422,336.6342925142738,-5.978925035563062,454.45862151204386,6.401459508916925,30.0,-3.767900384737949,2
2019-04-06 13:52:30+00:00,9.593882446920915,37.74291263467211,-3.7630319381994326,261.66090771440776,25.564351851851853,2019-04-10 13:52:30+00:00,492.0357252662568,336.4967981725541,-5.978191734505061,452.48191430161376,6.214519970632808,30.0,-3.7630319381994326,2
2019-04-06 14:07:30+00:00,9.623282526366287,37.76828414863391,-3.758134123324031,260.9853632022363,25.57476851851852,2019-04-10 14:07:30+00:00,492.0357252662568,336.35930373448787,-5.9774582485318675,451.7174457429049,6.224070822993789,30.0,-3.758134123324031,2
2019-04-06 14:22:30+00:00,9.652442190140937,37.793791121127065,-3.753207153781957,261.28819350079596,25.585185185185185,2019-04-10 14:22:30+00:00,489.69243726474343,336.2218092000621,-5.976724577670183,454.32387312186984,6.246021844384158,30.0,-3.753207153781957,2
2019-04-06 14:37:30+00:00,9.681360651628284,37.81943312723247,-3.748251243357552,256.7090984974958,25.595601851851853,2019-04-10 14:37:30+00:00,487.3732551854686,336.0843145692791,-5.975990721946677,451.1698068208919,6.202770441676308,30.0,-3.748251243357552,2
2019-04-06 14:52:30+00:00,9.710037134720158,37.845209741143094,-3.7432666059316153,244.5937026827659,25.60601851851852,2019-04-10 14:52:30+00:00,487.3732551854686,335.9468198421114,-5.9752566813880374,456.20061213133,6.047107722690385,30.0,-3.7432666059316153,2
2019-04-06 15:07:30+00:00,9.738470873830284,37.87112053618185,-3.738253455463482,247.6375354272625,25.616435185185185,2019-04-10 15:07:30+00:00,485.0780291882282,335.8093250185317,-5.974522456020954,453.1342836351183,6.108615245060943,30.0,-3.738253455463482,2
2019-04-06 15:22:30+00:00,9.766661113975534,37.897165084836914,-3.733212005971933,252.58376363706952,25.626851851851853,2019-04-10 15:22:30+00:00,482.8066199578852,335.67183009857115,-5.973788045872089,463.46649177200095,6.196111693204437,30.0,-3.733212005971933,2
2019-04-06 15:37:30+00:00,9.794607110579294,37.92334295877166,-3.7281424715200218,236.09661936560937,25.63726851851852,2019-04-10 15:37:30+00:00,482.8066199578852,335.534335082159,-5.973053450968145,449.10962715637174,5.962056062941154,30.0,-3.7281424715200218,2
2019-04-06 15:52:30+00:00,9.822308129500987,37.94965372884665,-3.723045066197877,238.8746869782972,25.647685185185185,2019-04-10 15:52:30+00:00,480.5588996792527,335.39683996934093,-5.972318671335794,447.80387948167584,6.021750317494229,30.0,-3.723045066197877,2
2019-04-06 16:07:30+00:00,9.849763447072483,37.9760969651558,-3.71792000410339,231.84094703293368,25.658101851851853,2019-04-10 16:07:30+00:00,478.3347530790488,335.2593447600754,-5.9715837070017,454.5033388981636,5.920876385102625,30.0,-3.71792000410339,2
2019-04-06 16:22:30+00:00,9.87697235007619,38.002672237046966,-3.712767499324849,236.5725822106612,25.66851851851852,2019-04-10 16:22:30+00:00,478.3347530790488,335.1218494543498,-5.970848557992569,447.6252086811352,6.0138373797763265,30.0,-3.712767499324849,2
2019-04-06 16:37:30+00:00,9.903934135626974,38.0293791131344,-3.7075877659268177,250.82429048414025,25.678935185185185,2019-04-10 16:37:30+00:00,476.1340785455795,334.9843540521519,-5.97011322433508,440.1140790205899,6.2481408270508965,30.0,-3.7075877659268177,2
2019-04-06 16:52:30+00:00,9.930648111179403,38.05621716132443,-3.70238101793246,246.62810109873044,25.689351851851853,2019-04-10 16:52:30+00:00,473.95678933776145,334.84685855348386,-5.969377706055879,449.59734478098414,6.200226938276951,30.0,-3.70238101793246,2
2019-04-06 17:07:30+00:00,9.957113594542983,38.08318594884661,-3.697147469305549,237.20153744613117,25.69976851851852,2019-04-10 17:07:30+00:00,473.95678933776145,334.70936295830415,-5.968642003181678,438.15386755703946,6.06545859920999,30.0,-3.697147469305549,2
2019-04-06 17:22:30+00:00,9.983329913827864,38.11028504227062,-3.6918873339348175,232.2708389952246,25.710185185185185,2019-04-10 17:22:30+00:00,471.80281489617903,334.57186726662974,-5.96790611573912,446.73225216630897,5.995738139142713,30.0,-3.6918873339348175,2
2019-04-06 17:37:30+00:00,10.009296407407772,38.13751400752652,-3.6866008256183966,225.7277754590985,25.720601851851853,2019-04-10 17:37:30+00:00,469.6721022700822,334.43437147843366,-5.967170043754918,441.403854909698,5.892342454216946,30.0,-3.6866008256183966,2
2019-04-06 17:52:30+00:00,10.035012423834186,38.16487240993014,-3.6812881580471792,220.02562410218584,25.73101851851852,2019-04-10 17:52:30+00:00,469.6721022700822,334.2968755937039,-5.966433787255709,441.940734557596,5.7971641568398375,30.0,-3.6812881580471792,2
2019-04-06 18:07:30+00:00,10.06047732197989,38.19235981420584,-3.675949544788347,224.35066195597312,25.741435185185185,2019-04-10 18:07:30+00:00,467.5646176755836,334.15937961244276,-5.965697346268181,436.84354877176247,5.8903345373118,30.0,-3.675949544788347,2
2019-04-06 18:22:30+00:00,10.085690470772631,38.219975784505976,-3.670585199270635,231.55647008580192,25.751851851851853,2019-04-10 18:22:30+00:00,467.5646176755836,334.0218835346236,-5.964960720819023,432.44338855357216,6.031698541350213,30.0,-3.670585199270635,2
2019-04-06 18:37:30+00:00,10.11065124933517,38.24771988443362,-3.665195334768328,219.662979966611,25.76226851851852,2019-04-10 18:37:30+00:00,465.4803482017929,333.8843873602342,-5.964223910934891,428.7705699976151,5.82273500451051,30.0,-3.665195334768328,2
2019-04-06 18:52:30+00:00,10.135359046888716,38.2755916770656,-3.659780164385435,218.85312730519857,25.772685185185185,2019-04-10 18:52:30+00:00,463.4193036832366,333.7468910892629,-5.963486916642456,425.715080690039,5.817031711623378,30.0,-3.659780164385435,2
2019-04-06 19:07:30+00:00,10.159813262731635,38.303590724973134,-3.654339901041024,226.6956555499476,25.783101851851853,2019-04-10 19:07:30+00:00,463.4193036832366,333.6093947216973,-5.9627497379683945,422.2994673662453,5.976773432202203,30.0,-3.654339901041024,2
2019-04-06 19:22:30+00:00,10.184013306165737,38.33171659024392,-3.6488747574533047,214.70668167876693,25.79351851851852,2019-04-10 19:22:30+00:00,461.38151875864014,333.4718982575547,-5.962012374939361,420.5662214802449,5.752437417119826,30.0,-3.6488747574533047,2
2019-04-06 19:37:30+00:00,10.207958596527249,38.35996883450117,-3.643384946126109,220.87593906510853,25.803935185185185,2019-04-10 19:37:30+00:00,459.3670551379726,333.3344016967796,-5.961274827582049,425.0667779632721,5.885553052753978,30.0,-3.643384946126109,2
2019-04-06 19:52:30+00:00,10.231648563085251,38.38834701892837,-3.6378706793327824,226.1055247117289,25.814351851851853,2019-04-10 19:52:30+00:00,459.3670551379726,333.1969050393601,-5.960537095923112,427.9076238174736,5.994882579808372,30.0,-3.6378706793327824,2
2019-04-06 20:07:30+00:00,10.25508264505046,38.416850704291136,-3.632332169101398,231.45552665294872,25.82476851851852,2019-04-10 20:07:30+00:00,457.3760041015526,333.059408285328,-5.959799179989217,429.85849431592334,6.102184011912932,30.0,-3.632332169101398,2
2019-04-06 20:22:30+00:00,10.278260291542855,38.44547945095376,-3.626769627201904,230.3839732888147,25.835185185185185,2019-04-10 20:22:30+00:00,455.4084892569374,332.92191143462793,-5.959061079807036,430.6335345233509,6.0918546438552905,30.0,-3.626769627201904,2
2019-04-06 20:37:30+00:00,10.301180961487136,38.474232818902514,-3.6211832651302887,226.58075959933225,25.845601851851853,2019-04-10 20:37:30+00:00,455.4084892569374,332.78441448729166,-5.95832279540324,426.3135528911822,6.0300132457352795,30.0,-3.6211832651302887,2
2019-04-06 20:52:30+00:00,10.3238441236755,38.503110367765686,-3.615573294095928,232.5270800170827,25.85601851851852,2019-04-10 20:52:30+00:00,453.464669581216,332.64691744324944,-5.957584326804465,427.8193815088639,6.147718635832878,30.0,-3.615573294095928,2
2019-04-06 21:07:30+00:00,10.34624925658794,38.53211165683544,-3.609939925006059,233.7849904880227,25.866435185185185,2019-04-10 21:07:30+00:00,451.54474277811926,332.50942030254765,-5.956845674037413,429.8745383720342,6.1784272132006395,30.0,-3.609939925006059,2
2019-04-06 21:22:30+00:00,10.36839584852888,38.56123624508791,-3.6042833684533337,230.6790387079241,25.876851851851853,2019-04-10 21:22:30+00:00,451.54474277811926,332.3719230651313,-5.95610683712872,426.68256618173143,6.1300381095226655,30.0,-3.6042833684533337,2
2019-04-06 21:37:30+00:00,10.390283397439331,38.59048369120305,-3.598603834701605,229.0849332220367,25.88726851851852,2019-04-10 21:37:30+00:00,449.6489489809457,332.23442573101755,-5.95536781610507,429.6828046744574,6.107852607377267,30.0,-3.598603834701605,2
2019-04-06 21:52:30+00:00,10.411911410936744,38.61985355358701,-3.5929015336723213,228.06227433319097,25.897685185185185,2019-04-10 21:52:30+00:00,447.77757483354384,332.0969283001806,-5.954628610993117,425.6077589633516,6.095570897705363,30.0,-3.5929015336723213,2
2019-04-06 22:07:30+00:00,10.43327940619708,38.64934539038331,-3.587176674932758,304.9811701673332,25.908101851851853,2019-04-10 22:07:30+00:00,447.77757483354384,331.959430772609,-5.953889221819499,433.84668892598773,7.194514121258502,30.0,-3.587176674932758,2
2019-04-06 22:22:30+00:00,10.454386910032802,38.67895875950568,-3.581429467681239,305.74989323290754,25.91851851851852,2019-04-10 22:22:30+00:00,445.9309579823322,331.8219331483057,-5.953149648610915,426.3105175292153,7.212703691882604,30.0,-3.581429467681239,2
2019-04-06 22:37:30+00:00,10.47523345874978,38.70869321865278,-3.5756601207342364,307.09776711185305,25.928935185185185,2019-04-10 22:37:30+00:00,445.9309579823322,331.6844354272446,-5.952409891393987,427.845019476906,7.236720827656942,30.0,-3.5756601207342364,2
2019-04-06 22:52:30+00:00,10.495818598146244,38.73854832532434,-3.5698688425150658,320.72058081298286,25.939351851851853,2019-04-10 22:52:30+00:00,444.109492012337,331.5469376094146,-5.951669950195407,426.32760950791,7.384233201232287,30.0,-3.5698688425150658,2
2019-04-06 23:07:30+00:00,10.516141883400776,38.76852363684026,-3.5640558410409837,331.7622393912335,25.94976851851852,2019-04-10 23:07:30+00:00,442.3136318592476,331.4094396948043,-5.950929825041813,430.5500620692607,7.497797532177275,30.0,-3.5640558410409837,2
2019-04-06 23:22:30+00:00,10.53620287913534,38.79861871036715,-3.55822132390981,336.16492603952327,25.960185185185185,2019-04-10 23:22:30+00:00,442.3136318592476,331.271941683417,-5.950189515959854,432.8628522284616,7.547165398505635,30.0,-3.55822132390981,2
2019-04-06 23:37:30+00:00,10.55600115935722,38.82883310293071,-3.5523654982885593,335.4262312186978,25.970601851851853,2019-04-10 23:37:30+00:00,440.5438997271599,331.13444357521234,-5.949449022976205,433.9092932665553,7.550094111883649,30.0,-3.5523654982885593,2
2019-04-06 23:52:30+00:00,10.57553630728851,38.85916637143825,-3.546488570901361,342.2137671312653,25.98101851851852,2019-04-10 23:52:30+00:00,438.8008915376264,330.9969453702229,-5.948708346117508,435.2865887590429,7.619126443176384,30.0,-3.546488570901361,2
2019-04-07 00:07:30+00:00,10.594807915469158,38.88961807269604,-3.540590748017487,340.52848497495825,25.991435185185185,2019-04-11 00:07:30+00:00,438.8008915376264,330.8594470683937,-5.947967485410426,430.8267747833691,7.61355433126756,30.0,-3.540590748017487,2
2019-04-07 00:22:30+00:00,10.613815585634493,38.92018776342817,-3.5346722354397824,346.7639864891098,26.001851851851853,2019-04-11 00:22:30+00:00,437.08528392932703,330.72194866974286,-5.947226440881609,427.6641624930439,7.676103221854256,30.0,-3.5346722354397824,2
2019-04-07 00:37:30+00:00,10.632558928685604,38.95087500029274,-3.528733238493624,344.3551752921536,26.01226851851852,2019-04-11 00:37:30+00:00,435.3978418185576,330.5844501742301,-5.946485212557702,427.9646633277685,7.664119852693993,30.0,-3.528733238493624,2
2019-04-07 00:52:30+00:00,10.65103756465163,38.98167933991282,-3.5227739620132814,356.974802966184,26.022685185185185,2019-04-11 00:52:30+00:00,435.3978418185576,330.44695158187363,-5.945743800465365,420.1811099306925,7.777682832047011,30.0,-3.5227739620132814,2
2019-04-07 01:07:30+00:00,10.669251122625331,39.012600338872495,-3.5167946103349284,386.0931009046085,26.033101851851853,2019-04-11 01:07:30+00:00,433.7394265180675,330.30945289266253,-5.945002204631245,423.1616185706335,8.003452534482314,30.0,-3.5167946103349284,2
2019-04-07 01:22:30+00:00,10.68719924070011,39.043637553754166,-3.5107953872820943,377.481849594285,26.04351851851852,2019-04-11 01:22:30+00:00,432.11100439477474,330.17195410655665,-5.944260425081991,424.16957555521833,7.951197708155208,30.0,-3.5107953872820943,2
2019-04-07 01:37:30+00:00,10.704881565989176,39.074790541146726,-3.5047764961567593,359.4349958263773,26.053935185185185,2019-04-11 01:37:30+00:00,432.11100439477474,330.0344552235888,-5.943518461844257,429.5346410684474,7.82161024276521,30.0,-3.5047764961567593,2
2019-04-07 01:52:30+00:00,10.722297754501623,39.10605885767113,-3.498738139726967,356.1983150211593,26.064351851851853,2019-04-11 01:52:30+00:00,430.5136560245808,329.89695624369,-5.942776314944697,431.31926226250096,7.8028019571067135,30.0,-3.498738139726967,2
2019-04-07 02:07:30+00:00,10.739447471142514,39.1374420599887,-3.4926805202185816,357.27763326474354,26.07476851851852,2019-04-11 02:07:30+00:00,428.9485857738465,329.7594571669075,-5.9420339844099255,433.93155258764614,7.818739947486044,30.0,-3.4926805202185816,2
2019-04-07 02:22:30+00:00,10.75633038965285,39.168939704823934,-3.486603839303741,334.72975792988314,26.085185185185185,2019-04-11 02:22:30+00:00,428.9485857738465,329.62195799320165,-5.9412914702666235,436.94490818030056,7.628133676029616,30.0,-3.486603839303741,2
2019-04-07 02:37:30+00:00,10.772946192535446,39.200551348983424,-3.480508298090489,343.1843770625461,26.095601851851853,2019-04-11 02:37:30+00:00,427.4171317008998,329.48445872256167,-5.940548772541436,430.49805230940456,7.711295735959398,30.0,-3.480508298090489,2
2019-04-07 02:52:30+00:00,10.789294571014336,39.232276549369104,-3.4743940971137017,362.77516791551807,26.10601851851852,2019-04-11 02:52:30+00:00,427.4171317008998,329.34695935497683,-5.939805891260973,420.6765243660069,7.8829940791368855,30.0,-3.4743940971137017,2
2019-04-07 03:07:30+00:00,10.805375225041852,39.26411486299705,-3.46826143632474,360.25934697363823,26.116435185185185,2019-04-11 03:07:30+00:00,425.9207756259698,329.2094598904366,-5.93906282645192,420.6885212728284,7.868686365480084,30.0,-3.46826143632474,2
2019-04-07 03:22:30+00:00,10.82118786316962,39.296065847017566,-3.4621105150815787,367.1275041736227,26.126851851851853,2019-04-11 03:22:30+00:00,424.4611531628916,329.07196032894495,-5.938319578140885,427.6456793067811,7.92949920554863,30.0,-3.4621105150815787,2
2019-04-07 03:37:30+00:00,10.836732202493211,39.32812905872036,-3.4559415321410736,351.05019994564583,26.13726851851852,2019-04-11 03:37:30+00:00,424.4611531628916,328.9344606704768,-5.9375761463545285,427.6878130217028,7.80218020597502,30.0,-3.4559415321410736,2
2019-04-07 03:52:30+00:00,10.852007968726491,39.360304055570474,-3.4497546856469943,343.40828464106846,26.147685185185185,2019-04-11 03:52:30+00:00,423.040063439558,328.7969609150363,-5.9368325311194905,427.6309722553462,7.739227805019306,30.0,-3.4497546856469943,2
2019-04-07 04:07:30+00:00,10.867014895707456,39.39259039499259,-3.4435501728515905,349.6154793508306,26.158101851851853,2019-04-11 04:07:30+00:00,421.6594781553161,328.65946106258366,-5.936088732462414,423.3514190317195,7.798953878359003,30.0,-3.4435501728515905,2
2019-04-07 04:22:30+00:00,10.88175272493832,39.42498763394213,-3.4373281894990035,406.5369365609349,26.16851851851852,2019-04-11 04:22:30+00:00,421.6594781553161,328.5219611131378,-5.935344750409923,420.5433659273392,8.23416693862411,30.0,-3.4373281894990035,2
2019-04-07 04:37:30+00:00,10.89622120872942,39.45749533156056,-3.4310889332690317,391.9322902511938,26.178935185185185,2019-04-11 04:37:30+00:00,420.3215495315608,328.3844610666593,-5.934600584988673,423.42674298433894,8.140505877842728,30.0,-3.4310889332690317,2
2019-04-07 04:52:30+00:00,10.910420106351612,39.49011304612859,-3.4248325997701703,354.67639864891095,26.189351851851853,2019-04-11 04:52:30+00:00,419.0286166064411,328.2469609231814,-5.933856236225273,426.0517529215359,7.854736685817986,30.0,-3.4248325997701703,2
2019-04-07 05:07:30+00:00,10.924349185337368,39.52284033617011,-3.4185593839558055,361.00477540086183,26.19976851851852,2019-04-11 05:07:30+00:00,419.0286166064411,328.1094606826649,-5.933111704146391,427.07488671595513,7.911878578820206,30.0,-3.4185593839558055,2
2019-04-07 05:22:30+00:00,10.938008221438588,39.555676760469005,-3.4122694801156026,357.9011894824708,26.210185185185185,2019-04-11 05:22:30+00:00,417.78320920651225,327.97196034509926,-5.932366988778658,428.4272398441848,7.888936986974108,30.0,-3.4122694801156026,2
2019-04-07 05:37:30+00:00,10.951396998573037,39.5886218780862,-3.405963081867516,368.56000310595175,26.220601851851853,2019-04-11 05:37:30+00:00,416.58804879918927,327.8344599104747,-5.931622090148692,427.9418077748629,7.980297117427652,30.0,-3.405963081867516,2
2019-04-07 05:52:30+00:00,10.964515308814793,39.62167524838258,-3.399640382148081,401.32779438599215,26.23101851851852,2019-04-11 05:52:30+00:00,416.58804879918927,327.6969593787954,-5.930877008283131,427.46521981079576,8.226595535674198,30.0,-3.399640382148081,2
2019-04-07 06:07:30+00:00,10.977362952260885,39.65483643101783,-3.393301573207765,377.1246651395737,26.241435185185185,2019-04-11 06:07:30+00:00,415.44604529355183,327.55945875002243,-5.930131743208614,427.52325304078227,8.053686936670257,30.0,-3.393301573207765,2
2019-04-07 06:22:30+00:00,10.989939736987294,39.68810498596734,-3.3869468466030965,378.1458681135225,26.251851851851853,2019-04-11 06:22:30+00:00,414.36028871919103,327.42195802417456,-5.929386294951777,432.6196438508626,8.06411209148348,30.0,-3.3869468466030965,2
2019-04-07 06:37:30+00:00,11.002245479066248,39.721480473552425,-3.3805763931864594,392.3904181387584,26.26226851851852,2019-04-11 06:37:30+00:00,414.36028871919103,327.2844572012421,-5.9286406635392215,434.3381826854281,8.172917615697934,30.0,-3.3805763931864594,2
2019-04-07 06:52:30+00:00,11.014280002471027,39.75496245444474,-3.374190403100199,414.44267577745853,26.272685185185185,2019-04-11 06:52:30+00:00,413.3340345820159,327.1469562811858,-5.927894848997621,434.87061769616025,8.326273002969366,30.0,-3.374190403100199,2
2019-04-07 07:07:30+00:00,11.02604313901986,39.78855048967968,-3.3677890657705514,405.9944869355903,26.283101851851853,2019-04-11 07:07:30+00:00,413.3340345820159,327.0094552640397,-5.927148851353566,436.105711900787,8.272654531857256,30.0,-3.3677890657705514,2
2019-04-07 07:22:30+00:00,11.037534728289256,39.82224414067339,-3.361372569899311,392.615296327212,26.29351851851852,2019-04-11 07:22:30+00:00,412.37068158427167,326.87195414973536,-5.926402670633723,438.8111137610303,8.1805180803972,30.0,-3.361372569899311,2
2019-04-07 07:37:30+00:00,11.04875461765273,39.85604296923727,-3.35494110345761,385.49520518693953,26.303935185185185,2019-04-11 07:37:30+00:00,411.4737403194793,326.7344529383215,-5.925656306864674,442.6189482470785,8.128956194819981,30.0,-3.35494110345761,2
2019-04-07 07:52:30+00:00,11.059702662103671,39.88994653759011,-3.3484948536794703,390.16966261598793,26.314351851851853,2019-04-11 07:52:30+00:00,411.4737403194793,326.59695162975913,-5.924909760073077,444.118769377534,8.16496169171868,30.0,-3.3484948536794703,2
2019-04-07 08:07:30+00:00,11.070378724321738,39.923954408375245,-3.3420340070544885,370.5089878479637,26.32476851851852,2019-04-11 08:07:30+00:00,410.6467915318011,326.45945022403856,-5.924163030285544,440.6302170283806,8.011549189728626,30.0,-3.3420340070544885,2
2019-04-07 08:22:30+00:00,11.08078267455248,39.95806614466996,-3.3355587493224457,384.94626460767944,26.335185185185185,2019-04-11 08:22:30+00:00,409.8934325879037,326.3219487211648,-5.923416117528702,436.6297996661102,8.126553661228323,30.0,-3.3355587493224457,2
2019-04-07 08:37:30+00:00,11.090914390530491,39.99228131000403,-3.329069265466242,385.5806188608922,26.345601851851853,2019-04-11 08:37:30+00:00,409.8934325879037,326.184447121099,-5.922669021829175,433.67885870390046,8.131411843070095,30.0,-3.329069265466242,2
2019-04-07 08:52:30+00:00,11.100773757507064,40.02659946836836,-3.322565739706599,374.1274216717785,26.35601851851852,2019-04-11 08:52:30+00:00,409.2172109755973,326.0469454238608,-5.9219217432135824,436.5072740281421,8.04019621192501,30.0,-3.322565739706599,2
2019-04-07 09:07:30+00:00,11.110360668089072,40.0610201842312,-3.3160483554959335,376.4801801452032,26.366435185185185,2019-04-11 09:07:30+00:00,408.6215439471802,325.9094436294261,-5.921174281708551,439.7313704659281,8.058468640603067,30.0,-3.3160483554959335,2
2019-04-07 09:22:30+00:00,11.119675022317509,40.095543022554494,-3.3095172955117453,375.9312395659432,26.376851851851853,2019-04-11 09:22:30+00:00,408.6215439471802,325.7719417378,-5.92042663734069,441.3602035137928,8.052839187048532,30.0,-3.3095172955117453,2
2019-04-07 09:37:30+00:00,11.12871672746006,40.13016754879889,-3.3029727416525327,365.5317001203556,26.38726851851852,2019-04-11 09:37:30+00:00,408.1096238954548,325.63443974895847,-5.9196788101366264,434.7474958263773,7.9638105199592495,30.0,-3.3029727416525327,2
2019-04-07 09:52:30+00:00,11.13748569809778,40.16489332894201,-3.296414875031434,340.53655317001204,26.397685185185185,2019-04-11 09:52:30+00:00,407.6843097108819,325.4969376628922,-5.918930800122982,430.3845695206296,7.728632084957666,30.0,-3.296414875031434,2
2019-04-07 10:07:30+00:00,11.145981855957013,40.19971992949218,-3.289843875970675,343.51826687890673,26.408101851851853,2019-04-11 10:07:30+00:00,407.6843097108819,325.35943547959187,-5.918182607326365,437.15001192463626,7.755138926502738,30.0,-3.289843875970675,2
2019-04-07 10:22:30+00:00,11.154205129934766,40.234646917493535,-3.28325992399801,326.4894616026711,26.41851851851852,2019-04-11 10:22:30+00:00,407.34800523290306,325.2219331990626,-5.9174342317734085,434.6452420701168,7.574288119191323,30.0,-3.28325992399801,2
2019-04-07 10:37:30+00:00,11.16215545598447,40.26967386054607,-3.276663197839837,323.86535699033277,26.428935185185185,2019-04-11 10:37:30+00:00,407.1025269735349,325.0844308212955,-5.916685673490707,433.217664361237,7.540881188481154,30.0,-3.276663197839837,2
2019-04-07 10:52:30+00:00,11.169832777128086,40.30480032682199,-3.270053875416042,320.565283223978,26.439351851851853,2019-04-11 10:52:30+00:00,407.1025269735349,324.94692834625187,-5.915936932504878,443.025876460768,7.498765395192077,30.0,-3.270053875416042,2
2019-04-07 11:07:30+00:00,11.1772370433313,40.340025885063895,-3.2634321338375596,311.6512016150949,26.44976851851852,2019-04-11 11:07:30+00:00,406.9489645287622,324.80942577395206,-5.915188008842549,434.2837268463312,7.388259054767067,30.0,-3.2634321338375596,2
2019-04-07 11:22:30+00:00,11.18436821148188,40.37535010460591,-3.25679814940044,303.66235392320533,26.460185185185185,2019-04-11 11:22:30+00:00,406.9489645287622,324.6719231043721,-5.914438902530324,420.6222492032174,7.282423887702424,30.0,-3.25679814940044,2
2019-04-07 11:37:30+00:00,11.191226245328645,40.410772555384504,-3.250152097580902,285.2350817253562,26.470601851851853,2019-04-11 11:37:30+00:00,406.88753844329017,324.5344203375032,-5.913689613594813,423.4589395023452,7.02301921995055,30.0,-3.250152097580902,2
2019-04-07 11:52:30+00:00,11.197811115476584,40.44629280794854,-3.2434941530321595,292.86019334549826,26.48101851851852,2019-04-11 11:52:30+00:00,406.91746166064456,324.3969174733509,-5.912940142062629,421.98259725805633,7.124279304120408,30.0,-3.2434941530321595,2
2019-04-07 12:07:30+00:00,11.204122799206308,40.48191043347221,-3.236824489579243,291.58675311565787,26.491435185185185,2019-04-11 12:07:30+00:00,406.91746166064456,324.2594145119062,-5.912190487960381,422.6326615788218,7.098850994174283,30.0,-3.236824489579243,2
2019-04-07 12:22:30+00:00,11.210161280525542,40.51762500376298,-3.230143280216178,307.48904424040063,26.501851851851853,2019-04-11 12:22:30+00:00,407.036811939959,324.1219114531163,-5.911440651314676,418.74373956594326,7.303935896657445,30.0,-3.230143280216178,2
2019-04-07 12:37:30+00:00,11.21592655015252,40.55343609128517,-3.2234506970997576,280.7858058003649,26.51226851851852,2019-04-11 12:37:30+00:00,407.24242358782885,323.98440829703105,-5.910690632152122,421.47030765561647,6.923647022800939,30.0,-3.2234506970997576,2
2019-04-07 12:52:30+00:00,11.221418605331,40.58934326915133,-3.2167469115486895,263.82730908102656,26.522685185185185,2019-04-11 12:52:30+00:00,407.24242358782885,323.8469050436123,-5.909940430499327,423.14333412830905,6.637693745490465,30.0,-3.2167469115486895,2
2019-04-07 13:07:30+00:00,11.226637449814438,40.625346111145895,-3.2100320940385716,262.6004581278876,26.533101851851853,2019-04-11 13:07:30+00:00,407.5298073550802,323.70940169286564,-5.909190046382892,414.6779986846765,6.6058406757158545,30.0,-3.2100320940385716,2
2019-04-07 13:22:30+00:00,11.231583093891269,40.66144419173531,-3.203306414197878,270.66204090150256,26.54351851851852,2019-04-11 13:22:30+00:00,407.89310720523014,323.5718982447537,-5.908439479829426,414.60688449002305,6.733184365646707,30.0,-3.203306414197878,2
2019-04-07 13:37:30+00:00,11.23625555424326,40.69763708607355,-3.196570040805909,258.1977714795978,26.553935185185185,2019-04-11 13:37:30+00:00,407.89310720523014,323.4343946992966,-5.907688730865539,417.022815804118,6.504692488595237,30.0,-3.196570040805909,2
2019-04-07 13:52:30+00:00,11.24065485393966,40.73392437001909,-3.1898231417879743,237.50436774469077,26.564351851851853,2019-04-11 13:52:30+00:00,408.3251017290984,323.2968910564714,-5.90693779951782,417.1424596549805,6.079389447465745,30.0,-3.1898231417879743,2
2019-04-07 14:07:30+00:00,11.244781022362426,40.770305620138075,-3.1830658842138946,234.5925379508483,26.57476851851852,2019-04-11 14:07:30+00:00,408.81725618165547,323.15938731628404,-5.906186685812868,413.7701725097385,6.001741934897863,30.0,-3.1830658842138946,2
2019-04-07 14:22:30+00:00,11.248634095121366,40.80678041372111,-3.1762984342936855,230.15703255425709,26.585185185185185,2019-04-11 14:22:30+00:00,408.81725618165547,323.02188347871135,-5.90543538977731,416.4552031163049,5.886454699056927,30.0,-3.1762984342936855,2
2019-04-07 14:37:30+00:00,11.252214114080262,40.84334832878867,-3.169520957375757,230.75668750242653,26.595601851851853,2019-04-11 14:37:30+00:00,409.3598284750504,322.8843795437449,-5.904683911437724,418.37854757929887,5.88587176667777,30.0,-3.169520957375757,2
2019-04-07 14:52:30+00:00,11.255521127211322,40.88000894410518,-3.162733617942837,257.71634895368254,26.60601851851852,2019-04-11 14:52:30+00:00,409.9420291181953,322.7468755113909,-5.90393225082071,413.335718260593,6.434305624782567,30.0,-3.162733617942837,2
2019-04-07 15:07:30+00:00,11.258555188611046,40.916761839183614,-3.1559365796109584,280.62274333190976,26.616435185185185,2019-04-11 15:07:30+00:00,409.9420291181953,322.609371381612,-5.903180407952865,411.46494156928213,6.815924298676493,30.0,-3.1559365796109584,2
2019-04-07 15:22:30+00:00,11.261316358412708,40.953606594299494,-3.1491300051257345,297.5349540901502,26.626851851851853,2019-04-11 15:22:30+00:00,410.5522313135835,322.47186715444343,-5.902428382860794,417.7412904291034,7.057067572242359,30.0,-3.1491300051257345,2
2019-04-07 15:37:30+00:00,11.263804702736897,40.99054279049571,-3.142314056361146,294.42869899444815,26.63726851851852,2019-04-11 15:37:30+00:00,410.5522313135835,322.33436282983314,-5.901676175571084,415.57595993322207,7.0008740912071055,30.0,-3.142314056361146,2
2019-04-07 15:52:30+00:00,11.266020293603788,41.02757000959573,-3.135488894316002,270.8889816360601,26.647685185185185,2019-04-11 15:52:30+00:00,411.1782235739791,322.1968584078023,-5.900923786110325,408.9655378010971,6.617039573084718,30.0,-3.135488894316002,2
2019-04-07 16:07:30+00:00,11.267963208979774,41.06468783421545,-3.1286546791120973,283.6777142231588,26.658101851851853,2019-04-11 16:07:30+00:00,411.807493731278,322.0593538883425,-5.900171214505143,413.8488751093092,6.81362479581341,30.0,-3.1286546791120973,2
2019-04-07 16:22:30+00:00,11.269633532608262,41.10189584776703,-3.1218115699926408,289.0833681135225,26.66851851851852,2019-04-11 16:22:30+00:00,411.807493731278,321.92184927141676,-5.899418460782085,406.8530884808014,6.883889261866126,30.0,-3.1218115699926408,2
2019-04-07 16:37:30+00:00,11.271031353978302,41.13919363446279,-3.114959725321278,295.00330007376635,26.678935185185185,2019-04-11 16:37:30+00:00,412.4275304988736,321.784344557046,-5.898665524967772,405.38953811908743,6.9588586990706425,30.0,-3.114959725321278,2
2019-04-07 16:52:30+00:00,11.27215676836498,41.17658077933677,-3.1080993025780757,304.49974764141785,26.689351851851853,2019-04-11 16:52:30+00:00,413.02612716509054,321.64683974520767,-5.897912407088779,403.5204507512521,7.080446211738379,30.0,-3.1080993025780757,2
2019-04-07 17:07:30+00:00,11.273009876667563,41.214056868247816,-3.101230458358743,293.6691360601002,26.69976851851852,2019-04-11 17:07:30+00:00,413.02612716509054,321.50933483590836,-5.897159107171717,397.3330550918197,6.912134149868242,30.0,-3.101230458358743,2
2019-04-07 17:22:30+00:00,11.273590785387956,41.25162148788652,-3.0943533483736183,294.4131692355476,26.710185185185185,2019-04-11 17:22:30+00:00,413.5916717509733,321.3718298291256,-5.896405625243155,399.28422370617704,6.90916469246017,30.0,-3.0943533483736183,2
2019-04-07 17:37:30+00:00,11.273899606611604,41.28927422577864,-3.0874681274465785,282.8900881313818,26.720601851851853,2019-04-11 17:37:30+00:00,414.11340909823866,321.23432472486616,-5.895651961329679,397.87025995707137,6.716495349836379,30.0,-3.0874681274465785,2
2019-04-07 17:52:30+00:00,11.273936457900843,41.327014670305154,-3.0805749495122527,287.1840664673681,26.73101851851852,2019-04-11 17:52:30+00:00,414.11340909823866,321.0968195230931,-5.894898115457892,403.47031377081464,6.769666782120505,30.0,-3.0805749495122527,2
2024-06-27 18:52:30+00:00,147.6966309177684,31.75253797089312,2.435226970878919,228.04154784563116,25.50167824074074,2024-07-01 18:52:30+00:00,399.6476751288176,335.0590534070788,2.9817094036414047,435.8514190317195,146.81897816731322,30.0,2.435226970878919,20
2024-06-27 19:07:30+00:00,147.69758315016037,31.654362667040964,2.4274513074373973,240.54431804946228,25.51209490740741,2024-07-01 19:07:30+00:00,398.4164114456164,334.9211803532978,2.9828531972944177,445.9933222036728,146.91215786143843,30.0,2.4274513074373973,20
2024-06-27 19:22:30+00:00,147.69945962709343,31.55608361663591,2.41961074313104,244.50088669182747,25.522511574074073,2024-07-01 19:22:30+00:00,398.4164114456164,334.7833073241969,2.9839969034406426,450.4382303839733,146.9726481881413,30.0,2.41961074313104,20
2024-06-27 19:37:30+00:00,147.70226998419886,31.45770084583243,2.4117045171034155,231.00516364483445,25.53292824074074,2024-07-01 19:37:30+00:00,397.1926837280942,334.6454343197929,2.985140522047085,463.2095158597662,146.98163394071625,30.0,2.4117045171034155,20
2024-06-27 19:52:30+00:00,147.70602399313915,31.35921438733952,2.403731857241751,232.6406527091196,25.54334490740741,2024-07-01 19:52:30+00:00,395.9765741605311,334.5075613400767,2.9862840530812025,440.2337228714524,147.03880005786928,30.0,2.403731857241751,20
2024-06-27 20:07:30+00:00,147.71073156368794,31.260624280752698,2.395691979994592,228.92805839189347,25.553761574074073,2024-07-01 20:07:30+00:00,395.9765741605311,334.36968838504635,2.987427496509491,433.4366801812544,147.0818687638701,30.0,2.395691979994592,20
2024-06-27 20:22:30+00:00,147.71640274634436,31.16193057264088,2.3875840901667087,224.93520328952923,25.56417824074074,2024-07-01 20:22:30+00:00,394.7681514099968,334.2318154547324,2.988570852298958,431.2186978297162,147.1264842525323,30.0,2.3875840901667087,20
2024-06-27 20:37:30+00:00,147.72304773479345,31.06313331670949,2.3794073807150817,224.09053849438988,25.57459490740741,2024-07-01 20:37:30+00:00,394.7681514099968,334.09394254909694,2.98971412041702,428.26933778519754,147.18125463424008,30.0,2.3794073807150817,20
2024-06-27 20:52:30+00:00,147.73067686811692,30.96423257416171,2.3711610325572368,229.35112346777703,25.585011574074073,2024-07-01 20:52:30+00:00,393.56747232691976,333.9560696681667,2.990857300830183,425.20868113522533,147.25055643505013,30.0,2.3711610325572368,20
2024-06-27 21:07:30+00:00,147.73930063384344,30.865228413721947,2.3628442143483417,257.19221959079084,25.59542824074074,2024-07-01 21:07:30+00:00,392.3745833978545,333.818196811958,2.992000393505417,427.02420701168614,147.35511403776397,30.0,2.3628442143483417,20
2024-06-27 21:22:30+00:00,147.74892967012983,30.76612091190653,2.35445608227299,256.33383784907403,25.60584490740741,2024-07-01 21:22:30+00:00,392.3745833978545,333.6803239804326,2.9931433984101146,426.6485809682805,147.407610532926,30.0,2.35445608227299,20
2024-06-27 21:37:30+00:00,147.759574768571,30.66691015330724,2.3459957798348934,251.1938502154754,25.616261574074073,2024-07-01 21:37:30+00:00,391.1895219915915,333.54245117361705,2.9942863155107653,423.149693934335,147.45637589135694,30.0,2.3459957798348934,20
2024-06-27 21:52:30+00:00,147.77124687691403,30.56759623075471,2.337462437631673,246.46677796327216,25.62667824074074,2024-07-01 21:52:30+00:00,390.0123174323506,333.4045783915129,2.995429144774331,422.8714524207012,147.50825012963415,30.0,2.337462437631673,20
2024-06-27 22:07:30+00:00,147.78395710191785,30.46817924546699,2.3288551731232165,235.12443219319024,25.63709490740741,2024-07-01 22:07:30+00:00,390.0123174323506,333.2667056340966,2.99657188616818,421.7584863661658,147.55656066277837,30.0,2.3288551731232165,20
2024-06-27 22:22:30+00:00,147.79771671194493,30.368659307494536,2.320173090421466,261.39285319891127,25.647511574074073,2024-07-01 22:22:30+00:00,388.8429919278073,333.1288329013944,2.9977145396587987,422.42626599888706,147.6366518681413,30.0,2.320173090421466,20
2024-06-27 22:37:30+00:00,147.81253714002278,30.269036535749915,2.311415280039525,254.59874985440857,25.65792824074074,2024-07-01 22:37:30+00:00,387.681561374838,332.9909601934224,2.9988571052130935,438.3973288814691,147.69186020887645,30.0,2.311415280039525,20
2024-06-27 22:52:30+00:00,147.828429986862,30.169311058307983,2.3025808186589565,287.19461099238026,25.66834490740741,2024-07-01 22:52:30+00:00,387.681561374838,332.8530875101424,2.999999582798457,423.4279354479688,147.76110468644066,30.0,2.3025808186589565,20
2024-06-27 23:07:30+00:00,147.84540702352098,30.069483012791835,2.293668768900164,273.447994719882,25.678761574074073,2024-07-01 23:07:30+00:00,386.5280360619114,332.715214851595,3.001141972381318,422.4540901502504,147.8163886437312,30.0,2.293668768900164,20
2024-06-27 23:22:30+00:00,147.86348019484544,29.96955254643576,2.2846781790591018,253.9134614760009,25.68917824074074,2024-07-01 23:22:30+00:00,385.3824212838261,332.57734221772364,3.002284273928589,423.8939899833055,147.87717432694126,30.0,2.2846781790591018,20
2024-06-27 23:37:30+00:00,147.88266162241146,29.869519816466084,2.275608082866965,234.51488915634587,25.69959490740741,2024-07-01 23:37:30+00:00,385.3824212838261,332.43946960860586,3.003426487407622,414.8580968280468,147.94620106492388,30.0,2.275608082866965,20
2024-06-27 23:52:30+00:00,147.9029636076182,29.769384990394688,2.26645749923721,240.07717142059073,25.710011574074073,2024-07-01 23:52:30+00:00,384.24471788186133,332.30159702419553,3.004568612784848,415.44240400667775,148.0126634406224,30.0,2.26645749923721,20
2024-06-28 00:07:30+00:00,147.92439863517953,29.669148246222107,2.257225431998669,236.3470367278798,25.72042824074074,2024-07-02 00:07:30+00:00,383.1149227202456,332.16372446447906,3.0057106500271624,423.45575959933217,148.08426332213708,30.0,2.257225431998669,20
2024-06-28 00:22:30+00:00,147.94697937633728,29.568809772739236,2.2479108696325647,229.3628916411073,25.73084490740741,2024-07-02 00:22:30+00:00,383.1149227202456,332.0258519295053,3.006852599101878,,148.1616709582498,30.0,2.2479108696325647,20
2024-06-28 00:37:30+00:00,147.97071869210538,29.468369769918468,2.238512785012184,232.8394275803382,25.741261574074073,2024-07-02 00:37:30+00:00,381.9930291080769,331.8879794192276,3.00799445997543,430.5175292153589,148.23146754552207,30.0,2.238512785012184,20
2024-06-28 00:52:30+00:00,147.99562963692466,29.367828449122296,2.2290301351200483,253.95426486003805,25.75167824074074,2024-07-02 00:52:30+00:00,381.9930291080769,331.75010693369074,3.009136232614669,417.8213689482471,148.27991120290585,30.0,2.2290301351200483,20
2024-06-28 01:07:30+00:00,148.0217254622487,29.267186033386608,2.219461860766206,235.31295914318295,25.76209490740741,2024-07-02 01:07:30+00:00,380.8790271743686,331.6122344728705,3.01027791698693,411.68614357262106,148.37737082858564,30.0,2.219461860766206,20
2024-06-28 01:22:30+00:00,148.04901961982853,29.16644275789411,2.2098068863188356,258.03588505113703,25.772511574074073,2024-07-02 01:22:30+00:00,379.7729042026923,331.47436203676386,3.011419513058593,410.6844741235393,148.41793315006763,30.0,2.2098068863188356,20
2024-06-28 01:37:30+00:00,148.07752576568953,29.065598870190723,2.2000641194049595,256.77942201403636,25.78292824074074,2024-07-02 01:37:30+00:00,379.7729042026923,331.3364896253863,3.012561020796501,432.1577629382303,148.4930940544875,30.0,2.2000641194049595,20
2024-06-28 01:52:30+00:00,148.1072577638531,28.964654630483544,2.190232450611953,233.54263578456005,25.79334490740741,2024-07-02 01:52:30+00:00,378.67464493088846,331.1986172387427,3.0137024401679513,429.0901502504173,148.61353491796754,30.0,2.190232450611953,20
2024-06-28 02:07:30+00:00,148.1382296900248,28.86361031214891,2.1803107532037043,234.9741478515973,25.803761574074073,2024-07-02 02:07:30+00:00,377.5842318204929,331.0607448768155,3.014843771139342,413.31385642737894,148.69053149540557,30.0,2.1803107532037043,20
2024-06-28 02:22:30+00:00,148.1704558355835,28.762466201966657,2.1702978828052766,218.42464713917133,25.81417824074074,2024-07-02 02:22:30+00:00,377.5842318204929,330.9228725395907,3.0159850136774757,429.7161936560935,148.81748623854406,30.0,2.1702978828052766,20
2024-06-28 02:37:30+00:00,148.20395071169568,28.661222600448152,2.160192677088063,213.72568739063095,25.82459490740741,2024-07-02 02:37:30+00:00,376.5016452998357,330.7850002271168,3.017126167749647,432.30383973288815,148.91930455003651,30.0,2.160192677088063,20
2024-06-28 02:52:30+00:00,148.2387290531651,28.559879822414658,2.149993955475079,217.44052587646075,25.835011574074073,2024-07-02 02:52:30+00:00,375.4268639841951,330.64712793937616,3.018267233322206,421.2020033388981,148.99508723237903,30.0,2.149993955475079,20
2024-06-28 03:07:30+00:00,148.27480582272833,28.458438197199115,2.1397005188018627,247.9151374209935,25.84542824074074,2024-07-02 03:07:30+00:00,375.4268639841951,330.50925567635477,3.0194082103619775,417.4457429048414,148.98491832297026,30.0,2.1397005188018627,20
2024-06-28 03:22:30+00:00,148.31219621539535,28.35689806908745,2.1293111489945864,249.4118103816438,25.85584490740741,2024-07-02 03:22:30+00:00,374.35986487590657,330.3713834380719,3.020549098836199,421.5025041736227,149.0645407204525,30.0,2.1293111489945864,20
2024-06-28 03:37:30+00:00,148.3509156625872,28.25525979781881,2.118824608747709,265.8711341210708,25.866261574074073,2024-07-02 03:37:30+00:00,373.3006235469238,330.2335112245095,3.0216898987112253,405.47579298831386,149.10034181101378,30.0,2.118824608747709,20
2024-06-28 03:52:30+00:00,148.39097983663396,28.153523758922116,2.1082396411781135,284.6682455254882,25.87667824074074,2024-07-02 03:52:30+00:00,373.3006235469238,330.0956390356394,3.0228306099538576,,149.1317337614786,30.0,2.1082396411781135,20
2024-06-28 04:07:30+00:00,148.43240465553288,28.05169034411021,2.097554969478506,252.94501252086812,25.88709490740741,2024-07-02 04:07:30+00:00,372.2491143059858,329.9577668715386,3.023971232531311,398.1636060100167,149.31203686679524,30.0,2.097554969478506,20
2024-06-28 04:22:30+00:00,148.47520628704456,27.94975996192168,2.0867692965886127,213.5042779632721,25.897511574074073,2024-07-02 04:22:30+00:00,371.2053103522557,329.81989473217465,3.0251117664099305,402.2954924874791,149.57185464097873,30.0,2.0867692965886127,20
2024-06-28 04:37:30+00:00,148.51940115388615,27.847733037983097,2.07588130482178,208.7564877909356,25.90792824074074,2024-07-02 04:37:30+00:00,371.2053103522557,329.6820226175335,3.0262522115564803,397.2334843787265,149.69680491762122,30.0,2.07588130482178,20
2024-06-28 04:52:30+00:00,148.5650059385409,27.745610015496005,2.0648896555048815,212.4160422409442,25.91834490740741,2024-07-02 04:52:30+00:00,370.1691839170518,329.5441505276194,3.02739256793818,393.90651085141906,149.77702931347045,30.0,2.0648896555048815,20
2024-06-28 05:07:30+00:00,148.6120375876597,27.64339135591434,2.0537929886351924,231.54316333674404,25.928761574074073,2024-07-02 05:07:30+00:00,370.1691839170518,329.40627846244365,3.028532835521349,392.86906749344143,149.77435505944422,30.0,2.0537929886351924,20
2024-06-28 05:22:30+00:00,148.66051331768523,27.541077539216328,2.0425899224828714,221.10105990604495,25.93917824074074,2024-07-02 05:22:30+00:00,369.14070639508213,329.268406421992,3.0296730142727246,394.49081803005015,149.93057049050972,30.0,2.0425899224828714,20
2024-06-28 05:37:30+00:00,148.71045061967666,27.438669064511657,2.0312790532243503,232.0910986533977,25.94959490740741,2024-07-02 05:37:30+00:00,368.1198484664144,329.1305344062831,3.030813104159518,400.73932745051275,149.97075798004977,30.0,2.0312790532243503,20
2024-06-28 05:52:30+00:00,148.76186726446724,27.336166450644345,2.019858954567351,219.1404278448577,25.960011574074073,2024-07-02 05:52:30+00:00,368.1198484664144,328.992662415299,3.0319531051480086,394.9081803005008,150.1500730215221,30.0,2.019858954567351,20
2024-06-28 06:07:30+00:00,148.81478130811666,27.23357023663832,2.0083281773514208,224.9936664869465,25.97042824074074,2024-07-02 06:07:30+00:00,367.1065802102604,328.85479044901086,3.0330930172049566,386.4387073694253,150.21894784005474,30.0,2.0083281773514208,20
2024-06-28 06:22:30+00:00,148.8692110975134,27.130880982240544,1.996685249150816,218.06887448072368,25.98084490740741,2024-07-02 06:22:30+00:00,366.10087121152105,328.7169185074955,3.034232840297526,384.04006677796326,150.371744530084,30.0,1.996685249150816,20
2024-06-28 06:37:30+00:00,148.9251752755291,27.028099268624427,1.9849286738878231,229.58185517529216,25.991261574074073,2024-07-02 06:37:30+00:00,366.10087121152105,328.5790465907202,3.0353725743919866,391.65275459098496,150.40348692738863,30.0,1.9849286738878231,20
2024-06-28 06:52:30+00:00,148.98269278706303,26.92522569886628,1.973056931413964,231.10112184379932,26.00167824074074,2024-07-02 06:52:30+00:00,365.1026906609225,328.4411746986705,3.036512219455072,397.5196756498927,150.502121926386,30.0,1.973056931413964,20
2024-06-28 07:07:30+00:00,149.04178288479568,26.822260898543156,1.9610684770956084,221.4881946100644,26.01209490740741,2024-07-02 07:07:30+00:00,364.1120074494767,328.30330283135066,3.037651775453936,413.7610302885762,150.68024693477997,30.0,1.9610684770956084,20
2024-06-28 07:22:30+00:00,149.10246513487294,26.71920551649852,1.9489617414115028,219.064712597412,26.022511574074073,2024-07-02 07:22:30+00:00,364.1120074494767,328.1654309887711,3.038791242354847,410.93489148580966,150.81277917922435,30.0,1.9489617414115028,20
2024-06-28 07:37:30+00:00,149.16475942308742,26.616060225352953,1.936735129514341,219.4981259297272,26.03292824074074,2024-07-02 07:37:30+00:00,363.12879025790966,328.02755917091775,3.0399306201244745,410.6844741235393,150.92536093550083,30.0,1.936735129514341,20
2024-06-28 07:52:30+00:00,149.22868596125323,26.5128257221702,1.924387020799366,228.3495748728501,26.04334490740741,2024-07-02 07:52:30+00:00,362.1530076416272,327.8896873778088,3.0410699087299853,409.1819699499165,150.97267080861238,30.0,1.924387020799366,20
2024-06-28 08:07:30+00:00,149.2942652930815,26.40950272926016,1.9119157684848516,258.7542142221472,26.053761574074073,2024-07-02 08:07:30+00:00,362.1530076416272,327.751815609426,3.0422091081376204,412.9382303839733,150.87892651804938,30.0,1.9119157684848516,20
2024-06-28 08:22:30+00:00,149.36151830089517,26.30609199476146,1.8993196991559536,244.31416702255697,26.06417824074074,2024-07-02 08:22:30+00:00,361.18462811171986,327.61394386578365,3.0433482183140708,414.52420701168614,151.08817773687423,30.0,1.8993196991559536,20
2024-06-28 08:37:30+00:00,149.43046621221,26.2025942933731,1.886597112318889,239.23140383128825,26.07459490740741,2024-07-02 08:37:30+00:00,360.2236202124512,327.4760721468423,3.0444872392264335,418.0968280467446,151.2432168726029,30.0,1.886597112318889,20
2024-06-28 08:52:30+00:00,149.5011306061183,26.099010427208555,1.873746279962905,215.86364871685367,26.085011574074073,2024-07-02 08:52:30+00:00,360.2236202124512,327.33820045267043,3.045626170840946,410.1120915812067,151.5649160163439,30.0,1.873746279962905,20
2024-06-28 09:07:30+00:00,149.57353342047662,25.995341226434487,1.8607654460868437,227.5125208681135,26.09542824074074,2024-07-02 09:07:30+00:00,359.26995259561943,327.2003287832244,3.0467650131242667,408.09682804674463,151.58368809634305,30.0,1.8607654460868437,20
2024-06-28 09:22:30+00:00,149.6476969587985,25.89158755006576,1.8476528262376235,226.8781302170284,26.10584490740741,2024-07-02 09:22:30+00:00,359.26995259561943,327.0624571385079,3.0479037660435218,403.67278797996664,151.71569757744226,30.0,1.8476528262376235,20
2024-06-28 09:37:30+00:00,149.72364389712314,25.787750286905148,1.834406607058969,232.09943080988,26.116261574074073,2024-07-02 09:37:30+00:00,358.3235940921397,326.9245855185315,3.0490424295649023,392.9048414023372,151.79621431943062,30.0,1.834406607058969,20
2024-06-28 09:52:30+00:00,149.80139729156463,25.68383035622827,1.821024945799625,220.85940335341513,26.12667824074074,2024-07-02 09:52:30+00:00,357.3845137811501,326.78671392329477,3.0501810036550556,386.89482470784645,152.03317982031948,30.0,1.821024945799625,20
2024-06-28 10:07:30+00:00,149.88098058561803,25.579828708679447,1.8075059698414075,221.48514190317195,26.13709490740741,2024-07-02 10:07:30+00:00,357.3845137811501,326.64884235277253,3.0513194882810715,400.26711185308847,152.16008259624004,30.0,1.8075059698414075,20
2024-06-28 10:22:30+00:00,149.96241761757005,25.475746327254654,1.7938477762294378,230.3839732888147,26.147511574074073,2024-07-02 10:22:30+00:00,356.4526810569119,326.51097080700396,3.052457883409138,406.73344462993873,152.2050802440256,30.0,1.7938477762294378,20
2024-06-28 10:37:30+00:00,150.04573262851798,25.371584228068475,1.7800484311686096,218.71844019868504,26.15792824074074,2024-07-02 10:37:30+00:00,355.52806569373934,326.3730992859309,3.0535961890058645,405.8192225137134,152.46239637382584,30.0,1.7800484311686096,20
2024-06-28 10:52:30+00:00,150.13095027001685,25.267343461333333,1.7661059695389745,422.85290298645896,26.16834490740741,2024-07-02 10:52:30+00:00,355.52806569373934,326.23522778961484,3.054734405038357,402.31337944192705,151.40910941985356,30.0,1.7661059695389745,20
2024-06-28 11:07:30+00:00,150.21809561207525,25.16302511241705,1.7520183944137084,320.7691832065789,26.178761574074073,2024-07-02 11:07:30+00:00,354.6106379091684,326.09735631803704,3.0558725314727675,412.4652198107958,151.94016424579942,30.0,1.7520183944137084,20
2024-06-28 11:22:30+00:00,150.3071941514082,25.058630302717106,1.7377836765476022,231.3567484268653,26.18917824074074,2024-07-02 11:22:30+00:00,353.7003684255474,325.9594848711826,3.0570105682757087,393.8230383973289,152.7463212867335,30.0,1.7377836765476022,20
2024-06-28 11:37:30+00:00,150.39827181692087,24.9541601917947,1.7233997546733382,226.6897821154916,26.19959490740741,2024-07-02 11:37:30+00:00,353.7003684255474,325.8216134490549,3.0581485154142314,393.53088480801335,152.9402438946935,30.0,1.7233997546733382,20
2024-06-28 11:52:30+00:00,150.49135497795066,24.849615978430627,1.7088645349438,223.43743637770265,26.210011574074073,2024-07-02 11:52:30+00:00,352.79722853021065,325.68374205163497,3.059286372854493,398.1636060100167,153.1237613552124,30.0,1.7088645349438,20
2024-06-28 12:07:30+00:00,150.5864704709476,24.744998895204088,1.6941758858740985,279.9827669772201,26.22042824074074,2024-07-02 12:07:30+00:00,351.90119013437715,325.54587067898075,3.0604241405630694,392.5292153589316,152.72990771425853,30.0,1.6941758858740985,20
2024-06-28 12:22:30+00:00,150.68364558484865,24.640310218229608,1.6793316439270838,264.92317127184765,26.23084490740741,2024-07-02 12:22:30+00:00,351.90119013437715,325.40799933105177,3.0615618185070144,397.2334843787265,152.99405513164572,30.0,1.6793316439270838,20
2024-06-28 12:37:30+00:00,150.7829080783544,24.535551265221176,1.664329610744602,247.42925973669196,26.241261574074073,2024-07-02 12:37:30+00:00,351.01222583090004,325.27012800781444,3.062699406652464,387.4791318864775,153.30502120341396,30.0,1.664329610744602,20
2024-06-28 12:52:30+00:00,150.88428618972824,24.430723396496266,1.6491675526135547,237.50346242242304,26.25167824074074,2024-07-02 12:52:30+00:00,350.13030895097626,325.132256709341,3.0638369049659984,407.3455759599332,153.56220931001508,30.0,1.6491675526135547,20
2024-06-28 13:07:30+00:00,150.98780864598513,24.32582801618602,1.6338431999552676,228.69217725079855,26.26209490740741,2024-07-02 13:07:30+00:00,350.13030895097626,324.9943854355912,3.0649743134146217,410.6844741235393,153.8212905800924,30.0,1.6338431999552676,20
2024-06-28 13:22:30+00:00,151.09350467209572,24.220866573676016,1.6183542468434349,228.8348798384905,26.272511574074073,2024-07-02 13:22:30+00:00,349.2554136199163,324.85651418657477,3.0661116319644663,401.41903171953254,153.97760099988585,30.0,1.6183542468434349,20
2024-06-28 13:37:30+00:00,151.20140400127755,24.11584056466782,1.6026983504637415,222.2626791779402,26.28292824074074,2024-07-02 13:37:30+00:00,349.2554136199163,324.718642962262,3.067248860582074,413.18864774624376,154.22474510625412,30.0,1.6026983504637415,20
2024-06-28 13:52:30+00:00,151.31153688464266,24.010751532585427,1.5868731306189212,224.1643048491672,26.29334490740741,2024-07-02 13:52:30+00:00,348.387514812062,324.5807717626853,3.068385999234447,408.68113522537567,154.36276820917013,30.0,1.5868731306189212,20
2024-06-28 14:07:30+00:00,151.42393410108156,23.90560107002537,1.570876169237016,219.38899462788177,26.303761574074073,2024-07-02 14:07:30+00:00,347.5265884049335,324.44290058782536,3.069523047887704,404.8414023372287,154.59631483113859,30.0,1.570876169237016,20
2024-06-28 14:22:30+00:00,151.53862696793755,23.8003908200506,1.5547050098548651,224.20153808259667,26.31417824074074,2024-07-02 14:22:30+00:00,347.5265884049335,324.30502943769613,3.070660006508356,408.9941569282137,154.69650234612982,30.0,1.5547050098548651,20
2024-06-28 14:37:30+00:00,151.6556473513622,23.695122477638115,1.5383571571214198,223.14661458161493,26.32459490740741,2024-07-02 14:37:30+00:00,346.6726112326798,324.1671583122714,3.0717968750634226,407.5681691708403,154.88232524803692,30.0,1.5383571571214198,20
2024-06-28 14:52:30+00:00,151.77502767667903,23.589797791276983,1.5218300763229136,222.57174030207827,26.335011574074073,2024-07-02 14:52:30+00:00,345.8255611389043,324.0292872116047,3.07293365351897,405.8430717863105,155.0640814201816,30.0,1.5218300763229136,20
2024-06-28 15:07:30+00:00,151.8968009395532,23.484418564407044,1.5051211928847137,226.4575981065489,26.34542824074074,2024-07-02 15:07:30+00:00,345.8255611389043,323.8914161356226,3.074070341841516,402.39287701725095,155.1825587020721,30.0,1.5051211928847137,20
2024-06-28 15:22:30+00:00,152.0210007170531,23.37898665699327,1.4882278918918457,237.40823268907036,26.35584490740741,2024-07-02 15:22:30+00:00,344.98541702893414,323.7535450843859,3.0752069399980337,404.0484140233723,155.20591647873044,30.0,1.4882278918918457,20
2024-06-28 15:37:30+00:00,152.14766117857684,23.273503987218433,1.4711475176310271,226.02651630798417,26.366261574074073,2024-07-02 15:37:30+00:00,344.152158921602,323.61567405784655,3.0763434479545992,401.3689482470784,155.5462510576681,30.0,1.4711475176310271,20
2024-06-28 15:52:30+00:00,152.27681709747915,23.167972533118125,1.4538773731266643,229.51000671770345,26.37667824074074,2024-07-02 15:52:30+00:00,344.152158921602,323.47780305606153,3.0774798656776996,392.4040066777963,155.67633427577766,30.0,1.4538773731266643,20
2024-06-28 16:07:30+00:00,152.40850386281284,23.062394334260755,1.4364147196851256,221.9629615250223,26.38709490740741,2024-07-02 16:07:30+00:00,343.3257680006118,323.3399320789612,3.078616193134286,375.1252086811352,155.97792969391787,30.0,1.4364147196851256,20
2024-06-28 16:22:30+00:00,152.54275749062526,22.95677149365842,1.418756776483046,258.19714471802786,26.397511574074073,2024-07-02 16:22:30+00:00,342.50622666556194,323.2020611265987,3.079752430290434,370.4030527068925,155.65798382438854,30.0,1.418756776483046,20
2024-06-28 16:37:30+00:00,152.67961463645773,22.851106179460576,1.400900720124938,236.62276633896,26.40792824074074,2024-07-02 16:37:30+00:00,342.50622666556194,323.0641901989295,3.080888577112607,372.9966611018364,156.1298727151354,30.0,1.400900720124938,20
2024-06-28 16:52:30+00:00,152.81911260735797,22.74540062685047,1.3828436842422585,233.1323038397329,26.41834490740741,2024-07-02 16:52:30+00:00,341.693518582707,322.9263192959709,3.082024633567753,377.228714524207,156.3728083389528,30.0,1.3828436842422585,20
2024-06-28 17:07:30+00:00,152.961289373978,22.63965714010419,1.3645827591272754,235.9547964556312,26.428761574074073,2024-07-02 17:07:30+00:00,341.693518582707,322.7884484177324,3.083160599621888,395.4924874791319,156.52365504604907,30.0,1.3645827591272754,20
2024-06-28 17:22:30+00:00,153.1061835834209,22.533878094464153,1.3461149913470605,222.58353294137572,26.43917824074074,2024-07-02 17:22:30+00:00,340.88762873554515,322.65057756422743,3.08429647524149,380.63439065108514,156.93682330165984,30.0,1.3461149913470605,20
2024-06-28 17:37:30+00:00,153.2538345719565,22.428065938199484,1.3274373834002586,215.41040073376575,26.44959490740741,2024-07-02 17:37:30+00:00,340.0885434753276,322.5127067354007,3.0854322603934894,381.3578185865331,157.26813079481101,30.0,1.3274373834002586,20
2024-06-28 17:52:30+00:00,153.4042823776779,22.322223194813404,1.3085468934140576,216.4221070204727,26.460011574074073,2024-07-02 17:52:30+00:00,340.0885434753276,322.37483593129065,3.0865679550438907,379.9666110183639,157.4556637235716,30.0,1.3085468934140576,20
2024-06-28 18:07:30+00:00,153.55756775370006,22.2163524651603,1.2894404348412614,220.03705810049715,26.47042824074074,2024-07-02 18:07:30+00:00,339.2962505716006,322.236965151896,3.0877035591591446,382.97161936560934,157.5973373277112,30.0,1.2894404348412614,20
2024-06-28 18:22:30+00:00,153.71373218151962,22.110456429662825,1.270114876191244,217.52493472026023,26.48084490740741,2024-07-02 18:22:30+00:00,338.5107392628995,322.099094397205,3.088839072706156,393.6560934891486,157.85575125084605,30.0,1.270114876191244,20
2024-06-28 18:37:30+00:00,153.8728178841859,22.00453785071424,1.2505670408171952,222.2190492926808,26.491261574074073,2024-07-02 18:37:30+00:00,338.5107392628995,321.9612236672271,3.0899744956509188,391.5525876460768,157.9817744306588,30.0,1.2505670408171952,20
2024-06-28 18:52:30+00:00,154.03486784002334,21.898599574978757,1.2307937067043129,221.6471897607123,26.50167824074074,2024-07-02 18:52:30+00:00,337.7320003077325,321.82335296194634,3.0911098279598956,390.8180300500835,158.2090089938418,30.0,1.2307937067043129,20
2024-06-28 19:07:30+00:00,154.19992579641192,21.792644535835965,1.210791606312175,235.0717863105175,26.51209490740741,2024-07-02 19:07:30+00:00,336.96002603600795,321.68548228136524,3.092245069599933,391.4381111376103,158.18716231075732,30.0,1.210791606312175,20
2024-06-28 19:22:30+00:00,154.3680362833586,21.68667575599923,1.1905574264758592,232.3425948008586,26.522511574074073,2024-07-02 19:22:30+00:00,336.96002603600795,321.54761162549323,3.093380220537021,379.1944908180301,158.45419419746543,30.0,1.1905574264758592,20
2024-06-28 19:37:30+00:00,154.5392446277942,21.580696350011703,1.1700878083158182,214.10684474123536,26.53292824074074,2024-07-02 19:37:30+00:00,336.19481040107854,321.40974099431435,3.094515280737609,380.3561491374513,159.02995331983476,30.0,1.1700878083158182,20
2024-06-28 19:52:30+00:00,154.71359696779396,21.47470952689527,1.1493793472101437,243.7952142459655,26.54334490740741,2024-07-02 19:52:30+00:00,335.436349032595,321.27187038784575,3.0956502501685423,377.2000953970904,158.70709312781315,30.0,1.1493793472101437,20
2024-06-28 20:07:30+00:00,154.89114026619188,21.36871859309245,1.1284285928622066,229.92343561107592,26.553761574074073,2024-07-02 20:07:30+00:00,335.436349032595,321.1339998060673,3.0967851287957835,377.5578344860482,159.17821740543116,30.0,1.1284285928622066,20
2024-06-28 20:22:30+00:00,155.071922325676,21.262726955069,1.1072320493418435,226.68117274108533,26.56417824074074,2024-07-02 20:22:30+00:00,334.6846392903864,320.9961292489924,3.0979199165857425,379.2988313856427,159.47371637677324,30.0,1.1072320493418435,20
2024-06-28 20:37:30+00:00,155.25599180298545,21.156738122323127,1.0857861752525215,217.3689482470785,26.57459490740741,2024-07-02 20:37:30+00:00,333.939680319608,320.8582587165797,3.0990546135052797,382.4373956594324,159.90204570594835,30.0,1.0857861752525215,20
2024-06-28 20:52:30+00:00,155.44339822318997,21.05075571043612,1.064087383956115,210.82637729549248,26.585011574074073,2024-07-02 20:52:30+00:00,333.939680319608,320.7203882088965,3.100189219520333,386.5191986644407,160.29104178159184,30.0,1.064087383956115,20
2024-06-28 21:07:30+00:00,155.6341919945488,20.94478344408772,1.0421320438438872,211.2556014409981,26.59542824074074,2024-07-02 21:07:30+00:00,333.2014731074238,320.5825177258977,3.10132373459728,383.51419031719536,160.52927285208048,30.0,1.0421320438438872,20
2024-06-28 21:22:30+00:00,155.82842442331255,20.83882516020032,1.019916478692436,200.91297996661103,26.60584490740741,2024-07-02 21:22:30+00:00,333.2014731074238,320.4446472675855,3.102458158702968,378.9172430240878,161.03572250254996,30.0,1.019916478692436,20
2024-06-28 21:37:30+00:00,156.02614772782238,20.732884811338725,0.9974369681347596,192.34240473569488,26.616261574074073,2024-07-02 21:37:30+00:00,332.47002054151835,320.30677683394003,3.1035924918033535,384.8914858096828,161.528378252325,30.0,0.9974369681347596,20
2024-06-28 21:52:30+00:00,156.22741505378616,20.62696646895092,0.9746897481694632,187.3901379081868,26.62667824074074,2024-07-02 21:52:30+00:00,331.74532747076444,320.1689064250178,3.1047267338647564,381.88647746243737,161.9396058078099,30.0,0.9746897481694632,20
2024-06-28 22:07:30+00:00,156.43228048873448,20.521074326816308,0.9516710117846714,181.98159723570296,26.63709490740741,2024-07-02 22:07:30+00:00,331.74532747076444,320.03103604074835,3.105860884854039,387.53478018920424,162.38069065859932,30.0,0.9516710117846714,20
2024-06-28 22:22:30+00:00,156.64079907648784,20.41521270472207,0.9283769097134752,174.6373657782426,26.647511574074073,2024-07-02 22:22:30+00:00,331.02740076840075,319.89316568118426,3.1069949447370857,381.0726210350584,162.908590989198,30.0,0.9283769097134752,20
2024-06-28 22:37:30+00:00,156.85302683199964,20.30938605199735,0.9048035512465584,182.32325193151377,26.65792824074074,2024-07-02 22:37:30+00:00,330.31624939810905,319.7552953462804,3.1081289134802947,376.4607679465776,162.92288434487082,30.0,0.9048035512465584,20
2024-06-28 22:52:30+00:00,157.06902075588326,20.203598951272557,0.8809470051846027,178.32589835518215,26.66834490740741,2024-07-02 22:52:30+00:00,330.31624939810905,319.6174250360533,3.109262791050429,377.87979966611016,163.34268681101676,30.0,0.8809470051846027,20
2024-06-28 23:07:30+00:00,157.28883884837666,20.097856122469867,0.8568033009453156,178.10303995030478,26.678761574074073,2024-07-02 23:07:30+00:00,329.6118844834139,319.47955475054096,3.110396577413386,386.08096828046746,163.638158065173,30.0,0.8568033009453156,20
2024-06-28 23:22:30+00:00,157.51254012391314,19.992162426633243,0.8323684297431833,179.80980446493146,26.68917824074074,2024-07-02 23:22:30+00:00,328.9143193808604,319.34168448966903,3.111530272535534,371.4762699737658,163.86871945109723,30.0,0.8323684297431833,20
2024-06-28 23:37:30+00:00,157.740184625346,19.88652287001061,0.8076383459422607,173.19175369802383,26.69959490740741,2024-07-02 23:37:30+00:00,328.9143193808604,319.20381425348313,3.112663876383645,364.7328881469115,164.4089056377465,30.0,0.8076383459422607,20
2024-06-28 23:52:30+00:00,157.97183343703017,19.78094260840561,0.7826089685976939,177.55081999410783,26.710011574074073,2024-07-02 23:52:30+00:00,328.2235697574641,319.0659440419631,3.1137973889236052,359.161101836394,164.54473938392738,30.0,0.7826089685976939,20
2024-06-29 00:07:30+00:00,158.20754869903016,19.67542695138408,0.7572761830764972,174.22049850186994,26.72042824074074,2024-07-03 00:07:30+00:00,327.53965367296104,318.9280738551507,3.1149308101217352,356.42737896494157,164.97526447537575,30.0,0.7572761830764972,20
2024-06-29 00:22:30+00:00,158.4473936202591,19.569981366968054,0.7316358429089126,185.425774474968,26.73084490740741,2024-07-03 00:22:30+00:00,327.53965367296104,318.79020369297524,3.1160641399448026,370.22815804117977,164.8710787468547,30.0,0.7316358429089126,20
2024-06-29 00:37:30+00:00,158.6914324909337,19.46461148560883,0.7056837718265708,181.2944054043561,26.741261574074073,2024-07-03 00:37:30+00:00,326.86259166742366,318.6523335554747,3.117197378358686,361.7139677239844,165.32787620719338,30.0,0.7056837718265708,20
2024-06-29 00:52:30+00:00,158.93973069539376,19.35932310504936,0.6794157659527982,186.2364641458202,26.75167824074074,2024-07-03 00:52:30+00:00,326.1924068548426,318.5144634426324,3.118330525329684,362.6599888703394,165.46462979938858,30.0,0.6794157659527982,20
2024-06-29 01:07:30+00:00,159.1923547240695,19.254122195171213,0.6528275962309098,177.81573941064568,26.76209490740741,2024-07-03 01:07:30+00:00,326.1924068548426,318.3765933544358,3.11946358082456,371.0628825820812,166.09381447885065,30.0,0.6528275962309098,20
2024-06-29 01:22:30+00:00,159.44937218474928,19.149014902925813,0.6259150110686894,177.9619729380355,26.772511574074073,2024-07-03 01:22:30+00:00,325.529125023313,318.2387232909229,3.120596544809165,364.9972175848636,166.41260982991906,30.0,0.6259150110686894,20
2024-06-29 01:37:30+00:00,159.7108518134911,19.044007557386585,0.5986737392210554,168.83565632643553,26.78292824074074,2024-07-03 01:37:30+00:00,325.529125023313,318.1008532520624,3.121729417249759,355.70395102949357,167.12151057277865,30.0,0.5986737392210554,20
2024-06-29 01:52:30+00:00,159.97686348512946,18.939106674782096,0.5710994928779626,175.58836712289616,26.79334490740741,2024-07-03 01:52:30+00:00,324.87277474249345,317.96298323787084,3.1228621981131353,349.1819699499165,167.1707523744808,30.0,0.5710994928779626,20
2024-06-29 02:07:30+00:00,160.24747822223915,18.83431896395957,0.5431879710951055,179.94719881973833,26.803761574074073,2024-07-03 02:07:30+00:00,324.2233874790442,317.8251132483277,3.1239948873650905,351.8363939899833,167.3336126844922,30.0,0.5431879710951055,20
2024-06-29 02:22:30+00:00,160.5227682039167,18.72965133170777,0.5149348634344096,181.23201444690568,26.81417824074074,2024-07-03 02:22:30+00:00,324.2233874790442,317.6872432834165,3.1251274849719093,371.6193656093489,167.62462149068642,30.0,0.5149348634344096,20
2024-06-29 02:37:30+00:00,160.80280677421229,18.625110888214067,0.4863358538951424,175.99851013309035,26.82459490740741,2024-07-03 02:37:30+00:00,323.58099772077605,317.5493733431826,3.1262599909003215,369.6160267111853,168.18367483922452,30.0,0.4863358538951424,20
2024-06-29 02:52:30+00:00,161.08766844769983,18.5207049529526,0.4573866252418483,175.61175240186304,26.835011574074073,2024-07-03 02:52:30+00:00,322.9456431102721,317.41150342757635,3.1273924051161552,352.8380634390651,168.55268721502426,30.0,0.4573866252418483,20
2024-06-29 03:07:30+00:00,161.37742891597864,18.416441060359904,0.4280828635674196,187.2888923399464,26.84542824074074,2024-07-03 03:07:30+00:00,322.9456431102721,317.2736335366394,3.128524727585657,339.89983305509185,168.44059232111206,30.0,0.4280828635674196,20
2024-06-29 03:22:30+00:00,161.6721650522331,18.312326965718444,0.3984202632248908,194.2303320060022,26.85584490740741,2024-07-03 03:22:30+00:00,322.31736458876566,317.1357636703296,3.12965695827554,348.1636060100167,168.54411935951737,30.0,0.3984202632248908,20
2024-06-29 03:37:30+00:00,161.97195491372517,18.208370651423333,0.3683945321984413,173.19563613774898,26.866261574074073,2024-07-03 03:37:30+00:00,321.6962065510765,316.9978938286849,3.130789097151608,341.9449081803005,169.74705764776124,30.0,0.3683945321984413,20
2024-06-29 03:52:30+00:00,162.2768777442285,18.104580333033976,0.3380013977632609,169.47311667305434,26.87667824074074,2024-07-03 03:52:30+00:00,321.6962065510765,316.86002401165916,3.131921144180108,341.3188647746244,170.2927025032197,30.0,0.3380013977632609,20
2024-06-29 04:07:30+00:00,162.58701397419813,18.000964465598635,0.3072366125995253,144.71979888660087,26.88709490740741,2024-07-03 04:07:30+00:00,321.08221701241933,316.7221542192687,3.1330530993277312,332.85475792988314,172.05565498436653,30.0,0.3072366125995253,20
2024-06-29 04:22:30+00:00,162.90244521894985,17.89753175027017,0.2760959613792881,140.21819311255192,26.897511574074073,2024-07-03 04:22:30+00:00,320.4754477879025,316.58428445152197,3.1341849625602687,319.19866444073455,172.75931110794752,30.0,0.2760959613792881,20
2024-06-29 04:37:30+00:00,163.22325427557772,17.79429114080852,0.2445752677442966,179.35339703656547,26.90792824074074,2024-07-03 04:37:30+00:00,320.4754477879025,316.44641470843135,3.135316733843947,333.2220367278798,170.99507299257314,30.0,0.2445752677442966,20
2024-06-29 04:52:30+00:00,163.54952511829103,17.691251850230245,0.2126704017614107,159.8361610435998,26.91834490740741,2024-07-03 04:52:30+00:00,319.8759546855314,316.3085449899401,3.136448413145455,327.5459098497496,172.34396344452105,30.0,0.2126704017614107,20
2024-06-29 05:07:30+00:00,163.88134289024526,17.588423357827892,0.1803772879580371,155.41856401395322,26.928761574074073,2024-07-03 05:07:30+00:00,319.28379771351587,316.1706752960859,3.137580000430552,334.1193656093489,173.00131107949662,30.0,0.1803772879580371,20
2024-06-29 05:22:30+00:00,164.2187938945654,17.48581541602138,0.1476919137985648,148.7789727064487,26.93917824074074,2024-07-03 05:22:30+00:00,319.28379771351587,316.03280562686604,3.1387114956654707,328.9232053422371,173.82452141099355,30.0,0.1476919137985648,20
2024-06-29 05:37:30+00:00,164.56196558233435,17.383438057410967,0.1146103387373828,147.2765893869809,26.94959490740741,2024-07-03 05:37:30+00:00,318.6990413026544,315.89493598223874,3.1398428988168523,331.7404006677796,174.3450672780136,30.0,0.1146103387373828,20
2024-06-29 05:52:30+00:00,164.91094653743042,17.281301602111945,0.0811287039075219,164.58438482742554,26.960011574074073,2024-07-03 05:52:30+00:00,318.6990413026544,315.75706636225584,3.14097420985046,324.14023372287147,173.73612105750286,30.0,0.0811287039075219,20
2024-06-29 06:07:30+00:00,165.26582645936392,17.179416664951425,0.0472432423404444,141.71868808584995,26.97042824074074,2024-07-03 06:07:30+00:00,318.1217545445265,315.6191967669006,3.142105428732511,324.5409015025042,175.5970063735382,30.0,0.0472432423404444,20
2024-06-29 06:22:30+00:00,165.6266961430742,17.077794162850783,0.0129502898422803,155.2820592460302,26.98084490740741,2024-07-03 06:22:30+00:00,317.55201144616854,315.48132719615967,3.1432365554296493,321.28547579298834,175.13021924879627,30.0,0.0129502898422803,20
2024-06-29 06:37:30+00:00,165.99364745427093,16.976445322432326,-0.0217537034151122,170.10841675165483,26.991261574074073,2024-07-03 06:37:30+00:00,317.55201144616854,315.3434576500123,3.144367589907595,319.78297161936564,174.73689948195758,30.0,-0.0217537034151122,20
2024-06-29 06:52:30+00:00,166.36677330286838,16.87538168752687,-0.0568721606785079,181.85735916449897,27.00167824074074,2024-07-03 06:52:30+00:00,316.9898912018318,315.20558812851414,3.145498532132556,321.28547579298834,174.60863009443204,30.0,-0.0568721606785079,20
2024-06-29 07:07:30+00:00,166.7461676118539,16.77461512680549,-0.0924083656600707,168.68970982766348,27.01209490740741,2024-07-03 07:07:30+00:00,316.4354784823252,315.0677186315796,3.146629382071174,301.00166944908176,175.6995882869236,30.0,-0.0924083656600707,20
2024-06-29 07:22:30+00:00,167.13192528192073,16.67415784161156,-0.1283654487841805,166.9099662227744,27.022511574074073,2024-07-03 07:22:30+00:00,316.4354784823252,314.9298491593038,3.147760139689165,322.20367278797994,176.24954884554916,30.0,-0.1283654487841805,20
2024-06-29 07:37:30+00:00,167.52414215270295,16.5740223736472,-0.1647463727289451,202.3968518960172,27.03292824074074,2024-07-03 07:37:30+00:00,315.88886374232203,314.7919797115827,3.1488908049526745,321.5358931552588,175.09964434195993,30.0,-0.1647463727289451,20
2024-06-29 07:52:30+00:00,167.922914959054,16.47422161278834,-0.2015539171268407,193.8230383973289,27.04334490740741,2024-07-03 07:52:30+00:00,315.35014354586514,314.6541102884902,3.150021377828365,321.03505843071787,175.8923242572455,30.0,-0.2015539171268407,20
2024-06-29 08:07:30+00:00,168.3283412819344,16.374768805064797,-0.23879066237992,198.14736623295636,27.053761574074073,2024-07-03 08:07:30+00:00,315.35014354586514,314.5162408900053,3.1511518582819193,319.40734557595994,176.18114673286038,30.0,-0.23879066237992,20
2024-06-29 08:22:30+00:00,168.74051949551273,16.275677560378988,-0.276458972708147,213.8214854214388,27.06417824074074,2024-07-03 08:22:30+00:00,314.8194209101221,314.37837151609625,3.1522822462795212,316.8405676126878,176.07060148884383,30.0,-0.276458972708147,20
2024-06-29 08:37:30+00:00,169.1595487080211,16.17696186040914,-0.314560978237982,226.7085869445185,27.07459490740741,2024-07-03 08:37:30+00:00,314.29680566723107,314.2405021667939,3.153412541787739,318.9601717147627,176.12268343646923,30.0,-0.314560978237982,20
2024-06-29 08:52:30+00:00,169.58552869643808,16.07863606653856,-0.3530985561512597,228.62522809333385,27.085011574074073,2024-07-03 08:52:30+00:00,314.29680566723107,314.1026328420768,3.154542744772297,316.5990937276413,176.53940397767863,30.0,-0.3530985561512597,20
2024-06-29 09:07:30+00:00,170.01855983621877,15.980714927548744,-0.3920733109634423,227.6303643327114,27.09542824074074,2024-07-03 09:07:30+00:00,313.78241484382437,313.9647635419424,3.1556728551993225,315.5258764607679,177.05195365602628,30.0,-0.3920733109634423,20
2024-06-29 09:22:30+00:00,170.45874302436278,15.883213587348385,-0.4314865537970291,224.30795511899677,27.10584490740741,2024-07-03 09:22:30+00:00,313.27637305752467,313.82689426640644,3.156802873035425,314.7388504650608,177.6459546008073,30.0,-0.4314865537970291,20
2024-06-29 09:37:30+00:00,170.9061795945072,15.78614759273582,-0.4713392806160643,218.9446743275108,27.116261574074073,2024-07-03 09:37:30+00:00,313.27637305752467,313.68902501543334,3.15793279824627,314.57985531441295,178.3200788085419,30.0,-0.4713392806160643,20
2024-06-29 09:52:30+00:00,171.3609712269588,15.689532900772544,-0.5116321495611024,215.77823504290097,27.12667824074074,2024-07-03 09:52:30+00:00,312.77881292936456,313.5511557890642,3.159062630797991,314.41291040623264,178.93479917418213,30.0,-0.5116321495611024,20
2024-06-29 10:07:30+00:00,171.82321984948445,15.593385886266594,-0.552365457158434,212.62675145995595,27.13709490740741,2024-07-03 10:07:30+00:00,312.77881292936456,313.41328658727076,3.160192370657169,314.52420701168614,179.56094468691117,30.0,-0.552365457158434,20
2024-06-29 10:22:30+00:00,172.29302753105233,15.49772334896189,-0.5935391135410945,216.16647901541327,27.147511574074073,2024-07-03 10:22:30+00:00,312.2898755106908,313.27541741003216,3.1613220177894625,311.1853088480801,179.95458562563027,30.0,-0.5935391135410945,20
2024-06-29 10:37:30+00:00,172.77049636700625,15.40256252056409,-0.6351526166033061,215.1847281701386,27.15792824074074,2024-07-03 10:37:30+00:00,311.8097107226633,313.1375482573891,3.1624515721609923,313.8564273789649,180.51751213751655,30.0,-0.6351526166033061,20
2024-06-29 10:52:30+00:00,173.25572835643794,15.307921071399983,-0.6772050251588435,217.6074047463071,27.16834490740741,2024-07-03 10:52:30+00:00,311.8097107226633,312.9996791292992,3.163581033738318,313.7729549248748,180.9661627359729,30.0,-0.6772050251588435,20
2024-06-29 11:07:30+00:00,173.74882526885784,15.213817117042522,-0.7196949309437942,201.94357651858155,27.178761574074073,2024-07-03 11:07:30+00:00,311.3384778059506,312.8618100257994,3.1647104024870973,,182.11053893979954,30.0,-0.7196949309437942,20
2024-06-29 11:22:30+00:00,174.24988850317945,15.120269224363003,-0.7626204296803761,173.02869122956866,27.18917824074074,2024-07-03 11:22:30+00:00,310.8763457776474,312.7239409468432,3.165839678373434,310.31719532554257,184.07067371221345,30.0,-0.7626204296803761,20
2024-06-29 11:37:30+00:00,174.75901893602492,15.027296417332437,-0.8059790910639881,169.88625660146937,27.19959490740741,2024-07-03 11:37:30+00:00,310.8763457776474,312.58607189244617,3.166968861363856,312.5208681135225,184.82396013577088,30.0,-0.8059790910639881,20
2024-06-29 11:52:30+00:00,175.27631675947725,14.934918182478407,-0.8497679277055087,165.49287572310442,27.210011574074073,2024-07-03 11:52:30+00:00,310.42349389179265,312.44820286261637,3.168097951424031,339.1652754590985,185.672201458187,30.0,-0.8497679277055087,20
2024-06-29 12:07:30+00:00,175.80188130905225,14.843154473727807,-0.8939833631577829,190.8850874190597,27.22042824074074,2024-07-03 12:07:30+00:00,309.98011209914773,312.3103338573363,3.1692269485200093,339.5659432387312,184.869768013164,30.0,-0.8939833631577829,20
2024-06-29 12:22:30+00:00,176.33581088078958,14.752025716776073,-0.938621198982954,243.35121642867563,27.23084490740741,2024-07-03 12:22:30+00:00,309.98011209914773,312.17246487662123,3.1703558526183446,322.53756260434056,183.49144113198804,30.0,-0.938621198982954,20
2024-06-29 12:37:30+00:00,176.87820253522656,14.661552813083636,-0.9836765808178528,329.23416049402726,27.241261574074073,2024-07-03 12:37:30+00:00,309.5464015010934,312.0345959204503,3.1714846636846774,315.85976627712853,182.19862069611892,30.0,-0.9836765808178528,20
2024-06-29 12:52:30+00:00,177.42915189249965,14.571757142908398,-1.0291439637616928,285.8375609835162,27.25167824074074,2024-07-03 12:52:30+00:00,309.12257479162224,311.8967269888202,3.172613381685071,319.03171953255423,183.59320584230824,30.0,-1.0291439637616928,20
2024-06-29 13:07:30+00:00,177.98875291336574,14.48266056789173,-1.0750170768700091,272.2615362173201,27.26209490740741,2024-07-03 13:07:30+00:00,309.12257479162224,311.7588580817323,3.1737420065860245,320.3672787979967,184.4975424921752,30.0,-1.0750170768700091,20
2024-06-29 13:22:30+00:00,178.55709766821516,14.394285432887427,-1.1212888869523314,275.5563479585718,27.272511574074073,2024-07-03 13:22:30+00:00,308.7088566804394,311.6209891991938,3.174870538353174,317.779632721202,185.0246879692711,30.0,-1.1212888869523314,20
2024-06-29 13:37:30+00:00,179.1342760942281,14.306654566842717,-1.167951561833819,303.9920903771658,27.28292824074074,2024-07-03 13:37:30+00:00,308.3054842891317,311.4831203412022,3.175998976952566,318.2178631051753,185.02980146432478,30.0,-1.167951561833819,20
2024-06-29 13:52:30+00:00,179.7203757399562,14.219791282811665,-1.2149964331169063,274.126780880756,27.29334490740741,2024-07-03 13:52:30+00:00,308.3054842891317,311.34525150772913,3.1771273223507097,318.36393989983304,186.29438844498938,30.0,-1.2149964331169063,20
2024-06-29 14:07:30+00:00,180.31548149532583,14.133719377164992,-1.26241395848488,271.07703778141564,27.303761574074073,2024-07-03 14:07:30+00:00,307.91270751123216,311.2073826987967,3.1782555745132046,326.0434056761269,186.99971575667604,30.0,-1.26241395848488,20
2024-06-29 14:22:30+00:00,180.91967531050267,14.04846312754901,-1.3101936838948611,268.25096844254983,27.31417824074074,2024-07-03 14:22:30+00:00,307.91270751123216,311.0695139143876,3.179383733406093,,187.71062472808833,30.0,-1.3101936838948611,20
2024-06-29 14:37:30+00:00,181.53303589632247,13.964047287859398,-1.3583242057030258,277.7016710699062,27.32459490740741,2024-07-03 14:37:30+00:00,307.5307893257905,310.9316451545025,3.180511798995872,348.20534223706176,188.127591520898,30.0,-1.3583242057030258,20
2024-06-29 14:52:30+00:00,182.15563841948244,13.88049708560038,-1.4067931328030594,289.1848874337488,27.335011574074073,2024-07-03 14:52:30+00:00,307.16000605276713,310.79377641913453,3.1816397712481335,349.5826377295492,188.52132590656697,30.0,-1.4067931328030594,20
2024-06-29 15:07:30+00:00,182.7875541966937,13.7978382232897,-1.4555870488856928,317.00191774287873,27.34542824074074,2024-07-03 15:07:30+00:00,307.16000605276713,310.65590770829516,3.1827676501288824,353.5893155258765,188.62442844428838,30.0,-1.4555870488856928,20
2024-06-29 15:22:30+00:00,183.4288503364634,13.716096860663338,-1.5046914757661465,320.3517333207167,27.35584490740741,2024-07-03 15:22:30+00:00,306.8006475372123,310.5180390219706,3.1838954356046285,347.9799666110184,189.23382988918667,30.0,-1.5046914757661465,20
2024-06-29 15:37:30+00:00,184.07958940071623,13.635299610667287,-1.5540908369665465,302.87638931292753,27.366261574074073,2024-07-03 15:37:30+00:00,306.45301724777784,310.3801703601687,3.1850231276409167,354.75792988313856,190.24996926721548,30.0,-1.5540908369665465,20
2024-06-29 15:52:30+00:00,184.7398290463779,13.55547352946943,-1.6037684225224882,310.3695092360412,27.37667824074074,2024-07-03 15:52:30+00:00,306.45301724777784,310.24230172287145,3.186150726203782,363.10517529215355,190.79061214050984,30.0,-1.6037684225224882,20
2024-06-29 16:07:30+00:00,185.4096216546223,13.476646104887635,-1.6537063550589082,303.19598812547497,27.38709490740741,2024-07-03 16:07:30+00:00,306.11743227366077,310.1044331100943,3.1872782312596852,365.2754590984975,191.63325524699238,30.0,-1.6537063550589082,20
2024-06-29 16:22:30+00:00,186.08901394708653,13.398845243288022,-1.7038855573339502,311.2608315446379,27.397511574074073,2024-07-03 16:22:30+00:00,305.7942232026173,309.96656452178667,3.188405642774187,376.62771285475793,192.17993663198163,30.0,-1.7038855573339502,20
2024-06-29 16:37:30+00:00,186.77804659354996,13.322099254452551,-1.754285721829225,303.64225719909314,27.40792824074074,2024-07-03 16:37:30+00:00,305.7942232026173,309.82869595801793,3.1895329607132923,371.118530884808,193.0506587556478,30.0,-1.754285721829225,20
2024-06-29 16:52:30+00:00,187.47675380953245,13.24643683463906,-1.804885282540416,302.48037157638964,27.41834490740741,2024-07-03 16:52:30+00:00,305.48373386123563,309.69082741871614,3.1906601850434426,375.4590984974958,193.80202647644938,30.0,-1.804885282540416,20
2024-06-29 17:07:30+00:00,188.18516294321248,13.17188704781082,-1.8556613892777096,287.4616269834838,27.428761574074073,2024-07-03 17:07:30+00:00,305.18632089726646,309.5529589039326,3.191787315730203,375.8764607679465,194.87052298358984,30.0,-1.8556613892777096,20
2024-06-29 17:22:30+00:00,188.9032940568373,13.098479304651985,-1.9065898850603735,303.07126663765155,27.43917824074074,2024-07-03 17:22:30+00:00,305.18632089726646,309.4150904136348,3.192914352739554,386.1435726210351,195.27198654564293,30.0,-1.9065898850603735,20
2024-06-29 17:37:30+00:00,189.6311595011374,13.02624333950602,-1.9576452868550775,308.1236759120952,27.44959490740741,2024-07-03 17:37:30+00:00,304.9023531825039,309.2772219478089,3.1940412960379296,391.7362270450752,195.92219540053262,30.0,-1.9576452868550775,20
2024-06-29 17:52:30+00:00,190.3687634831332,12.955209185292096,-2.0088007699831314,312.7856265582137,27.460011574074073,2024-07-03 17:52:30+00:00,304.6322110135648,309.1393535065062,3.1951681455908707,388.6477462437395,196.59196909343456,30.0,-2.0088007699831314,20
2024-06-29 18:07:30+00:00,191.1161016334165,12.885407145920086,-2.0600281569044903,270.9389598911351,27.47042824074074,2024-07-03 18:07:30+00:00,304.6322110135648,309.0014850896649,3.19629490136436,385.2531997774068,198.3299062396937,30.0,-2.0600281569044903,20
2024-06-29 18:22:30+00:00,191.8731605696316,12.81686776660086,-2.1112979104929517,213.42027972256437,27.48084490740741,2024-07-03 18:22:30+00:00,304.37628508696986,308.8636166973004,3.197421563324805,382.6377295492487,201.06782554463246,30.0,-2.1112979104929517,20
2024-06-29 18:37:30+00:00,192.63991746105225,12.749621801762018,-2.1625791324120742,200.45836912653775,27.491261574074073,2024-07-03 18:37:30+00:00,304.37628508696986,308.7257483293765,3.1985481314377555,,202.46743189476456,30.0,-2.1625791324120742,20
2024-06-29 18:52:30+00:00,193.41633959586747,12.683700180563635,-2.2138395670004622,186.63533072920887,27.50167824074074,2024-07-03 18:52:30+00:00,304.134975224267,308.58787998596233,3.1996746056691543,384.8914858096828,204.01206020304812,30.0,-2.2138395670004622,20
2024-06-29 19:07:30+00:00,194.20238395408091,12.619133969965404,-2.265045611134397,186.2813426908926,27.51209490740741,2024-07-03 19:07:30+00:00,303.90868882264556,308.45001166701513,3.2008009859854263,388.4808013355593,204.85782215327276,30.0,-2.265045611134397,20
2024-06-29 19:22:30+00:00,194.99799678546492,12.55595433553771,-2.3161623303212755,189.76596860613,27.522511574074073,2024-07-03 19:22:30+00:00,303.90868882264556,308.31214337251316,3.2019272723520573,382.6377295492487,205.4957931820344,30.0,-2.3161623303212755,20
2024-06-29 19:37:30+00:00,195.8031132005934,12.494192499645198,-2.367153481740739,189.85234290159977,27.53292824074074,2024-07-03 19:37:30+00:00,303.69783900663606,308.17427510251116,3.2030534647350315,385.64273789649417,206.3332848267115,30.0,-2.367153481740739,20
2024-06-29 19:52:30+00:00,196.6176567736282,12.433879697327663,-2.417981544381287,184.23897156739832,27.54334490740741,2024-07-03 19:52:30+00:00,303.5028424571976,308.03640685693694,3.204179563100727,385.30884808013354,207.50604542137154,30.0,-2.417981544381287,20
2024-06-29 20:07:30+00:00,197.44153915919043,12.375047129904416,-2.468607756641102,183.8189863364507,27.553761574074073,2024-07-03 20:07:30+00:00,303.5028424571976,307.89853863584136,3.2053055674146527,390.15025041736226,208.39135612129678,30.0,-2.468607756641102,20
2024-06-29 20:22:30+00:00,198.27465973152837,12.317725916072316,-2.5189921619719255,180.3180057377182,27.56417824074074,2024-07-03 20:22:30+00:00,303.3241168958546,307.7606704391777,3.206431477642752,388.4808013355593,209.47337711144303,30.0,-2.5189921619719255,20
2024-06-29 20:37:30+00:00,199.11690524406404,12.261947040861168,-2.569093662606171,173.63696776180367,27.57459490740741,2024-07-03 20:37:30+00:00,303.16207820366924,307.6228022669606,3.2075572937513916,380.3839732888147,210.7832019131957,30.0,-2.569093662606171,20
2024-06-29 20:52:30+00:00,199.96814951405625,12.20774130246037,-2.6188700816894666,174.5141579007083,27.585011574074073,2024-07-03 20:52:30+00:00,303.16207820366924,307.48493411919776,3.208683015706074,389.1485809682805,211.61127774743812,30.0,-2.6188700816894666,20
2024-06-29 21:07:30+00:00,200.8282531381115,12.155139256867203,-2.6682782341463085,183.81120637956468,27.59542824074074,2024-07-03 21:07:30+00:00,303.01713715784365,307.34706599587093,3.209808643472732,384.5695206296208,211.91516103893295,30.0,-2.6682782341463085,20
2024-06-29 21:22:30+00:00,201.69706323944544,12.10417116068014,-2.7172740062522243,197.52338039126695,27.60584490740741,2024-07-03 21:22:30+00:00,302.8896957727383,307.2091978969806,3.2109341770177124,386.644407345576,212.04378022622546,30.0,-2.7172740062522243,20
2024-06-29 21:37:30+00:00,202.5744132489691,12.054866912191224,-2.7658124439604013,195.3780572799326,27.616261574074073,2024-07-03 21:37:30+00:00,302.8896957727383,307.0713298225486,3.212059616306518,386.7875029811591,213.06355993122324,30.0,-2.7658124439604013,20
2024-06-29 21:52:30+00:00,203.46012272972527,12.00725599068878,-2.8138478502282833,201.6487025301068,27.62667824074074,2024-07-03 21:52:30+00:00,302.7801432371772,306.93346177249873,3.2131849613050556,383.2387312186978,213.6500534473341,30.0,-2.8138478502282833,20
2024-06-29 22:07:30+00:00,204.35399724117252,11.961367394489498,-2.86133389094348,209.31585004133103,27.63709490740741,2024-07-03 22:07:30+00:00,302.6888514461721,306.79559374691877,3.214310211979673,388.02170283806345,214.19571168116946,30.0,-2.86133389094348,20
2024-06-29 22:22:30+00:00,205.25582824932465,11.917229577783418,-2.908223709383428,210.4011540269381,27.647511574074073,2024-07-03 22:22:30+00:00,302.6888514461721,306.65772574574305,3.2154353682958567,387.0736942523253,215.0707335370116,30.0,-2.908223709383428,20
2024-06-29 22:37:30+00:00,206.16539308797616,11.874870386426542,-2.954470049054707,206.69400457072467,27.65792824074074,2024-07-03 22:37:30+00:00,302.61617013270313,306.5198577690119,3.216560430219489,374.6243739565943,216.17973703725428,30.0,-2.954470049054707,20
2024-06-29 22:52:30+00:00,207.08245497069373,11.834316993101256,-3.0000253843624285,198.3266609397539,27.66834490740741,2024-07-03 22:52:30+00:00,302.61617013270313,306.3819898166818,3.2176853977169397,373.6227045075125,217.54265268385302,30.0,-3.0000253843624285,20
2024-06-29 23:07:30+00:00,208.00676305654005,11.795595832098916,-3.044842058665024,166.45412256673745,27.678761574074073,2024-07-03 23:07:30+00:00,302.5624216139735,306.2441218887601,3.2188102707536275,370.7846410684474,220.49643914209184,30.0,-3.044842058665024,20
2024-06-29 23:22:30+00:00,208.93805257488495,11.758732533887748,-3.088872429279371,167.6366760134204,27.68917824074074,2024-07-03 23:22:30+00:00,302.52789517661125,306.10625398524326,3.2199350492954655,371.28547579298834,221.36473594019841,30.0,-3.088872429279371,20
2024-06-29 23:37:30+00:00,209.8760450080911,11.723751859945644,-3.132069018578752,167.56276642300276,27.69959490740741,2024-07-03 23:37:30+00:00,302.52789517661125,305.96838610614606,3.221059733308796,362.60434056761267,222.33205035940912,30.0,-3.132069018578752,20
2024-06-29 23:52:30+00:00,210.82044833471736,11.690677638111351,-3.1743846704880623,177.0402031920906,27.710011574074073,2024-07-03 23:52:30+00:00,302.512841136559,305.8305182514468,3.222184322759051,362.60434056761267,222.63098504415677,30.0,-3.1743846704880623,20
2024-06-30 00:07:30+00:00,211.7709573356899,11.659532698769713,-3.2157727115194996,129.93835380627894,27.72042824074074,2024-07-04 00:07:30+00:00,302.51746462175976,305.6926504211561,3.223308817612096,363.3555926544241,227.8901133464455,30.0,-3.2157727115194996,20
2024-06-30 00:22:30+00:00,212.727253963115,11.630338812270749,-3.256187115339409,133.55268489553788,27.73084490740741,2024-07-04 00:22:30+00:00,302.51746462175976,305.5547826152455,3.2244332178342847,374.84696716750136,228.4351415619867,30.0,-3.256187115339409,20
2024-06-30 00:37:30+00:00,213.6890077708925,11.603116627946331,-3.2955826697777515,174.0726453474237,27.741261574074073,2024-07-04 00:37:30+00:00,302.5419191390244,305.4169148337509,3.225557523391021,375.180856983862,225.75833293528115,30.0,-3.2955826697777515,20
2024-06-30 00:52:30+00:00,214.65587641027616,11.577885615013123,-3.333915145265327,154.3387847059014,27.75167824074074,2024-07-04 00:52:30+00:00,302.5863000003914,305.27904707661077,3.2266817342481895,364.7746243739566,228.2870629299999,30.0,-3.333915145265327,20
2024-06-30 01:07:30+00:00,215.62750618644748,11.554664005797942,-3.3711414633882857,171.24852099777945,27.76209490740741,2024-07-04 01:07:30+00:00,302.5863000003914,305.141179343898,3.227805850372099,362.8269337785198,227.92818286579748,30.0,-3.3711414633882857,20
2024-06-30 01:22:30+00:00,216.60353267526924,11.5334687416309,-3.407219864336927,177.78368478208017,27.772511574074073,2024-07-04 01:22:30+00:00,302.65063769851236,305.0033116355325,3.2289298717281576,364.2181413466889,228.46566281373052,30.0,-3.407219864336927,20
2024-06-30 01:37:30+00:00,217.58358140043663,11.514315421696011,-3.442110072035277,177.26826263837788,27.78292824074074,2024-07-04 01:37:30+00:00,302.7348913346779,304.865443951554,3.2300537982822246,356.98386199220926,229.4925407313539,30.0,-3.442110072035277,20
2024-06-30 01:52:30+00:00,218.56726856657863,11.49721825524888,-3.4757734555608515,175.52555229589768,27.79334490740741,2024-07-04 01:52:30+00:00,302.7348913346779,304.7275762919486,3.231177630000611,350.9420462675888,230.6055901293983,30.0,-3.4757734555608515,20
2024-06-30 02:07:30+00:00,219.5542018262233,11.482190017552108,-3.508173185894516,163.50357391769455,27.803761574074073,2024-07-04 02:07:30+00:00,302.8389422165337,304.58970865672285,3.2323013668487115,350.3338898163606,232.4881654551735,30.0,-3.508173185894516,20
2024-06-30 02:22:30+00:00,220.54398116115405,11.469242009431325,-3.5392743851857893,153.8856022172877,27.81417824074074,2024-07-04 02:22:30+00:00,302.96258775471927,304.4518410458589,3.233425008792375,343.1969949916528,234.2959366465468,30.0,-3.5392743851857893,20
2024-06-30 02:37:30+00:00,221.53619973695623,11.458384021741823,-3.569044269769513,129.6140817219638,27.82459490740741,2024-07-04 02:37:30+00:00,302.96258775471927,304.3139734593715,3.2345485557978977,348.5094204626759,237.87291187976518,30.0,-3.569044269769513,20
2024-06-30 02:52:30+00:00,222.53044481582583,11.449624303896371,-3.597452284067263,129.14728430879944,27.835011574074073,2024-07-04 02:52:30+00:00,303.10553579795345,304.1761058972385,3.235672007830653,347.07846410684476,238.93395125529048,30.0,-3.597452284067263,20
2024-06-30 03:07:30+00:00,223.5262987242121,11.442969537131264,-3.62447022420713,138.8800103732759,27.84542824074074,2024-07-04 03:07:30+00:00,303.10553579795345,304.03823835944144,3.236795364856525,336.0601001669449,238.78571787311532,30.0,-3.62447022420713,20
2024-06-30 03:22:30+00:00,224.5233398415154,11.438424812769272,-3.650072350738676,140.7588699612623,27.85584490740741,2024-07-04 03:22:30+00:00,303.2673995537981,303.9003708460245,3.237918626841747,343.68391764051194,239.58276239562903,30.0,-3.650072350738676,20
2024-06-30 03:37:30+00:00,225.52114361125703,11.43599361557732,-3.6742354892800657,140.22788790378786,27.866261574074073,2024-07-04 03:37:30+00:00,303.4476932467569,303.7625033569216,3.239041793751695,335.1585976627713,240.63956960637069,30.0,-3.6742354892800657,20
2024-06-30 03:52:30+00:00,226.51928357435392,11.435677812315648,-3.696939118342621,133.44182050991134,27.87667824074074,2024-07-04 03:52:30+00:00,303.4476932467569,303.624635892173,3.2401648655522366,329.6118530884808,242.40681420469173,30.0,-3.696939118342621,20
2024-06-30 04:07:30+00:00,227.5173324111596,11.437477645601543,-3.718165443450145,209.2341604940273,27.88709490740741,2024-07-04 04:07:30+00:00,303.64582866585374,303.48676845180773,3.2412878422095943,332.1965180062008,237.64883036186748,30.0,-3.718165443450145,20
2024-06-30 04:22:30+00:00,228.51486298981447,11.441391733108665,-3.7378994570236848,202.13689482470784,27.897511574074073,2024-07-04 04:22:30+00:00,303.86111274977696,303.34890103574554,3.242410723689188,325.54257095158596,238.99987849407194,30.0,-3.7378994570236848,20
2024-06-30 04:37:30+00:00,229.51144941483255,11.447417072116696,-3.756128983584355,194.20717376857868,27.90792824074074,2024-07-04 04:37:30+00:00,303.86111274977696,303.21103364401176,3.243533509956785,323.76182526432945,240.42103805868834,30.0,-3.756128983584355,20
2024-06-30 04:52:30+00:00,230.50666806683984,11.455549049380512,-3.77284470991687,151.11982754428902,27.91834490740741,2024-07-04 04:52:30+00:00,304.09274634860395,303.0731662765919,3.244656200978654,319.36560934891486,244.5206577157068,30.0,-3.77284470991687,20
2024-06-30 05:07:30+00:00,231.50009862757503,11.465781456230548,-3.788040200056969,160.22043211177203,27.928761574074073,2024-07-04 05:07:30+00:00,304.33982428671516,302.9352989335366,3.2457787967201956,317.52921535893154,244.71079292970862,30.0,-3.788040200056969,20
2024-06-30 05:22:30+00:00,232.49132508637385,11.478106508811791,-3.801711895149767,166.78088075595247,27.93917824074074,2024-07-04 05:22:30+00:00,304.33982428671516,302.7974316147983,3.2469012971471725,317.41791875347803,245.1739276050601,30.0,-3.801711895149767,20
2024-06-30 05:37:30+00:00,233.47993671981752,11.492514873306366,-3.8138590982936975,153.89532716339528,27.94959490740741,2024-07-04 05:37:30+00:00,304.6013368316612,302.6595643203484,3.24802370222584,319.1430161380078,247.2137531397878,30.0,-3.8138590982936975,20
2024-06-30 05:52:30+00:00,234.4655290370149,11.508995695923652,-3.824483944676023,142.51908520673612,27.960011574074073,2024-07-04 05:52:30+00:00,304.8761726485996,302.5216970502516,3.2491460119215407,319.1569282136895,249.28240808490264,30.0,-3.824483944676023,20
2024-06-30 06:07:30+00:00,235.44770469087197,11.527536637507207,-3.833591357515221,114.3147965055027,27.97042824074074,2024-07-04 06:07:30+00:00,304.8761726485996,302.38382980443146,3.2502682262000833,320.60577152396854,253.90175194534052,30.0,-3.833591357515221,20
2024-06-30 06:22:30+00:00,236.42607434438864,11.548123912441255,-3.841188990332756,114.38676110669888,27.98084490740741,2024-07-04 06:22:30+00:00,305.1631232898774,302.2459625829318,3.2513903450277017,316.16980682089195,254.84795771896535,30.0,-3.841188990332756,20
2024-06-30 06:37:30+00:00,237.40025749002757,11.570742331610886,-3.847287156310467,118.90886104672836,27.991261574074073,2024-07-04 06:37:30+00:00,305.4608892350929,302.108095385745,3.2525123683697403,313.80077907623814,255.0998343922341,30.0,-3.847287156310467,20
2024-06-30 06:52:30+00:00,238.3698832196024,11.595375349140536,-3.8518987455560247,115.08695722644538,28.00167824074074,2024-07-04 06:52:30+00:00,305.4608892350929,301.97022821283787,3.253634296191955,315.35893155258765,256.63279910551154,30.0,-3.8518987455560247,20
2024-06-30 07:07:30+00:00,239.3345909388193,11.622005112561476,-3.855039131189907,129.72105612914726,28.01209490740741,2024-07-04 07:07:30+00:00,305.76808745949927,301.83236106425426,3.2547561284606012,315.6371730662215,255.51378605888314,30.0,-3.855039131189907,20
2024-06-30 07:22:30+00:00,240.2940310232027,11.650612516049833,-3.856726065264379,142.5793798726032,28.022511574074073,2024-07-04 07:22:30+00:00,305.76808745949927,301.6944939399429,3.255877865140997,314.85809682804677,254.99121438120994,30.0,-3.856726065264379,20
2024-06-30 07:37:30+00:00,241.24786541696216,11.68117725647734,-3.85697956559684,163.07762127818208,28.03292824074074,2024-07-04 07:37:30+00:00,306.0832604691303,301.5566268399435,3.256999506198905,315.0250417362271,254.07626427342106,30.0,-3.85697956559684,20
2024-06-30 07:52:30+00:00,242.19576816907045,11.713677891841014,-3.855821794623042,154.1968004927306,28.04334490740741,2024-07-04 07:52:30+00:00,306.40488670097653,301.4187597641834,3.2581210516005714,315.42570951585975,255.73893614724508,30.0,-3.855821794623042,20
2024-06-30 08:07:30+00:00,243.13742590588325,11.748091901699697,-3.853276931437634,172.47580919655735,28.053761574074073,2024-07-04 08:07:30+00:00,306.40488670097653,301.2808927127421,3.2592425013112782,315.8120677319341,255.22250074608579,30.0,-3.853276931437634,20
2024-06-30 08:22:30+00:00,244.07253824253252,11.784395749348622,-3.849371038186715,181.10572637243305,28.06417824074074,2024-07-04 08:22:30+00:00,306.7313921474692,301.14302568555775,3.2603638552968217,311.3313856427379,255.55885164841945,30.0,-3.849371038186715,20
2024-06-30 08:37:30+00:00,245.0008181301693,11.822564945292882,-3.84413192198574,193.24440410392725,28.07459490740741,2024-07-04 08:37:30+00:00,307.0611630280923,301.0051586826446,3.2614851135233853,308.0133555926544,255.74306025855412,30.0,-3.84413192198574,20
2024-06-30 08:52:30+00:00,245.92199213964585,11.86257411165134,-3.8375889935306495,195.49736890919564,28.085011574074073,2024-07-04 08:52:30+00:00,307.0611630280923,300.8672917040098,3.262606275956302,309.4045631608236,256.51706618270293,30.0,-3.8375889935306495,20
2024-06-30 09:07:30+00:00,246.8358006852866,11.904397047260996,-3.8297731235160537,213.49111263871157,28.09542824074074,2024-07-04 09:07:30+00:00,307.3925592987198,300.72942474963463,3.263727342561291,307.70033388981636,256.51551455859493,30.0,-3.8297731235160537,20
2024-06-30 09:22:30+00:00,247.74199818704577,11.94800679302566,-3.8207164979709263,221.9430275756036,28.10584490740741,2024-07-04 09:22:30+00:00,307.72392876274455,300.59155781953376,3.2648483133045727,324.5409015025042,257.03065500214814,30.0,-3.8207164979709263,20
2024-06-30 09:37:30+00:00,248.6403531736391,11.993375697218946,-3.8104524735519143,235.34360120304268,28.116261574074073,2024-07-04 09:37:30+00:00,307.72392876274455,300.4536909136849,3.2659691881514448,328.63105175292156,257.37809424077193,30.0,-3.8104524735519143,20
2024-06-30 09:52:30+00:00,249.53064833049444,12.040475480505089,-3.7990154337657898,241.86102734825496,28.12667824074074,2024-07-04 09:52:30+00:00,308.0536215284782,300.31582403208404,3.267089967067627,328.86060100166947,258.01069423636034,30.0,-3.7990154337657898,20
2024-06-30 10:07:30+00:00,250.4126804937367,12.089277300360417,-3.78644064703658,225.9915838775169,28.13709490740741,2024-07-04 10:07:30+00:00,308.38000454558744,300.1779571747168,3.2682106500193537,335.559265442404,259.4635458901505,30.0,-3.78644064703658,20
2024-06-30 10:22:30+00:00,251.28626059072857,12.139751814488491,-3.7727641274995154,170.78755855227968,28.147511574074073,2024-07-04 10:22:30+00:00,308.38000454558744,300.04009034163346,3.269331236971874,339.70903887431433,263.2289055483414,30.0,-3.7727641274995154,20
2024-06-30 10:37:30+00:00,252.15121353583137,12.191869243290274,-3.75802249920682,191.10880593870044,28.15792824074074,2024-07-04 10:37:30+00:00,308.7014759500936,299.9022235327573,3.270451727890938,342.07011686143574,262.7928127616108,30.0,-3.75802249920682,20
2024-06-30 10:52:30+00:00,253.0073780794387,12.245599430897132,-3.742252864494444,189.4458401543025,28.16834490740741,2024-07-04 10:52:30+00:00,309.0164789528409,299.76435674811756,3.2715721227427266,342.07011686143574,263.7100004628075,30.0,-3.742252864494444,20
2024-06-30 11:07:30+00:00,253.85460661392153,12.30091190458034,-3.725492677109914,170.66696922054558,28.178761574074073,2024-07-04 11:07:30+00:00,309.0164789528409,299.62648998772084,3.272692421492514,339.49439542093967,265.6978506117116,30.0,-3.725492677109914,20
2024-06-30 11:22:30+00:00,254.69276494416667,12.357775932594128,-3.7077796205473184,163.22544045901745,28.18917824074074,2024-07-04 11:22:30+00:00,309.3235150201131,299.4886232515631,3.273812624106007,339.3155258764608,267.0361633381552,30.0,-3.7077796205473184,20
2024-06-30 11:37:30+00:00,255.52173202171124,12.41616058003452,-3.689151492097818,218.5615348497496,28.19959490740741,2024-07-04 11:37:30+00:00,309.3235150201131,299.3507565396301,3.274932730549404,339.70903887431433,264.70948349763626,30.0,-3.689151492097818,20
2024-06-30 11:52:30+00:00,256.3413996464256,12.47603476263784,-3.669646092953473,289.2295838231372,28.210011574074073,2024-07-04 11:52:30+00:00,309.62115611657293,299.21288985191376,3.2760527407879585,338.0634390651085,263.2606482121038,30.0,-3.669646092953473,20
2024-06-30 12:07:30+00:00,257.1516721424889,12.53736729855132,-3.649301124593407,291.12270450751254,28.22042824074074,2024-07-04 12:07:30+00:00,309.9080558089164,299.0750231884247,3.2771726547874067,335.87228714524207,264.0018666673652,30.0,-3.649301124593407,20
2024-06-30 12:22:30+00:00,257.9524660089468,12.60012695783976,-3.6281540916960338,263.51671390301664,28.23084490740741,2024-07-04 12:22:30+00:00,309.9080558089164,298.9371565491193,3.278292472513892,332.16471897607124,265.49308808882694,30.0,-3.6281540916960338,20
2024-06-30 12:37:30+00:00,258.74370954770126,12.664282509600737,-3.60624221173059,233.95412587775996,28.241261574074073,2024-07-04 12:37:30+00:00,310.1829590622684,298.7992899340624,3.2794121939326626,326.7111853088481,267.20585282710374,30.0,-3.60624221173059,20
2024-06-30 12:52:30+00:00,259.52534247568735,12.729802766866303,-3.5836023312155967,227.0800170827348,28.25167824074074,2024-07-04 12:52:30+00:00,310.44471059887957,298.6614233431774,3.2805318190094503,335.1140790205899,268.2106988162889,30.0,-3.5836023312155967,20
2024-06-30 13:07:30+00:00,260.29731552088356,12.79665662901984,-3.560270848731354,210.58053955035305,28.26209490740741,2024-07-04 13:07:30+00:00,310.44471059887957,298.5235567765077,3.281651347710386,334.0567612687813,269.6269340307954,30.0,-3.560270848731354,20
2024-06-30 13:22:30+00:00,261.05959000574586,12.864813121769322,-3.536283644620516,201.93733742283652,28.272511574074073,2024-07-04 13:22:30+00:00,310.6922617284991,298.38569023403096,3.282770780000734,339.73288814691153,270.7499850387638,30.0,-3.536283644620516,20
2024-06-30 13:37:30+00:00,261.8121374123814,12.934241434701883,-3.51167601593358,197.8589477923647,28.28292824074074,2024-07-04 13:37:30+00:00,310.92467560025057,298.24782371575765,3.283890115846205,339.621591541458,271.6622039486401,30.0,-3.51167601593358,20
2024-06-30 13:52:30+00:00,262.5549389710621,13.0049109565384,-3.4864826215967506,237.28710412263464,28.29334490740741,2024-07-04 13:52:30+00:00,310.92467560025057,298.1099572216735,3.2850093552129116,340.2893711741792,270.7342847877824,30.0,-3.4864826215967506,20
2024-06-30 14:07:30+00:00,263.28798522977877,13.07679130822329,-3.4607374318810806,183.47700122772716,28.303761574074073,2024-07-04 14:07:30+00:00,311.14113086536446,297.97209075178483,3.286128498066108,341.9270212258526,273.821427970171,30.0,-3.4607374318810806,20
2024-06-30 14:22:30+00:00,264.0112755889959,13.149852372971411,-3.434473680310316,191.15191986644408,28.31417824074074,2024-07-04 14:22:30+00:00,311.34092377730866,297.8342243060732,3.287247544371505,340.9432387312187,274.0781420567105,30.0,-3.434473680310316,20
2024-06-30 14:37:30+00:00,264.72481787895146,13.224064324605,-3.40772382600578,200.01039345731863,28.32459490740741,2024-07-04 14:37:30+00:00,311.34092377730866,297.6963578845242,3.288366494095204,343.57262103505843,274.30344903266274,30.0,-3.40772382600578,20
2024-06-30 14:52:30+00:00,265.4286279228012,13.299397653272829,-3.3805195201935136,186.9550025235858,28.335011574074073,2024-07-04 14:52:30+00:00,311.52346878952227,297.55849148714407,3.2894853472024552,345.82637729549253,275.6301343355579,30.0,-3.3805195201935136,20
2024-06-30 15:07:30+00:00,266.1227291076247,13.37582318926052,-3.3528915779097463,180.30439838121904,28.34542824074074,2024-07-04 15:07:30+00:00,311.68829774016905,297.4206251139727,3.290604103658954,349.89565943238733,276.65211615812433,30.0,-3.3528915779097463,20
2024-06-30 15:22:30+00:00,266.8071519586501,13.45331212449074,-3.324869954791332,186.9866444073456,28.35584490740741,2024-07-04 15:22:30+00:00,311.68829774016905,297.2827587649373,3.2917227634308035,352.80228953016933,276.9129298482849,30.0,-3.324869954791332,20
2024-06-30 15:37:30+00:00,267.48193372017516,13.531836031928435,-3.2964837286034627,221.17407092235436,28.366261574074073,2024-07-04 15:37:30+00:00,311.8350577374411,297.1448924400589,3.29284132648323,349.08180300500834,275.98509140690425,30.0,-3.2964837286034627,20
2024-06-30 15:52:30+00:00,268.14711794629864,13.61136688315035,-3.26776108514536,247.4488520002974,28.37667824074074,2024-07-04 15:52:30+00:00,311.8350577374411,297.0070261393483,3.2939597927819264,351.52337228714526,275.7106830907018,30.0,-3.26776108514536,20
2024-06-30 16:07:30+00:00,268.8027541001067,13.69187706394185,-3.238729308307213,241.55434154199932,28.38709490740741,2024-07-04 16:07:30+00:00,311.9635078776064,296.8691598628052,3.2950781622929854,348.914858096828,276.5128253437714,30.0,-3.238729308307213,20
2024-06-30 16:22:30+00:00,269.4488971619096,13.773339387959751,-3.20941477399801,252.0114587866938,28.397511574074073,2024-07-04 16:22:30+00:00,312.0735149411305,296.7312936103779,3.29619643498163,346.6889259877574,276.8021267585842,30.0,-3.20941477399801,20
2024-06-30 16:37:30+00:00,270.08560725089114,13.855727108891733,-3.179842947524272,262.78817484393574,28.40792824074074,2024-07-04 16:37:30+00:00,312.0735149411305,296.593427382121,3.2973146108135514,345.9654980523094,277.1014837163997,30.0,-3.179842947524272,20
2024-06-30 16:52:30+00:00,270.71294925622607,13.939013930777104,-3.1500383842792345,280.0628498477855,28.41834490740741,2024-07-04 16:52:30+00:00,312.16504821996176,296.4555611780049,3.298432689754824,347.74624373956595,277.2621147313074,30.0,-3.1500383842792345,20
2024-06-30 17:07:30+00:00,271.3309924805806,14.023174016751202,-3.12002473339801,272.6662083865266,28.428761574074073,2024-07-04 17:07:30+00:00,312.2381736318306,296.3176949980364,3.2995506717706697,347.4680022259321,278.0225689915207,30.0,-3.12002473339801,20
2024-06-30 17:22:30+00:00,271.9398102975645,14.108181996501072,-3.089824744033134,274.11175488559365,28.43917824074074,2024-07-04 17:22:30+00:00,312.2381736318306,296.1798288421824,3.300668556826762,344.01780745687256,278.56068219063917,30.0,-3.089824744033134,20
2024-06-30 17:37:30+00:00,272.53947982120974,14.194012972196596,-3.059460274101633,280.3092874088393,28.44959490740741,2024-07-04 17:37:30+00:00,312.2930472756825,296.04196271045737,3.301786344889176,351.97551474680023,278.97899833115923,30.0,-3.059460274101633,20
2024-06-30 17:52:30+00:00,273.1300815871885,14.280642523021712,-3.028952301236605,286.3835559265442,28.460011574074073,2024-07-04 17:52:30+00:00,312.3299085767889,295.9040966028677,3.302904035923126,350.6469115191987,279.39847109833073,30.0,-3.028952301236605,20
2024-06-30 18:07:30+00:00,273.71169924986356,14.368046708718548,-2.998320935587464,301.4226898748911,28.47042824074074,2024-07-04 18:07:30+00:00,312.3299085767889,295.7662305194097,3.3040216298942693,350.5286588759043,279.6342197086998,30.0,-2.998320935587464,20
2024-06-30 18:22:30+00:00,274.28441929048483,14.45620207181618,-2.9675854343846173,326.40651085141906,28.48084490740741,2024-07-04 18:22:30+00:00,312.3490731613375,295.62836446005383,3.305139126768682,341.40233722871454,279.72277475476807,30.0,-2.9675854343846173,20
2024-06-30 18:37:30+00:00,274.84833073906395,14.54508563879866,-2.9367642179936566,336.74611747871097,28.491261574074073,2024-07-04 18:37:30+00:00,312.3509255891251,295.49049842480696,3.3062565265115755,351.30773511407904,280.0895613371111,30.0,-2.9367642179936566,20
2024-06-30 18:52:30+00:00,275.4035249100237,14.634674920387642,-2.905874887220785,325.3950382420313,28.50167824074074,2024-07-04 18:52:30+00:00,312.3509255891251,295.352632413694,3.3073738290885712,345.0125208681135,280.7961482696959,30.0,-2.905874887220785,20
2024-06-30 19:07:30+00:00,275.9500951502999,14.724947910874784,-2.874934241731253,322.73396837867034,28.51209490740741,2024-07-04 19:07:30+00:00,312.33591206004553,295.2147664266567,3.3084910344657676,349.01919866444075,281.35523933957563,30.0,-2.874934241731253,20
2024-06-30 19:22:30+00:00,276.4881365995549,14.815883086474308,-2.843958299439009,310.6377295492488,28.522511574074073,2024-07-04 19:22:30+00:00,312.3045331960517,295.0769004637597,3.3096081426083512,351.6416249304396,282.0703263863807,30.0,-2.843958299439009,20
2024-06-30 19:37:30+00:00,277.0177459643196,14.907459403144552,-2.8129623165739215,315.14633764607674,28.53292824074074,2024-07-04 19:37:30+00:00,312.3045331960517,294.93903452492657,3.3107251534819566,353.5893155258765,282.48688986347616,30.0,-2.8129623165739215,20
2024-06-30 19:52:30+00:00,277.539021303571,14.999656293555184,-2.7819608084100578,314.78654901025516,28.54334490740741,2024-07-04 19:52:30+00:00,312.25733698575124,294.8011686102006,3.3118420670526527,348.9148580968281,282.980968279432,30.0,-2.7819608084100578,20
2024-06-30 20:07:30+00:00,278.05206182557566,15.092453663339606,-2.7509675704896623,304.09437259245306,28.553761574074073,2024-07-04 20:07:30+00:00,312.25733698575124,294.66330271955917,3.3129588832856287,346.74457429048414,283.65050206378424,30.0,-2.7509675704896623,20
2024-06-30 20:22:30+00:00,278.5569676979962,15.185831886979887,-2.7199957001193407,297.7331697407326,28.56417824074074,2024-07-04 20:22:30+00:00,312.1949119642905,294.52543685301293,3.3140756021465188,358.3194212576517,284.23920425404134,30.0,-2.7199957001193407,20
2024-06-30 20:37:30+00:00,279.05383986807465,15.279771802994668,-2.689057618153961,290.6726897770794,28.57459490740741,2024-07-04 20:37:30+00:00,312.117880687106,294.38757101051823,3.315192223601368,356.9838619922092,284.83719118984897,30.0,-2.689057618153961,20
2024-06-30 20:52:30+00:00,279.54277989316404,15.37425470860108,-2.6581650909220724,293.0931397290057,28.585011574074073,2024-07-04 20:52:30+00:00,312.117880687106,294.2497051921398,3.31630874761537,356.9282136894825,285.24155626127003,30.0,-2.6581650909220724,20
2024-06-30 21:07:30+00:00,280.0238897836242,15.469262354162549,-2.62732925211336,294.8454947610479,28.59542824074074,2024-07-04 21:07:30+00:00,312.02689354281426,294.11183939780074,3.3174251741541396,363.534462198903,285.6519978463353,30.0,-2.62732925211336,20
2024-06-30 21:22:30+00:00,280.4972718544536,15.56477693711553,-2.5965606246604445,297.49192883080104,28.60584490740741,2024-07-04 21:22:30+00:00,311.92262293822097,293.97397362755913,3.318541503183722,361.49137451307735,286.03864727295183,30.0,-2.5965606246604445,20
2024-06-30 21:37:30+00:00,280.9630285863049,15.660781095485431,-2.565869142516846,294.7043522149319,28.616261574074073,2024-07-04 21:37:30+00:00,311.92262293822097,293.8361078813635,3.3196577346693243,359.3767390094602,286.5196167218514,30.0,-2.565869142516846,20
2024-06-30 21:52:30+00:00,281.4212624973747,15.757257901331718,-2.5352641721660993,292.19010851419034,28.62667824074074,2024-07-04 21:52:30+00:00,311.80575787732545,293.6982421592388,3.320773868576519,357.47078464106846,286.9879566744462,30.0,-2.5352641721660993,20
2024-06-30 22:07:30+00:00,281.872076022991,15.854190853777826,-2.5047545339292747,309.3683270567225,28.63709490740741,2024-07-04 22:07:30+00:00,311.67699894638014,293.56037646117045,3.3218899048713832,353.7562604340568,287.09388772997795,30.0,-2.5047545339292747,20
2024-06-30 22:22:30+00:00,282.3155714035515,15.951563871767837,-2.4743485229814723,359.6831372340355,28.647511574074073,2024-07-04 22:22:30+00:00,311.67699894638014,293.42251078716487,3.3230058435190744,350.95993322203674,286.7760058982418,30.0,-2.4743485229814723,20
2024-06-30 22:37:30+00:00,282.75185058170354,16.049361286836014,-2.4440539299541437,371.73291518252415,28.65792824074074,2024-07-04 22:37:30+00:00,311.5370537085756,293.28464513717466,3.3241216844851773,349.5826377295492,287.03765488202345,30.0,-2.4440539299541437,20
2024-06-30 22:52:30+00:00,283.1810151068498,16.147567835637183,-2.413878061174119,372.5421634482668,28.66834490740741,2024-07-04 22:52:30+00:00,311.38663250475196,293.14677951125765,3.3252374277357677,346.86382065347004,287.42740494468063,30.0,-2.413878061174119,20
2024-06-30 23:07:30+00:00,283.60316604593163,16.246168652196914,-2.3838277585275898,367.9452420701169,28.678761574074073,2024-07-04 23:07:30+00:00,311.38663250475196,293.0089139093623,3.3263530732359965,347.85754034501946,287.8720049445088,30.0,-2.3838277585275898,20
2024-06-30 23:22:30+00:00,284.01840390300043,16.34514926032856,-2.3539094187886076,364.249105188284,28.68917824074074,2024-07-04 23:22:30+00:00,311.22644465063996,292.87104833154297,3.327468620951445,350.584307178631,288.29952710148126,30.0,-2.3539094187886076,20
2024-06-30 23:37:30+00:00,284.42682854448054,16.44449556585688,-2.324129012513629,344.6247622005668,28.69959490740741,2024-07-04 23:37:30+00:00,311.05719501643307,292.7331827777264,3.3285840708481653,344.6458383019318,288.9188152890438,30.0,-2.324129012513629,20
2024-06-30 23:52:30+00:00,284.82853913026054,16.54419384866812,-2.2944921024786624,351.3988943959778,28.710011574074073,2024-07-04 23:52:30+00:00,311.05719501643307,292.59531724793396,3.329699422891301,344.26126878130214,289.2015302280337,30.0,-2.2944921024786624,20
2024-07-01 00:07:30+00:00,285.2236340517768,16.644230754918905,-2.2650038615397388,354.55956005106555,28.72042824074074,2024-07-05 00:07:30+00:00,310.879580970886,292.45745174217615,3.3308146770464484,344.8247078464107,289.5254217090353,30.0,-2.2650038615397388,20
2024-07-01 00:22:30+00:00,285.61221087534375,16.744593289077773,-2.2356690900057963,331.21739864755136,28.73084490740741,2024-07-05 00:22:30+00:00,310.879580970886,292.319586260453,3.331929833279648,345.28976866205585,290.1825579060977,30.0,-2.2356690900057963,20
2024-07-01 00:37:30+00:00,285.99436629007647,16.84526880626487,-2.2064922325236935,324.17206972861743,28.741261574074073,2024-07-05 00:37:30+00:00,310.69428966952097,292.18172080272717,3.333044891556037,347.07846410684476,290.6285756099324,30.0,-2.2064922325236935,20
2024-07-01 00:52:30+00:00,286.37019606182156,16.94624500437148,-2.1774773943694203,315.4982713972106,28.75167824074074,2024-07-05 00:52:30+00:00,310.5019956647783,292.0438553690093,3.3341598518411923,347.7045075125209,291.095260495586,30.0,-2.1774773943694203,20
2024-07-01 01:07:30+00:00,286.73979499162624,17.04750991626674,-2.1486283572307268,318.1655217712581,28.76209490740741,2024-07-05 01:07:30+00:00,310.5019956647783,291.90598995932856,3.3352747141011467,345.57595993322207,291.38890063897503,30.0,-2.1486283572307268,20
2024-07-01 01:22:30+00:00,287.1032568775923,17.149051901920878,-2.119948594502277,324.246794302561,28.772511574074073,2024-07-05 01:22:30+00:00,310.3033588149618,291.7681245736186,3.3363894783010433,345.8263772954925,291.62940477098044,30.0,-2.119948594502277,20
2024-07-01 01:37:30+00:00,287.46067448223255,17.250859640843093,-2.091441285980925,327.74391427573084,28.78292824074074,2024-07-05 01:37:30+00:00,310.0990224684817,291.63025921191905,3.3375041444064575,346.8638206534701,291.9030526720944,30.0,-2.091441285980925,20
2024-07-01 01:52:30+00:00,287.81213950310314,17.35292212445865,-2.063109332074929,338.0874791318865,28.79334490740741,2024-07-05 01:52:30+00:00,310.0990224684817,291.4923938742445,3.338618712383403,346.5219810795771,292.0841308822561,30.0,-2.063109332074929,20
2024-07-01 02:07:30+00:00,288.1577425467726,17.45522864852502,-2.034955367507258,347.7967154559925,28.803761574074073,2024-07-05 02:07:30+00:00,309.88961190008575,291.35452856054326,3.3397331821970293,346.8781302170284,292.2768823850056,30.0,-2.034955367507258,20
2024-07-01 02:22:30+00:00,288.49757310674954,17.55776880574161,-2.006981774478496,364.7126162652039,28.81417824074074,2024-07-05 02:22:30+00:00,309.6757329763874,291.2166632707967,3.340847553812889,347.57929883138564,292.39355331627075,30.0,-2.006981774478496,20
2024-07-01 02:37:30+00:00,288.83171954459294,17.660532478469218,-1.9791906953261091,389.28700262581685,28.82459490740741,2024-07-05 02:37:30+00:00,309.6757329763874,291.0787980050775,3.341961827197021,347.6905954368392,292.451612910825,30.0,-1.9791906953261091,20
2024-07-01 02:52:30+00:00,289.16026907289614,17.763509831340084,-1.9515840447467976,374.6832956888933,28.835011574074073,2024-07-05 02:52:30+00:00,309.4579710289596,290.94093276333416,3.3430760023145263,350.75125208681135,292.88986512168736,30.0,-1.9515840447467976,20
2024-07-01 03:07:30+00:00,289.48330774281914,17.866691304307853,-1.9241635214492576,397.5809228090917,28.84542824074074,2024-07-05 03:07:30+00:00,309.2368899144799,290.80306754554806,3.344190079130982,351.36338341680573,292.96846975577097,30.0,-1.9241635214492576,20
2024-07-01 03:22:30+00:00,289.80092043308116,17.970067605606474,-1.8969306193896336,380.4161280473942,28.85584490740741,2024-07-05 03:22:30+00:00,309.2368899144799,290.66520235176273,3.3453040576123994,347.5236505286589,293.4123032544201,30.0,-1.8969306193896336,20
2024-07-01 03:37:30+00:00,290.11319084076433,18.073629704755277,-1.8698866385673385,377.461787804577,28.866261574074073,2024-07-05 03:37:30+00:00,309.013031242817,290.52733718192655,3.3464179377239076,347.72239446696875,293.7215067976872,30.0,-1.8698866385673385,20
2024-07-01 03:52:30+00:00,290.42020147603284,18.177368825927804,-1.8430326953085443,390.40901502504175,28.87667824074074,2024-07-05 03:52:30+00:00,308.7869137554772,290.3894720360502,3.3475317194310503,349.52698942682247,293.8785086521323,30.0,-1.8430326953085443,20
2024-07-01 04:07:30+00:00,290.7220336575663,18.281276441308144,-1.816369732151839,389.32476393462093,28.88709490740741,2024-07-05 04:07:30+00:00,308.7869137554772,290.2516069141483,3.348645402699843,349.7078464106845,294.1594927823921,30.0,-1.816369732151839,20
2024-07-01 04:22:30+00:00,291.01876751005244,18.385344264475943,-1.7898985273362489,394.2077942404007,28.897511574074073,2024-07-05 04:22:30+00:00,308.55903283842434,290.11374181619794,3.3497589874953877,351.72907226329596,294.38349887725906,30.0,-1.7898985273362489,20
2024-07-01 04:37:30+00:00,291.31048196390276,18.489564244121567,-1.7636197038277897,407.1991570650538,28.90792824074074,2024-07-05 04:37:30+00:00,308.55903283842434,289.9758767421954,3.3508724737832547,352.4763494713411,294.5386353120743,30.0,-1.7636197038277897,20
2024-07-01 04:52:30+00:00,291.5972547565506,18.593928557843206,-1.7375337379625957,396.1936560934891,28.91834490740741,2024-07-05 04:52:30+00:00,308.3298601549119,289.8380116921405,3.35198586152944,350.6956037840846,294.88499753314784,30.0,-1.7375337379625957,20
2024-07-01 05:07:30+00:00,291.87916243427026,18.69842960583081,-1.7116409677676652,393.5784446946461,28.928761574074073,2024-07-05 05:07:30+00:00,308.09984338557075,289.7001466660401,3.3530991506990713,344.5742904841402,295.15842922819354,30.0,-1.7116409677676652,20
2024-07-01 05:22:30+00:00,292.15628035704077,18.80306000513904,-1.6859416007963757,432.2817343794334,28.93917824074074,2024-07-05 05:22:30+00:00,308.09984338557075,289.5622816638609,3.354212341257649,342.7378964941569,295.1143045905529,30.0,-1.6859416007963757,20
2024-07-01 05:37:30+00:00,292.428682703131,18.90781258368336,-1.6604357217088117,432.0922467678689,28.94959490740741,2024-07-05 05:37:30+00:00,307.8694060645659,289.4244166856611,3.355325433171212,341.8475236505287,295.36031830643583,30.0,-1.6604357217088117,20
2024-07-01 05:52:30+00:00,292.6964424754544,19.012680374506587,-1.6351232994714753,431.08137217943886,28.960011574074073,2024-07-05 05:52:30+00:00,307.63894750212836,289.28655173136,3.3564384264048535,339.4546466332777,295.6071714160082,30.0,-1.6351232994714753,20
2024-07-01 06:07:30+00:00,292.95963150929146,19.11765661030085,-1.610004194195673,416.77833099218225,28.97042824074074,2024-07-05 06:07:30+00:00,307.63894750212836,289.1486868009829,3.3575513209241037,340.0111296605454,295.9414867546728,30.0,-1.610004194195673,20
2024-07-01 06:22:30+00:00,293.2183204803347,19.222734717889203,-1.5850781636971338,394.970537193082,28.98084490740741,2024-07-05 06:22:30+00:00,307.40884278517814,289.01082189454405,3.358664116694978,344.07345575959937,296.3344330238866,30.0,-1.5850781636971338,20
2024-07-01 06:37:30+00:00,293.4725789137883,19.327908312864395,-1.560344869740912,378.793924834073,28.991261574074073,2024-07-05 06:37:30+00:00,307.17944284905985,288.87295701203567,3.3597768136825397,341.68057874234836,296.69005853394395,30.0,-1.560344869740912,20
2024-07-01 06:52:30+00:00,293.72247519461814,19.433171194449212,-1.5358038839683366,384.8364147715071,29.00167824074074,2024-07-05 06:52:30+00:00,307.17944284905985,288.7350921534103,3.3608894118523787,344.5186421814135,296.8581987867203,30.0,-1.5358038839683366,20
2024-07-01 07:07:30+00:00,293.96807657815134,19.53851734046427,-1.5114546935458468,392.06041076212296,29.01209490740741,2024-07-05 07:07:30+00:00,306.9510746146026,288.5972273187259,3.3620019111704487,348.3583750695604,297.0153365787625,30.0,-1.5114546935458468,20
2024-07-01 07:22:30+00:00,294.20944920100953,19.643940902227683,-1.4872967065844471,376.8420779119545,29.022511574074073,2024-07-05 07:22:30+00:00,306.7240411857861,288.45936250793096,3.3631143116018216,350.75125208681135,297.34782099799264,30.0,-1.4872967065844471,20
2024-07-01 07:37:30+00:00,294.4466580934218,19.749436199909997,-1.463329257222369,367.97375470745817,29.03292824074074,2024-07-05 07:37:30+00:00,306.7240411857861,288.3214977210508,3.3642266131120815,348.2947770093012,297.627925462779,30.0,-1.463329257222369,20
2024-07-01 07:52:30+00:00,294.67976719157434,19.85499771779418,-1.4395516105065878,366.9695926414322,29.04334490740741,2024-07-05 07:52:30+00:00,306.4986221042363,288.1836329580851,3.3653388156671844,347.4123539232054,297.83688895004104,30.0,-1.4395516105065878,20
2024-07-01 08:07:30+00:00,294.9088393499174,19.960620099590543,-1.4159629670484986,364.3592033233684,29.053761574074073,2024-07-05 08:07:30+00:00,306.4986221042363,288.0457682190118,3.366450919232211,344.3596470307656,298.05547462480666,30.0,-1.4159629670484986,20
2024-07-01 08:22:30+00:00,295.13393635490826,20.066298144123984,-1.3925624673926864,360.3242758683408,29.06417824074074,2024-07-05 08:22:30+00:00,306.27507365758584,287.90790350381224,3.367562923772705,352.7545909849749,298.28231429510424,30.0,-1.3925624673926864,20
2024-07-01 08:37:30+00:00,295.35511893833666,20.172026800962055,-1.3693491962048172,357.88717630158794,29.07459490740741,2024-07-05 08:37:30+00:00,306.05362923942124,287.7700388125008,3.3686748292546347,366.3884251530328,298.49119861754,30.0,-1.3693491962048172,20
2024-07-01 08:52:30+00:00,295.57244679095714,20.277801166089368,-1.3463221862635797,353.4015025041736,29.085011574074073,2024-07-05 08:52:30+00:00,306.05362923942124,287.632174145099,3.369786635643107,353.660863343668,298.71415154557997,30.0,-1.3463221862635797,20
2024-07-01 09:07:30+00:00,295.7859785767954,20.383616477899096,-1.3234804222059326,346.1932678495166,29.09542824074074,2024-07-05 09:07:30+00:00,305.83449975908934,287.4943095015737,3.370898342903622,353.70061213133,298.95819215288884,30.0,-1.3234804222059326,20
2024-07-01 09:22:30+00:00,295.9957719474993,20.48946811321894,-1.30082284409683,336.10492195163147,29.10584490740741,2024-07-05 09:22:30+00:00,305.6178741000693,287.3564448819104,3.3720099510021613,350.8704984497973,299.22723500748344,30.0,-1.30082284409683,20
2024-07-01 09:37:30+00:00,296.2018835562549,20.59535158326104,-1.2783483508544649,335.70291571223356,29.116261574074073,2024-07-05 09:37:30+00:00,305.6178741000693,287.2185802861158,3.3731214599038166,354.23324588600053,299.40119642810276,30.0,-1.2783483508544649,20
2024-07-01 09:52:30+00:00,296.4043690729871,20.701262529980436,-1.2560558034339122,352.9710976627713,29.12667824074074,2024-07-05 09:52:30+00:00,305.4039196259242,287.08071571420055,3.37423286957408,347.72239446696875,299.4128973868255,30.0,-1.2560558034339122,20
2024-07-01 10:07:30+00:00,296.60328319884223,20.807196722386156,-1.2339440278767069,359.2576775245564,29.13709490740741,2024-07-05 10:07:30+00:00,305.19278273304104,286.94285116615,3.3753441799789465,356.9699499165275,299.52549150284347,30.0,-1.2339440278767069,20
2024-07-01 10:22:30+00:00,296.79867968057573,20.913150052821617,-1.2120118182266566,393.6317614377539,29.147511574074073,2024-07-05 10:22:30+00:00,305.19278273304104,286.80498664197114,3.376455391083489,354.3763415215836,299.4349654478183,30.0,-1.2120118182266566,20
2024-07-01 10:37:30+00:00,296.9906113258012,21.01911853362976,-1.1902579392331154,353.67711125448125,29.15792824074074,2024-07-05 10:37:30+00:00,304.98458944945713,286.6671221416453,3.3775665028532207,357.23825423324587,299.8904996393662,30.0,-1.1902579392331154,20
2024-07-01 10:52:30+00:00,297.1791300177496,21.12509829371901,-1.1686811289501011,367.3047816399577,29.16834490740741,2024-07-05 10:52:30+00:00,304.7794460790558,286.52925766517274,3.3786775152541035,362.60434056761267,299.93847646721105,30.0,-1.1686811289501011,20
2024-07-01 11:07:30+00:00,297.3642867296905,21.231085575190303,-1.1472801012022598,349.85052607058276,29.178761574074073,2024-07-05 11:07:30+00:00,304.7794460790558,286.3913932125454,3.3797884282512123,368.1254471738612,300.2267014894282,30.0,-1.1472801012022598,20
2024-07-01 11:22:30+00:00,297.5461315401754,21.337076730244256,-1.1260535478802784,355.5681237436544,29.18917824074074,2024-07-05 11:22:30+00:00,304.57743989031417,286.25352878377413,3.380899241810078,369.19866444073455,300.32847609114907,30.0,-1.1260535478802784,20
2024-07-01 11:37:30+00:00,297.7247136477311,21.44306821805447,-1.1050001411354162,348.98321349230343,29.19959490740741,2024-07-05 11:37:30+00:00,304.37863984860155,286.1156643788298,3.382009955896613,357.09515859766276,300.52487330552583,30.0,-1.1050001411354162,20
2024-07-01 11:52:30+00:00,297.9000813851756,21.549056601653184,-1.0841185354689633,345.98749854408504,29.210011574074073,2024-07-05 11:52:30+00:00,304.37863984860155,285.9777999977339,3.383120570475934,357.6585976627713,300.68950226975676,30.0,-1.0841185354689633,20
2024-07-01 12:07:30+00:00,298.07228223463136,21.65503854507559,-1.063407369671708,340.2675016077379,29.22042824074074,2024-07-05 12:07:30+00:00,304.18309739077614,285.8399356404679,3.3842310855135485,359.5277844025757,300.87302436776963,30.0,-1.063407369671708,20
2024-07-01 12:22:30+00:00,298.2413628420431,21.76101081053065,-1.0428652686670663,338.20320689521293,29.23084490740741,2024-07-05 12:22:30+00:00,304.18309739077614,285.7020713070464,3.3853415009753896,357.09515859766276,301.0234163187316,30.0,-1.0428652686670663,20
2024-07-01 12:37:30+00:00,298.4073690311753,21.866970255495737,-1.0224908452807768,343.771395906277,29.241261574074073,2024-07-05 12:37:30+00:00,303.99084724051403,285.5642069974471,3.3864518168265283,361.97829716193655,301.1091608673215,30.0,-1.0224908452807768,20
2024-07-01 12:52:30+00:00,298.5703458183482,21.972913830144204,-1.0022827018610765,327.249696316169,29.25167824074074,2024-07-05 12:52:30+00:00,303.8019082624522,285.4263427116663,3.387562033032474,354.75792988313856,301.3715704400144,30.0,-1.0022827018610765,20
2024-07-01 13:07:30+00:00,298.730337426629,22.07883857471769,-0.9822394318330012,331.0264188693218,29.26209490740741,2024-07-05 13:07:30+00:00,303.8019082624522,285.28847844968936,3.388672149559199,356.4830272676684,301.4630595339676,30.0,-0.9822394318330012,20
2024-07-01 13:22:30+00:00,298.8873872994324,22.1847416168692,-0.9623596211812928,332.6396707691114,29.272511574074073,2024-07-05 13:22:30+00:00,303.61628435283427,285.1506142115669,3.389782166371745,355.7039510294936,301.5704978121744,30.0,-0.9623596211812928,20
2024-07-01 13:37:30+00:00,299.0415381039044,22.29062016564729,-0.942641851376581,324.0615032836829,29.28292824074074,2024-07-05 13:37:30+00:00,303.4339653639389,285.01274999722233,3.390892083435616,351.8006200810876,301.7583605912295,30.0,-0.942641851376581,20
2024-07-01 13:52:30+00:00,299.19283177597055,22.396471519460732,-0.9230846961879462,323.7605311177544,29.29334490740741,2024-07-05 13:52:30+00:00,303.4339653639389,284.8748858066848,3.3920019007167586,335.33667223149695,301.8748426557066,30.0,-0.9230846961879462,20
2024-07-01 14:07:30+00:00,299.34130950557363,22.502293054499273,-0.9036867269178368,324.8293199430958,29.303761574074073,2024-07-05 14:07:30+00:00,303.2549280591528,284.73702163996114,3.3931116181802508,336.7835281023929,301.97729187272944,30.0,-0.9036867269178368,20
2024-07-01 14:22:30+00:00,299.4870117562294,22.608082224402636,-0.8844465127067959,324.8398493613387,29.31417824074074,2024-07-05 14:22:30+00:00,303.0791370951371,284.59915749703305,3.3942212357915698,335.5036171396772,302.0857173962809,30.0,-0.8844465127067959,20
2024-07-01 14:37:30+00:00,299.62997828020883,22.713836558713773,-0.8653626213431306,312.8833399375093,29.32459490740741,2024-07-05 14:37:30+00:00,303.0791370951371,284.4612933779153,3.395330753516683,337.5626043405676,302.28939094184864,30.0,-0.8653626213431306,20
2024-07-01 14:52:30+00:00,299.7702481310919,22.81955366053463,-0.846433620312209,341.0568000931786,29.335011574074073,2024-07-05 14:52:30+00:00,302.9065460271414,284.3234292826001,3.39644017132063,338.7868670005565,302.1745776586087,30.0,-0.846433620312209,20
2024-07-01 15:07:30+00:00,299.90785967714254,22.92523120466144,-0.8276580777078644,317.01533806343906,29.34542824074074,2024-07-05 15:07:30+00:00,302.73709833315513,284.18556521104006,3.3975494891689255,338.17473567056203,302.45645709410013,30.0,-0.8276580777078644,20
2024-07-01 15:22:30+00:00,300.042850613926,23.03086693549321,-0.8090345631365334,319.20774105710166,29.35584490740741,2024-07-05 15:22:30+00:00,302.73709833315513,284.04770116329354,3.3986587070274874,346.1880912632165,302.53615099850236,30.0,-0.8090345631365334,20
2024-07-01 15:37:30+00:00,300.17525797671743,23.136458665050135,-0.7905616485550842,313.02462032189567,29.366261574074073,2024-07-05 15:37:30+00:00,302.570728452264,283.9098371393091,3.399767824861399,347.41235392320533,302.67928503863516,30.0,-0.7905616485550842,20
2024-07-01 15:52:30+00:00,300.30511815287923,23.242004271065117,-0.7722379090527358,310.0876865974035,29.37667824074074,2024-07-05 15:52:30+00:00,302.4073628323083,283.7719731390979,3.400876842636145,342.90484140233724,302.79399068097956,30.0,-0.7722379090527358,20
2024-07-01 16:07:30+00:00,300.4324668941531,23.347501695245956,-0.7540619235618977,305.28161823103227,29.38709490740741,2024-07-05 16:07:30+00:00,302.4073628323083,283.6341091626743,3.4019857603176513,330.4674457429049,302.92105705370506,30.0,-0.7540619235618977,20
2024-07-01 16:22:30+00:00,300.5573393284638,23.452948941354375,-0.7360322755624256,308.9459779243723,29.397511574074073,2024-07-05 16:22:30+00:00,302.2469209817336,283.4962452100163,3.4030945778709745,337.92034342952536,302.97743449516577,30.0,-0.7360322755624256,20
2024-07-01 16:37:30+00:00,300.679769971717,23.55834407349522,-0.7181475537124449,308.19326709564484,29.40792824074074,2024-07-05 16:37:30+00:00,302.2469209817336,283.3583812811347,3.4042032952616244,341.5692821368948,303.0667217155453,30.0,-0.7181475537124449,20
2024-07-01 16:52:30+00:00,300.7997927395858,23.66368521454011,-0.7004063524217108,322.48830017241846,29.41834490740741,2024-07-05 16:52:30+00:00,302.0893165203876,283.2205173760151,3.405311912455523,338.7312186978297,303.04363355537515,30.0,-0.7004063524217108,20
2024-07-01 17:07:30+00:00,300.91744095857644,23.76897054429783,-0.6828072724361163,353.78419285060056,29.428761574074073,2024-07-05 17:07:30+00:00,301.93445822396563,283.0826534946354,3.4064204294177114,340.0667779632721,302.92880481492756,30.0,-0.6828072724361163,20
2024-07-01 17:22:30+00:00,301.03274737745886,23.874198298065117,-0.6653489213258409,501.82862911053303,29.43917824074074,2024-07-05 17:22:30+00:00,301.93445822396563,282.94478963703557,3.4075288461137134,335.84545671357023,302.4267922784454,30.0,-0.6653489213258409,20
2024-07-01 17:37:30+00:00,301.1457441782384,23.979366765055815,-0.6480299139662785,467.2846443164028,29.44959490740741,2024-07-05 17:37:30+00:00,301.78225105682975,282.80692580317213,3.4086371625094145,334.3697829716194,302.6171413740913,30.0,-0.6480299139662785,20
2024-07-01 17:52:30+00:00,301.25646298694767,24.08447428682687,-0.6308488729908993,449.5399308925729,29.460011574074073,2024-07-05 17:52:30+00:00,301.63259718806114,282.66906199305214,3.4097453785698995,343.15525876460765,302.75923927580226,30.0,-0.6308488729908993,20
2024-07-01 18:07:30+00:00,301.3649348841962,24.18951925588259,-0.6138044291899363,441.6270957432296,29.47042824074074,2024-07-05 18:07:30+00:00,301.63259718806114,282.53119820667183,3.410853494260655,345.07512520868113,302.8674734121377,30.0,-0.6138044291899363,20
2024-07-01 18:22:30+00:00,301.4711904158909,24.294500114306388,-0.5968952218795789,450.18053344721824,29.48084490740741,2024-07-05 18:22:30+00:00,301.48539698581504,282.3933344440606,3.411961509547583,344.0734557595993,302.9185493679397,30.0,-0.5968952218795789,20
2024-07-01 18:37:30+00:00,301.57525960302183,24.39941535220401,-0.5801198992792301,351.020832386013,29.491261574074073,2024-07-05 18:37:30+00:00,301.3405499853748,282.25547070516734,3.4130694243957564,345.07512520868113,303.39734923080783,30.0,-0.5801198992792301,20
2024-07-01 18:52:30+00:00,301.67717195212725,24.504263506543083,-0.5634771188027852,360.28264161198894,29.50167824074074,2024-07-05 18:52:30+00:00,301.3405499853748,282.1176069900173,3.414177238770646,352.3372287145242,303.41918669011676,30.0,-0.5634771188027852,20
2024-07-01 19:07:30+00:00,301.77695646518237,24.6090431598596,-0.5469655473520562,360.8231618196345,29.51209490740741,2024-07-05 19:07:30+00:00,301.19795582672265,281.9797432985818,3.4152849526381988,352.9632721202004,303.4831987834452,30.0,-0.5469655473520562,20
2024-07-01 19:22:30+00:00,301.87464164887956,24.71375293880958,-0.5305838616149362,364.61544434522654,29.522511574074073,2024-07-05 19:22:30+00:00,301.0575151579767,281.841879630897,3.4163925659634526,346.9671675013912,303.5303416850561,30.0,-0.5305838616149362,20
2024-07-01 19:37:30+00:00,301.9702555246028,24.81839151313418,-0.5143307482800912,392.9662277596253,29.53292824074074,2024-07-05 19:37:30+00:00,301.0575151579767,281.7040159869009,3.4175000787118703,345.07512520868113,303.4760948321707,30.0,-0.5143307482800912,20
2024-07-01 19:52:30+00:00,302.0638256375809,24.92295759441403,-0.4982049042690408,381.9194782001009,29.54334490740741,2024-07-05 19:52:30+00:00,300.91913050168046,281.5661523666376,3.418607490849398,344.19866444073455,303.58195312801354,30.0,-0.4982049042690408,20
2024-07-01 20:07:30+00:00,302.1553790659799,25.027449934862386,-0.4822050369455804,388.3086596987196,29.553761574074073,2024-07-05 20:07:30+00:00,300.78270708167986,281.4282887700997,3.419714802341069,344.3238731218698,303.61779648250666,30.0,-0.4822050369455804,20
2024-07-01 20:22:30+00:00,302.24494243000163,25.13186732624743,-0.4663298642906456,377.3964359203323,29.56417824074074,2024-07-05 20:22:30+00:00,300.78270708167986,281.2904251972691,3.4208220131523808,339.42284760314806,303.7180480060133,30.0,-0.4663298642906456,20
2024-07-01 20:37:30+00:00,302.3325419007156,25.236208598851384,-0.4505781150574847,411.1638723423605,29.57459490740741,2024-07-05 20:37:30+00:00,300.6481536091843,281.15256164814576,3.4219291232492495,345.28976866205585,303.6556857144936,30.0,-0.4505781150574847,20
2024-07-01 20:52:30+00:00,302.4182032085289,25.340472620274554,-0.4349485289382523,404.4492759249913,29.585011574074073,2024-07-05 20:52:30+00:00,300.6481536091843,281.01469812273706,3.4230361325967027,346.0211463550362,303.7338734989217,30.0,-0.4349485289382523,20
2024-07-01 21:07:30+00:00,302.5019516518682,25.444658294534012,-0.4194398566729302,421.0480502523661,29.59542824074074,2024-07-05 21:07:30+00:00,300.51538302758445,280.8768346210104,3.424143041160239,340.1224262659989,303.73749663413645,30.0,-0.4194398566729302,20
2024-07-01 21:22:30+00:00,302.58381210541637,25.548764561052973,-0.4040508601639369,417.09438210971774,29.60584490740741,2024-07-05 21:22:30+00:00,300.3843132166991,280.7389711430095,3.425249848905779,341.00584307178633,303.8025645161288,30.0,-0.4040508601639369,20
2024-07-01 21:37:30+00:00,302.66380902809715,25.65279039355634,-0.3887803125938899,409.78803842980847,29.616261574074073,2024-07-05 21:37:30+00:00,300.3843132166991,280.60110768866906,3.426356555798345,339.2877017250974,303.8753010695246,30.0,-0.3887803125938899,20
2024-07-01 21:52:30+00:00,302.74196647136955,25.756734799313183,-0.3736269984818539,437.43448382963857,29.62667824074074,2024-07-05 21:52:30+00:00,300.2548676583488,280.4632442580291,3.427463161803446,343.0091819699499,303.8497538719617,30.0,-0.3736269984818539,20
2024-07-01 22:07:30+00:00,302.8183080868907,25.8605968181478,-0.3585897137654617,525.0073078996771,29.63709490740741,2024-07-05 22:07:30+00:00,300.126976066516,280.3253808511044,3.428569666886979,351.72907226329596,303.71872085039723,30.0,-0.3585897137654617,20
2024-07-01 22:22:30+00:00,302.8928571340114,25.96437552142323,-0.343667265876719,607.4271071941608,29.647511574074073,2024-07-05 22:22:30+00:00,300.126976066516,280.18751746784415,3.4296760710139984,358.5420144685587,303.6515846610032,30.0,-0.343667265876719,20
2024-07-01 22:37:30+00:00,302.96563648766266,26.068070011382428,-0.3288584737595048,657.6174298279233,29.65792824074074,2024-07-05 22:37:30+00:00,300.00057498686584,280.0496541082301,3.4307823741499615,354.7022815804118,303.6484493962552,30.0,-0.3288584737595048,20
2024-07-01 22:52:30+00:00,303.03666864550536,26.171679420225587,-0.3141621679167248,663.6836588111969,29.66834490740741,2024-07-05 22:52:30+00:00,299.8756083720726,279.9117907723356,3.4318885762608096,353.6449638286032,303.69541228588963,30.0,-0.3141621679167248,20
2024-07-01 23:07:30+00:00,303.10597573508846,26.275202909195084,-0.2995771904501275,662.7271132821888,29.678761574074073,2024-07-05 23:07:30+00:00,299.8756083720726,279.7739274601096,3.4329946773115645,348.9148580968281,303.74783105160014,30.0,-0.2995771904501275,20
2024-07-01 23:22:30+00:00,303.173579521035,26.378639667920716,-0.2851023950558596,602.0732228132158,29.68917824074074,2024-07-05 23:22:30+00:00,299.75202814125896,279.636064171534,3.434100677267722,344.5186421814135,303.86047663195103,30.0,-0.2851023950558596,20
2024-07-01 23:37:30+00:00,303.23950141211003,26.481988913606465,-0.2707366470375349,588.4320820043783,29.69959490740741,2024-07-05 23:37:30+00:00,299.62979473391766,279.498200906653,3.435206576095181,352.3094045631608,303.9222646398683,30.0,-0.2707366470375349,20
2024-07-01 23:52:30+00:00,303.30376246770436,26.585249890246978,-0.2564788233088571,608.0444151104555,29.710011574074073,2024-07-05 23:52:30+00:00,299.62979473391766,279.3603376654155,3.4363123737589865,352.21202003338897,303.94510919937153,30.0,-0.2564788233088571,20
2024-07-02 00:07:30+00:00,303.3663834046126,26.68842186788971,-0.2423278123851947,616.1553302196266,29.72042824074074,2024-07-06 00:07:30+00:00,299.5088776709851,279.22247444783267,3.437418070224612,351.58597662771285,303.98016527789116,30.0,-0.2423278123851947,20
2024-07-02 00:22:30+00:00,303.4273846038116,26.791504142036995,-0.2282825143511452,597.950071825135,29.73084490740741,2024-07-06 00:22:30+00:00,299.38925613830526,279.0846112539197,3.438523665457977,351.47468002225935,304.0401663539355,30.0,-0.2282825143511452,20
2024-07-02 00:37:30+00:00,303.4867861163772,26.894496032802817,-0.214341840857592,589.6481165106566,29.741261574074073,2024-07-06 00:37:30+00:00,299.38925613830526,278.94674808365454,3.439629159424126,352.4763494713411,304.0882484497813,30.0,-0.214341840857592,20
2024-07-02 00:52:30+00:00,303.5446076701052,26.9973968843297,-0.2005047150790447,632.1349536048454,29.75167824074074,2024-07-06 00:52:30+00:00,299.2709196106006,278.8088849370485,3.440734552088514,355.9821925431274,304.08705476528513,30.0,-0.2005047150790447,20
2024-07-02 01:07:30+00:00,303.60086867557027,27.100206064189564,-0.1867700716700761,650.1558822937827,29.76209490740741,2024-07-06 01:07:30+00:00,299.2709196106006,278.67102181405835,3.4418398434170827,355.8152476349471,304.1102217163482,30.0,-0.1867700716700761,20
2024-07-02 01:22:30+00:00,303.65558823192816,27.20292296259635,-0.1731368567436964,643.9181581705943,29.772511574074073,2024-07-06 01:22:30+00:00,299.1538685372934,278.5331587147497,3.4429450333748526,352.44455044121156,304.15165829374064,30.0,-0.1731368567436964,20
2024-07-02 01:37:30+00:00,303.70878513306036,27.30554699193153,-0.1596040278046287,605.9398608575901,29.78292824074074,2024-07-06 01:37:30+00:00,299.03811511516056,278.39529563904614,3.4440501219272956,359.09849749582634,304.2166057783557,30.0,-0.1596040278046287,20
2024-07-02 01:52:30+00:00,303.7604778733043,27.40807758614627,-0.1461705536966758,551.1052792267268,29.79334490740741,2024-07-06 01:52:30+00:00,299.03811511516056,278.2574325870069,3.4451551090403414,359.03589315525875,304.2975797725268,30.0,-0.1461705536966758,20
2024-07-02 02:07:30+00:00,303.8106846527617,27.510514200008625,-0.1328354145681571,506.56132313545834,29.803761574074073,2024-07-06 02:07:30+00:00,298.923684176898,278.1195695585808,3.446259994679006,361.9365609348915,304.37192241961714,30.0,-0.1328354145681571,20
2024-07-02 02:22:30+00:00,303.8594233832858,27.612856308769956,-0.1195976017801006,409.8525791573527,29.81417824074074,2024-07-06 02:22:30+00:00,298.81061422929906,277.9817065537936,3.447364778808788,359.9749582637729,304.52457423465046,30.0,-0.1195976017801006,20
2024-07-02 02:37:30+00:00,303.90671169376014,27.715103407514615,-0.1064561178537783,371.9990834397198,29.82459490740741,2024-07-06 02:37:30+00:00,298.81061422929906,277.84384357263144,3.4484694613955797,361.7904841402338,304.6081572079781,30.0,-0.1064561178537783,20
2024-07-02 02:52:30+00:00,303.95256693508355,27.817255010519773,-0.093409976415421,380.5564397211955,29.835011574074073,2024-07-06 02:52:30+00:00,298.6989586799623,277.7059806150872,3.449574042404428,369.89426822481914,304.6075848626709,30.0,-0.093409976415421,20
2024-07-02 03:07:30+00:00,303.99700618574485,27.919310650906212,-0.0804582021017965,384.89342702954536,29.84542824074074,2024-07-06 03:07:30+00:00,298.5887872973301,277.5681176811427,3.4506785218007967,364.21814134668887,304.61436266653743,30.0,-0.0804582021017965,20
2024-07-02 03:22:30+00:00,304.0400462568521,28.02126988008959,-0.0675998304902781,385.25433545705425,29.85584490740741,2024-07-06 03:22:30+00:00,298.5887872973301,277.4302547708573,3.451782899550616,352.92153589315524,304.62660065001035,30.0,-0.0675998304902781,20
2024-07-02 03:37:30+00:00,304.08170369686997,28.12313226718755,-0.0548339080334912,361.91339307008275,29.866261574074073,2024-07-06 03:37:30+00:00,298.48018795548165,277.2923918841507,3.452887175618923,353.1997774067891,304.67394443139585,30.0,-0.0548339080334912,20
2024-07-02 03:52:30+00:00,304.12199479672563,28.224897398654377,-0.0421594919636564,332.36644407345574,29.87667824074074,2024-07-06 03:52:30+00:00,298.37326872254386,277.154529021078,3.4539913499711767,349.638286032276,304.7319185565882,30.0,-0.0421594919636564,20
2024-07-02 04:07:30+00:00,304.16093559470727,28.326564877820793,-0.0295756502093728,328.6329929727841,29.88709490740741,2024-07-06 04:07:30+00:00,298.37326872254386,277.0166661815961,3.4550954225732986,349.5826377295492,304.7424587063746,30.0,-0.0295756502093728,20
2024-07-02 04:22:30+00:00,304.19854188072145,28.42813432432035,-0.0170814613245032,339.41783647194086,29.897511574074073,2024-07-06 04:22:30+00:00,298.268160359915,276.87880336571266,3.45619939339033,348.9983305509182,304.72741321935405,30.0,-0.0170814613245032,20
2024-07-02 04:37:30+00:00,304.23482920121086,28.529605373766696,-0.0046760143865849,328.08945141126685,29.90792824074074,2024-07-06 04:37:30+00:00,298.1650193087842,276.74094057343876,3.4573032623877373,348.7956117338421,304.74664171665194,30.0,-0.0046760143865849,20
2024-07-02 04:52:30+00:00,304.2698128636369,28.63097767732424,0.0076415910923476,318.4330655258765,29.91834490740741,2024-07-06 04:52:30+00:00,298.1650193087842,276.60307780477535,3.458407029531422,349.1444073455759,304.7607904130525,30.0,0.0076415910923476,20
2024-07-02 05:07:30+00:00,304.30350794073746,28.73225090121094,0.0198722452468424,317.0982645494429,29.928761574074073,2024-07-06 05:07:30+00:00,298.0640312507327,276.4652150596715,3.459510694786453,346.70283806343906,304.7600793448715,30.0,0.0198722452468424,20
2024-07-02 05:22:30+00:00,304.3359292748411,28.83342472632264,0.0320168279539233,323.4540698735409,29.93917824074074,2024-07-06 05:22:30+00:00,298.0640312507327,276.3273523381824,3.460614258118279,345.7985531441291,304.7478080466789,30.0,0.0320168279539233,20
2024-07-02 05:37:30+00:00,304.3670914823296,28.93449884794128,0.0440762089389179,314.91067790148935,29.94959490740741,2024-07-06 05:37:30+00:00,297.9654153405563,276.18948964027953,3.4617177194928224,350.08347245409016,304.75349030891016,30.0,0.0440762089389179,20
2024-07-02 05:52:30+00:00,304.39700895741584,29.035472975185115,0.0560512478503583,309.28980206959716,29.960011574074073,2024-07-06 05:52:30+00:00,297.86942922186205,276.05162696595596,3.462821078875127,350.0208681135225,304.7531467495311,30.0,0.0560512478503583,20
2024-07-02 06:07:30+00:00,304.42569587636507,29.136346830723305,0.0679427943661883,309.3450324183717,29.97042824074074,2024-07-06 06:07:30+00:00,297.86942922186205,275.9137643152086,3.4639243362306487,349.89565943238733,304.7445305070292,30.0,0.0679427943661883,20
2024-07-02 06:22:30+00:00,304.4531662017151,29.237120150492064,0.0797516882995839,305.4390261330492,29.98084490740741,2024-07-06 06:22:30+00:00,297.7763749494301,275.7759016880382,3.465027491525324,354.77879799666107,304.73839993054236,30.0,0.0797516882995839,20
2024-07-02 06:37:30+00:00,304.47943368561926,29.33779268314885,0.0914787596737186,305.6722444384051,29.991261574074073,2024-07-06 06:37:30+00:00,297.6866059567093,275.6380390844522,3.466130544724188,347.43620319580253,304.7268379786016,30.0,0.0914787596737186,20
2024-07-02 06:52:30+00:00,304.5045118740507,29.438364189888727,0.1031248288384149,299.20295174187845,30.00167824074074,2024-07-06 06:52:30+00:00,297.6866059567093,275.50017650443306,3.467233495792691,344.3739565943239,304.71887899695554,30.0,0.1031248288384149,20
2024-07-02 07:07:30+00:00,304.5284141105208,29.538834444105724,0.1146907065680711,317.3772110456468,30.01209490740741,2024-07-06 07:07:30+00:00,297.60053522195545,275.3623139479816,3.468336344696779,343.2148819461006,304.6943538428921,30.0,0.1146907065680711,20
2024-07-02 07:22:30+00:00,304.5511535394825,29.63920323092249,0.1261771941439167,325.8593043742205,30.022511574074073,2024-07-06 07:22:30+00:00,297.5186448021469,275.2244514151054,3.4694390914014703,353.4223706176962,304.6775985729741,30.0,0.1261771941439167,20
2024-07-02 07:37:30+00:00,304.5727431101442,29.739470347035233,0.1375850834715375,326.1934447708205,30.03292824074074,2024-07-06 07:37:30+00:00,297.5186448021469,275.0865889057724,3.470541735872253,355.21702838063436,304.6639549453433,30.0,0.1375850834715375,20
2024-07-02 07:52:30+00:00,304.593195579969,29.83963560037048,0.1489151571766049,321.8566247522554,30.04334490740741,2024-07-06 07:52:30+00:00,297.44149691950196,274.94872642002707,3.4716442780750345,354.09015025041737,304.6500959082678,30.0,0.1489151571766049,20
2024-07-02 08:07:30+00:00,304.61252351787283,29.93969880967735,0.1601681886917217,306.9909904937982,30.053761574074073,2024-07-06 08:07:30+00:00,297.36974680055346,274.81086395781864,3.47274671797486,354.75792988313856,304.6349555964213,30.0,0.1601681886917217,20
2024-07-02 08:22:30+00:00,304.6307393078795,30.039659804373972,0.1713449423721574,402.925853433884,30.06417824074074,2024-07-06 08:22:30+00:00,297.36974680055346,274.6730015191589,3.473849055537212,349.74958263772953,304.6194985732463,30.0,0.1713449423721574,20
2024-07-02 08:37:30+00:00,304.6478551522468,30.139518424213833,0.1824461735893557,328.22281928213687,30.07459490740741,2024-07-06 08:37:30+00:00,297.30415748143946,274.5351391040777,3.4749512907279847,343.2387312186978,304.59931154414477,30.0,0.1824461735893557,20
2024-07-02 08:52:30+00:00,304.6638830747983,30.23927451896743,0.193472628825932,375.18628608656707,30.085011574074073,2024-07-06 08:52:30+00:00,297.24561680414496,274.39727671252473,3.4760534235122296,338.0634390651085,304.5910516580147,30.0,0.193472628825932,20
2024-07-02 09:07:30+00:00,304.6788349239362,30.338927948197387,0.2044250457800021,329.2856515244706,30.09542824074074,2024-07-06 09:07:30+00:00,297.24561680414496,274.2594143444968,3.4771554538554517,336.6324827092774,304.5612900112736,30.0,0.2044250457800021,20
2024-07-02 09:22:30+00:00,304.69272237594566,30.43847858102579,0.2153041534675065,311.7179735356593,30.10584490740741,2024-07-06 09:22:30+00:00,297.1951568352493,274.1215520000386,3.4782573817235405,339.5659432387312,304.5320815969648,30.0,0.2153041534675065,20
2024-07-02 09:37:30+00:00,304.7055569377981,30.53792629575239,0.2261106723067409,315.64341930428265,30.116261574074073,2024-07-06 09:37:30+00:00,297.1951568352493,273.98368967911426,3.4793592070815307,339.45464663327766,304.51093342929795,30.0,0.2261106723067409,20
2024-07-02 09:52:30+00:00,304.71734995038804,30.637270979783537,0.236845314236584,328.36367904841404,30.12667824074074,2024-07-06 09:52:30+00:00,297.15397593913156,273.84582738170616,3.4804609298949245,332.3664440734558,304.4957149774555,30.0,0.236845314236584,20
2024-07-02 10:07:30+00:00,304.72811259124865,30.736512529271774,0.2475087828016165,315.17746969586995,30.13709490740741,2024-07-06 10:07:30+00:00,297.1234637287093,273.70796510787363,3.4815625501296297,334.91533508227997,304.46124598252004,30.0,0.2475087828016165,20
2024-07-02 10:22:30+00:00,304.7378558774977,30.835650848875268,0.2581017732489277,303.64615474558764,30.147511574074073,2024-07-06 10:22:30+00:00,297.1234637287093,273.5701028575371,3.482664067750691,329.0484140233723,304.4235689371797,30.0,0.2581017732489277,20
2024-07-02 10:37:30+00:00,304.7465906685677,30.934685851587048,0.2686249726319976,311.33991152569456,30.15792824074074,2024-07-06 10:37:30+00:00,297.10522909492613,273.43224063072273,3.4837654827235753,329.5492487479132,304.40374384258484,30.0,0.2686249726319976,20
2024-07-02 10:52:30+00:00,304.75432766919505,31.03361745853277,0.2790790599092029,305.02198865813966,30.16834490740741,2024-07-06 10:52:30+00:00,297.10113147662634,273.2943784274462,3.484866795014226,328.297161936561,304.3673392666232,30.0,0.2790790599092029,20
2024-07-02 11:07:30+00:00,304.7610774317206,31.13244559862268,0.2894647060260427,296.3310944597585,30.178761574074073,2024-07-06 11:07:30+00:00,297.10113147662634,273.1565162476862,3.4859680045876855,329.8622704507513,304.324652668242,30.0,0.2894647060260427,20
2024-07-02 11:22:30+00:00,304.7668503590086,31.231170208470846,0.2997825740248205,303.357736304996,30.18917824074074,2024-07-06 11:22:30+00:00,297.1133154691506,273.0186540914541,3.4870691114094323,328.23455759599335,304.30336898564786,30.0,0.2997825740248205,20
2024-07-02 11:37:30+00:00,304.77165670700316,31.32979123216459,0.3100333191365043,299.9495282835734,30.19959490740741,2024-07-06 11:37:30+00:00,297.14424877551664,272.8807919587372,3.4881701154453704,331.1074012242626,304.2653606514045,30.0,0.3100333191365043,20
2024-07-02 11:52:30+00:00,304.7755065871107,31.42830862098197,0.3202175888666714,302.36386194890315,30.210011574074073,2024-07-06 11:52:30+00:00,297.14424877551664,272.74292984954263,3.4892710166605587,328.9371174179188,304.2360438695267,30.0,0.3202175888666714,20
2024-07-02 12:07:30+00:00,304.77840996892854,31.52672233329925,0.3303360230996371,302.1222140662453,30.22042824074074,2024-07-06 12:07:30+00:00,297.1967633692892,272.6050677638242,3.4903718150204885,330.7387312186978,304.2013158321069,30.0,0.3303360230996371,20
2024-07-02 12:22:30+00:00,304.7803766824462,31.625032334361222,0.3403892541872338,299.06243739565946,30.23084490740741,2024-07-06 12:22:30+00:00,297.2740995523384,272.4672057016268,3.4914725104910813,324.5409015025042,304.1598372268032,30.0,0.3403892541872338,20
2024-07-02 12:37:30+00:00,304.78141642049826,31.723238596063236,0.3503779070376394,295.2451556745029,30.241261574074073,2024-07-06 12:37:30+00:00,297.2740995523384,272.3293436629583,3.492573103037382,323.109945146673,304.11486770677686,30.0,0.3503779070376394,20
2024-07-02 12:52:30+00:00,304.7815387412472,31.821341096805348,0.3603025992103054,298.58366094027684,30.25167824074074,2024-07-06 12:52:30+00:00,297.3799523409976,272.19148164777204,3.493673592624871,326.0434056761269,304.0849210323376,30.0,0.3603025992103054,20
2024-12-22 07:07:30+00:00,142.53692558699024,30.66578107547799,2.804180321297186,289.2060243775468,12.085,2024-12-26 07:07:30+00:00,375.95534897724224,151.78989673584903,-2.3452810591256528,404.17362270450747,142.27402389990988,30.0,2.804180321297186,22
2024-12-22 07:22:30+00:00,142.53798466699396,30.562289471736644,2.7972767386043684,265.48713965011467,12.095416666666669,2024-12-26 07:22:30+00:00,375.95534897724224,151.65269097109112,-2.346549531377841,402.17028380634395,142.29611259471727,30.0,2.7972767386043684,22
2024-12-22 07:37:30+00:00,142.54005411652997,30.458663715919915,2.790307169517442,265.4123808498034,12.105833333333331,2024-12-26 07:37:30+00:00,374.9659966029097,151.5154852412019,-2.347817926609465,400.8555926544241,142.34270169050075,30.0,2.790307169517442,22
2024-12-22 07:52:30+00:00,142.5431455806182,30.354903602268266,2.783270729778245,250.06689411722468,12.11625,2024-12-26 07:52:30+00:00,373.9804838830683,151.3782795461597,-2.3490862447765695,398.8647746243739,142.38106780437127,30.0,2.783270729778245,22
2024-12-22 08:07:30+00:00,142.5472708804967,30.251008928076516,2.776166520314893,263.6663418975024,12.126666666666669,2024-12-26 08:07:30+00:00,373.9804838830683,151.24107388596343,-2.350354485834143,400.542570951586,142.43855230901596,30.0,2.776166520314893,22
2024-12-22 08:22:30+00:00,142.552442071526,30.14697950739776,2.768993624395073,265.38756594659145,12.137083333333331,2024-12-26 08:22:30+00:00,372.9988534960836,151.1038682605871,-2.351622649737686,400.4531361793466,142.48919426356926,30.0,2.768993624395073,22
2024-12-22 08:37:30+00:00,142.5586713737251,30.04281515286476,2.7617511107156836,267.6955131938243,12.1475,2024-12-26 08:37:30+00:00,372.0211499710073,150.9666626700525,-2.3528907364431912,396.36060100166947,142.54040612170428,30.0,2.7617511107156836,22
2024-12-22 08:52:30+00:00,142.56597120212226,29.93851568267776,2.7544380318495234,284.3832436513473,12.157916666666669,2024-12-26 08:52:30+00:00,372.0211499710073,150.82945711431498,-2.354158745905654,397.78797996661103,142.59066168672388,30.0,2.7544380318495234,22
2024-12-22 09:07:30+00:00,142.57435417053907,29.834080920684148,2.747053423903455,277.58963947998683,12.168333333333331,2024-12-26 09:07:30+00:00,371.0474194419474,150.69225159337742,-2.3554266780805984,396.7237061769616,142.64261355039977,30.0,2.747053423903455,22
2024-12-22 09:22:30+00:00,142.58383309582354,29.72951069659109,2.7395963061779303,267.7969551500664,12.17875,2024-12-26 09:22:30+00:00,370.07770940420966,150.55504610721798,-2.356694532923985,398.6644407345576,142.6991820663222,30.0,2.7395963061779303,22
2024-12-22 09:37:30+00:00,142.59442100160092,29.624804846319407,2.7320656808247095,266.56313494066336,12.189166666666669,2024-12-26 09:37:30+00:00,370.07770940420966,150.4178406558354,-2.3579623103908096,399.5826377295492,142.75516190128909,30.0,2.7320656808247095,22
2024-12-22 09:52:30+00:00,142.60613112266353,29.51996321211669,2.7244605324785125,268.54204643256435,12.199583333333331,2024-12-26 09:52:30+00:00,369.112068474712,150.2806352392035,-2.3592300104365567,397.305032196518,142.81027271074933,30.0,2.7244605324785125,22
2024-12-22 10:07:30+00:00,142.61897689041564,29.414985638514377,2.7167798287985807,264.34509295103413,12.21,2024-12-26 10:07:30+00:00,368.15054615890017,150.14342985734402,-2.360497633017232,394.82470784641066,142.8717113942627,30.0,2.7167798287985807,22
2024-12-22 10:22:30+00:00,142.63297197759698,29.30987198183578,2.709022518162343,277.3713709124868,12.220416666666669,2024-12-26 10:22:30+00:00,368.15054615890017,150.0062245102119,-2.3617651780878006,388.0753637014071,142.91711519157488,30.0,2.709022518162343,22
2024-12-22 10:37:30+00:00,142.6481303017029,29.20462211013449,2.7011875293195855,281.0760286064839,12.230833333333331,2024-12-26 10:37:30+00:00,367.19319262612,149.86901919781008,-2.3630326456037336,387.64607679465774,142.97129131974035,30.0,2.7011875293195855,22
2024-12-22 10:52:30+00:00,142.66446599022137,29.099235894549786,2.6932737728866067,261.16606209294474,12.24125,2024-12-26 10:52:30+00:00,366.2400584951522,149.7318139201164,-2.364300035521038,386.1992209237618,143.0583456852499,30.0,2.6932737728866067,22
2024-12-22 11:07:30+00:00,142.68199340404664,28.993713213961005,2.6852801400495476,253.5022379491844,12.251666666666669,2024-12-26 11:07:30+00:00,366.2400584951522,149.59460867712951,-2.365567347794663,382.02559821925433,143.13531794892648,30.0,2.6852801400495476,22
2024-12-22 11:22:30+00:00,142.7007271424588,28.88805395513691,2.6772055021440173,251.6307565032973,12.262083333333331,2024-12-26 11:22:30+00:00,365.291194631361,149.4574034688231,-2.366834582380086,381.3578185865331,143.20537595213614,30.0,2.6772055021440173,22
2024-12-22 11:37:30+00:00,142.7206820480489,28.78225801302369,2.6690487102335796,224.31930201128864,12.2725,2024-12-26 11:37:30+00:00,365.291194631361,149.32019829518944,-2.368101739233299,381.4134668892599,143.34063380854874,30.0,2.6690487102335796,22
2024-12-22 11:52:30+00:00,142.74187321158402,28.67632529117693,2.6608085946857236,232.6752710128718,12.282916666666669,2024-12-26 11:52:30+00:00,364.3466519566813,149.1829931562708,-2.369368818309238,376.6833611574847,143.3915544189831,30.0,2.6608085946857236,22
2024-12-22 12:07:30+00:00,142.76431597282286,28.570255701021452,2.652483964945716,225.2306638333411,12.293333333333331,2024-12-26 12:07:30+00:00,363.4064812734416,149.04578805195345,-2.3706358195633954,376.19842594800855,143.4892527265787,30.0,2.652483964945716,22
2024-12-22 12:22:30+00:00,142.78802590539243,28.46404915804933,2.6440736100868745,236.09892456419612,12.30375,2024-12-26 12:22:30+00:00,363.4064812734416,148.90858298230242,-2.3719027429517183,376.5025041736227,143.53096390062836,30.0,2.6440736100868745,22
2024-12-22 12:37:30+00:00,142.81301891696293,28.357705601375073,2.635576293694643,260.98361081699073,12.314166666666669,2024-12-26 12:37:30+00:00,362.4707331028157,148.771377947287,-2.3731695884291826,379.7161936560935,143.53165172149806,30.0,2.635576293694643,22
2024-12-22 12:52:30+00:00,142.83931114968385,28.251224972837104,2.62699075854672,258.3647163877781,12.324583333333331,2024-12-26 12:52:30+00:00,361.5394575385016,148.63417294688068,-2.374436355951224,377.7406789092933,143.6122942534838,30.0,2.62699075854672,22
2024-12-22 13:07:30+00:00,142.8669190210848,28.144607224431297,2.618315724392182,250.4719279213735,12.335,2024-12-26 13:07:30+00:00,361.5394575385016,148.49696798107576,-2.3757030454738213,377.9632721202003,143.7128716895284,30.0,2.618315724392182,22
2024-12-22 13:22:30+00:00,142.8958592299124,28.03785231879052,2.6095498874664207,247.0046977520674,12.345416666666669,2024-12-26 13:22:30+00:00,360.6127041160438,148.3597630498705,-2.376969656951932,377.35114079020593,143.8030439786812,30.0,2.6095498874664207,22
2024-12-22 13:37:30+00:00,142.92614876220833,27.930960229431715,2.600691919971614,245.08941621249423,12.355833333333331,2024-12-26 13:37:30+00:00,359.69052169805127,148.22255815325283,-2.378236190340972,375.4590984974958,143.89022980536606,30.0,2.600691919971614,22
2024-12-22 13:52:30+00:00,142.95780489740773,27.823930941147772,2.5917404695531774,246.6902201343324,12.36625,2024-12-26 13:52:30+00:00,359.69052169805127,148.08535329120045,-2.3795026455969195,377.9076238174736,143.965177194206,30.0,2.5917404695531774,22
2024-12-22 14:07:30+00:00,142.99084521117751,27.71676444995889,2.582694158940373,225.0326419518913,12.376666666666669,2024-12-26 14:07:30+00:00,358.77295837540765,147.94814846371148,-2.380769022674712,379.847364655378,144.14955442635508,30.0,2.582694158940373,22
2024-12-22 14:22:30+00:00,143.02528755404904,27.609460758416304,2.573551586801945,217.6728656287611,12.387083333333331,2024-12-26 14:22:30+00:00,357.86006138443315,147.81094367077387,-2.382035321529802,379.0762381747357,144.27947036568327,30.0,2.573551586801945,22
2024-12-22 14:37:30+00:00,143.06115016886864,27.502019895601297,2.564311321617327,234.08081265385812,12.3975,2024-12-26 14:37:30+00:00,357.86006138443315,147.67373891239413,-2.383301542118128,374.2904841402338,144.27983784837176,30.0,2.564311321617327,22
2024-12-22 14:52:30+00:00,143.09845157856114,27.394441896865327,2.554971907057701,227.64807016669576,12.407916666666669,2024-12-26 14:52:30+00:00,356.9518770398278,147.5365341884832,-2.384567684394623,372.2871452420701,144.40554326164053,30.0,2.554971907057701,22
2024-12-22 15:07:30+00:00,143.13721063263492,27.28672681100746,2.545531859429173,229.34722592128256,12.418333333333331,2024-12-26 15:07:30+00:00,356.0484506831138,147.3993294991161,-2.385833748314733,370.7846410684474,144.48825401324297,30.0,2.545531859429173,22
2024-12-22 15:22:30+00:00,143.17744651398542,27.17887470073573,2.535989667073681,243.32026245292545,12.42875,2024-12-26 15:22:30+00:00,356.0484506831138,147.2621248442412,-2.387099733834372,369.7829716193656,144.50152387915657,30.0,2.535989667073681,22
2024-12-22 15:37:30+00:00,143.21917874615116,27.070885643281528,2.526343789764389,221.439378130217,12.439166666666669,2024-12-26 15:37:30+00:00,355.1498266461906,147.12492022385655,-2.388365640908492,,144.7297831150197,30.0,2.526343789764389,22
2024-12-22 15:52:30+00:00,143.26242720094515,26.962759730781933,2.516592658060995,226.6911826931214,12.449583333333331,2024-12-26 15:52:30+00:00,355.1498266461906,146.9877156379498,-2.389631469492509,368.11352253756263,144.79250594915146,30.0,2.516592658060995,22
2024-12-22 16:07:30+00:00,143.30721209011742,26.85449706835168,2.506734673487741,216.92329180772737,12.46,2024-12-26 16:07:30+00:00,354.25604822952675,146.8505110864983,-2.390897219542378,,144.96318477985514,30.0,2.506734673487741,22
2024-12-22 16:22:30+00:00,143.35355399470538,26.74609777801578,2.49676820677068,224.41820705191384,12.470416666666669,2024-12-26 16:22:30+00:00,353.3671576944297,146.7133065694999,-2.3921628910129775,,145.0093837103979,30.0,2.49676820677068,22
2024-12-22 16:37:30+00:00,143.40147391401285,26.637562005443048,2.4866915950516706,218.66087748355295,12.480833333333331,2024-12-26 16:37:30+00:00,353.3671576944297,146.576102086928,-2.393428483859766,,145.15758692224892,30.0,2.4866915950516706,22
2024-12-22 16:52:30+00:00,143.4509931980811,26.52888990897905,2.4765031450814092,227.66343906510855,12.49125,2024-12-26 16:52:30+00:00,352.483196268767,146.438897638774,-2.394693998038639,,145.19217595730134,30.0,2.4765031450814092,22
2024-12-22 17:07:30+00:00,143.50213358515532,26.420081664822536,2.4662011310156973,251.45169485374177,12.501666666666669,2024-12-26 17:07:30+00:00,351.60420416545065,146.30169322505057,-2.395959433504528,369.74123539232056,145.12801106069224,30.0,2.4662011310156973,22
2024-12-22 17:22:30+00:00,143.55491721077203,26.311137467503578,2.455783793678035,223.69020831821152,12.512083333333331,2024-12-26 17:22:30+00:00,351.60420416545065,146.1644888457015,-2.3972247902128556,365.9432387312187,145.43819662574035,30.0,2.455783793678035,22
2024-12-22 17:37:30+00:00,143.60936661654122,26.20205753052151,2.4452493398138877,223.84778781756884,12.5225,2024-12-26 17:37:30+00:00,350.7302206129452,146.02728450076216,-2.3984900681195005,364.8580968280468,145.54696978999218,30.0,2.4452493398138877,22
2024-12-22 17:52:30+00:00,143.66550475922236,26.09284208714286,2.434595941336272,235.7223279108592,12.532916666666669,2024-12-26 17:52:30+00:00,349.8612838970166,145.89008019020122,-2.3997552671793954,,145.55841275114872,30.0,2.434595941336272,22
2024-12-22 18:07:30+00:00,143.72335497722167,25.98349138533464,2.4238217367928296,209.91795664629117,12.543333333333331,2024-12-26 18:07:30+00:00,349.8612838970166,145.7528759139625,-2.401020387347951,,145.90844017271297,30.0,2.4238217367928296,22
2024-12-22 18:22:30+00:00,143.78294113291025,25.87400570568476,2.4129248236122827,208.69802459351837,12.55375,2024-12-26 18:22:30+00:00,348.99743141290503,145.61567167212488,-2.402285428581055,361.10183639399,146.04071034655078,30.0,2.4129248236122827,22
2024-12-22 18:37:30+00:00,143.844287497245,25.764385346191123,2.401903263831333,203.0613271114508,12.564166666666669,2024-12-26 18:37:30+00:00,348.13869972707414,145.4784674645697,-2.403550390833624,365.3589315525876,146.22637924186662,30.0,2.401903263831333,22
2024-12-22 18:52:30+00:00,143.9074187916725,25.654630626889944,2.3907550816058016,209.31285475792987,12.574583333333331,2024-12-26 18:52:30+00:00,348.13869972707414,145.34126329137152,-2.404815274061047,,146.27824685968037,30.0,2.3907550816058016,22
2024-12-22 19:07:30+00:00,143.9723602021252,25.54474189112911,2.379478262151635,212.48643978615465,12.585,2024-12-26 19:07:30+00:00,347.285124647673,145.20405915247835,-2.406080078219225,364.35726210350583,146.36683853424296,30.0,2.379478262151635,22
2024-12-22 19:22:30+00:00,144.0391373896295,25.43471950650513,2.368070750881015,305.4664751329735,12.595416666666669,2024-12-26 19:22:30+00:00,346.4367413028266,145.06685504788774,-2.407344803263047,,145.7459002132842,30.0,2.368070750881015,22
2024-12-22 19:37:30+00:00,144.1077765014711,25.324563865575325,2.35653045248602,219.71419031719532,12.605833333333331,2024-12-26 19:37:30+00:00,346.4367413028266,144.92965097758696,-2.408609449147904,369.6160267111853,146.5379276379669,30.0,2.35653045248602,22
2024-12-22 19:52:30+00:00,144.1783041485714,25.214275383011092,2.3448552318362013,197.53465077454672,12.61625,2024-12-26 19:52:30+00:00,345.5935842258672,144.79244694155284,-2.409874015829686,365.60934891485806,146.94507809663244,30.0,2.3448552318362013,22
2024-12-22 20:07:30+00:00,144.2507475136239,25.10385450713979,2.3330429078670227,190.73033525395763,12.626666666666669,2024-12-26 20:07:30+00:00,345.5935842258672,144.65524293975383,-2.4111385032632997,364.6076794657763,147.1823413819104,30.0,2.3330429078670227,22
2024-12-22 20:22:30+00:00,144.32513429069135,24.993301713019523,2.3210912564663206,211.07225954017852,12.637083333333331,2024-12-26 20:22:30+00:00,344.75568744661143,144.5180389722354,-2.412402911404087,362.60434056761267,147.0340127736824,30.0,2.3210912564663206,22
2024-12-22 20:37:30+00:00,144.40149269493892,24.882617503079285,2.3089980096182083,194.26330706215785,12.6475,2024-12-26 20:37:30+00:00,343.92308458779314,144.38083503891602,-2.413667240207962,361.6026711185309,147.40982885350869,30.0,2.3089980096182083,22
2024-12-22 20:52:30+00:00,144.4798514867241,24.771802409511867,2.2967608537825708,195.55460651473385,12.657916666666669,2024-12-26 20:52:30+00:00,343.92308458779314,144.24363113985143,-2.414931489629793,360.6010016694491,147.5330370765307,30.0,2.2967608537825708,22
2024-12-22 21:07:30+00:00,144.56023998453267,24.66085699516843,2.284377428848737,207.55604347063525,12.668333333333331,2024-12-26 21:07:30+00:00,343.09580896576347,144.10642727497043,-2.416195659624952,360.2253756260434,147.4979263794405,30.0,2.284377428848737,22
2024-12-22 21:22:30+00:00,144.6426880782662,24.549781854634375,2.271845327072915,199.854659726996,12.67875,2024-12-26 21:22:30+00:00,342.2738936945863,143.96922344430797,-2.417459750149313,347.4540901502504,147.7570484801053,30.0,2.271845327072915,22
2024-12-22 21:37:30+00:00,144.72722621398788,24.438577612879588,2.2591620935720123,194.88947095734272,12.689166666666669,2024-12-26 21:37:30+00:00,342.2738936945863,143.83201964781773,-2.418723761157753,356.8447412353923,147.98609418677142,30.0,2.2591620935720123,22
2024-12-22 21:52:30+00:00,144.81388549691735,24.327244934261635,2.246325220352674,186.2513638215924,12.699583333333331,2024-12-26 21:52:30+00:00,341.4573717926663,143.69481588550127,-2.4199876926056336,358.89816360601003,148.29215983648902,30.0,2.246325220352674,22
2024-12-22 22:07:30+00:00,144.90269762628904,24.215784516705067,2.233332149501353,192.36340723514547,12.71,2024-12-26 22:07:30+00:00,340.6462762910677,143.5576121573207,-2.421251544448811,361.6026711185309,148.33662625769205,30.0,2.233332149501353,22
2024-12-22 22:22:30+00:00,144.9936949225127,24.104197094156213,2.2201802713468486,207.0088803467965,12.720416666666669,2024-12-26 22:22:30+00:00,340.6462762910677,143.42040846328777,-2.422515316642165,365.8597662771286,148.24623938792286,30.0,2.2201802713468486,22
2024-12-22 22:37:30+00:00,145.08691034839575,23.992483438238416,2.2068669229481888,194.55632805731068,12.730833333333331,2024-12-26 22:37:30+00:00,339.8406403427015,143.28320480338942,-2.423779009141049,360.26711185308847,148.61320726812338,30.0,2.2068669229481888,22
2024-12-22 22:52:30+00:00,145.18237752447843,23.880644359572074,2.193389386883907,184.7303645610902,12.74125,2024-12-26 22:52:30+00:00,339.0404973315862,143.1460011776312,-2.42504262190132,355.9265442404007,148.96538037657444,30.0,2.193389386883907,22
2024-12-22 23:07:30+00:00,145.28013072619913,23.76868070793015,2.179744891065263,186.01957619545715,12.751666666666669,2024-12-26 23:07:30+00:00,339.0404973315862,143.0087975859668,-2.4263061548778353,352.88814691151924,149.1056519565787,30.0,2.179744891065263,22
2024-12-22 23:22:30+00:00,145.38020496237095,23.65659337797414,2.165930604015149,173.70126681724443,12.762083333333331,2024-12-26 23:22:30+00:00,338.2458809814118,142.87159402836838,-2.427569608025941,352.5876460767946,149.55071170328543,30.0,2.165930604015149,22
2024-12-22 23:37:30+00:00,145.4826359313205,23.544383306465477,2.1519436369396714,173.1525876460768,12.7725,2024-12-26 23:37:30+00:00,337.4568254626682,142.73439050487056,-2.428832981301478,351.2520868113522,149.74036489478033,30.0,2.1519436369396714,22
2024-12-22 23:52:30+00:00,145.5874600521259,23.432051474910462,2.1377810416289083,180.29270574173557,12.782916666666669,2024-12-26 23:52:30+00:00,337.4568254626682,142.59718701541223,-2.430096274659316,353.889816360601,149.74772362398437,30.0,2.1377810416289083,22
2024-12-23 00:07:30+00:00,145.69471448449215,23.319598911127876,2.1234398090014417,190.61649894578613,12.793333333333331,2024-12-27 00:07:30+00:00,336.67336549763405,142.45998356002391,-2.4313594880547846,354.42404006677793,149.69702989978683,30.0,2.1234398090014417,22
2024-12-23 00:22:30+00:00,145.8044371347184,23.207026690221415,2.108916868413565,177.29161004775403,12.80375,2024-12-27 00:22:30+00:00,336.67336549763405,142.32278013866716,-2.432622621443715,353.5893155258765,150.18007111449478,30.0,2.108916868413565,22
2024-12-23 00:37:30+00:00,145.91666671836316,23.094335938801215,2.0942090837729377,176.89299517460609,12.814166666666669,2024-12-27 00:37:30+00:00,335.89553646255507,142.18557675132462,-2.433885674780976,352.78797996661103,150.37491318466826,30.0,2.0942090837729377,22
2024-12-23 00:52:30+00:00,146.03144273274526,22.981527834143613,2.0793132547433486,177.1535235891841,12.824583333333331,2024-12-27 00:52:30+00:00,335.1233744863822,142.04837339799744,-2.4351486480218836,349.5826377295492,150.5558537274951,30.0,2.0793132547433486,22
2024-12-23 01:07:30+00:00,146.14880549051276,22.86860360672552,2.0642261145015226,173.30389358608434,12.835,2024-12-27 01:07:30+00:00,335.1233744863822,141.9111700786909,-2.4364115411222578,350.08347245409016,150.84813089851917,30.0,2.0642261145015226,22
2024-12-23 01:22:30+00:00,146.26879613065708,22.755564541919288,2.048944328779468,171.6589137235198,12.845416666666669,2024-12-27 01:22:30+00:00,334.3569165454796,141.7739667933293,-2.4376743540369543,353.9899833055092,151.0883567789499,30.0,2.048944328779468,22
2024-12-23 01:37:30+00:00,146.39145666502216,22.642411982684255,2.033464492887324,174.02545097860897,12.855833333333331,2024-12-27 01:37:30+00:00,333.59620055375797,141.6367635419718,-2.4389370867212885,355.59265442404006,151.2197312479561,30.0,2.033464492887324,22
2024-12-23 01:52:30+00:00,146.51682998325916,22.529147331098244,2.017783131092104,182.1968653257047,12.86625,2024-12-27 01:52:30+00:00,333.59620055375797,141.4995603245364,-2.440199739131078,355.42570951585975,151.19955368155703,30.0,2.017783131092104,22
2024-12-23 02:07:30+00:00,146.64495986872004,22.415772050363575,2.0018966954001156,179.07579564350127,12.876666666666669,2024-12-27 02:07:30+00:00,332.8412654477362,141.36235714109273,-2.4414623112211657,354.67445742904846,151.48159972346514,30.0,2.0018966954001156,22
2024-12-23 02:22:30+00:00,146.77589101871266,22.302287666852088,1.985801564093372,176.25274511146335,12.887083333333331,2024-12-27 02:22:30+00:00,332.092151266085,141.2251539915254,-2.442724802946863,353.71452420701166,151.7635304481843,30.0,1.985801564093372,22
2024-12-23 02:37:30+00:00,146.90966907745891,22.188695772488852,1.969494039538928,200.7558529307376,12.8975,2024-12-27 02:37:30+00:00,332.092151266085,141.08795087589775,-2.4439872142639927,353.4223706176962,151.3531630863129,30.0,1.969494039538928,22
2024-12-23 02:52:30+00:00,147.04634067221338,22.074998027532885,1.952970345818125,193.7155718370023,12.907916666666669,2024-12-27 02:52:30+00:00,331.3488992232619,140.95074779419195,-2.445249545127335,351.41903171953254,151.71835437794056,30.0,1.952970345818125,22
2024-12-23 03:07:30+00:00,147.1859534105278,21.961196162370367,1.9362266286146732,186.18189849489744,12.918333333333331,2024-12-27 03:07:30+00:00,330.6115517769045,140.81354474635074,-2.4465117954922295,350.70951585976627,152.1168198458038,30.0,1.9362266286146732,22
2024-12-23 03:22:30+00:00,147.32855591376654,21.847291980151997,1.9192589530267103,191.08740330830267,12.92875,2024-12-27 03:22:30+00:00,330.6115517769045,140.67634173237926,-2.4477739653144974,351.75292153589317,152.2009128050486,30.0,1.9192589530267103,22
2024-12-23 03:37:30+00:00,147.4741978265502,21.73328735946726,1.902063302792599,192.51226001669448,12.939166666666669,2024-12-27 03:37:30+00:00,329.88015268871595,140.53913875228866,-2.449036054548922,347.57929883138564,152.378121600666,30.0,1.902063302792599,22
2024-12-23 03:52:30+00:00,147.62292988776227,21.61918425694244,1.88463557593064,204.84928949824513,12.949583333333331,2024-12-27 03:52:30+00:00,329.88015268871595,140.40193580602153,-2.4502980631508127,346.74457429048414,152.2951263113626,30.0,1.88463557593064,22
2024-12-23 04:07:30+00:00,147.77480392599293,21.504984710107085,1.866971584812636,197.76043075745477,12.96,2024-12-27 04:07:30+00:00,329.15474707864416,140.264732893612,-2.4515599910759662,345.57595993322207,152.6804253242751,30.0,1.866971584812636,22
2024-12-23 04:22:30+00:00,147.92987288119517,21.390690840361646,1.8490670547311985,196.4870114263071,12.970416666666669,2024-12-27 04:22:30+00:00,328.4353814722329,140.12753001501306,-2.4528218382791867,345.3255425709516,152.93371638495358,30.0,1.8490670547311985,22
2024-12-23 04:37:30+00:00,148.0881908376537,21.27630485583404,1.830917621833664,202.0732228132158,12.980833333333331,2024-12-27 04:37:30+00:00,328.4353814722329,139.99032717022533,-2.4540836047157675,344.57429048414025,153.01835039197076,30.0,1.830917621833664,22
2024-12-23 04:52:30+00:00,148.24981303027374,21.161829054749756,1.81251883266206,216.14623594447295,12.99125,2024-12-27 04:52:30+00:00,327.7221038411071,139.85312435922472,-2.4553452903414947,344.57429048414025,152.91945928742462,30.0,1.81251883266206,22
2024-12-23 05:07:30+00:00,148.41479595274316,21.04726582769266,1.7938661376623883,222.03084435880652,13.001666666666669,2024-12-27 05:07:30+00:00,327.0149636366465,139.7159215819931,-2.4566068951111717,343.0717863105175,153.01960516426408,30.0,1.7938661376623883,22
2024-12-23 05:22:30+00:00,148.5831973065419,20.932617662093666,1.7749548941777278,228.76527545909852,13.012083333333331,2024-12-27 05:22:30+00:00,327.0149636366465,139.57871883853105,-2.457868418980069,342.37061769616025,153.10968232918776,30.0,1.7749548941777278,22
2024-12-23 05:37:30+00:00,148.75507605511828,20.817887145280284,1.755780363244425,227.6532810562556,13.0225,2024-12-27 05:37:30+00:00,326.3140118170031,139.44151612881436,-2.4591298619039814,341.23539232053423,153.3612249693827,30.0,1.755780363244425,22
2024-12-23 05:52:30+00:00,148.93049244449773,20.70307696850003,1.7363377084254874,224.7599209691994,13.032916666666669,2024-12-27 05:52:30+00:00,325.6193008677316,139.304313452854,-2.4603912238376764,344.82470784641066,153.65427205040356,30.0,1.7363377084254874,22
2024-12-23 06:07:30+00:00,149.10950805234953,20.588189929913742,1.7166219929856603,232.4069527644113,13.043333333333331,2024-12-27 06:07:30+00:00,325.6193008677316,139.16711081059228,-2.4616525047364464,340.0667779632721,153.73431171390027,30.0,1.7166219929856603,22
2024-12-23 06:22:30+00:00,149.2921858461754,20.47322893785866,1.69662817653054,223.52429145852685,13.05375,2024-12-27 06:22:30+00:00,324.9308848164257,139.029908202063,-2.462913704556066,344.5742904841402,154.15950992884456,30.0,1.69662817653054,22
2024-12-23 06:37:30+00:00,149.47859016576717,20.358197016555845,1.6763511162964395,225.86093100904608,13.064166666666669,2024-12-27 06:37:30+00:00,324.2488192418952,138.89270562721885,-2.4641748232512906,339.73288814691153,154.35372241152717,30.0,1.6763511162964395,22
2024-12-23 06:52:30+00:00,149.66878677532387,20.243097309536548,1.6557855642857635,226.55454564191348,13.074583333333331,2024-12-27 06:52:30+00:00,324.2488192418952,138.75550308603124,-2.4654358607774176,339.4824707846411,154.58701248026196,30.0,1.6557855642857635,22
2024-12-23 07:07:30+00:00,149.86284287615368,20.127933084964344,1.6349261668702784,226.5383679667117,13.085,2024-12-27 07:07:30+00:00,323.57316127857393,138.61830057854834,-2.4666968170901935,339.6661101836394,154.83947553291168,30.0,1.6349261668702784,22
2024-12-23 07:22:30+00:00,150.06082721550425,20.01270773675903,1.6137674585877348,223.93135846565983,13.095416666666669,2024-12-27 07:22:30+00:00,322.9039696170224,138.48109810467912,-2.467957692144379,340.73455759599335,155.15416062937507,30.0,1.6137674585877348,22
2024-12-23 07:37:30+00:00,150.26281005861725,19.897424792384808,1.5923038643572642,230.4480069522263,13.105833333333331,2024-12-27 07:37:30+00:00,322.9039696170224,138.34389566448215,-2.469218485895248,,155.26924293573455,30.0,1.5923038643572642,22
2024-12-23 07:52:30+00:00,150.46886323440836,19.782087917159753,1.5705296972894207,227.56942321709897,13.11625,2024-12-27 07:52:30+00:00,322.24130450158754,138.20669325788927,-2.470479198298548,341.5692821368948,155.59650309440698,30.0,1.5705296972894207,22
2024-12-23 08:07:30+00:00,150.67906016298704,19.66670092006993,1.5484391577190475,216.36830615127775,13.126666666666669,2024-12-27 08:07:30+00:00,322.24130450158754,138.0694908849256,-2.471739829309043,339.48247078464107,156.13305366733843,30.0,1.5484391577190475,22
2024-12-23 08:22:30+00:00,150.89347593476188,19.5512677561747,1.526026329131866,229.15373497215717,13.137083333333331,2024-12-27 08:22:30+00:00,321.58522772649764,137.9322885455333,-2.473000378881978,341.0684474123539,156.10069588088567,30.0,1.526026329131866,22
2024-12-23 08:37:30+00:00,151.11218733448018,19.43579253321188,1.503285177595468,212.8547579298831,13.1475,2024-12-27 08:37:30+00:00,320.9358026319212,137.79508623971685,-2.4742608469731087,339.39899833055097,156.78009571279725,30.0,1.503285177595468,22
2024-12-23 08:52:30+00:00,151.3352728592466,19.32027951864204,1.48020955169027,231.67632328390457,13.157916666666669,2024-12-27 08:52:30+00:00,320.9358026319212,137.65788396748667,-2.4755212335371852,340.19198664440734,156.59965607605642,30.0,1.48020955169027,22
2024-12-23 09:07:30+00:00,151.56281275964034,19.20473314541624,1.456793181136389,202.4692316651784,13.168333333333331,2024-12-27 09:07:30+00:00,320.2930941017905,137.52068172879953,-2.476781538529449,338.4927259718578,157.65177960989973,30.0,1.456793181136389,22
2024-12-23 09:22:30+00:00,151.79488911071252,19.089158015563346,1.4330296737031571,231.23223390335244,13.17875,2024-12-27 09:22:30+00:00,319.6571685655022,137.38347952365962,-2.4780417619056196,337.77724779394225,157.18352889757296,30.0,1.4330296737031571,22
2024-12-23 09:37:30+00:00,152.03158584698323,18.973558907291377,1.408912514478247,215.5219940210428,13.189166666666669,2024-12-27 09:37:30+00:00,319.6571685655022,137.2462773520339,-2.47930190362048,337.56260434056765,157.8742783086079,30.0,1.408912514478247,22
2024-12-23 09:52:30+00:00,152.27298878335765,18.857940783062116,1.3844350662082483,197.0370565115087,13.199583333333331,2024-12-27 09:52:30+00:00,319.02809400595487,137.10907521390777,-2.4805619636292184,336.5609348914858,158.73082183320173,30.0,1.3844350662082483,22
2024-12-23 10:07:30+00:00,152.51918565779724,18.74230879643607,1.359590568446252,200.6328376751951,13.21,2024-12-27 10:07:30+00:00,318.4059399767715,136.97187310928567,-2.4818219418875924,334.1193656093489,158.92709823771855,30.0,1.359590568446252,22
2024-12-23 10:22:30+00:00,152.77026621285546,18.626668295530948,1.33437213442522,192.42617904841404,13.220416666666669,2024-12-27 10:22:30+00:00,318.4059399767715,136.83467103814883,-2.483081838350331,338.0077907623818,159.5200958469788,30.0,1.33437213442522,22
2024-12-23 10:37:30+00:00,153.0263222071237,18.51102483343526,1.308772752556652,189.43976394766472,13.230833333333331,2024-12-27 10:37:30+00:00,317.790777631992,136.69746900045354,-2.4843416529726534,335.8931552587646,159.9522731151544,30.0,1.308772752556652,22
2024-12-23 10:52:30+00:00,153.28744746054076,18.39538417560066,1.2827852860104283,188.25149568346723,13.24125,2024-12-27 10:52:30+00:00,317.1826797720086,136.56026699624775,-2.48560138571027,334.34295253994753,160.3272680977068,30.0,1.2827852860104283,22
2024-12-23 11:07:30+00:00,153.55373791137504,18.27975230640197,1.256402471786879,189.89039703854252,13.251666666666669,2024-12-27 11:07:30+00:00,317.1826797720086,136.42306502543988,-2.486861036517935,330.6761268781302,160.6023408984342,30.0,1.256402471786879,22
2024-12-23 11:22:30+00:00,153.8252916627914,18.164135437091232,1.2296169206988428,180.7500690126589,13.262083333333331,2024-12-27 11:22:30+00:00,316.5817209100646,136.28586308807348,-2.4881206053508422,330.8848080133556,161.30338320462792,30.0,1.2296169206988428,22
2024-12-23 11:37:30+00:00,154.10220901528976,18.048540015603265,1.2024211185230902,176.62383041503284,13.2725,2024-12-27 11:37:30+00:00,315.9879773642469,136.1486611841235,-2.489380092164713,330.6510851419032,161.82974301901845,30.0,1.2024211185230902,22
2024-12-23 11:52:30+00:00,154.38459252682907,17.932972733571496,1.174807425678111,177.6228863930156,13.282916666666669,2024-12-27 11:52:30+00:00,315.9879773642469,136.01145931355663,-2.490639496914273,321.8936322442165,162.1429651271571,30.0,1.174807425678111,22
2024-12-23 12:07:30+00:00,154.6725470487554,17.81744053656008,1.1467680787590608,171.9338432270839,13.293333333333331,2024-12-27 12:07:30+00:00,315.4015273805916,135.87425747635805,-2.491898819554701,324.2404006677796,162.7643710998734,30.0,1.1467680787590608,22
2024-12-23 12:22:30+00:00,154.9661797796002,17.701950632248124,1.118295191274368,175.5338014719734,13.30375,2024-12-27 12:22:30+00:00,315.4015273805916,135.73705567253182,-2.4931580600417327,329.0484140233723,162.96718835476184,30.0,1.118295191274368,22
2024-12-23 12:37:30+00:00,155.26560030399438,17.586510501185213,1.0893807556837838,172.17455449004154,13.314166666666669,2024-12-27 12:37:30+00:00,314.8224512936792,135.59985390204434,-2.4944172183300295,330.75125208681135,163.49928392723567,30.0,1.0893807556837838,22
2024-12-23 12:52:30+00:00,155.57092064377807,17.471127905785544,1.0600166450465198,168.5182177819063,13.324583333333331,2024-12-27 12:52:30+00:00,314.2508317319574,135.46265216488092,-2.4956762943748356,327.46243739565944,164.06144242054089,30.0,1.0600166450465198,22
2024-12-23 13:07:30+00:00,155.88225530262403,17.355810900856284,1.0301946155101531,166.8288292988314,13.335,2024-12-27 13:07:30+00:00,314.2508317319574,135.32545046104534,-2.4969352881318327,332.2680658239924,164.53769514270613,30.0,1.0301946155101531,22
2024-12-23 13:22:30+00:00,156.1997213027532,17.240567845600285,0.9999063097487176,169.41908388981636,13.345416666666669,2024-12-27 13:22:30+00:00,313.68675387598,135.18824879053312,-2.4981941995556993,336.4059146196041,164.80051003768554,30.0,0.9999063097487176,22
2024-12-23 13:37:30+00:00,156.5234382465935,17.125407411569228,0.9691432592555806,173.16069418022283,13.355833333333331,2024-12-27 13:37:30+00:00,313.13030577881375,135.05104715327127,-2.4994530286016485,333.6811352253756,165.01433262862955,30.0,0.9691432592555806,22
2024-12-23 13:52:30+00:00,156.85352833980562,17.010338597771394,0.9378968896743608,176.76152861773514,13.36625,2024-12-27 13:52:30+00:00,313.13030577881375,134.91384554932176,-2.5007117752253736,327.79632721202006,165.24579633556326,30.0,0.9378968896743608,22
2024-12-23 14:07:30+00:00,157.1901164443808,16.895370740330254,0.9061585247063516,158.89272819039485,13.376666666666669,2024-12-27 14:07:30+00:00,312.5815787590559,134.7766439786071,-2.501970439381523,326.29382303839736,166.608795079581,30.0,0.9061585247063516,22
2024-12-23 14:22:30+00:00,157.53333012474414,16.780513523800902,0.8739193910674475,173.45727728031568,13.387083333333331,2024-12-27 14:22:30+00:00,312.040667878223,134.63944244112702,-2.503229021025317,330.3839732888147,166.23677778331398,30.0,0.8739193910674475,22
2024-12-23 14:37:30+00:00,157.88329966612952,16.665776997860988,0.8411706258686706,167.09963760739444,13.3975,2024-12-27 14:37:30+00:00,312.040667878223,134.5022409369143,-2.5044875201124075,344.629938786867,166.99630171782312,30.0,0.8411706258686706,22
2024-12-23 14:52:30+00:00,158.2401581367255,16.55117158508611,0.8079032818185159,169.31343906510853,13.407916666666669,2024-12-27 14:52:30+00:00,311.50767251574956,134.3650394658623,-2.5057459365974877,344.82470784641066,167.31130678356553,30.0,0.8079032818185159,22
2024-12-23 15:07:30+00:00,158.6040414110995,16.436708097080047,0.7741083356563584,157.67752455643125,13.418333333333331,2024-12-27 15:07:30+00:00,310.98269705646857,134.22783802805793,-2.5070042704357185,340.17807456872566,168.4275035907098,30.0,0.7741083356563584,22
2024-12-23 15:22:30+00:00,158.97508818726956,16.322397751797325,0.7397766977900033,141.3679089013466,13.42875,2024-12-27 15:22:30+00:00,310.98269705646857,134.09063662338832,-2.508262521582788,338.56427378964946,170.02422619571186,30.0,0.7397766977900033,22
2024-12-23 15:37:30+00:00,159.35344005343114,16.20825217909237,0.7048992194360223,144.3685211787087,13.439166666666669,2024-12-27 15:37:30+00:00,310.4658517072705,133.95343525192158,-2.5095206899933435,337.12437395659435,170.2632217825256,30.0,0.7048992194360223,22
2024-12-23 15:52:30+00:00,159.7392414822602,16.09428344344611,0.6694667054312838,148.3873901379082,13.449583333333331,2024-12-27 15:52:30+00:00,309.9572534616504,133.81623391359872,-2.5107787756225535,335.7262103505843,170.44125852961844,30.0,0.6694667054312838,22
2024-12-23 16:07:30+00:00,160.13263985309186,15.98050405916524,0.6334699260997879,147.64530030671273,13.46,2024-12-27 16:07:30+00:00,309.9572534616504,133.6790326084234,-2.512036778426091,336.4357262103506,170.97645320655994,30.0,0.6334699260997879,22
2024-12-23 16:22:30+00:00,160.53378550484186,15.866926997147935,0.5968996280654079,184.07722338787732,13.470416666666669,2024-12-27 16:22:30+00:00,309.4570272330924,133.54183133634697,-2.5132946983585915,333.83416805787425,169.301891868795,30.0,0.5968996280654079,22
2024-12-23 16:37:30+00:00,160.94283170835746,15.75356571230076,0.559746551426855,162.66020540070025,13.480833333333331,2024-12-27 16:37:30+00:00,309.4570272330924,133.40463009739796,-2.5145525353752305,334.55759599332225,170.94499924964086,30.0,0.559746551426855,22
2024-12-23 16:52:30+00:00,161.35993469299513,15.640434154858928,0.5220014444468263,150.50665838412857,13.49125,2024-12-27 16:52:30+00:00,308.9653071807016,133.2674288915215,-2.515810289431648,330.7178631051753,172.2556276951138,30.0,0.5220014444468263,22
2024-12-23 17:07:30+00:00,161.78525366479602,15.527546783113314,0.483655079927843,172.47812502029973,13.501666666666669,2024-12-27 17:07:30+00:00,308.4822382532132,133.1302277187273,-2.5170679604825037,329.73706176961605,171.36772202671287,30.0,0.483655079927843,22
2024-12-23 17:22:30+00:00,162.21895076769235,15.414918591722252,0.4446982766310505,151.95869084132468,13.512083333333331,2024-12-27 17:22:30+00:00,308.4822382532132,132.99302657899992,-2.518325548482935,326.76683361157484,173.18001130261644,30.0,0.4446982766310505,22
2024-12-23 17:37:30+00:00,162.66119110429116,15.30256511910402,0.4051219180028337,165.05719649480653,13.5225,2024-12-27 17:37:30+00:00,308.0079779804812,132.85582547229907,-2.519583053388581,325.7651641624931,172.83014650061165,30.0,0.4051219180028337,22
2024-12-23 17:52:30+00:00,163.11214270986406,15.190502468738842,0.3649169753901511,154.47062934347946,13.532916666666669,2024-12-27 17:52:30+00:00,307.54269854480117,132.71862439866342,-2.5208404751540825,330.8848080133556,174.06087078794894,30.0,0.3649169753901511,22
2024-12-23 18:07:30+00:00,163.57197650072206,15.078747336493445,0.3240745344093838,165.92634936307593,13.543333333333331,2024-12-27 18:07:30+00:00,307.54269854480117,132.5814233580192,-2.5220978137345837,330.7735114079021,173.8417103445858,30.0,0.3240745344093838,22
2024-12-23 18:22:30+00:00,164.0408662819562,14.967317012892009,0.2825858188347612,152.73129634662422,13.55375,2024-12-27 18:22:30+00:00,307.0865891679427,132.4442223503553,-2.52335506908571,329.4866444073456,175.2811616385807,30.0,0.2825858188347612,22
2024-12-23 18:37:30+00:00,164.51898866465743,14.856229417015564,0.240442222151182,149.6385025626368,13.564166666666669,2024-12-27 18:37:30+00:00,306.63985885356544,132.3070213757101,-2.5246122411620933,,176.07638296640093,30.0,0.240442222151182,22
2024-12-23 18:52:30+00:00,165.0065230090081,14.74550311542001,0.197635339011595,146.5077454672516,13.574583333333331,2024-12-27 18:52:30+00:00,306.63985885356544,132.16982043403897,-2.525869329918862,,176.89719955227645,30.0,0.197635339011595,22
2024-12-23 19:07:30+00:00,165.50365138594802,14.6351573284869,0.154156997190879,148.71478404344464,13.585,2024-12-27 19:07:30+00:00,306.20273952874305,132.03261952527234,-2.5271263353116535,,177.30259796833525,30.0,0.154156997190879,22
2024-12-23 19:22:30+00:00,166.0105584496174,14.525211970684913,0.1099992973211905,185.15743293085376,13.595416666666669,2024-12-27 19:22:30+00:00,305.77548963258977,131.8954186494778,-2.528383257295054,,175.55505048610934,30.0,0.1099992973211905,22
2024-12-23 19:37:30+00:00,166.52743136584445,14.415687657304485,0.0651546507527223,182.15963051259232,13.605833333333331,2024-12-27 19:37:30+00:00,305.77548963258977,131.7582178066105,-2.5296400958242073,,176.29766095316322,30.0,0.0651546507527223,22
2024-12-23 19:52:30+00:00,167.05445969714137,14.306605726351604,0.0196158222582447,173.99930116084948,13.61625,2024-12-27 19:52:30+00:00,305.35839820442834,131.62101699664458,-2.5308968508547247,,177.35449335701904,30.0,0.0196158222582447,22
2024-12-23 20:07:30+00:00,167.5918352439214,14.197988274082997,-0.0266240222880904,214.0688436629142,13.626666666666669,2024-12-27 20:07:30+00:00,304.95178952845515,131.4838162195455,-2.53215352234121,312.5208681135225,176.02184696877035,30.0,-0.0266240222880904,22
2024-12-23 20:22:30+00:00,168.13975193321892,14.089858151441645,-0.0735712693829412,200.221299064332,13.637083333333331,2024-12-27 20:22:30+00:00,304.95178952845515,131.3466154753412,-2.5334101102387874,309.5158597662771,177.2144678615307,30.0,-0.0735712693829412,22
2024-12-23 20:37:30+00:00,168.69840561508167,13.982239008186774,-0.1212318030144131,207.61060912155796,13.6475,2024-12-27 20:37:30+00:00,304.55602839633957,131.20941476399108,-2.5346666145030454,310.51752921535893,177.50933110236343,30.0,-0.1212318030144131,22
2024-12-23 20:52:30+00:00,169.26799387904023,13.87515530530189,-0.1696109489848849,213.14205846954223,13.657916666666669,2024-12-27 20:52:30+00:00,304.55602839633957,131.07221408547517,-2.535923035088585,309.5158597662771,177.90763388420757,30.0,-0.1696109489848849,22
2024-12-23 21:07:30+00:00,169.84871585057832,13.768632327797013,-0.2187134156910038,242.08440786524883,13.668333333333331,2024-12-27 21:07:30+00:00,304.1715260534587,130.9350134397921,-2.5371793719505265,307.6377295492488,177.5056966696935,30.0,-0.2187134156910038,22
2024-12-23 21:22:30+00:00,170.44077192606764,13.662696227327013,-0.2685432285296094,273.7741196567923,13.67875,2024-12-27 21:22:30+00:00,303.7987468982762,130.79781282691582,-2.5384356250444364,305.6761268781302,177.25563689803474,30.0,-0.2685432285296094,22
2024-12-23 21:37:30+00:00,171.04436352810262,13.557374015516857,-0.3191036634667312,265.76590036571974,13.689166666666669,2024-12-27 21:37:30+00:00,303.7987468982762,130.66061224684074,-2.539691794324926,,178.10983558358674,30.0,-0.3191036634667312,22
2024-12-23 21:52:30+00:00,171.65969279442578,13.452693606198348,-0.3703971739193462,246.96587335481615,13.699583333333331,2024-12-27 21:52:30+00:00,303.4382160074144,130.52341169953644,-2.540947879747082,305.008347245409,179.3114225915077,30.0,-0.3703971739193462,22
2024-12-23 22:07:30+00:00,172.28696225336168,13.348683827622562,-0.4224253145351445,325.9407240798821,13.71,2024-12-27 22:07:30+00:00,303.09052756080854,130.38621118499117,-2.5422038812664955,306.5108514190317,178.12113391285163,30.0,-0.4224253145351445,22
2024-12-23 22:22:30+00:00,172.92637447096894,13.245374431570054,-0.4751886609587525,245.28039599072383,13.720416666666669,2024-12-27 22:22:30+00:00,303.09052756080854,130.2490107032139,-2.5434597988377265,306.4106844741235,180.72721051493934,30.0,-0.4751886609587525,22
2024-12-23 22:37:30+00:00,173.57813164875677,13.142796136306387,-0.5286867242202804,206.7095644844968,13.730833333333331,2024-12-27 22:37:30+00:00,302.7563542414392,130.11181025417406,-2.5447156324158864,307.5125208681135,182.89123085261198,30.0,-0.5286867242202804,22
2024-12-23 22:52:30+00:00,174.24243519957798,13.040980609955392,-0.5829178617138311,210.29806959819763,13.74125,2024-12-27 22:52:30+00:00,302.4364576817989,129.9746098378162,-2.5459713819565186,307.51252086811354,183.45190679288834,30.0,-0.5829178617138311,22
2024-12-23 23:07:30+00:00,174.9194852794434,12.939960518033445,-0.6378791834477306,205.4492114689531,13.751666666666669,2024-12-27 23:07:30+00:00,302.4364576817989,129.8374094541782,-2.547227047414233,304.5075125208681,184.40246485650266,30.0,-0.6378791834477306,22
2024-12-23 23:22:30+00:00,175.60948027506353,12.839769518558578,-0.6935664537174677,197.36778125354553,13.762083333333331,2024-12-27 23:22:30+00:00,302.1317000235821,129.70020910320045,-2.5484826287440745,303.08848080133555,185.53872282610544,30.0,-0.6935664537174677,22
2024-12-23 23:37:30+00:00,176.31261625891548,12.74044227824894,-0.7499739892242364,232.24480663649035,13.7725,2024-12-27 23:37:30+00:00,301.84305664697655,129.56300878491462,-2.549738125901614,299.6661101836394,184.79959107529092,30.0,-0.7499739892242364,22
2024-12-23 23:52:30+00:00,177.0290863969565,12.64201449666654,-0.8070945529476982,241.41789714248668,13.782916666666669,2024-12-27 23:52:30+00:00,301.84305664697655,129.42580849927128,-2.550993538841417,298.71213927975197,185.24014441302702,30.0,-0.8070945529476982,22
2024-12-24 00:07:30+00:00,177.75908029525291,12.544522888521923,-0.8649192431829992,232.1671008100401,13.793333333333331,2024-12-28 00:07:30+00:00,301.57163011000483,129.28860824626878,-2.5522488675185526,297.1380872883377,186.3452666033574,30.0,-0.8649192431829992,22
2024-12-24 00:22:30+00:00,178.50278334040388,12.448005223844676,-0.9234373817679876,232.6246008720035,13.80375,2024-12-28 00:22:30+00:00,301.31866531492807,129.1514080258807,-2.553504111888558,293.8230383973289,187.11946606490375,30.0,-0.9234373817679876,22
2024-12-24 00:37:30+00:00,179.26037593017625,12.352500300067128,-0.9826363951435244,211.91241065205764,13.814166666666669,2024-12-28 00:37:30+00:00,301.31866531492807,129.01420783808643,-2.554759271906012,292.6544240400668,188.7707161459021,30.0,-0.9826363951435244,22
2024-12-24 00:52:30+00:00,180.0320327205783,12.258047967228462,-1.0425016970600254,177.57174656172987,13.824583333333331,2024-12-28 00:52:30+00:00,301.08556588576073,128.87700768289886,-2.5560143475259496,291.48580968280464,191.44232571659927,30.0,-1.0425016970600254,22
2024-12-24 01:07:30+00:00,180.817921767908,12.164689112386808,-1.103016565591008,159.6302236010148,13.835,2024-12-28 01:07:30+00:00,301.08556588576073,128.7398075602623,-2.5572693387039247,290.31719532554257,193.57745607720577,30.0,-1.103016565591008,22
2024-12-24 01:22:30+00:00,181.61820365609037,12.072465660789364,-1.164162021017239,135.22148564760036,13.845416666666669,2024-12-28 01:22:30+00:00,300.87391169604376,128.6026074701707,-2.558524245394471,290.0548533269735,196.75883977462624,30.0,-1.164162021017239,22
2024-12-24 01:37:30+00:00,182.43303053961856,11.981420559489743,-1.2259167008617915,134.61380868045796,13.855833333333331,2024-12-28 01:37:30+00:00,300.68547742638395,128.46540741262237,-2.5597790675526486,292.1118530884808,197.71925381750125,30.0,-1.2259167008617915,22
2024-12-24 01:52:30+00:00,183.26254518556792,11.891597775552569,-1.2882567382716152,148.87950505744868,13.86625,2024-12-28 01:52:30+00:00,300.68547742638395,128.3282073876196,-2.5610338051339694,292.4040066777963,197.15293642173796,30.0,-1.2882567382716152,22
2024-12-24 02:07:30+00:00,184.1068798773896,11.803042259614957,-1.351155635932697,166.40508632151392,13.876666666666669,2024-12-28 02:07:30+00:00,300.52225195370414,128.19100739508357,-2.5622884580930005,297.4958263772955,196.59512607042882,30.0,-1.351155635932697,22
2024-12-24 02:22:30+00:00,184.9661553933393,11.715799944655116,-1.4145841501244605,160.79031395367684,13.887083333333331,2024-12-28 02:22:30+00:00,300.3864582751322,128.053807435056,-2.5635430263847403,297.3288814691152,197.9524527593489,30.0,-1.4145841501244605,22
2024-12-24 02:37:30+00:00,185.8404797958844,11.629917697385,-1.4785101692988234,161.93785759437247,13.8975,2024-12-28 02:37:30+00:00,300.3864582751322,127.91660750751022,-2.564797509964747,300.1669449081803,198.79531744596093,30.0,-1.4785101692988234,22
2024-12-24 02:52:30+00:00,186.72994730269957,11.545443298202958,-1.5428986055455898,158.52051153216524,13.907916666666669,2024-12-28 02:52:30+00:00,300.28057354525185,127.77940761238168,-2.566051908787513,299.49916527545906,200.0249189168158,30.0,-1.5428986055455898,22
2024-12-24 03:07:30+00:00,187.6346370239109,11.462425394545615,-1.6077112866668954,148.56994667487885,13.918333333333331,2024-12-28 03:07:30+00:00,300.2073486522756,127.64220774972674,-2.5673062228081,307.3455759599332,201.88386078683368,30.0,-1.6077112866668954,22
2024-12-24 03:22:30+00:00,188.5546116983809,11.38091345220827,-1.6729068586537168,146.05118563301295,13.92875,2024-12-28 03:22:30+00:00,300.2073486522756,127.50500791947478,-2.5685604519819836,307.5125208681135,203.1133099856092,30.0,-1.6729068586537168,22
2024-12-24 03:37:30+00:00,189.48991642843487,11.300957712357633,-1.738440699856428,149.73499521856814,13.939166666666669,2024-12-28 03:37:30+00:00,300.1698265731634,127.3678081216341,-2.569814596263713,307.5125208681135,203.75141992597534,30.0,-1.738440699856428,22
2024-12-24 03:52:30+00:00,190.4405772714612,11.222609113362072,-1.8042648398633152,180.4152551987941,13.949583333333331,2024-12-28 03:52:30+00:00,300.1713585272174,127.23060835615898,-2.571068655608282,307.5125208681135,202.32645483054824,30.0,-1.8042648398633152,22
2024-12-24 04:07:30+00:00,191.40660001750737,11.145919246167717,-1.870327904550835,160.49273060278458,13.96,2024-12-28 04:07:30+00:00,300.1713585272174,127.0934086230952,-2.5723226299712083,307.5125208681135,204.822482914625,30.0,-1.870327904550835,22
2024-12-24 04:22:30+00:00,192.38796865139756,11.070940251527151,-1.9365750588133983,149.0814788401381,13.970416666666669,2024-12-28 04:22:30+00:00,300.2156166912354,126.9562089223636,-2.5735765193069797,306.7612687813022,206.88818933527256,30.0,-1.9365750588133983,22
2024-12-24 04:37:30+00:00,193.3846442110519,10.997724766682287,-2.0029479910060246,110.11945475468823,13.980833333333331,2024-12-28 04:37:30+00:00,300.30660194852345,126.819009253962,-2.5748303235706103,304.3071786310518,213.09120393808965,30.0,-2.0029479910060246,22
2024-12-24 04:52:30+00:00,194.3965631604416,10.926325802717349,-2.0693848886659376,154.13067085919897,13.99125,2024-12-28 04:52:30+00:00,300.30660194852345,126.68180961789253,-2.576084042717613,305.5091819699499,208.52891865508917,30.0,-2.0693848886659376,22
2024-12-24 05:07:30+00:00,195.4236363400776,10.856796674600632,-2.1358204692439857,170.19822681815972,14.001666666666669,2024-12-28 05:07:30+00:00,300.4486448245136,126.54461001411956,-2.577337676702468,,208.2684806034574,30.0,-2.1358204692439857,22
2024-12-24 05:22:30+00:00,196.46574735445336,10.789190867619288,-2.202186001293743,167.10180397750298,14.012083333333331,2024-12-28 05:22:30+00:00,300.4486448245136,126.40741044265545,-2.578591225480151,305.2587646076795,209.5948118197242,30.0,-2.202186001293743,22
2024-12-24 05:37:30+00:00,197.522751598166,10.7235619418003,-2.268409386307055,166.38993792242735,14.0225,2024-12-28 05:37:30+00:00,300.6463974245865,126.27021090344378,-2.579844689006176,308.5141903171953,210.75303019554474,30.0,-2.268409386307055,22
2024-12-24 05:52:30+00:00,198.59447476367467,10.659963392643231,-2.3344152369353837,161.82504821952443,14.032916666666669,2024-12-28 05:52:30+00:00,300.9048138537425,126.13301139649266,-2.581098067235024,310.15979012640116,212.24284543276767,30.0,-2.3344152369353837,22
2024-12-24 06:07:30+00:00,199.68071196540515,10.598448529023626,-2.400125015983381,161.60267111853085,14.043333333333331,2024-12-28 06:07:30+00:00,300.9048138537425,125.9958119217708,-2.5823513601216685,313.5225375626043,213.3913349075819,30.0,-2.400125015983381,22
2024-12-24 06:22:30+00:00,200.78122644753904,10.539070327633365,-2.4654571800570677,199.7492578421883,14.05375,2024-12-28 06:22:30+00:00,301.2291162915559,125.85861247927976,-2.5836045676215984,309.6410684474123,211.90744716081187,30.0,-2.4654571800570677,22
2024-12-24 06:37:30+00:00,201.8957488633149,10.481881288005283,-2.5303273819263787,233.11279316660455,14.064166666666669,2024-12-28 06:37:30+00:00,301.62474365981245,125.7214130689694,-2.5848576896892688,310.6010016694491,211.45758086577473,30.0,-2.5303273819263787,22
2024-12-24 06:52:30+00:00,203.023976254806,10.426933280064496,-2.594648685196839,228.79102711639135,14.074583333333331,2024-12-28 06:52:30+00:00,301.62474365981245,125.58421369086646,-2.586110726279668,306.42737896494157,212.79385448034037,30.0,-2.594648685196839,22
2024-12-24 07:07:30+00:00,204.165571545417,10.37427738011073,-2.6583318336892674,205.81486944259848,14.085,2024-12-28 07:07:30+00:00,302.0972797083002,125.44701434492885,-2.587363677348265,309.5158597662771,215.05532809019564,30.0,-2.6583318336892674,22
2024-12-24 07:22:30+00:00,205.32016286981604,10.323963711848313,-2.721285539950984,224.41869134641877,14.095416666666669,2024-12-28 07:22:30+00:00,302.6523574243695,125.30981503115002,-2.588616542849519,312.3539232053422,215.33278557402602,30.0,-2.721285539950984,22
2024-12-24 07:37:30+00:00,206.48734333876433,10.276041268976613,-2.7834168220428546,288.54900839921265,14.105833333333331,2024-12-28 07:37:30+00:00,302.6523574243695,125.17261574949823,-2.589869322738391,306.1531123300739,214.2936168016119,30.0,-2.7834168220428546,22
2024-12-24 07:52:30+00:00,207.66667079158947,10.230557750153642,-2.8446313646033508,296.97456926592866,14.11625,2024-12-28 07:52:30+00:00,303.2955370245276,125.03541649996068,-2.5911220169703446,307.51252086811354,215.2689605371394,30.0,-2.8446313646033508,22
2024-12-24 08:07:30+00:00,208.85766788822855,10.187559375452958,-2.9048339192634467,287.5433165307876,14.126666666666669,2024-12-28 08:07:30+00:00,304.0321554998361,124.89821728253044,-2.592374625499839,307.7128547579299,216.72638554794287,30.0,-2.9048339192634467,22
2024-12-24 08:22:30+00:00,210.0598223560449,10.147090715484676,-2.9639287326327586,240.00583496766455,14.137083333333331,2024-12-28 08:22:30+00:00,304.0321554998361,124.76101809717592,-2.593627148281822,309.5158597662771,219.50633738598148,30.0,-2.9639287326327586,22
2024-12-24 08:37:30+00:00,211.2725874531789,10.109194510650378,-3.02182000170696,230.26338395708055,14.1475,2024-12-28 08:37:30+00:00,304.86714684846044,124.62381894388407,-2.594879585271729,308.2637729549249,221.13757973428426,30.0,-3.02182000170696,22
2024-12-24 08:52:30+00:00,212.495382738276,10.073911497151652,-3.0784123566859947,289.0939089515665,14.157916666666669,2024-12-28 08:52:30+00:00,305.80483381030973,124.48661982266256,-2.5961319364240154,309.372764130694,220.36678986356984,30.0,-3.0784123566859947,22
2024-12-24 09:07:30+00:00,213.7275949703585,10.041280235980206,-3.133611359329293,277.6804478051655,14.168333333333331,2024-12-28 09:07:30+00:00,305.80483381030973,124.34942073345046,-2.5973842016936226,310.9181969949916,221.93595962095264,30.0,-3.133611359329293,22
2024-12-24 09:22:30+00:00,214.96857941948272,10.011336938449167,-3.187324023781667,273.2515357310728,14.17875,2024-12-28 09:22:30+00:00,306.8486941569295,124.21222167626384,-2.5986363810359916,309.5158597662771,223.32250107361884,30.0,-3.187324023781667,22
2024-12-24 09:37:30+00:00,216.21766121460016,9.984115314580697,-3.239459339434897,250.3998573674571,14.189166666666669,2024-12-28 09:37:30+00:00,306.8486941569295,124.0750226510811,-2.5998884744055446,310.51752921535893,225.34638308151216,30.0,-3.239459339434897,22
2024-12-24 09:52:30+00:00,217.47413717281088,9.959646404903438,-3.289928807917435,308.57691717114955,14.199583333333331,2024-12-28 09:52:30+00:00,308.0011073612563,123.93782365785584,-2.601140481757232,309.57846410684476,224.89084560391535,30.0,-3.289928807917435,22
2024-12-24 10:07:30+00:00,218.7372776366327,9.937958449414722,-3.3386469700865296,350.46177285767544,14.21,2024-12-28 10:07:30+00:00,309.26309066620024,123.8006246966185,-2.6023924030464656,307.0116861435726,225.27465769687015,30.0,-3.3386469700865296,22
2024-12-24 10:22:30+00:00,220.00632875777148,9.919076736047456,-3.38553193345707,359.72264789768406,14.220416666666669,2024-12-28 10:22:30+00:00,309.26309066620024,123.66342576731846,-2.6036442382276768,308.23594880356154,226.381401682717,30.0,-3.38553193345707,22
2024-12-24 10:37:30+00:00,221.28051479833815,9.90302349420046,-3.4305058785667555,379.0007154781779,14.230833333333331,2024-12-28 10:37:30+00:00,310.6340369674674,123.52622686992358,-2.604895987255784,303.70617696160264,227.3361535159512,30.0,-3.4305058785667555,22
2024-12-24 10:52:30+00:00,222.55904081173313,9.88981776782887,-3.473495550900058,308.91329298831386,14.24125,2024-12-28 10:52:30+00:00,312.11147018049473,123.38902800446432,-2.6061476500862115,303.1051752921536,229.9934878352156,30.0,-3.473495550900058,22
2024-12-24 11:07:30+00:00,223.84109533518148,9.87947534162093,-3.51443272038289,269.4899265766569,14.251666666666669,2024-12-28 11:07:30+00:00,312.11147018049473,123.25182917087535,-2.6073992266733637,298.1636060100167,232.36750170005695,30.0,-3.51443272038289,22
2024-12-24 11:22:30+00:00,225.1258534215698,9.872008623111393,-3.5532546132652683,293.7909336072942,14.262083333333331,2024-12-28 11:22:30+00:00,313.6908364142979,123.1146303691682,-2.608650716972152,303.25542570951586,232.94989789586307,30.0,-3.5532546132652683,22
2024-12-24 11:37:30+00:00,226.4124796428887,9.867426607311389,-3.589904300168698,285.10641379884765,14.2725,2024-12-28 11:37:30+00:00,315.36535078838324,122.97743159932958,-2.6099021209379902,299.93739565943235,234.47668475866448,30.0,-3.589904300168698,22
2024-12-24 11:52:30+00:00,227.7001311652087,9.865734867691934,-3.6243310396890744,309.7321735967208,14.282916666666669,2024-12-28 11:52:30+00:00,315.36535078838324,122.84023286132305,-2.611153438525287,298.7479131886478,235.1238023068461,30.0,-3.6243310396890744,22
2024-12-24 12:07:30+00:00,228.9879611946509,9.866935437831396,-3.656490580409373,294.9392972508421,14.293333333333331,2024-12-28 12:07:30+00:00,317.1259195578443,122.70303415514556,-2.6124046696889263,298.4418475236505,236.7835066309181,30.0,-3.656490580409373,22
2024-12-24 12:22:30+00:00,230.27512211529967,9.871026857388722,-3.6863454011335666,295.8977271940094,14.30375,2024-12-28 12:22:30+00:00,318.96115490810695,122.56583548074008,-2.6136558143843183,298.42594800858575,238.04383825566143,30.0,-3.6863454011335666,22
2024-12-24 12:37:30+00:00,231.56076877345893,9.878004174750542,-3.713864899129843,317.2693011306269,14.314166666666669,2024-12-28 12:37:30+00:00,318.96115490810695,122.42863683817193,-2.614906872565845,297.0951585976628,238.80366503074686,30.0,-3.713864899129843,22
2024-12-24 12:52:30+00:00,232.84406181176328,9.887858981387732,-3.739025521626153,313.82713879858244,14.324583333333331,2024-12-28 12:52:30+00:00,320.85749511394556,122.29143822733622,-2.6161578441884097,297.74624373956595,240.1628144709574,30.0,-3.739025521626153,22
2024-12-24 13:07:30+00:00,234.12417080929345,9.900579428673591,-3.76181083531047,341.54302870375363,14.335,2024-12-28 13:07:30+00:00,322.7994358272128,122.15423964826292,-2.617408729207385,306.12131329994435,240.84476039262387,30.0,-3.76181083531047,22
2024-12-24 13:22:30+00:00,235.40027744097628,9.916150305566486,-3.782211538490417,323.0084138753059,14.345416666666669,2024-12-28 13:22:30+00:00,322.7994358272128,122.0170411009302,-2.618659527577166,307.5125208681135,242.50099746983244,30.0,-3.782211538490417,22
2024-12-24 13:37:30+00:00,236.67157845879203,9.93455311450138,-3.800225413431538,311.69650567037013,14.355833333333331,2024-12-28 13:37:30+00:00,324.76986956475946,121.879842585291,-2.6199102392526306,307.0116861435726,244.0232511793507,30.0,-3.800225413431538,22
2024-12-24 13:52:30+00:00,237.93728857254484,9.955766161917015,-3.815857222335329,320.3591746762403,14.36625,2024-12-28 13:52:30+00:00,324.76986956475946,121.74264410136098,-2.621160864189151,312.02003338898163,245.08260648801357,30.0,-3.815857222335329,22
2024-12-24 14:07:30+00:00,239.1966431118049,9.979764667833448,-3.829118548186182,344.3457349550839,14.376666666666669,2024-12-28 14:07:30+00:00,326.7505209083595,121.60544564913248,-2.622411402341101,318.19699499165273,245.83627087194466,30.0,-3.829118548186182,22
2024-12-24 14:22:30+00:00,240.4489005675622,10.006520888156624,-3.84002758521675,312.2658606163021,14.387083333333331,2024-12-28 14:22:30+00:00,328.7224556935124,121.46824722852944,-2.623661853663353,321.9254312743461,247.76084915459737,30.0,-3.84002758521675,22
2024-12-24 14:37:30+00:00,241.69334483177704,10.036004244311483,-3.8486088813482904,254.65611001834745,14.3975,2024-12-28 14:37:30+00:00,328.7224556935124,121.33104883961094,-2.6249122181112527,331.1074012242626,250.64622208412675,30.0,-3.8486088813482904,22
2024-12-24 14:52:30+00:00,242.9292873262464,10.068181472591151,-3.854893039047095,238.115305444349,14.407916666666669,2024-12-28 14:52:30+00:00,330.66663485048656,121.19385048228206,-2.626162495639196,332.74207011686144,252.4886485950068,30.0,-3.854893039047095,22
2024-12-24 15:07:30+00:00,244.15606876627075,10.103016771948472,-3.858916377874347,253.13200340385723,14.418333333333331,2024-12-28 15:07:30+00:00,332.5644787261122,121.05665215658306,-2.627412686202018,333.3333333333333,253.1326184624491,30.0,-3.858916377874347,22
2024-12-24 15:22:30+00:00,245.37306082789297,10.140471971122832,-3.8607205657534087,298.25357631981444,14.42875,2024-12-28 15:22:30+00:00,332.5644787261122,120.91945386245636,-2.6286627897550887,334.94713411240957,252.97724321987647,30.0,-3.8607205657534087,22
2024-12-24 15:37:30+00:00,246.57966739945,10.180506689808054,-3.86035222326594,295.8002292978257,14.439166666666669,2024-12-28 15:37:30+00:00,334.39840643508506,120.78225559992347,-2.629912806252744,338.8146911519199,254.23146199287925,30.0,-3.86035222326594,22
2024-12-24 15:52:30+00:00,247.77532577186247,10.22307851678846,-3.85786250762274,267.32709856232884,14.449583333333331,2024-12-28 15:52:30+00:00,336.15231728836386,120.64505736890813,-2.6311627356498386,341.0684474123539,256.2239300077491,30.0,-3.85786250762274,22
2024-12-24 16:07:30+00:00,248.95950737714284,10.268143179174263,-3.853306681570946,242.60239557839117,14.46,2024-12-28 16:07:30+00:00,336.15231728836386,120.50785916948368,-2.6324125779017367,341.46911519198665,258.24793352825264,30.0,-3.853306681570946,22
2024-12-24 16:22:30+00:00,250.13171850611872,10.31565472463878,-3.846743672586061,261.79554921633144,14.470416666666669,2024-12-28 16:22:30+00:00,337.81198724079155,120.370661001526,-2.6336623329627376,341.3466889259878,258.71845187188063,30.0,-3.846743672586061,22
2024-12-24 16:37:30+00:00,251.2915005536561,10.365565693587904,-3.8382356286109593,305.23071786310516,14.480833333333331,2024-12-28 16:37:30+00:00,339.365361683524,120.23346286508963,-2.6349120007877085,338.9538119087367,258.6376442152732,30.0,-3.8382356286109593,22
2024-12-24 16:52:30+00:00,252.4384303014444,10.417827299428746,-3.827847473513324,276.81286993473975,14.49125,2024-12-28 16:52:30+00:00,339.365361683524,120.09626476014608,-2.636161581331994,342.07011686143574,260.5171745632269,30.0,-3.827847473513324,22
2024-12-24 17:07:30+00:00,253.57211970602177,10.472389598997426,-3.8156464697052623,282.56976383564177,14.501666666666669,2024-12-28 17:07:30+00:00,340.80273554279734,119.9590666866438,-2.6374110745498944,341.48580968280464,261.46422144535546,30.0,-3.8156464697052623,22
2024-12-24 17:22:30+00:00,254.69221579070543,10.52920166522387,-3.8017017882065938,271.81131845924045,14.512083333333331,2024-12-28 17:22:30+00:00,342.1168212205989,119.82186864459372,-2.638660480396263,340.28142141664677,262.8728219262838,30.0,-3.8017017882065938,22
2024-12-24 17:37:30+00:00,255.7984000460958,10.588211752259848,-3.786084094797625,258.60909735403754,14.5225,2024-12-28 17:37:30+00:00,342.1168212205989,119.68467063398168,-2.639909798826394,340.63916050560454,264.37057465729106,30.0,-3.786084094797625,22
2024-12-24 17:52:30+00:00,256.89038797605104,10.649367455979853,-3.768865149553609,254.28594583205015,14.532916666666669,2024-12-28 17:52:30+00:00,343.3027132744505,119.54747265475608,-2.641159029794631,340.42451705222993,265.5808340767172,30.0,-3.768865149553609,22
2024-12-24 18:07:30+00:00,257.9679281909054,10.712615870330987,-3.7501174291871258,228.29431818562,14.543333333333331,2024-12-28 18:07:30+00:00,343.3027132744505,119.41027470692772,-2.642408173255794,341.9031719532554,267.6161546665876,30.0,-3.7501174291871258,22
2024-12-24 18:22:30+00:00,259.0308016480418,10.777903733488994,-3.729913767265678,262.0639577289009,14.55375,2024-12-28 18:22:30+00:00,344.3577650721067,119.2730767904824,-2.643657229165175,347.72239446696875,267.4073039942581,30.0,-3.729913767265678,22
2024-12-24 18:37:30+00:00,260.0788205625225,10.84517757022024,-3.708327020558676,273.56856897418027,14.564166666666669,2024-12-28 18:37:30+00:00,345.28139658113474,119.1358789053976,-2.6449061974771055,347.245409015025,268.07497537283086,30.0,-3.708327020558676,22
2024-12-24 18:52:30+00:00,261.11182733065834,10.91438382586114,-3.6854297582893816,269.210402754591,14.574583333333331,2024-12-28 18:52:30+00:00,345.28139658113474,118.99868105162577,-2.6461550781463687,337.41950870498454,269.20807173497246,30.0,-3.6854297582893816,22
2024-12-24 19:07:30+00:00,262.1296933722698,10.98546898954972,-3.661293976405812,263.3494215391411,14.585,2024-12-28 19:07:30+00:00,346.07485397437426,118.86148322916708,-2.647403871128294,345.1585976627713,270.3752980881161,30.0,-3.661293976405812,22
2024-12-24 19:22:30+00:00,263.1323178393898,11.058379714572036,-3.635990838832969,226.43953514757607,14.595416666666669,2024-12-28 19:22:30+00:00,346.7409411758094,118.72428543801354,-2.6486525763771627,345.4328642976389,272.685193689457,30.0,-3.635990838832969,22
2024-12-24 19:37:30+00:00,264.11962635420974,11.133062925454563,-3.6095904428233103,231.30784316903575,14.605833333333331,2024-12-28 19:37:30+00:00,346.7409411758094,118.58708767814666,-2.649901193847767,345.57595993322207,273.4345715484076,30.0,-3.6095904428233103,22
2024-12-24 19:52:30+00:00,265.09156965213515,11.209465920136642,-3.58216161089719,260.50483854246727,14.61625,2024-12-28 19:52:30+00:00,347.28374135342057,118.44988994953744,-2.651149723495408,343.57262103505843,273.3290158687654,30.0,-3.58216161089719,22
2024-12-24 20:07:30+00:00,266.04812223375404,11.287536462553415,-3.55377170693526,258.73802616010505,14.626666666666669,2024-12-28 20:07:30+00:00,347.70834326750446,118.31269225217774,-2.6523981652743656,343.51001669449084,274.30735999482783,30.0,-3.55377170693526,22
2024-12-24 20:22:30+00:00,266.9892809906434,11.367222867130495,-3.5244864766477875,267.7750855836251,14.637083333333331,2024-12-28 20:22:30+00:00,347.70834326750446,118.17549458601982,-2.653646519139434,345.0125208681135,274.9357955727247,30.0,-3.5244864766477875,22
2024-12-24 20:37:30+00:00,267.91506383223657,11.448474076825493,-3.4943699110923068,268.1467162619961,14.6475,2024-12-28 20:37:30+00:00,348.02058385067744,118.0382969510638,-2.654894785045888,345.24207011686144,275.81596113286014,30.0,-3.4943699110923068,22
2024-12-24 20:52:30+00:00,268.8255083339458,11.531239729825426,-3.4634841317691505,347.60503342197467,14.657916666666669,2024-12-28 20:52:30+00:00,348.2268148745928,117.90109934731598,-2.656142962948011,344.1847523650529,274.89316431584035,30.0,-3.4634841317691505,22
2024-12-24 21:07:30+00:00,269.7206703844813,11.615470222428671,-3.431889296891322,377.30230656536406,14.668333333333331,2024-12-28 21:07:30+00:00,348.2268148745928,117.76390177471394,-2.6573910528005658,344.12910406232606,275.28524958699575,30.0,-3.431889296891322,22
2024-12-24 21:22:30+00:00,270.60062285720437,11.701116766696012,-3.399643527063128,420.4390129382304,14.67875,2024-12-28 21:22:30+00:00,348.3336983641879,117.62670423328692,-2.658639054558828,345.07512520868113,275.5710171293463,30.0,-3.399643527063128,22
2024-12-24 21:37:30+00:00,271.46545434586864,11.788131430551704,-3.3668028478749794,378.05144496490914,14.689166666666669,2024-12-28 21:37:30+00:00,348.3480327396147,117.48950672298275,-2.659886968177076,339.2320534223706,276.96684983719365,30.0,-3.3668028478749794,22
2024-12-24 21:52:30+00:00,272.3152678764971,11.876467190120817,-3.3334211509150156,287.07299690517334,14.699583333333331,2024-12-28 21:52:30+00:00,348.3480327396147,117.35230924378274,-2.6611347936100542,341.9588202559822,279.5250107642986,30.0,-3.3334211509150156,22
2024-12-24 22:07:30+00:00,273.15017973660787,11.966077951889735,-3.299550167427228,258.40538381089107,14.71,2024-12-28 22:07:30+00:00,348.2766095752067,117.2151117956868,-2.662382530813039,346.9671675013912,281.1201718626704,30.0,-3.299550167427228,22
2024-12-24 22:22:30+00:00,273.97031826822166,12.056918595895114,-3.265239458333982,270.18428772873887,14.720416666666669,2024-12-28 22:22:30+00:00,348.2766095752067,117.07791437864284,-2.6636301797402706,346.6889259877574,281.554455800962,30.0,-3.265239458333982,22
2024-12-24 22:37:30+00:00,274.77582278395425,12.14894498621979,-3.2305364139963375,336.57460289566427,14.730833333333331,2024-12-28 22:37:30+00:00,348.12609935771815,116.9407169926611,-2.6648777403465074,345.7637729549249,280.8327423779531,30.0,-3.2305364139963375,22
2024-12-24 22:52:30+00:00,275.56684246812125,12.242114003163447,-3.195486267201056,261.73405379774965,14.74125,2024-12-28 22:52:30+00:00,347.9029636429315,116.80351963772682,-2.6661252125870067,345.07512520868113,283.31503304014484,30.0,-3.195486267201056,22
2024-12-24 23:07:30+00:00,276.34353538167994,12.3363835447313,-3.1601321139605028,226.62236413439877,14.751666666666669,2024-12-28 23:07:30+00:00,347.9029636429315,116.66632231380234,-2.667372596415996,343.1274346132443,285.24468543270933,30.0,-3.1601321139605028,22
2024-12-24 23:22:30+00:00,277.1060674749952,12.431712549374629,-3.124514944414491,241.2791159869624,14.762083333333331,2024-12-28 23:22:30+00:00,347.6133904625869,116.5291250208688,-2.668619891788235,344.6458383019318,285.4213873002334,30.0,-3.124514944414491,22
2024-12-24 23:37:30+00:00,277.8546116902696,12.52806099039973,-3.0886736796663468,242.69333351069844,14.7725,2024-12-28 23:37:30+00:00,347.2632496255531,116.39192775892592,-2.6698670986589583,343.8230383973289,286.0761393100878,30.0,-3.0886736796663468,22
2024-12-24 23:52:30+00:00,278.5893470836619,12.625389889599033,-3.052645216147906,238.33691691080463,14.782916666666669,2024-12-28 23:52:30+00:00,347.2632496255531,116.25473052793592,-2.6711142169823936,343.4056761268781,286.9145152078699,30.0,-3.052645216147906,22
2024-12-25 00:07:30+00:00,279.3104580264834,12.723661305872644,-3.016464474199649,247.40191986644408,14.793333333333331,2024-12-29 00:07:30+00:00,346.8580645954574,116.11753332787978,-2.672361246713276,342.4457429048414,287.2852232474009,30.0,-3.016464474199649,22
2024-12-25 00:22:30+00:00,280.01813343506495,12.822838342257366,-2.980164451901395,251.7444768518218,14.80375,2024-12-29 00:22:30+00:00,346.4029978305552,115.98033615875724,-2.6736081878068245,337.56260434056765,287.81034461186186,30.0,-2.980164451901395,22
2024-12-25 00:37:30+00:00,280.7125660654271,12.922885129407511,-2.943776281834597,229.5456829343404,14.814166666666669,2024-12-29 00:37:30+00:00,346.4029978305552,115.84313902053036,-2.674855040217273,336.7835281023929,289.20856858272265,30.0,-2.943776281834597,22
2024-12-25 00:52:30+00:00,281.3939518463832,13.023766826784524,-2.9073292910417416,209.0182666904387,14.824583333333331,2024-12-29 00:52:30+00:00,345.9028467743959,115.70594191318006,-2.676101803899338,335.7739088957787,290.6692173871567,30.0,-2.9073292910417416,22
2024-12-25 01:07:30+00:00,282.06248926628405,13.125449602224814,-2.870851062782559,193.67381009164933,14.835,2024-12-29 01:07:30+00:00,345.3620480372062,115.56874483672048,-2.6773484788082365,335.1585976627713,292.0126609911837,30.0,-2.870851062782559,22
2024-12-25 01:22:30+00:00,282.71837879840825,13.227900628722988,-2.8343675000503294,204.35221493186316,14.845416666666669,2024-12-29 01:22:30+00:00,345.3620480372062,115.43154779108464,-2.6785950648981873,337.5626043405676,292.0913512291637,30.0,-2.8343675000503294,22
2024-12-25 01:37:30+00:00,283.36182237417546,13.33108806154832,-2.797902889825028,214.03376574446384,14.855833333333331,2024-12-29 01:37:30+00:00,344.78468767133853,115.29435077626788,-2.679841562123873,335.64273789649417,292.2557629147135,30.0,-2.797902889825028,22
2024-12-25 01:52:30+00:00,283.9930228962945,13.434981030249292,-2.7614799678332727,200.41153861086303,14.86625,2024-12-29 01:52:30+00:00,344.1745157950091,115.15715379226964,-2.6810879704405344,335.14190317195323,293.43229438738115,30.0,-2.7614799678332727,22
2024-12-25 02:07:30+00:00,284.6121837888393,13.539549614948475,-2.725119983441346,206.39457461527968,14.876666666666669,2024-12-29 02:07:30+00:00,344.1745157950091,115.01995683906657,-2.682334289802357,327.62938230383975,293.7199673010069,30.0,-2.725119983441346,22
2024-12-25 02:22:30+00:00,285.219508588525,13.6447648338523,-2.688842764018308,210.83588927281903,14.887083333333331,2024-12-29 02:22:30+00:00,343.53496414167546,114.88275991661013,-2.683580520164036,328.2971619365609,294.07844358649106,30.0,-2.688842764018308,22
2024-12-25 02:37:30+00:00,285.8152005684866,13.750598620950056,-2.652666778777055,210.0153953086532,14.8975,2024-12-29 02:37:30+00:00,343.53496414167546,114.7455630249144,-2.684826661480774,327.7128547579299,294.651196278239,30.0,-2.652666778777055,22
2024-12-25 02:52:30+00:00,286.3994623959006,13.857023807993638,-2.616609201633457,201.57720714810023,14.907916666666669,2024-12-29 02:52:30+00:00,342.8691653997032,114.60836616395576,-2.686072713706747,325.6051752921536,295.54504642928174,30.0,-2.616609201633457,22
2024-12-25 03:07:30+00:00,286.9724958217447,13.964014103609172,-2.580685972866944,212.31494774039743,14.918333333333331,2024-12-29 03:07:30+00:00,342.17997345537856,114.47116933368584,-2.6873186767966697,328.1302170283806,295.5979973517463,30.0,-2.580685972866944,22
2024-12-25 03:22:30+00:00,287.5345014012663,14.071544074135524,-2.5449118593427364,213.93407617346745,14.92875,2024-12-29 03:22:30+00:00,342.17997345537856,114.33397253411847,-2.6885645507056957,326.73205342237065,296.03732118192073,30.0,-2.5449118593427364,22
2024-12-25 03:37:30+00:00,288.0856782376166,14.179589120496376,-2.50930051343247,213.0766964548758,14.939166666666669,2024-12-29 03:37:30+00:00,341.46998386219946,114.19677576523,-2.6898103353880165,326.488592097941,296.56480378575066,30.0,-2.50930051343247,22
2024-12-25 03:52:30+00:00,288.62622375778204,14.288125459363416,-2.4738645299612805,218.40664673680945,14.949583333333331,2024-12-29 03:52:30+00:00,340.7415540331483,114.05957902697182,-2.691056030798331,331.1074012242627,296.8416748321777,30.0,-2.4738645299612805,22
2024-12-25 04:07:30+00:00,289.156333507826,14.397130100514175,-2.438615501613257,249.89665315207887,14.96,2024-12-29 04:07:30+00:00,340.7415540331483,113.92238231937236,-2.692301636891774,334.44629938786863,296.2867239215044,30.0,-2.438615501613257,22
2024-12-25 04:22:30+00:00,289.67620097095516,14.506580825441908,-2.403564072515818,234.536121752021,14.970416666666669,2024-12-29 04:22:30+00:00,339.99682279394443,113.78518564237883,-2.6935471536225526,330.96828046744577,297.22028980105756,30.0,-2.403564072515818,22
2024-12-25 04:37:30+00:00,290.1860174115716,14.616456167365524,-2.368719989648051,237.7086811352254,14.980833333333331,2024-12-29 04:37:30+00:00,339.2377290481863,113.64798899595706,-2.694792580945289,331.997774067891,297.5766329864022,30.0,-2.368719989648051,22
2024-12-25 04:52:30+00:00,290.68597173143576,14.726735388805531,-2.334092152703882,220.41386807469817,14.99125,2024-12-29 04:52:30+00:00,339.2377290481863,113.51079238013531,-2.696037918815175,333.43071786310514,298.5993553929785,30.0,-2.334092152703882,22
2024-12-25 05:07:30+00:00,291.1762503452696,14.837398459189226,-2.29968866194265,246.48111435726213,15.001666666666669,2024-12-29 05:07:30+00:00,338.46602939401055,113.37359579484624,-2.6972831671863675,328.0467445742905,298.2014607447612,30.0,-2.29968866194265,22
2024-12-25 05:22:30+00:00,291.6570370894391,14.94842604103486,-2.2655168631954776,285.2296199881158,15.012083333333331,2024-12-29 05:22:30+00:00,337.68331460037757,113.23639924012828,-2.6985283260135113,333.63939899833053,297.68341768021384,30.0,-2.2655168631954776,22
2024-12-25 05:37:30+00:00,292.1285131056243,15.0597994572354,-2.231583393105757,294.4128671001604,15.0225,2024-12-29 05:37:30+00:00,337.68331460037757,113.09920271587872,-2.69977339525176,335.30884808013354,297.92371942929685,30.0,-2.231583393105757,22
2024-12-25 05:52:30+00:00,292.59085679284357,15.17150068343322,-2.1978942195043243,307.508347245409,15.032916666666669,2024-12-29 05:52:30+00:00,336.8910249029418,112.9620062221464,-2.701018374855279,340.345019476906,298.09778677235084,30.0,-2.1978942195043243,22
2024-12-25 06:07:30+00:00,293.0442437223021,15.283512319026142,-2.1644546826237354,294.48114006435844,15.043333333333331,2024-12-29 06:07:30+00:00,336.0904641178526,112.82480975889716,-2.702263264778686,344.629938786867,298.751349835181,30.0,-2.1644546826237354,22
2024-12-25 06:22:30+00:00,293.48884659696574,15.395817571447395,-2.1312695326522815,270.4113154470049,15.05375,2024-12-29 06:22:30+00:00,336.0904641178526,112.68761332607168,-2.703508064977129,358.3830193179108,299.65652400625083,30.0,-2.1312695326522815,22
2024-12-25 06:37:30+00:00,293.9248352149806,15.50840023902956,-2.0983429658419217,300.93598620651903,15.064166666666669,2024-12-29 06:37:30+00:00,335.2828125994745,112.5504169237042,-2.704752775404752,361.0461880912632,299.4241865827788,30.0,-2.0983429658419217,22
2024-12-25 06:52:30+00:00,294.35237641869566,15.62124468448372,-2.0656786602211565,310.7729349713001,15.074583333333331,2024-12-29 06:52:30+00:00,335.2828125994745,112.4132205517604,-2.7059973960161843,359.6549805230941,299.6361885310109,30.0,-2.0656786602211565,22
2024-12-25 07:07:30+00:00,294.77163410386345,15.734335827032572,-2.0332798067012656,347.194771696904,15.085,2024-12-29 07:07:30+00:00,334.469139087209,112.27602421019556,-2.707241926766548,354.66253279274986,299.4639590706888,30.0,-2.0332798067012656,22
2024-12-25 07:22:30+00:00,295.182769176882,15.847659115260631,-2.001149141917365,347.1556678786119,15.095416666666669,2024-12-29 07:22:30+00:00,333.6504114992299,112.1388278990147,-2.708486367609975,356.37968041974716,299.83834369719744,30.0,-2.001149141917365,22
2024-12-25 07:37:30+00:00,295.5859395614118,15.96120051298638,-1.969288977096443,368.2582950751252,15.105833333333331,2024-12-29 07:37:30+00:00,333.6504114992299,112.00163161819796,-2.7097307185010844,343.1719532554257,299.93952122267507,30.0,-1.969288977096443,22
2024-12-25 07:52:30+00:00,295.9813002175633,16.074946487809342,-1.9377012249887444,372.694801413208,15.11625,2024-12-29 07:52:30+00:00,332.8275067385635,111.86443536770048,-2.7109749793949867,333.13856427378965,300.2482035100995,30.0,-1.9377012249887444,22
2024-12-25 08:07:30+00:00,296.36900310252446,16.188883981403045,-1.9063874290822784,369.71030148286354,15.126666666666669,2024-12-29 08:07:30+00:00,332.00121958079603,111.7272391475272,-2.712219150245821,364.60767946577624,300.6351566626128,30.0,-1.9063874290822784,22
2024-12-25 08:22:30+00:00,296.74919722628556,16.303000405037555,-1.8753487861703384,364.0970244525189,15.137083333333331,2024-12-29 08:22:30+00:00,332.00121958079603,111.59004295764367,-2.713463231008177,368.8925987757374,301.0453288161456,30.0,-1.8753487861703384,22
2024-12-25 08:37:30+00:00,297.12202866421285,16.417283622656704,-1.8445861703168815,355.76161071665626,15.1475,2024-12-29 08:37:30+00:00,331.17227071376266,111.45284679804864,-2.7147072216371644,340.90150250417366,301.4821322938325,30.0,-1.8445861703168815,22
2024-12-25 08:52:30+00:00,297.48764054045535,16.53172192594324,-1.81410015750144,324.45448296179904,15.157916666666669,2024-12-29 08:52:30+00:00,330.34131399864503,111.31565066870328,-2.7159511220868877,334.80801335559266,302.2281777241398,30.0,-1.81410015750144,22
2024-12-25 09:07:30+00:00,297.8461730994113,16.646304030553733,-1.78389104406233,291.0362415048703,15.168333333333331,2024-12-29 09:07:30+00:00,330.34131399864503,111.17845456958764,-2.7171949323119544,332.33961364178396,303.0860812342402,30.0,-1.78389104406233,22
2024-12-25 09:22:30+00:00,298.19776372319734,16.761019059188687,-1.7539588672761988,298.89415692821365,15.17875,2024-12-29 09:22:30+00:00,329.5089430195894,111.04125850070028,-2.7184386522674635,330.6510851419032,303.2560848138248,30.0,-1.7539588672761988,22
2024-12-25 09:37:30+00:00,298.542546930093,16.87585651993166,-1.724303426173574,311.08824785495204,15.189166666666669,2024-12-29 09:37:30+00:00,328.67569698570924,110.90406246201692,-2.7196822819074744,333.80634390651085,303.3604341206423,30.0,-1.724303426173574,22
2024-12-25 09:52:30+00:00,298.88065445361195,16.990806302389053,-1.6949242965764946,339.1528033103162,15.199583333333331,2024-12-29 09:52:30+00:00,328.67569698570924,110.7668664534738,-2.720925821186622,327.8797996661102,303.26115996426194,30.0,-1.6949242965764946,22
2024-12-25 10:07:30+00:00,299.21221527266704,17.105858663189117,-1.6658208481494867,395.3876616065536,15.21,2024-12-29 10:07:30+00:00,327.8420660455207,110.6296704751277,-2.722169270059964,331.0517529215359,302.93646312279094,30.0,-1.6658208481494867,22
2024-12-25 10:22:30+00:00,299.5373556067964,17.22100420448645,-1.6369922627370523,449.4223440129299,15.220416666666669,2024-12-29 10:22:30+00:00,327.0084960697328,110.49247452688148,-2.723412628481583,335.559265442404,302.7845727327479,30.0,-1.6369922627370523,22
2024-12-25 10:37:30+00:00,299.85619900667433,17.336233871352007,-1.6084375460845506,441.1335966448145,15.230833333333331,2024-12-29 10:37:30+00:00,327.0084960697328,110.35527860877312,-2.7246558964060563,338.20653470069163,303.1345995175724,30.0,-1.6084375460845506,22
2024-12-25 10:52:30+00:00,300.16886640097795,17.451538940622076,-1.5801555413746609,427.36689663495383,15.24125,2024-12-29 10:52:30+00:00,326.17539295407073,110.21808272074296,-2.7258990737884754,328.881469115192,303.5220617121536,30.0,-1.5801555413746609,22
2024-12-25 11:07:30+00:00,300.4754760730354,17.566910997726836,-1.5521449463364714,394.3355204410451,15.251666666666669,2024-12-29 11:07:30+00:00,326.17539295407073,110.08088686281012,-2.727142160582902,327.4207011686144,304.07613849276106,30.0,-1.5521449463364714,22
2024-12-25 11:22:30+00:00,300.77614376923356,17.682341936497316,-1.5244043215343666,388.7621100784773,15.262083333333331,2024-12-29 11:22:30+00:00,325.34312648959576,109.94369103491069,-2.7283851567438946,332.30383973288815,304.39451794634397,30.0,-1.5244043215343666,22
2024-12-25 11:37:30+00:00,301.07098273859503,17.797823947436815,-1.4969321021484476,390.8443897724277,15.2725,2024-12-29 11:37:30+00:00,324.5120338438865,109.80649523707218,-2.729628062226523,336.1157484696717,304.63633681571525,30.0,-1.4969321021484476,22
2024-12-25 11:52:30+00:00,301.36010375204387,17.913349503368,-1.4697266103548243,406.1879932045332,15.282916666666669,2024-12-29 11:52:30+00:00,324.5120338438865,109.66929946919728,-2.730870876984843,339.31552587646075,304.75829756195594,30.0,-1.4697266103548243,22
2024-12-25 12:07:30+00:00,301.6436151448077,18.028911348595393,-1.4427860656451523,397.35395619840705,15.293333333333331,2024-12-29 12:07:30+00:00,323.6824226925391,109.5321037313675,-2.7321136009734084,339.1366563319819,305.0841452921694,30.0,-1.4427860656451523,22
2024-12-25 12:22:30+00:00,301.92162289406,18.144502494047025,-1.416108592316621,377.19887756189394,15.30375,2024-12-29 12:22:30+00:00,322.85457403675883,109.39490802347927,-2.7333562341472786,342.4457429048414,305.51099640816267,30.0,-1.416108592316621,22
2024-12-25 12:37:30+00:00,302.194230672175,18.2601162086632,-1.389692227874437,337.20930232558135,15.314166666666669,2024-12-29 12:37:30+00:00,322.85457403675883,109.25771234556628,-2.734598776460505,345.7762938230384,306.1701129186083,30.0,-1.389692227874437,22
2024-12-25 12:52:30+00:00,302.4615398220886,18.375746000929656,-1.363534935772357,315.13222426482525,15.324583333333331,2024-12-29 12:52:30+00:00,322.0287447393861,109.12051669756428,-2.735841227867624,337.9382303839733,306.6740555787456,30.0,-1.363534935772357,22
2024-12-25 13:07:30+00:00,302.7236494756596,18.491385619500733,-1.3376346086472104,308.02112047210466,15.335,2024-12-29 13:07:30+00:00,321.2051698085228,108.9833210794716,-2.737083588323671,352.78797996661103,306.99054298496475,30.0,-1.3376346086472104,22
2024-12-25 13:22:30+00:00,302.9806565889546,18.60702904323316,-1.3119890762265365,312.3649662537433,15.345416666666669,2024-12-29 13:22:30+00:00,321.2051698085228,108.8461254912926,-2.738325857782703,,307.1459340214666,30.0,-1.3119890762265365,22
2024-12-25 13:37:30+00:00,303.2326559723473,18.72267047147379,-1.2865961130915,323.270008644183,15.355833333333331,2024-12-29 13:37:30+00:00,320.3840644550159,108.70892993297768,-2.739568036199232,,307.2165714704324,30.0,-1.2865961130915,22
2024-12-25 13:52:30+00:00,303.47974031494897,18.838304313586345,-1.2614534463469675,324.0801335559265,15.36625,2024-12-29 13:52:30+00:00,319.56562594739165,108.57173440449588,-2.740810123528309,367.1118530884808,307.41294937259534,30.0,-1.2614534463469675,22
2024-12-25 14:07:30+00:00,303.72200027228513,18.953925186121772,-1.2365587588198494,322.3554408863257,15.376666666666669,2024-12-29 14:07:30+00:00,319.56562594739165,108.43453890585153,-2.7420521197239474,356.76126878130214,307.6352921142815,30.0,-1.2365587588198494,22
2024-12-25 14:22:30+00:00,303.95952451139533,19.06952790548936,-1.2119096945237149,327.3622704507512,15.387083333333331,2024-12-29 14:22:30+00:00,318.7500352854181,108.29734343702404,-2.7432940247406763,327.21202003338897,307.77263647683316,30.0,-1.2119096945237149,22
2024-12-25 14:37:30+00:00,304.19239971765427,19.18510747747819,-1.18750386617356,326.8915935160752,15.3975,2024-12-29 14:37:30+00:00,317.93745871128226,108.16014799796775,-2.744535838533509,352.48747913188646,307.9706238503065,30.0,-1.18750386617356,22
2024-12-25 14:52:30+00:00,304.42071064750866,19.3006590909903,-1.1633388593873215,324.4469949916528,15.407916666666669,2024-12-29 14:52:30+00:00,317.93745871128226,108.0229525887016,-2.745777561056459,348.0801335559265,308.1867298618065,30.0,-1.1633388593873215,22
2024-12-25 15:07:30+00:00,304.64454019696416,19.41617811406622,-1.1394122355013905,328.5120870742576,15.418333333333331,2024-12-29 15:07:30+00:00,317.12804907539373,107.8857572091757,-2.7470191922640588,365.00834724540897,308.32379979302766,30.0,-1.1394122355013905,22
2024-12-25 15:22:30+00:00,304.86396944857773,19.531660087815805,-1.115721535403938,321.86456594323874,15.42875,2024-12-29 15:22:30+00:00,317.12804907539373,107.7485618593589,-2.7482607321112873,368.2387312186978,308.578243208357,30.0,-1.115721535403938,22
2024-12-25 15:37:30+00:00,305.079077671729,19.64710071715042,-1.09226428604861,322.24036397659097,15.439166666666669,2024-12-29 15:37:30+00:00,316.3219470720466,107.61136653927002,-2.7495021805521604,372.787979966611,308.7481080847936,30.0,-1.09226428604861,22
2024-12-25 15:52:30+00:00,305.2899423772952,19.762495865820664,-1.0690380031629223,302.2095649612098,15.449583333333331,2024-12-29 15:52:30+00:00,315.51928235857434,107.47417124885914,-2.750743537541193,377.2954924874791,309.15855412718554,30.0,-1.0690380031629223,22
2024-12-25 16:07:30+00:00,305.4966393819189,19.877841552674205,-1.0460401930089,303.9017598500795,15.46,2024-12-29 16:07:30+00:00,315.51928235857434,107.33697598809516,-2.75198480303336,392.93266555370064,309.30036497166225,30.0,-1.0460401930089,22
2024-12-25 16:22:30+00:00,305.6992428479063,19.993133945977867,-1.0232683554377884,298.4819056403994,15.470416666666669,2024-12-29 16:22:30+00:00,314.7201745701976,107.19978075698202,-2.753225976982682,399.2209237618253,309.5279252305022,30.0,-1.0232683554377884,22
2024-12-25 16:37:30+00:00,305.8978253002563,20.108369357105374,-1.000719988150327,295.93713099067554,15.480833333333331,2024-12-29 16:37:30+00:00,313.9247342414874,107.0625855554844,-2.754467059343616,401.8363939899833,309.714961832663,30.0,-1.000719988150327,22
2024-12-25 16:52:30+00:00,306.09245764726603,20.223544234232637,-0.9783925904863492,307.100068742021,15.49125,2024-12-29 16:52:30+00:00,313.9247342414874,106.92539038360016,-2.755708050071167,403.3945464663328,309.7280132235243,30.0,-0.9783925904863492,22
2024-12-25 17:07:30+00:00,306.28320926217003,20.338655159974092,-0.956283662978418,305.8857786232869,15.501666666666669,2024-12-29 17:07:30+00:00,313.13306364421226,106.78819524130418,-2.756948949119329,405.6761268781302,309.8902210331511,30.0,-0.956283662978418,22
2024-12-25 17:22:30+00:00,306.4701480059388,20.45369884601696,-0.9343907105034892,315.47131080984525,15.512083333333331,2024-12-29 17:22:30+00:00,312.3452575503227,106.65100012853188,-2.7581897564425537,405.56483027267666,309.92591555826,30.0,-0.9343907105034892,22
2024-12-25 17:37:30+00:00,306.6533402850336,20.568672129583945,-0.9127112429165506,313.67064432939463,15.5225,2024-12-29 17:37:30+00:00,312.3452575503227,106.51380504532472,-2.7594304719958305,403.61713967723983,310.08708677866474,30.0,-0.9127112429165506,22
2024-12-25 17:52:30+00:00,306.83285100110595,20.683571965354982,-0.8912427825620565,308.4479320267891,15.532916666666669,2024-12-29 17:52:30+00:00,311.5614039279044,106.37660999164292,-2.760671095733148,401.6138007790762,310.2821975779024,30.0,-0.8912427825620565,22
2024-12-25 18:07:30+00:00,307.0087436733805,20.798395424882276,-0.8699828602738819,300.20576930543155,15.543333333333331,2024-12-29 18:07:30+00:00,310.7815845771248,106.23941496745098,-2.761911627608929,401.85726210350583,310.5091123919889,30.0,-0.8699828602738819,22
2024-12-25 18:22:30+00:00,307.18108044701916,20.91313969158786,-0.8489290186390726,301.1790078145807,15.55375,2024-12-29 18:22:30+00:00,310.7815845771248,106.102219972732,-2.76315206757818,392.48747913188646,310.62662932841175,30.0,-0.8489290186390726,22
2024-12-25 18:37:30+00:00,307.3499221401122,21.02780205709567,-0.8280788125455546,307.7373049570807,15.564166666666669,2024-12-29 18:37:30+00:00,310.005875712466,105.96502500746072,-2.764392415594846,395.0333889816361,310.6794907026695,30.0,-0.8280788125455546,22
2024-12-25 18:52:30+00:00,307.5153282431913,21.142379916916177,-0.807429812678196,316.2641587240354,15.574583333333331,2024-12-29 18:52:30+00:00,310.005875712466,105.82783007160153,-2.7656326716134,395.6594323873122,310.713754436816,30.0,-0.807429812678196,22
2024-12-25 19:07:30+00:00,307.67735694730953,21.256870766535613,-0.7869796069871297,305.66836199868,15.585,2024-12-29 19:07:30+00:00,309.23434849689306,105.69063516518116,-2.7668728355887615,394.991652754591,310.9438795691882,30.0,-0.7869796069871297,22
2024-12-25 19:22:30+00:00,307.8360652115033,21.371272198695255,-0.7667257993829686,300.0409242381921,15.595416666666669,2024-12-29 19:22:30+00:00,308.46706953303203,105.55344028815966,-2.7681129074749027,393.58454567135703,311.1203101297759,30.0,-0.7667257993829686,22
2024-12-25 19:37:30+00:00,307.99150877843647,21.485581899856232,-0.7466660117025099,293.3228635340851,15.605833333333331,2024-12-29 19:37:30+00:00,308.46706953303203,105.41624544048688,-2.76935288722627,395.2587646076795,311.30646897685324,30.0,-0.7466660117025099,22
2024-12-25 19:52:30+00:00,308.1437422259501,21.599797647121996,-0.7267978831637035,296.98113456551437,15.61625,2024-12-29 19:52:30+00:00,307.7041013159162,105.27905062217486,-2.770592774797803,390.5954368391764,311.37394769376715,30.0,-0.7267978831637035,22
2024-12-25 20:07:30+00:00,308.2928189299017,21.71391730463099,-0.7071190755340754,292.157471755251,15.626666666666669,2024-12-29 20:07:30+00:00,306.9455026514065,105.14185583316907,-2.7718325701434527,393.9691151919867,311.5317486733986,30.0,-0.7071190755340754,22
2024-12-25 20:22:30+00:00,308.4387911376483,21.827938820743448,-0.6876272708929845,299.02651605489666,15.637083333333331,2024-12-29 20:22:30+00:00,306.9455026514065,105.00466107350655,-2.77307227321762,393.0300500834725,311.5597724657775,30.0,-0.6876272708929845,22
2024-12-25 20:37:30+00:00,308.58171000162326,21.94186022524904,-0.668320171866405,300.2252662734835,15.6475,2024-12-29 20:37:30+00:00,306.19132904398214,104.86746634308275,-2.7743118839752707,376.18252643294375,311.6468959056741,30.0,-0.668320171866405,22
2024-12-25 20:52:30+00:00,308.72162559746425,22.055679626401023,-0.6491955027838874,315.34264424447247,15.657916666666669,2024-12-29 20:52:30+00:00,305.4416330572385,104.73027164195972,-2.7755514023703314,375.95993322203674,311.59864841897735,30.0,-0.6491955027838874,22
2024-12-25 21:07:30+00:00,308.8585869739645,22.16939520810123,-0.6302510086162866,321.7088722167468,15.668333333333331,2024-12-29 21:07:30+00:00,305.4416330572385,104.59307697005782,-2.7767908283572007,374.2070116861436,311.63831003245383,30.0,-0.6302510086162866,22
2024-12-25 21:22:30+00:00,308.9926421092339,22.28300522816712,-0.6114844600327023,302.30539875148594,15.67875,2024-12-29 21:22:30+00:00,304.69646465010527,104.45588232738896,-2.7780301618908227,375.3478018920423,311.90786365413953,30.0,-0.6114844600327023,22
2024-12-25 21:37:30+00:00,309.123837984355,22.39650801490238,-0.592893650564167,359.6265092984431,15.689166666666669,2024-12-29 21:37:30+00:00,303.95587149151163,104.31868771391308,-2.7792694029250877,375.0695603784085,311.53835714972774,30.0,-0.592893650564167,22
2024-12-25 21:52:30+00:00,309.25222061208456,22.50990196482532,-0.574476396632308,305.711854387663,15.699583333333331,2024-12-29 21:52:30+00:00,303.95587149151163,104.1814931296088,-2.780508551414449,373.5601001669449,312.0501998318973,30.0,-0.574476396632308,22
2024-12-25 22:07:30+00:00,309.377835052517,22.62318554044844,-0.5562305383800956,304.58127887564547,15.71,2024-12-29 22:07:30+00:00,303.21989925596785,104.04429857447336,-2.7817476073137817,372.89927657206454,312.14372513126233,30.0,-0.5562305383800956,22
2024-12-25 22:22:30+00:00,309.5007254498917,22.736357267475103,-0.5381539389843482,293.84382531196616,15.720416666666669,2024-12-29 22:22:30+00:00,302.48859190230604,103.90710404846672,-2.7829865705770036,374.92487479131887,312.3237013328195,30.0,-0.5381539389843482,22
2024-12-25 22:37:30+00:00,309.62093502609525,22.84941573370556,-0.5202444867857413,295.8884963310944,15.730833333333331,2024-12-29 22:37:30+00:00,302.48859190230604,103.76990955156734,-2.7842254411585285,360.1836393989983,312.380767434569,30.0,-0.5202444867857413,22
2024-12-25 22:52:30+00:00,309.7385060903944,22.96235958714174,-0.5025000962753637,292.02550227390475,15.74125,2024-12-29 22:52:30+00:00,301.76199193761573,103.63271508374338,-2.7854642190132455,361.3522537562605,312.4906779841278,30.0,-0.5025000962753637,22
2024-12-25 23:07:30+00:00,309.8534801047661,23.07518753250581,-0.4849187052561626,291.2412159801219,15.751666666666669,2024-12-29 23:07:30+00:00,301.76199193761573,103.49552064501276,-2.7867029040950464,368.1850703553541,312.5688215164919,30.0,-0.4849187052561626,22
2024-12-25 23:22:30+00:00,309.9658976874058,23.187898329988325,-0.4674982760958605,299.3583683649456,15.762083333333331,2024-12-29 23:22:30+00:00,301.04014066823026,103.3583262353249,-2.78794149635833,373.2470784641068,312.5646146436986,30.0,-0.4674982760958605,22
2024-12-25 23:37:30+00:00,310.07579863303175,23.300490793361345,-0.4502367957681701,299.91191349065866,15.7725,2024-12-29 23:37:30+00:00,300.32307843945404,103.22113185469138,-2.7891799957579724,372.6925828762222,312.6268460594338,30.0,-0.4502367957681701,22
2024-12-25 23:52:30+00:00,310.18322196268196,23.412963786586772,-0.4331322738603864,300.0223043804451,15.782916666666669,2024-12-29 23:52:30+00:00,300.32307843945404,103.08393750304296,-2.7904184022478797,370.1168614357262,312.69051890308987,30.0,-0.4331322738603864,22
2024-12-26 00:07:30+00:00,310.2882058419678,23.525316227103684,-0.416182749340495,309.9619156928214,15.793333333333331,2024-12-30 00:07:30+00:00,299.61084486557394,102.94674318037244,-2.7916567157824193,369.4908180300501,312.6737062095323,30.0,-0.416182749340495,22
2024-12-26 00:22:30+00:00,310.39078770069244,23.63754707909248,-0.3993862837648205,342.0274100244593,15.80375,2024-12-30 00:22:30+00:00,298.90347905156625,102.8095488866625,-2.792894936316456,370.1168614357262,312.515171261835,30.0,-0.3993862837648205,22
2024-12-26 00:37:30+00:00,310.4910042200724,23.749655353270015,-0.3827409632994328,305.47775704605715,15.814166666666669,2024-12-30 00:37:30+00:00,298.90347905156625,102.67235462190168,-2.7941330638038906,377.8440257572143,312.82765405083654,30.0,-0.3827409632994328,22
2024-12-26 00:52:30+00:00,310.5888913508675,23.86164010544919,-0.3662448986253482,310.58993905505156,15.824583333333331,2024-12-30 00:52:30+00:00,298.2010198077905,102.53516038605392,-2.795371098199079,378.742348358375,312.84590521209935,30.0,-0.3662448986253482,22
2024-12-26 01:07:30+00:00,310.68448434071854,23.97350043434353,-0.3498962241722,307.46444073455757,15.835,2024-12-30 01:07:30+00:00,297.5035058588521,102.39796617910154,-2.796609039456874,368.1691708402894,312.9228936133718,30.0,-0.3498962241722,22
2024-12-26 01:22:30+00:00,310.777817741396,24.085235480649295,-0.333693098642401,312.406391605056,15.845416666666669,2024-12-30 01:22:30+00:00,297.5035058588521,102.26077200100416,-2.797846887531174,364.69115191986646,312.93997267235517,30.0,-0.333693098642401,22
2024-12-26 01:37:30+00:00,310.86892538280273,24.196844428544775,-0.3176337077420829,312.40613945415635,15.855833333333331,2024-12-30 01:37:30+00:00,296.8109760477173,102.12357785178364,-2.799084642376301,364.6702838063439,312.9902831342662,30.0,-0.3176337077420829,22
2024-12-26 01:52:30+00:00,310.95784045318,24.308326499941177,-0.3017162597191525,313.3297476267978,15.86625,2024-12-30 01:52:30+00:00,296.1234695360732,101.98638373142244,-2.800322303947138,370.76079179585025,313.0323126197214,30.0,-0.3017162597191525,22
2024-12-26 02:07:30+00:00,311.0445954917607,24.419680954595073,-0.2859389867418905,309.06234800783454,15.876666666666669,2024-12-30 02:07:30+00:00,296.1234695360732,101.8491896398363,-2.80155987219753,368.61435726210345,313.10656477825694,30.0,-0.2859389867418905,22
2024-12-26 02:22:30+00:00,311.129222404291,24.530907088968466,-0.2703001447089996,310.74748445853334,15.887083333333331,2024-12-30 02:22:30+00:00,295.44102600184016,101.71199557704703,-2.8027973470818166,374.2487479131886,313.1391339354457,30.0,-0.2703001447089996,22
2024-12-26 02:37:30+00:00,311.2117524864318,24.64200423424818,-0.2547980124897436,316.6288821187063,15.8975,2024-12-30 02:37:30+00:00,294.7636858346675,101.57480154302256,-2.8040347285548495,369.61602671118527,313.14425959678664,30.0,-0.2547980124897436,22
2024-12-26 02:52:30+00:00,311.292216435199,24.752971755307005,-0.2394308919226714,323.7808799360802,15.907916666666669,2024-12-30 02:52:30+00:00,294.7636858346675,101.43760753773664,-2.8052720165704708,367.4457429048414,313.14289700379106,30.0,-0.2394308919226714,22
2024-12-26 03:07:30+00:00,311.3706443103135,24.863809054203184,-0.2241971111629613,341.2283778285938,15.918333333333331,2024-12-30 03:07:30+00:00,294.0914903301672,101.30041356118198,-2.8065092110830157,366.48580968280464,313.0896023733335,30.0,-0.2241971111629613,22
2024-12-26 03:22:30+00:00,311.4470656192345,24.97451556282191,-0.2090950196718512,328.94506717545113,15.92875,2024-12-30 03:22:30+00:00,294.0914903301672,101.16321961332638,-2.807746312047327,365.7206455203116,313.1917778932515,30.0,-0.2090950196718512,22
2024-12-26 03:37:30+00:00,311.5215093055846,25.08509074384912,-0.1941229896717319,332.59514156246803,15.939166666666669,2024-12-30 03:37:30+00:00,293.4244818835727,101.02602569414368,-2.8089833194172145,363.7312186978297,313.2091067733053,30.0,-0.1941229896717319,22
2024-12-26 03:52:30+00:00,311.59400376235527,25.195534089869582,-0.179279415900898,324.0685695671648,15.949583333333331,2024-12-30 03:52:30+00:00,292.76270418344166,100.88883180364084,-2.810220233147037,365.8955401860243,313.28708371014466,30.0,-0.179279415900898,22
2024-12-26 04:07:30+00:00,311.66457684447516,25.30584512237317,-0.1645627153880946,318.95961492240633,15.96,2024-12-30 04:07:30+00:00,292.76270418344166,100.75163794175666,-2.811457053191595,364.83027267668336,313.3452798558981,30.0,-0.1645627153880946,22
2024-12-26 04:22:30+00:00,311.7332559120313,25.41602338735887,-0.1499713251422816,342.2712394673538,15.970416666666669,2024-12-30 04:22:30+00:00,292.1062024059546,100.61444410847938,-2.812693779504709,363.5434056761269,313.2627269151378,30.0,-0.1499713251422816,22
2024-12-26 04:37:30+00:00,311.80006774565146,25.526068464885455,-0.1355037084069422,336.68358829341423,15.980833333333331,2024-12-30 04:37:30+00:00,291.4550234103008,100.47725030378692,-2.813930412040714,366.27712854757925,313.31759552094667,30.0,-0.1355037084069422,22
2024-12-26 04:52:30+00:00,311.8650386494966,25.635979958288555,-0.1211583482754757,322.9406734801905,15.99125,2024-12-30 04:52:30+00:00,291.4550234103008,100.34005652767593,-2.815166950754405,363.41819699499166,313.4082778690321,30.0,-0.1211583482754757,22
2024-12-26 05:07:30+00:00,311.92819443881905,25.74575749575001,-0.1069337490442838,327.5414972090048,16.001666666666665,2024-12-30 05:07:30+00:00,290.80921593557366,100.20286278010572,-2.8164033955996,366.2532792749821,313.4114813844243,30.0,-0.1069337490442838,22
2024-12-26 05:22:30+00:00,311.9895604491565,25.855400729816196,-0.092828436085632,322.05051232175947,16.012083333333333,2024-12-30 05:22:30+00:00,290.16883079953794,100.06566906108324,-2.817639746530607,365.66499721758487,313.459257470153,30.0,-0.092828436085632,22
2024-12-26 05:37:30+00:00,312.0491615471606,25.964909336585993,-0.0788409555956866,318.48411425007953,16.0225,2024-12-30 05:37:30+00:00,290.16883079953794,99.9284753705177,-2.8188760035022074,364.9415692821369,313.4960491127127,30.0,-0.0788409555956866,22
2024-12-26 05:52:30+00:00,312.1070221516493,26.07428301341747,-0.0649698736289139,316.44044421862526,16.032916666666665,2024-12-30 05:52:30+00:00,289.53392109956235,99.79128170845566,-2.8201121664682307,365.38675570395105,313.5237820766233,30.0,-0.0649698736289139,22
2024-12-26 06:07:30+00:00,312.16316623189323,26.183521479917864,-0.051213776653392,305.5537006121313,16.043333333333333,2024-12-30 06:07:30+00:00,288.904542415945,99.6540880748748,-2.8213482353829655,363.82860322760155,313.58957676315003,30.0,-0.051213776653392,22
2024-12-26 06:22:30+00:00,312.21761728187397,26.292624481663964,-0.0375712736961553,303.9615381859609,16.05375,2024-12-30 06:22:30+00:00,288.904542415945,99.516894469699,-2.822584210201199,362.9620796565705,313.61050851916525,30.0,-0.0375712736961553,22
2024-12-26 06:37:30+00:00,312.2703983885456,26.40159178185577,-0.0240409921447509,318.7023768537706,16.064166666666665,2024-12-30 06:37:30+00:00,288.2807530177878,99.37970089294552,-2.8238200908767075,361.2270450751252,313.55981835112937,30.0,-0.0240409921447509,22
2024-12-26 06:52:30+00:00,312.3215322198541,26.51042316354889,-0.0106215789303254,319.8092800582034,16.074583333333333,2024-12-30 06:52:30+00:00,287.6626140715044,99.24250734457743,-2.8250558773637917,357.3455759599332,313.56762668151697,30.0,-0.0106215789303254,22
2024-12-26 07:07:30+00:00,312.37104103407535,26.61911842898659,0.0026882997335942,298.3454915130925,16.085,2024-12-30 07:07:30+00:00,287.6626140715044,99.105313824606,-2.8262915696172355,355.8430717863105,313.66517650477067,30.0,0.0026882997335942,22
2024-12-26 07:22:30+00:00,312.41894668859436,26.727677398832377,0.0158899585928975,299.31381699157384,16.095416666666665,2024-12-30 07:22:30+00:00,287.05018985196745,98.96812033293176,-2.827527167590811,350.4173622704508,313.667475614974,30.0,0.0158899585928975,22
2024-12-26 07:37:30+00:00,312.4652706637584,26.83609990946984,0.0289846946274172,291.3727808344647,16.105833333333333,2024-12-30 07:37:30+00:00,287.05018985196745,98.83092686963435,-2.828762671238779,351.3713331743382,313.70533164951416,30.0,0.0289846946274172,22
2024-12-26 07:52:30+00:00,312.5100340413755,26.944385816928808,0.0419737852814797,298.3527232888147,16.11625,2024-12-30 07:52:30+00:00,286.4435479562206,98.69373343460838,-2.8299980805159297,349.98330550918195,313.6796351545099,30.0,0.0419737852814797,22
2024-12-26 08:07:30+00:00,312.5532575065147,27.052534997025266,0.054858488274744,319.7936898722254,16.126666666666665,2024-12-30 08:07:30+00:00,285.842759519594,98.55654002787092,-2.83123339537603,350.7846410684474,313.60582033606715,30.0,0.054858488274744,22
2024-12-26 08:22:30+00:00,312.5949613938643,27.160547339266817,0.0676400444400379,325.32903676670423,16.137083333333333,2024-12-30 08:22:30+00:00,285.842759519594,98.41934664937042,-2.832468615773349,348.41402337228715,313.59169951206,30.0,0.0676400444400379,22
2024-12-26 08:37:30+00:00,312.6351656792568,27.268422748786985,0.0803196768647063,325.8309893921777,16.1475,2024-12-30 08:37:30+00:00,285.2478994339714,98.28215329913246,-2.833703741662618,346.4345337467207,313.59255893129216,30.0,0.0803196768647063,22
2024-12-26 08:52:30+00:00,312.6738899871266,27.37616114568494,0.0928985911306972,318.35229258065766,16.157916666666665,2024-12-30 08:52:30+00:00,284.6590465678568,98.1449599770867,-2.834938772997629,350.6558549964226,313.61512579140225,30.0,0.0928985911306972,22
2024-12-26 09:07:30+00:00,312.7111535983809,27.483762464651686,0.1053779755801521,316.77309133900206,16.168333333333333,2024-12-30 09:07:30+00:00,284.6590465678568,98.00776668325432,-2.836173709732609,348.66444073455756,313.6182900440656,30.0,0.1053779755801521,22
2024-12-26 09:22:30+00:00,312.7469754681585,27.591226652684135,0.1177590022706282,317.6266540212936,16.17875,2024-12-30 09:22:30+00:00,284.0762839877886,97.87057341757348,-2.8374085518223344,355.0918196994992,313.61303602436607,30.0,0.1177590022706282,22
2024-12-26 09:37:30+00:00,312.78137421983445,27.69855367075567,0.1300428263292004,319.43511559473313,16.189166666666665,2024-12-30 09:37:30+00:00,283.49969918053523,97.7333801800466,-2.8386432992205295,354.4031719532554,313.6041612874502,30.0,0.1300428263292004,22
2024-12-26 09:52:30+00:00,312.81436812251303,27.8057434984834,0.1422305842110409,317.8980471328182,16.199583333333333,2024-12-30 09:52:30+00:00,283.49969918053523,97.59618697062204,-2.839877951881451,350.4590984974958,313.60262686449227,30.0,0.1422305842110409,22
2024-12-26 10:07:30+00:00,312.8459751496276,27.912796124830596,0.1543233974297062,321.4384544928967,16.21,2024-12-30 10:07:30+00:00,282.9293842753907,97.45899378931053,-2.8411125097598338,348.1636060100167,313.5875180874664,30.0,0.1543233974297062,22
2024-12-26 10:22:30+00:00,312.87621296578726,28.019711550905228,0.1663223714680244,318.04946228209803,16.220416666666665,2024-12-30 10:22:30+00:00,282.36543626576236,97.32180063609997,-2.84234697280942,344.449081803005,313.5872677300678,30.0,0.1663223714680244,22
2024-12-26 10:37:30+00:00,312.9050989336438,28.126489789666365,0.1782285960340613,322.1361153154089,16.230833333333333,2024-12-30 10:37:30+00:00,282.36543626576236,97.184607510895,-2.843581340984439,344.9081803005008,313.5692791100321,30.0,0.1782285960340613,22
2024-12-26 10:52:30+00:00,312.9326501201649,28.233130865519392,0.1900431452972481,329.27359552742945,16.24125,2024-12-30 10:52:30+00:00,281.8079572291118,97.04741441376451,-2.8448156142396206,,313.54544727489787,30.0,0.1900431452972481,22
2024-12-26 11:07:30+00:00,312.95888330264074,28.33963481380696,0.2017670781061369,321.45404467887465,16.251666666666665,2024-12-30 11:07:30+00:00,281.25705454416976,96.91022134462358,-2.846049792528691,345.7762938230384,313.5487501475761,30.0,0.2017670781061369,22
2024-12-26 11:22:30+00:00,312.98381499999584,28.446001675702696,0.2134014399259486,252.33916993438675,16.262083333333333,2024-12-30 11:22:30+00:00,281.25705454416976,96.77302830347853,-2.847283875805875,342.63355592654426,313.6871061268189,30.0,0.2134014399259486,22
2024-12-26 11:37:30+00:00,313.0074614035438,28.552231512425735,0.2249472580003891,262.0203581845228,16.2725,2024-12-30 11:37:30+00:00,280.71284110419714,96.63583529028192,-2.8485178640258875,340.85380395897926,313.6384671953729,30.0,0.2249472580003891,22
2024-12-26 11:52:30+00:00,313.02983845008026,28.65832439159915,0.2364055461138123,258.97814186434755,16.282916666666665,2024-12-30 11:52:30+00:00,280.71284110419714,96.49864230506503,-2.8497517571424544,338.8504650608156,313.62147320188325,30.0,0.2364055461138123,22
2024-12-26 12:07:30+00:00,313.0509618134241,28.76428038979642,0.2477773038803484,239.38340814457305,16.293333333333333,2024-12-30 12:07:30+00:00,280.1754355249141,96.36144934773247,-2.850985555109778,343.07178631051755,313.6404772138105,30.0,0.2477773038803484,22
2024-12-26 12:22:30+00:00,313.0708469068742,28.87009959286069,0.2590635167382489,252.90600613425477,16.30375,2024-12-30 12:22:30+00:00,279.6449623455516,96.22425641830932,-2.8522192578825627,340.1780745687256,313.58105845464337,30.0,0.2590635167382489,22
2024-12-26 12:37:30+00:00,313.0895088881172,28.97578209545519,0.2702651561556016,271.12502679563215,16.314166666666665,2024-12-30 12:37:30+00:00,279.6449623455516,96.08706351672508,-2.853452865414532,338.8425153032832,313.52092068602883,30.0,0.2702651561556016,22
2024-12-26 12:52:30+00:00,313.106962664727,29.081328000880283,0.2813831798583017,271.0602942889311,16.324583333333333,2024-12-30 12:52:30+00:00,279.1215522213175,95.9498706430442,-2.85468637765989,339.7885364496383,313.49400978091563,30.0,0.2813831798583017,22
2024-12-26 13:07:30+00:00,313.1232229039044,29.186737419767383,0.2924185323538862,250.62782978115277,16.335,2024-12-30 13:07:30+00:00,278.6053421053936,95.81267779716084,-2.8559197945733175,341.5692821368948,313.4937933314738,30.0,0.2924185323538862,22
2024-12-26 13:22:30+00:00,313.13830404477557,29.29201046805754,0.3033721456331325,248.98862445160535,16.345416666666665,2024-12-30 13:22:30+00:00,278.6053421053936,95.67548497909172,-2.857153116108527,338.2860322760156,313.4630296931112,30.0,0.3033721456331325,22
2024-12-26 13:37:30+00:00,313.152220249102,29.397147278594822,0.3142449357358166,252.4323938080978,16.355833333333333,2024-12-30 13:37:30+00:00,278.09647541840417,95.5382921887994,-2.8583863422197138,338.6199220923762,313.42495181255,30.0,0.3142449357358166,22
2024-12-26 13:52:30+00:00,313.16498546990846,29.502147986961297,0.3250378072534421,279.46577629382307,16.36625,2024-12-30 13:52:30+00:00,277.5951022031135,95.40109942629437,-2.8596194728615525,341.68057874234836,313.36842760185067,30.0,0.3250378072534421,22
2024-12-26 14:07:30+00:00,313.1766134342117,29.607012735830743,0.3357516520537831,284.1363056073848,16.376666666666665,2024-12-30 14:07:30+00:00,277.5951022031135,95.26390669149134,-2.860852507987717,337.72954924874796,313.3345639355794,30.0,0.3357516520537831,22
2024-12-26 14:22:30+00:00,313.1871176477309,29.711741674831384,0.3463873494939912,276.20742742443633,16.387083333333333,2024-12-30 14:22:30+00:00,277.1013792619321,95.12671398441113,-2.862085447552428,331.5525876460768,313.3063010470608,30.0,0.3463873494939912,22
2024-12-26 14:37:30+00:00,313.19651139934393,29.816334960293645,0.3569457666172676,267.64762977054784,16.3975,2024-12-30 14:37:30+00:00,276.61547027462467,94.9895213050205,-2.863318291510344,332.491652754591,313.27487824338624,30.0,0.3569457666172676,22
2024-12-26 14:52:30+00:00,313.20480776510004,29.92079275488768,0.367427758331569,261.3110047225272,16.407916666666665,2024-12-30 14:52:30+00:00,276.61547027462467,94.85232865330684,-2.864551039815138,331.55258764607686,313.23942373230625,30.0,0.367427758331569,22
2024-12-26 15:07:30+00:00,313.21201961738814,30.025115226428568,0.3778341679158429,264.1224958263773,16.418333333333333,2024-12-30 15:07:30+00:00,276.13754589344,94.71513602923277,-2.8657836924209947,329.26305747674695,313.20116033898285,30.0,0.3778341679158429,22
2024-12-26 15:22:30+00:00,313.21815963454026,30.129302546278133,0.3881658275946364,260.33486231097135,16.42875,2024-12-30 15:22:30+00:00,275.6677838127059,94.577943432794,-2.867016249282568,333.4307178631052,313.1614386174848,30.0,0.3881658275946364,22
2024-12-26 15:37:30+00:00,313.2232402569241,30.2333549005228,0.3984235554910417,255.00559184401183,16.439166666666665,2024-12-30 15:37:30+00:00,275.6677838127059,94.4407508639197,-2.868248710353541,337.0617696160267,313.1187353978801,30.0,0.3984235554910417,22
2024-12-26 15:52:30+00:00,313.2272737482993,30.33727247605107,0.4086081596708854,256.44877384637823,16.449583333333333,2024-12-30 15:52:30+00:00,275.20636880977196,94.30355832265968,-2.869481075588064,341.56928213689486,313.07708080224666,30.0,0.4086081596708854,22
2024-12-26 16:07:30+00:00,313.2302721799446,30.441055465117586,0.4187204369969064,265.356824480931,16.46,2024-12-30 16:07:30+00:00,275.20636880977196,94.1663658089369,-2.870713344940802,342.2927100723428,313.0404564460064,30.0,0.4187204369969064,22
2024-12-26 16:22:30+00:00,313.23224743430274,30.54470406501365,0.4287611732954147,269.9645039467073,16.470416666666665,2024-12-30 16:22:30+00:00,274.7534927540303,94.02917332273866,-2.8719455183654103,343.13439065108514,313.0018258208355,30.0,0.4287611732954147,22
2024-12-26 16:37:30+00:00,313.2332112087787,30.648218477995417,0.4387311435417842,286.3977178793134,16.480833333333333,2024-12-30 16:37:30+00:00,274.3093545806133,93.89198086405656,-2.8731775958160504,345.8263772954925,312.974734678123,30.0,0.4387311435417842,22
2025-03-20 18:07:30+00:00,327.9153444172817,30.59057733750454,2.7992290087888345,333.6369944420399,,,,,,,327.7131953045751,30.0,2.7992290087888345,23
2025-03-20 18:22:30+00:00,327.91713397794666,30.48698712782431,2.792277839896487,348.09767251515166,,,,,,,327.75736751350024,30.0,2.792277839896487,23
2025-03-20 18:37:30+00:00,327.91994233690605,30.38326260599537,2.7852600455788004,362.49659126432505,,,,,,,327.79919938664705,30.0,2.7852600455788004,23
2025-03-20 18:52:30+00:00,327.9237812782481,30.279403571156298,2.7781747303249302,358.37940016759455,,,,,,,327.8347468085102,30.0,2.7781747303249302,23
2025-03-20 19:07:30+00:00,327.9286627992417,30.175409834196586,2.771020981978216,348.2923735942333,,,,,,,327.87114804940956,30.0,2.771020981978216,23
2025-03-20 19:22:30+00:00,327.9345990671215,30.071281206239835,2.7637978736054496,353.5461062555239,,,,,,,327.9115741410805,30.0,2.7637978736054496,23
2025-03-20 19:37:30+00:00,327.9416024431177,29.96701750379267,2.7565044622305015,350.79168405676126,,,,,,,327.9523399509568,30.0,2.7565044622305015,23
2025-03-20 19:52:30+00:00,327.94968548634114,29.862618548949143,2.749139788504042,351.73350933726755,,,,,,,327.9942904937772,30.0,2.749139788504042,23
2025-03-20 20:07:30+00:00,327.958860957613,29.75808416972557,2.741702876372369,344.45943238731223,,,,,,,328.0390648542715,30.0,2.741702876372369,23
2025-03-20 20:22:30+00:00,327.9691418235568,29.653414200163304,2.734192732720509,357.1275508932798,,,,,,,328.0799716547116,30.0,2.734192732720509,23
2025-03-20 20:37:30+00:00,327.98054126088897,29.548608480567243,2.726608347014446,350.474419390968,,,,,,,328.12762556584454,30.0,2.726608347014446,23
2025-03-20 20:52:30+00:00,327.9930726338595,29.443666851809404,2.718948692220584,350.5725688647746,,,,,,,328.17430103898056,30.0,2.718948692220584,23
2025-03-20 21:07:30+00:00,328.0067495710366,29.338589171842663,2.7112127209709,359.75949763989047,,,,,,,328.21670557315707,30.0,2.7112127209709,23
2025-03-20 21:22:30+00:00,328.02158592030037,29.233375304803474,2.703399367535814,344.6855870895938,,,,,,,328.2755831285391,30.0,2.703399367535814,23
2025-03-20 21:37:30+00:00,328.03759574592743,29.128025119728992,2.6955075477905024,347.77158359170045,,,,,,,328.32393384876156,30.0,2.6955075477905024,23
2025-03-20 21:52:30+00:00,328.05479334452974,29.022538493192997,2.6875361582816284,354.18576415237516,,,,,,,328.3699582300666,30.0,2.6875361582816284,23
2025-03-20 22:07:30+00:00,328.07319324982876,28.91691530957687,2.6794840758186167,358.66411656968734,,,,,,,328.4180539855093,30.0,2.6794840758186167,23
2025-03-20 22:22:30+00:00,328.09281023720996,28.811155461484617,2.671350157064139,370.2922807047279,,,,,,,328.4594585327814,30.0,2.671350157064139,23
2025-03-20 22:37:30+00:00,328.1136593291856,28.70525884991883,2.6631332380935677,358.08544543936864,,,,,,,328.52657897294745,30.0,2.6631332380935677,23
2025-03-20 22:52:30+00:00,328.13575578896723,28.599225382307303,2.654832134509426,359.7240035251886,,,,,,,328.580456790449,30.0,2.654832134509426,23
2025-03-20 23:07:30+00:00,328.15911513244055,28.493054974234436,2.6464456406820887,352.48760905010295,,,,,,,328.64734328281554,30.0,2.6464456406820887,23
2025-03-20 23:22:30+00:00,328.1837531884928,28.386747560807496,2.6379725265805716,376.0932303192659,,,,,,,328.67361781098924,30.0,2.6379725265805716,23
2025-03-20 23:37:30+00:00,328.20968602494906,28.280303080950624,2.6294115411939054,368.8053370403331,,,,,,,328.7421913782261,30.0,2.6294115411939054,23
2025-03-20 23:52:30+00:00,328.2369299834512,28.17372148377,2.62076141062692,378.4907400791202,,,,,,,328.78796730382805,30.0,2.62076141062692,23
2025-03-21 00:07:30+00:00,328.26550168529013,28.067002728777673,2.6120208375972367,372.6104111010506,,,,,,,328.8579432464207,30.0,2.6120208375972367,23
2025-03-21 00:22:30+00:00,328.29541803751687,27.96014678626243,2.603188500928955,417.9364648763199,,,,,,,328.85280642211194,30.0,2.603188500928955,23
2025-03-21 00:37:30+00:00,328.32669623862995,27.85315363780759,2.594263055043119,402.4495638113642,,,,,,,328.93589465620494,30.0,2.594263055043119,23
2025-03-21 00:52:30+00:00,328.35935377714895,27.746023275129065,2.585243129821321,396.3436602055355,,,,,,,329.0088053507638,30.0,2.585243129821321,23
2025-03-21 01:07:30+00:00,328.393408428722,27.638755698816396,2.5761273305244545,387.46562127071394,,,,,,,329.08935677950603,30.0,2.5761273305244545,23
2025-03-21 01:22:30+00:00,328.42887834609155,27.531350933758628,2.566914233056268,390.5355417474377,,,,,,,329.1507634073388,30.0,2.566914233056268,23
2025-03-21 01:37:30+00:00,328.4657819643705,27.42380901150482,2.5576023884604098,398.0816489288693,,,,,,,329.2048342444633,30.0,2.5576023884604098,23
2025-03-21 01:52:30+00:00,328.50413804328997,27.316129976918095,2.548190320576985,413.9803846854532,,,,,,,329.2445117344482,30.0,2.548190320576985,23
2025-03-21 02:07:30+00:00,328.54396567386374,27.20831388876636,2.538676525458911,426.5944133737033,,,,,,,329.291309901274,30.0,2.538676525458911,23
2025-03-21 02:22:30+00:00,328.5852842859475,27.10036082007202,2.5290594707477196,386.9926705237064,,,,,,,329.4409625134642,30.0,2.5290594707477196,23
2025-03-21 02:37:30+00:00,328.6281136556401,26.992270858622167,2.5193375950448007,384.2011435447659,,,,,,,329.52213797469415,30.0,2.5193375950448007,23
2025-03-21 02:52:30+00:00,328.67247389354253,26.88404410467501,2.5095093082602227,398.263116165141,,,,,,,329.56596549864605,30.0,2.5095093082602227,23
2025-03-21 03:07:30+00:00,328.71838548648674,26.775680676472096,2.499572989226302,398.4527032390272,,,,,,,329.6425100850016,30.0,2.499572989226302,23
2025-03-21 03:22:30+00:00,328.76586932939273,26.667180714573156,2.489526983785758,389.00135145878056,,,,,,,329.744299683771,30.0,2.489526983785758,23
2025-03-21 03:37:30+00:00,328.81494666760466,26.55854437249497,2.479369607476275,389.6529303224673,,,,,,,329.8235804030661,30.0,2.479369607476275,23
2025-03-21 03:52:30+00:00,328.8656391326059,26.44977182130784,2.469099143423486,378.72644884331027,,,,,,,329.9361717229743,30.0,2.469099143423486,23
2025-03-21 04:07:30+00:00,328.91796875083423,26.34086325023928,2.458713841620327,374.1878487492124,,,,,,,330.0347245647338,30.0,2.458713841620327,23
2025-03-21 04:22:30+00:00,328.9719579521068,26.2318188674344,2.448211918197952,370.7156855628947,,,,,,,330.13276509195276,30.0,2.448211918197952,23
2025-03-21 04:37:30+00:00,329.02762957909647,26.122638900491275,2.4375915546517217,376.368744655727,,,,,,,330.2041296573737,30.0,2.4375915546517217,23
2025-03-21 04:52:30+00:00,329.0850068511374,26.0133235911841,2.426850899448222,379.4513164986263,,,,,,,330.2848491941665,30.0,2.426850899448222,23
2025-03-21 05:07:30+00:00,329.14411351473956,25.903873214653835,2.4159880598598193,379.6894959885909,,,,,,,330.37612305276724,30.0,2.4159880598598193,23
2025-03-21 05:22:30+00:00,329.2049737181828,25.794288062552788,2.405001108198918,378.6763761623822,,,,,,,330.4733279809708,30.0,2.405001108198918,23
2025-03-21 05:37:30+00:00,329.26761205820986,25.684568448462255,2.3938880790826205,371.75684965137975,,,,,,,330.5932792716895,30.0,2.3938880790826205,23
2025-03-21 05:52:30+00:00,329.332053593068,25.574714709183485,2.38264696843809,363.8309612065307,,,,,,,330.7210812160826,30.0,2.38264696843809,23
2025-03-21 06:07:30+00:00,329.3983238533448,25.464727205404422,2.3712757326178124,365.29355165012294,,,,,,,330.8161751051825,30.0,2.3712757326178124,23
2025-03-21 06:22:30+00:00,329.4664488528455,25.354606322532224,2.359772287502295,378.703205908152,,,,,,,330.86730262829195,30.0,2.359772287502295,23
2025-03-21 06:37:30+00:00,329.53645506273705,25.244352467667692,2.348134509566429,373.44240400667775,,,,,,,330.99075937239735,30.0,2.348134509566429,23
2025-03-21 06:52:30+00:00,329.6083695272437,25.13396608161469,2.336360229379645,365.47275762634695,,,,,,,331.1288798879187,30.0,2.336360229379645,23
2025-03-21 07:07:30+00:00,329.6822197992871,25.023447631719993,2.3244472346959397,361.367379637203,,,,,,,331.2549306893646,30.0,2.3244472346959397,23
2025-03-21 07:22:30+00:00,329.7580339478162,24.912797612408152,2.312393269725152,363.73071585172073,,,,,,,331.3552670437602,30.0,2.312393269725152,23
2025-03-21 07:37:30+00:00,329.8358405837878,24.802016547455704,2.300196033417175,374.67688082287685,,,,,,,331.4201764672365,30.0,2.300196033417175,23
2025-03-21 07:52:30+00:00,329.9156688727088,24.691104991002096,2.2878531784358063,365.40255264149926,,,,,,,331.57488065012495,30.0,2.2878531784358063,23
2025-03-21 08:07:30+00:00,329.9975485475617,24.58006352874776,2.275362310120867,361.4256692881711,,,,,,,331.71010329571897,30.0,2.275362310120867,23
2025-03-21 08:22:30+00:00,330.0815098890725,24.46889277590265,2.2627209872221794,372.67134722253985,,,,,,,331.77645382036894,30.0,2.2627209872221794,23
2025-03-21 08:37:30+00:00,330.16758383857467,24.357593387158463,2.2499267154016893,374.1690696615571,,,,,,,331.88971314645624,30.0,2.2499267154016893,23
2025-03-21 08:52:30+00:00,330.25580193094993,24.246166050931965,2.236976950518713,362.09962340334664,,,,,,,332.0704754981957,30.0,2.236976950518713,23
2025-03-21 09:07:30+00:00,330.34619631507786,24.134611490884232,2.223869097163134,345.9124582637729,,,,,,,332.28261757628536,30.0,2.223869097163134,23
2025-03-21 09:22:30+00:00,330.4387997779939,24.02293046799547,2.210600506981296,340.0124238071204,,,,,,,332.44633319873145,30.0,2.210600506981296,23
2025-03-21 09:37:30+00:00,330.53364575990076,23.911123781999606,2.1971684774897846,340.21683350330966,,,,,,,332.5775032418777,30.0,2.1971684774897846,23
2025-03-21 09:52:30+00:00,330.63076836609747,23.799192272306172,2.183570251067371,345.06329446715654,,,,,,,332.6829640164784,30.0,2.183570251067371,23
2025-03-21 10:07:30+00:00,330.73020237855394,23.687136819047325,2.169803013948741,347.53659199440926,,,,,,,332.80461478414804,30.0,2.169803013948741,23
2025-03-21 10:22:30+00:00,330.831983323848,23.57495834843121,2.1558638920922917,337.6330342237062,,,,,,,333.0051862333974,30.0,2.1558638920922917,23
2025-03-21 10:37:30+00:00,330.93614742355817,23.462657829366243,2.141749953566406,334.73367070116865,,,,,,,333.16648745271976,30.0,2.141749953566406,23
2025-03-21 10:52:30+00:00,331.0427316352113,23.35023627664567,2.1274582059222,352.78718182362365,,,,,,,333.1953283810157,30.0,2.1274582059222,23
2025-03-21 11:07:30+00:00,331.1517736636525,23.237694752370544,2.1129855951981424,331.35225375626044,,,,,,,333.4824078040085,30.0,2.1129855951981424,23
2025-03-21 11:22:30+00:00,331.26331199213007,23.125034368101133,2.0983290038274016,315.412847612428,,,,,,,333.7525155565209,30.0,2.0983290038274016,23
2025-03-21 11:37:30+00:00,331.37738591075106,23.012256287176903,2.0834852486682527,279.33377334316884,,,,,,,334.2342052830728,30.0,2.0834852486682527,23
2025-03-21 11:52:30+00:00,331.49403550942736,22.899361725266797,2.068451081064344,312.3961466256991,,,,,,,334.08977427417716,30.0,2.068451081064344,23
2025-03-21 12:07:30+00:00,331.6133017075213,22.78635195258067,2.0532231848232683,291.02379935551505,,,,,,,334.4440138330236,30.0,2.0532231848232683,23
2025-03-21 12:22:30+00:00,331.7352262621119,22.67322829535471,2.0377981754214587,263.688508084161,,,,,,,334.90837711090796,30.0,2.0377981754214587,23
2025-03-21 12:37:30+00:00,331.8598518322553,22.559992139491797,2.022172596000119,259.82063128469935,,,,,,,335.13001198882654,30.0,2.022172596000119,23
2025-03-21 12:52:30+00:00,331.987221956464,22.44664493104193,2.0063429183370323,246.66402499626489,,,,,,,335.484284090395,30.0,2.0063429183370323,23
2025-03-21 13:07:30+00:00,332.11738108728855,22.33318817874443,1.9903055405583976,226.8587180184028,,,,,,,335.97685928851797,30.0,1.9903055405583976,23
2025-03-21 13:22:30+00:00,332.2503746039828,22.21962345620753,1.974056786113097,223.0293030537277,,,,,,,336.2342702195345,30.0,1.974056786113097,23
2025-03-21 13:37:30+00:00,332.3862488600429,22.105952404439872,1.957592900750804,226.12785251684065,,,,,,,336.37296160264515,30.0,1.957592900750804,23
2025-03-21 13:52:30+00:00,332.5250512005424,21.99217673423093,1.940910051239872,233.12394847443537,,,,,,,336.4478573862407,30.0,1.940910051239872,23
2025-03-21 14:07:30+00:00,332.66682997029426,21.878298228479675,1.9240043246371603,218.91912878052568,,,,,,,336.90357754098216,30.0,1.9240043246371603,23
2025-03-21 14:22:30+00:00,332.8116345460636,21.764318744719972,1.906871726186115,226.42406605042123,,,,,,,336.96544052236413,30.0,1.906871726186115,23
2025-03-21 14:37:30+00:00,332.9595153423198,21.650240217738435,1.8895081787730872,244.02298404317276,,,,,,,336.86713701572944,30.0,1.8895081787730872,23
2025-03-21 14:52:30+00:00,333.11052390239837,21.536064662488545,1.8719095173957827,236.60445749400753,,,,,,,337.19577425956544,30.0,1.8719095173957827,23
2025-03-21 15:07:30+00:00,333.2647128630457,21.42179417691988,1.854071491055138,231.7855340295842,,,,,,,337.49119849311285,30.0,1.854071491055138,23
2025-03-21 15:22:30+00:00,333.4221359975695,21.307430944884324,1.83598976009714,225.76148314635935,,,,,,,337.819248344064,30.0,1.83598976009714,23
2025-03-21 15:37:30+00:00,333.58284823736403,21.192977239446268,1.8176598948283005,216.64401910160345,,,,,,,338.22534571911575,30.0,1.8176598948283005,23
2025-03-21 15:52:30+00:00,333.7469057061508,21.078435425781404,1.7990773734240575,213.48031414224744,,,,,,,338.51947730111084,30.0,1.7990773734240575,23
2025-03-21 16:07:30+00:00,333.9143657887661,20.963807963996164,1.7802375777907429,219.0666614900804,,,,,,,338.62498961289504,30.0,1.7802375777907429,23
2025-03-21 16:22:30+00:00,334.0852871050315,20.849097413613645,1.7611357951156104,224.2063620950611,,,,,,,338.74635320966075,30.0,1.7611357951156104,23
2025-03-21 16:37:30+00:00,334.259729559277,20.73430643665416,1.741767214962319,236.2425748340257,,,,,,,338.7388117079742,30.0,1.741767214962319,23
2025-03-21 16:52:30+00:00,334.43775435537503,20.619437801843965,1.7221269284888454,229.89192513838856,,,,,,,339.09763091495995,30.0,1.7221269284888454,23
2025-03-21 17:07:30+00:00,334.6194240757237,20.50449438699321,1.7022099238284285,243.14232641256552,,,,,,,339.07934120583224,30.0,1.7022099238284285,23
2025-03-21 17:22:30+00:00,334.80480269272147,20.38947918376539,1.6820110855983683,242.73377439765864,,,,,,,339.3263385237744,30.0,1.6820110855983683,23
2025-03-21 17:37:30+00:00,334.99395558334794,20.274395302360777,1.661525194289582,238.79707769830452,,,,,,,339.6450683351449,30.0,1.661525194289582,23
2025-03-21 17:52:30+00:00,335.18694957086086,20.15924597570353,1.640746924081876,247.54710766075,,,,,,,339.7267815750606,30.0,1.640746924081876,23
2025-03-21 18:07:30+00:00,335.38385295010625,20.04403456418285,1.6196708417371288,258.0660547917805,,,,,,,339.78962232452704,30.0,1.6196708417371288,23
2025-03-21 18:22:30+00:00,335.5847355887657,19.928764557182443,1.5982914008869176,269.8723224152931,,,,,,,339.8465414716811,30.0,1.5982914008869176,23
2025-03-21 18:37:30+00:00,335.78966888934025,19.81343958173148,1.5766029449431742,269.42190472492916,,,,,,,340.10748284163293,30.0,1.5766029449431742,23
2025-03-21 18:52:30+00:00,335.9987258497533,19.698063406128696,1.5545997040574562,252.4950438230384,,,,,,,340.6581825128631,30.0,1.5545997040574562,23
2025-03-21 19:07:30+00:00,336.21198108211354,19.582639946313755,1.532275794765286,248.81779710369997,,,,,,,340.9932756002577,30.0,1.532275794765286,23
2025-03-21 19:22:30+00:00,336.42951092145137,19.4671732667959,1.509625214149562,250.9357359542168,,,,,,,341.22299940337575,30.0,1.509625214149562,23
2025-03-21 19:37:30+00:00,336.6513933979253,19.351667590653864,1.4866418425621144,246.98140311371668,,,,,,,341.5750369954065,30.0,1.4866418425621144,23
2025-03-21 19:52:30+00:00,336.8777082934907,19.236127304123112,1.4633194412550017,241.09832860214496,,,,,,,341.976222281281,30.0,1.4633194412550017,23
2025-03-21 20:07:30+00:00,337.1085371686735,19.12055696379035,1.4396516520046412,240.093955041348,,,,,,,342.2833506263436,30.0,1.4396516520046412,23
2025-03-21 20:22:30+00:00,337.3439634627734,19.00496129798314,1.415631992282467,238.82216144936763,,,,,,,342.6016101697014,30.0,1.415631992282467,23
2025-03-21 20:37:30+00:00,337.58407247744833,18.889345218086177,1.3912538578667597,229.6540746204915,,,,,,,343.1091040063729,30.0,1.3912538578667597,23
2025-03-21 20:52:30+00:00,337.82895143233196,18.77371382423257,1.3665105211356212,235.6885340678043,,,,,,,343.26855081420285,30.0,1.3665105211356212,23
2025-03-21 21:07:30+00:00,338.07868951661635,18.658072411298612,1.3413951297776063,226.52094576231704,,,,,,,343.79673711377205,30.0,1.3413951297776063,23
2025-03-21 21:22:30+00:00,338.33337794501426,18.542426475062957,1.3159007054275973,237.56325393165,,,,,,,343.84123486279873,30.0,1.3159007054275973,23
2025-03-21 21:37:30+00:00,338.5931099769776,18.42678172214129,1.2900201448240047,240.3929029001825,,,,,,,344.09107236461665,30.0,1.2900201448240047,23
2025-03-21 21:52:30+00:00,338.8579809750223,18.311144076211253,1.2637462187417878,215.78766166698065,,,,,,,345.0440485346126,30.0,1.2637462187417878,23
2025-03-21 22:07:30+00:00,339.12808845582475,18.1955196854188,1.2370715716030127,218.6434755600419,,,,,,,345.29374902079064,30.0,1.2370715716030127,23
2025-03-21 22:22:30+00:00,339.403532122232,18.079914932278275,1.2099887225995778,207.4741949942511,,,,,,,345.9647510434519,30.0,1.2099887225995778,23
2025-03-21 22:37:30+00:00,339.6844139201895,17.964336440784013,1.1824900654669794,207.25239740653024,,,,,,,346.3163409365838,30.0,1.1824900654669794,23
2025-03-21 22:52:30+00:00,339.9708380789982,17.848791086136583,1.154567869684291,210.58443709684752,,,,,,,346.56049004074754,30.0,1.154567869684291,23
2025-03-21 23:07:30+00:00,340.26291116142164,17.733286003349654,1.1262142813247402,219.6800869666498,,,,,,,346.639770096379,30.0,1.1262142813247402,23
2025-03-21 23:22:30+00:00,340.5607421038815,17.617828597648575,1.0974213249240874,215.9708463522213,,,,,,,347.1081733007427,30.0,1.0974213249240874,23
2025-03-21 23:37:30+00:00,340.86444227067915,17.502426552985376,1.068180904828921,229.92196296152505,,,,,,,347.0719104393244,30.0,1.068180904828921,23
2025-03-21 23:52:30+00:00,341.17412549352497,17.387087843276028,1.0384848078710809,240.79042242908088,,,,,,,347.1561119374131,30.0,1.0384848078710809,23
2025-03-22 00:07:30+00:00,341.489908110215,17.27182074400938,1.0083247065793008,255.8895175487031,,,,,,,347.170362140431,30.0,1.0083247065793008,23
2025-03-22 00:22:30+00:00,341.8119090298232,17.15663383954456,0.9776921610993256,266.59160616531426,,,,,,,347.3136692033516,30.0,0.9776921610993256,23
2025-03-22 00:37:30+00:00,342.14024975245883,17.04153603875278,0.9465786245934724,278.12425471023136,,,,,,,347.4611353666006,30.0,0.9465786245934724,23
2025-03-22 00:52:30+00:00,342.4750544221418,16.92653658463802,0.914975447009379,298.79702416649104,,,,,,,347.47175873390154,30.0,0.914975447009379,23
2025-03-22 01:07:30+00:00,342.8164498771785,16.811645064846417,0.8828738795959709,259.0706193169846,,,,,,,348.63000407308533,30.0,0.8828738795959709,23
2025-03-22 01:22:30+00:00,343.16456566594525,16.696871428828246,0.8502650822785005,150.8611439778271,,,,,,,353.2349409160339,30.0,0.8502650822785005,23
2025-03-22 01:37:30+00:00,343.51953410882567,16.582225995686024,0.8171401286898835,169.39105629122977,,,,,,,352.56558983182043,30.0,0.8171401286898835,23
2025-03-22 01:52:30+00:00,343.8814903261153,16.46771946936975,0.7834900141106423,165.86479083261747,,,,,,,353.19870386388834,30.0,0.7834900141106423,23
2025-03-22 02:07:30+00:00,344.2505722529459,16.35336295645025,0.7493056650272163,171.1765563965833,,,,,,,353.3549573167427,30.0,0.7493056650272163,23
2025-03-22 02:22:30+00:00,344.6269207054855,16.23916797199374,0.7145779460983123,176.852034944973,,,,,,,353.512871301854,30.0,0.7145779460983123,23
2025-03-22 02:37:30+00:00,345.0106793816453,16.125146460767468,0.6792976722906461,176.52527675575797,,,,,,,353.9868431683913,30.0,0.6792976722906461,23
2025-03-22 02:52:30+00:00,345.40199487686107,16.011310814200097,0.6434556209214567,178.0015235748902,,,,,,,354.3767490809279,30.0,0.6434556209214567,23
2025-03-22 03:07:30+00:00,345.801016745005,15.897673875332206,0.607042541666475,173.30242961570255,,,,,,,355.094004491309,30.0,0.607042541666475,23
2025-03-22 03:22:30+00:00,346.207897469767,15.784248966632944,0.570049173515887,174.858420992917,,,,,,,355.49226915957684,30.0,0.570049173515887,23
2025-03-22 03:37:30+00:00,346.6227924888024,15.67104990231797,0.5324662593178281,186.35728808714913,,,,,,,355.40365648151123,30.0,0.5324662593178281,23
2025-03-22 03:52:30+00:00,347.04586022009295,15.558090999192824,0.4942845612948101,186.6022659124431,,,,,,,355.88432739102035,30.0,0.4942845612948101,23
2025-03-22 04:07:30+00:00,347.477262022203,15.44538710551716,0.4554948821820141,190.08334253587367,,,,,,,356.22157836979505,30.0,0.4554948821820141,23
2025-03-22 04:22:30+00:00,347.91716221329983,15.332953609527998,0.4160880837143081,190.75092792194113,,,,,,,356.69818832102106,30.0,0.4160880837143081,23
2025-03-22 04:37:30+00:00,348.36572805430524,15.22080645849628,0.3760551088555349,192.01711590514935,,,,,,,357.1555495656836,30.0,0.3760551088555349,23
2025-03-22 04:52:30+00:00,348.8231296963135,15.108962186887496,0.3353870078289053,199.89578389429695,,,,,,,357.33040709609514,30.0,0.3353870078289053,23
2025-03-22 05:07:30+00:00,349.289540187494,14.99743791990008,0.2940749616502731,210.16227045075124,,,,,,,357.44183624361807,30.0,0.2940749616502731,23
2025-03-22 05:22:30+00:00,349.76513540114763,14.886251404365844,0.2521103125182465,229.1269763331042,,,,,,,357.29808795249716,30.0,0.2521103125182465,23
2025-03-22 05:37:30+00:00,350.25009397449463,14.775421030564488,0.2094845951055367,236.35052503679705,,,,,,,357.6063694107723,30.0,0.2094845951055367,23
2025-03-22 05:52:30+00:00,350.7445972783131,14.664965836427342,0.1661895674969202,228.83965184692937,,,,,,,358.39743900589,30.0,0.1661895674969202,23
2025-03-22 06:07:30+00:00,351.248829292864,14.55490554809438,0.1222172502024359,227.6386570209609,,,,,,,358.99726111015406,30.0,0.1222172502024359,23
2025-03-22 06:22:30+00:00,351.7629765377163,14.445260587912578,0.0775599634072498,235.33339880192477,,,,,,,359.3112640628109,30.0,0.0775599634072498,23
2025-03-22 06:37:30+00:00,352.2872279639522,14.336052094593972,0.0322103686688508,242.36079740744375,,,,,,,359.66810753762934,30.0,0.0322103686688508,23
2025-03-22 06:52:30+00:00,352.82177480008073,14.22730195913616,-0.013838484274975,214.36900041736223,,,,,,,1.224366645540897,30.0,-0.013838484274975,23
2025-03-22 07:07:30+00:00,353.36681044395795,14.11903282264031,-0.0605931117541905,199.7999259466166,,,,,,,2.4439891843130113,30.0,-0.0605931117541905,23
2025-03-22 07:22:30+00:00,353.92253026735176,14.011268117918524,-0.1080595424135555,195.0026743601796,,,,,,,3.286127278989852,30.0,-0.1080595424135555,23
2025-03-22 07:37:30+00:00,354.489131436166,13.904032084751048,-0.1562432623761253,199.6634811299673,,,,,,,3.69548651191775,30.0,-0.1562432623761253,23
2025-03-22 07:52:30+00:00,355.06681271623006,13.797349780183923,-0.2051491572366561,196.06269348590695,,,,,,,4.504386370969485,30.0,-0.2051491572366561,23
2025-03-22 08:07:30+00:00,355.6557742121428,13.6912471224452,-0.2547814473455003,181.3706437813022,,,,,,,5.924652810782845,30.0,-0.2547814473455003,23
2025-03-22 08:22:30+00:00,356.25621713193084,13.58575088526514,-0.3051436225810115,193.80845097816749,,,,,,,5.928245729149694,30.0,-0.3051436225810115,23
2025-03-22 08:37:30+00:00,356.86834348447275,13.48088873769851,-0.356238370404737,180.30050083472457,,,,,,,7.331410507833425,30.0,-0.356238370404737,23
2025-03-22 08:52:30+00:00,357.4923557603738,13.37668925992763,-0.4080675005957083,175.9157610284326,,,,,,,8.283861196700741,30.0,-0.4080675005957083,23
2025-03-22 09:07:30+00:00,358.12845659196694,13.273181949114598,-0.4606318664282669,173.68791736227047,,,,,,,9.12643815186425,30.0,-0.4606318664282669,23
2025-03-22 09:22:30+00:00,358.7768483582076,13.170397264342428,-0.5139312800801521,204.7781901875294,,,,,,,8.162391842728425,30.0,-0.5139312800801521,23
2025-03-22 09:37:30+00:00,359.4377327703569,13.068366611882752,-0.5679644247776496,200.19968556007584,,,,,,,9.096122535156724,30.0,-0.5679644247776496,23
2025-03-22 10:07:30+00:00,0.7977802563297343,12.866697983320112,-0.6782204357746958,194.70703599850884,,,,,,,10.846915403164914,30.0,-0.6782204357746958,23
2025-03-22 10:22:30+00:00,1.4973390923477683,12.767127787137646,-0.7344341687368063,195.1621634763441,,,,,,,11.581303539278816,30.0,-0.7344341687368063,23
2025-03-22 10:37:30+00:00,2.2101809872091267,12.668447224692043,-0.7913631603633146,198.6546204458411,,,,,,,12.17359243780025,30.0,-0.7913631603633146,23
2025-03-22 10:52:30+00:00,2.9364966228203495,12.57069273146382,-0.8489989752599407,206.67184728816773,,,,,,,12.567423091461464,30.0,-0.8489989752599407,23
2025-03-22 11:07:30+00:00,3.6764726510958536,12.473901796243403,-0.9073314324705494,202.98989128863064,,,,,,,13.536544780045398,30.0,-0.9073314324705494,23
2025-03-22 11:22:30+00:00,4.430290946042348,12.378112937835686,-0.9663484878467244,209.7030206594324,,,,,,,14.026882022336745,30.0,-0.9663484878467244,23
2025-03-22 11:37:30+00:00,5.198127853542287,12.283365724172818,-1.026036116722742,214.0713564523707,,,,,,,14.649435962884361,30.0,-1.026036116722742,23
2025-03-22 11:52:30+00:00,5.980153356392302,12.189700764131649,-1.0863781919986977,215.7686123088583,,,,,,,15.406691079711296,30.0,-1.0863781919986977,23
2025-03-22 12:07:30+00:00,6.776530209272132,12.097159705209434,-1.147356361951113,216.97823117580683,,,,,,,16.1992230671627,30.0,-1.147356361951113,23
2025-03-22 12:22:30+00:00,7.587413002878718,12.00578522133156,-1.208949925802543,159.8247403259648,,,,,,,20.444961008077406,30.0,-1.208949925802543,23
2025-03-22 12:37:30+00:00,8.412947202664489,11.9156210077568,-1.2711357108681138,151.6371946772128,,,,,,,22.032634005916012,30.0,-1.2711357108681138,23
2025-03-22 12:52:30+00:00,9.25326809275662,11.826711752395749,-1.3338879477114949,156.47438287112823,,,,,,,22.51681048189151,30.0,-1.3338879477114949,23
2025-03-22 13:07:30+00:00,10.108499753991012,11.739103133750987,-1.397178152571802,168.3333932287668,,,,,,,22.49706715009482,30.0,-1.397178152571802,23
2025-03-22 13:22:30+00:00,10.97875384232042,11.652841764920582,-1.460975003335253,203.78819067377668,,,,,,,21.26031481039616,30.0,-1.460975003335253,23
2025-03-22 13:37:30+00:00,11.86412853571622,11.567975194931073,-1.5252442335295375,200.6423961963897,,,,,,,22.355194131328652,30.0,-1.5252442335295375,23
2025-03-22 13:52:30+00:00,12.764707186799187,11.484551837052244,-1.5899485164853342,194.7692756535974,,,,,,,23.621037321061138,30.0,-1.5899485164853342,23
2025-03-22 14:07:30+00:00,13.680557190850736,11.402620952513644,-1.6550473729963588,181.09348914858097,,,,,,,25.40840086732016,30.0,-1.6550473729963588,23
2025-03-22 14:22:30+00:00,14.611728581711802,11.322232576967544,-1.7204970735450855,209.47021076794655,,,,,,,24.794639760287286,30.0,-1.7204970735450855,23
2025-03-22 14:37:30+00:00,15.558252800099444,11.243437476595888,-1.7862505641426352,214.08107363405028,,,,,,,25.563878147286786,30.0,-1.7862505641426352,23
2025-03-22 14:52:30+00:00,16.520141286744714,11.166287074917475,-1.8522573959840969,229.7408781172252,,,,,,,25.882104531049457,30.0,-1.8522573959840969,23
2025-03-22 15:07:30+00:00,17.49738414714082,11.090833379795525,-1.918463675626128,246.99955655258765,,,,,,,26.240082156123016,30.0,-1.918463675626128,23
2025-03-22 15:22:30+00:00,18.489948807547893,11.017128908279362,-1.984812032314473,274.0161477706509,,,,,,,26.401379067350938,30.0,-1.984812032314473,23
2025-03-22 15:37:30+00:00,19.497778578225898,10.945226585857093,-2.0512415993128568,252.18305018167536,,,,,,,28.12671278499432,30.0,-2.0512415993128568,23
2025-03-22 15:52:30+00:00,20.520791426797015,10.87517966429663,-2.117688028376583,261.4006482919002,,,,,,,28.876051365763075,30.0,-2.117688028376583,23
2025-03-22 16:07:30+00:00,21.558878487527146,10.807041598484608,-2.1840835115742943,290.33924465303807,,,,,,,29.10815688774446,30.0,-2.1840835115742943,23
2025-03-22 16:22:30+00:00,22.611902994067773,10.740865951070823,-2.2503568511011043,278.11595377408946,,,,,,,30.520147999213656,30.0,-2.2503568511011043,23
2025-03-22 16:37:30+00:00,23.67969878803163,10.67670625224003,-2.3164335305081036,286.6529517700104,,,,,,,31.377984047428676,30.0,-2.3164335305081036,23
2025-03-22 16:52:30+00:00,24.76206946676735,10.614615886113093,-2.3822358476984644,289.13431771398933,,,,,,,32.41881177965585,30.0,-2.3822358476984644,23
2025-03-22 17:07:30+00:00,25.8587869621976,10.554647939527598,-2.4476830440832646,270.5091009287323,,,,,,,34.06803148012904,30.0,-2.4476830440832646,23
2025-03-22 17:22:30+00:00,26.969590939470883,10.496855066455428,-2.5126915057291113,267.94012911361574,,,,,,,35.282176871698674,30.0,-2.5126915057291113,23
2025-03-22 17:37:30+00:00,28.09418754830948,10.441289330985796,-2.5771749584102293,266.414841857051,,,,,,,36.47818367072992,30.0,-2.5771749584102293,23
2025-03-22 17:52:30+00:00,29.232249105166957,10.388002049054666,-2.6410447392621177,238.49652333176655,,,,,,,38.62318873667908,30.0,-2.6410447392621177,23
2025-03-22 18:07:30+00:00,30.383413122257384,10.337043629733234,-2.704210062726265,231.20795868357595,,,,,,,40.095561265966495,30.0,-2.704210062726265,23
2025-03-22 18:22:30+00:00,31.5472823018376,10.288463396076304,-2.766578361741746,209.4056500417362,,,,,,,42.29710614526429,30.0,-2.766578361741746,23
2025-03-22 18:37:30+00:00,32.7234239343326,10.242309428289207,-2.828055625077161,176.63357057083442,,,,,,,45.497579288409405,30.0,-2.828055625077161,23
2025-03-22 18:52:30+00:00,33.91137025767797,10.198628368033244,-2.888546804518221,196.77455954098255,,,,,,,45.40336947672673,30.0,-2.888546804518221,23
2025-03-22 19:07:30+00:00,35.110618299390055,10.157465266382475,-2.947956218910578,292.7276334875065,,,,,,,42.85171850906016,30.0,-2.947956218910578,23
2025-03-22 19:22:30+00:00,36.32063063340831,10.11886337802257,-3.0061880185658,226.64764899427848,,,,,,,46.338128378252,30.0,-3.0061880185658,23
2025-03-22 19:37:30+00:00,37.540835725716235,10.082864017493366,-3.0631466461262384,211.43005332512115,,,,,,,48.29878349033727,30.0,-3.0631466461262384,23
2025-03-22 19:52:30+00:00,38.77062912933037,10.049506349822398,-3.118737345442336,154.80169214062272,,,,,,,53.4885751116209,30.0,-3.118737345442336,23
2025-03-22 20:07:30+00:00,40.00937435727786,10.01882725984462,-3.172866663386676,161.0836478436824,,,,,,,54.175098507381264,30.0,-3.172866663386676,23
2025-03-22 20:22:30+00:00,41.256404533506235,9.990861146298322,-3.225442985458216,147.98061494075887,,,,,,,56.69802352361819,30.0,-3.225442985458216,23
2025-03-22 20:37:30+00:00,42.5110238060216,9.965639809003566,-3.276377058516789,141.54659059597714,,,,,,,58.674892973542256,30.0,-3.276377058516789,23
2025-03-22 20:52:30+00:00,43.772509441214794,9.943192253541689,-3.3255825309740796,190.05656676985916,,,,,,,55.824206153968035,30.0,-3.3255825309740796,23
2025-03-22 21:07:30+00:00,45.040113751996074,9.92354460266012,-3.3729764723600897,211.90829860791607,,,,,,,55.85964226544453,30.0,-3.3729764723600897,23
2025-03-22 21:22:30+00:00,46.31306661271744,9.906719916397403,-3.4184798937445477,221.79684587581244,,,,,,,56.65888223109153,30.0,-3.4184798937445477,23
2025-03-22 21:37:30+00:00,47.59057784518708,9.89273813423852,-3.4620182378937328,218.21853627012763,,,,,,,58.11335946837339,30.0,-3.4620182378937328,23
2025-03-22 21:52:30+00:00,48.871840086935265,9.88161591757462,-3.5035218539502195,240.5293963835308,,,,,,,58.423837490271275,30.0,-3.5035218539502195,23
2025-03-22 22:07:30+00:00,50.15603157450156,9.873366620129726,-3.542926432696264,268.4128720280928,,,,,,,58.719250726151635,30.0,-3.542926432696264,23
2025-03-22 22:22:30+00:00,51.44231924705437,9.868000176620011,-3.5801734099368616,343.25241522756505,,,,,,,58.140279688444295,30.0,-3.5801734099368616,23
2025-03-22 22:37:30+00:00,52.72986187111196,9.865523065934632,-3.615210324213488,370.6757929883138,,,,,,,58.93305622638963,30.0,-3.615210324213488,23
2025-03-22 22:52:30+00:00,54.01781322603013,9.865938297533445,-3.647991126480899,385.1574933579312,,,,,,,59.987647921088175,30.0,-3.647991126480899,23
2025-03-22 23:07:30+00:00,55.3053254296164,9.86924536778562,-3.678476440135976,374.9071982716292,,,,,,,61.43737332664009,30.0,-3.678476440135976,23
2025-03-22 23:22:30+00:00,56.59155218077115,9.875440265414156,-3.706633763498729,383.967181074148,,,,,,,62.57706747366019,30.0,-3.706633763498729,23
2025-03-22 23:37:30+00:00,57.87565208323997,9.884515516940825,-3.732437616845908,422.2233133654129,,,,,,,63.31638678525235,30.0,-3.732437616845908,23
2025-03-22 23:52:30+00:00,59.15679182182706,9.896460198319428,-3.7558696283938513,374.6513340038781,,,,,,,65.28473194139725,30.0,-3.7558696283938513,23
2025-03-23 00:07:30+00:00,60.434149339730595,9.911260001630936,-3.776918562392527,349.15953570292334,,,,,,,67.00464378733466,30.0,-3.776918562392527,23
2025-03-23 00:22:30+00:00,61.706916864218634,9.928897310986748,-3.795580287388122,365.68948247078464,,,,,,,67.97490297035915,30.0,-3.795580287388122,23
2025-03-23 00:37:30+00:00,62.97430381675282,9.94935128486406,-3.8118576872491383,388.2199076733827,,,,,,,68.87250916178141,30.0,-3.8118576872491383,23
2025-03-23 00:52:30+00:00,64.23553954265799,9.972597966889348,-3.825760516666884,479.8641599177704,,,,,,,69.00177577185438,30.0,-3.825760516666884,23
2025-03-23 01:07:30+00:00,65.48987588218786,9.998610398080393,-3.837305204805189,501.17983754436665,,,,,,,70.04747204176306,30.0,-3.837305204805189,23
2025-03-23 01:22:30+00:00,66.73658949895831,10.02735875122371,-3.846514610265885,487.30016694490814,,,,,,,71.41726143745845,30.0,-3.846514610265885,23
2025-03-23 01:37:30+00:00,67.974984037688,10.058810469444436,-3.8534177326515735,412.5267602867525,,,,,,,73.4953541662158,30.0,-3.8534177326515735,23
2025-03-23 01:52:30+00:00,69.20439199178266,10.09293041925062,-3.858049384846912,469.9936401939741,,,,,,,74.04148697282118,30.0,-3.858049384846912,23
2025-03-23 02:07:30+00:00,70.42417639376464,10.129681048802489,-3.860449832125862,486.60179797570567,,,,,,,75.08755194052108,30.0,-3.860449832125862,23
2025-03-23 02:22:30+00:00,71.63373218122057,10.16902255383716,-3.860664403032042,404.9502206781883,,,,,,,77.22630622488546,30.0,-3.860664403032042,23
2025-03-23 02:37:30+00:00,72.83248740959482,10.21091304937818,-3.858743078211866,467.0072610978136,,,,,,,77.67166305420818,30.0,-3.858743078211866,23
2025-03-23 02:52:30+00:00,74.01990409911048,10.255308742760429,-3.854740062665216,484.87709400725345,,,,,,,78.67027873337894,30.0,-3.854740062665216,23
2025-03-23 03:07:30+00:00,75.19547897787396,10.302164111980966,-3.848713346924989,493.58642356683714,,,,,,,79.7529568768343,30.0,-3.848713346924989,23
2025-03-23 03:22:30+00:00,76.3587438298175,10.35143208094874,-3.840724263094648,432.15928987336616,,,,,,,81.55100239336514,30.0,-3.840724263094648,23
2025-03-23 03:37:30+00:00,77.5092657941497,10.40306419774839,-3.830837039716968,427.9583231604717,,,,,,,82.73871506976447,30.0,-3.830837039716968,23
2025-03-23 03:52:30+00:00,78.64664725192469,10.457010807745505,-3.8191183620302462,399.3216625865243,,,,,,,84.23568938133634,30.0,-3.8191183620302462,23
2025-03-23 04:07:30+00:00,79.77052573113208,10.513221226037366,-3.805636939247785,403.99628433900864,,,,,,,85.27900787614621,30.0,-3.805636939247785,23
2025-03-23 04:22:30+00:00,80.88057338675465,10.571643904552252,-3.790463086291086,372.9325779185782,,,,,,,86.82999838178398,30.0,-3.790463086291086,23
2025-03-23 04:37:30+00:00,81.97649656379735,10.63222659387211,-3.7736683187634936,401.33030115809817,,,,,,,87.4877071569554,30.0,-3.7736683187634936,23
2025-03-23 04:52:30+00:00,83.05803494900755,10.694916501302709,-3.7553249694390938,379.6168845308716,,,,,,,88.86561795557594,30.0,-3.7553249694390938,23
2025-03-23 05:07:30+00:00,84.12496083167802,10.759660438886415,-3.735505822600583,381.07091585846706,,,,,,,89.89098144550215,30.0,-3.735505822600583,23
2025-03-23 05:22:30+00:00,85.1770780444906,10.826404968200425,-3.714283773858543,404.62768687111463,,,,,,,90.58857247885452,30.0,-3.714283773858543,23
2025-03-23 05:37:30+00:00,86.21422092644143,10.895096535492367,-3.69173151235486,394.6947097621719,,,,,,,91.74202707002279,30.0,-3.69173151235486,23
2025-03-23 05:52:30+00:00,87.23625316096735,10.965681598189184,-3.667921228520293,390.5229646309741,,,,,,,92.80246863497561,30.0,-3.667921228520293,23
2025-03-23 06:07:30+00:00,88.24306651638327,11.03810674716296,-3.642924348020943,383.3295605670468,,,,,,,93.89215852306904,30.0,-3.642924348020943,23
2025-03-23 06:22:30+00:00,89.23457959970897,11.112318815054255,-3.616811290018029,374.49354366120406,,,,,,,94.99432876829243,30.0,-3.616811290018029,23
2025-03-23 06:37:30+00:00,90.21073648764664,11.188264982717188,-3.589651252683131,298.2492187834425,,,,,,,97.41382580364981,30.0,-3.589651252683131,23
2025-03-23 06:52:30+00:00,91.17150540739968,11.265892871698863,-3.5615120220559393,324.36464207154984,,,,,,,97.76732478608827,30.0,-3.5615120220559393,23
2025-03-23 07:07:30+00:00,92.11687734370064,11.345150633318646,-3.5324598065509627,339.47562878020744,,,,,,,98.39243620309385,30.0,-3.5324598065509627,23
2025-03-23 07:22:30+00:00,93.04686468278258,11.425987025747505,-3.5025590938522844,273.7990737250256,,,,,,,100.79403372077356,30.0,-3.5025590938522844,23
2025-03-23 07:37:30+00:00,93.9614998356214,11.508351487130437,-3.4718725307557565,203.76648828416268,,,,,,,104.32513536021281,30.0,-3.4718725307557565,23
2025-03-23 07:52:30+00:00,94.8608339020393,11.592194196190285,-3.440460823335314,162.11515316224717,,,,,,,107.82807767102014,30.0,-3.440460823335314,23
2025-03-23 08:07:30+00:00,95.74493531868444,11.677466133318928,-3.408382657960874,171.9285709645778,,,,,,,107.91538826857136,30.0,-3.408382657960874,23
2025-03-23 08:22:30+00:00,96.613888589578,11.764119124483218,-3.375694639070203,178.76305470357573,,,,,,,108.26368246654188,30.0,-3.375694639070203,23
2025-03-23 08:37:30+00:00,97.46779299081678,11.852105891475846,-3.3424512457400284,192.4234725860624,,,,,,,108.23833231431998,30.0,-3.3424512457400284,23
2025-03-23 08:52:30+00:00,98.30676138244314,11.94138007961686,-3.3087048015971408,209.72162907170863,,,,,,,108.14031742030858,30.0,-3.3087048015971408,23
2025-03-23 09:07:30+00:00,99.13091899211982,12.03189629909486,-3.2745054611711115,197.67576310712408,,,,,,,109.51141446683712,30.0,-3.2745054611711115,23
2025-03-23 09:22:30+00:00,99.94040231933072,12.123610139522812,-3.2399012064286956,205.85083666576077,,,,,,,109.85777064641806,30.0,-3.2399012064286956,23
2025-03-23 09:37:30+00:00,100.73535801697234,12.216478201134636,-3.2049378571405005,225.641694490818,,,,,,,109.73587967356279,30.0,-3.2049378571405005,23
2025-03-23 09:52:30+00:00,101.51594188885308,12.310458099999998,-3.169659088958781,225.1116201420973,,,,,,,110.48998051965509,30.0,-3.169659088958781,23
2025-03-23 10:07:30+00:00,102.28231788336304,12.405508489159326,-3.134106462331466,226.09983775776527,,,,,,,111.16912453456008,30.0,-3.134106462331466,23
2025-03-23 10:22:30+00:00,103.0346571838263,12.501589056643317,-3.09831945740623,230.4008080694715,,,,,,,111.70794734355616,30.0,-3.09831945740623,23
2025-03-23 10:37:30+00:00,103.77313731577546,12.598660537384813,-3.062335516844238,229.963664931749,,,,,,,112.41470866270153,30.0,-3.062335516844238,23
2025-03-23 10:52:30+00:00,104.49794133490498,12.6966847061029,-3.026190093047309,229.80488313856424,,,,,,,113.09677069504647,30.0,-3.026190093047309,23
2025-03-23 11:07:30+00:00,105.20925704095572,12.795624380671942,-2.989916701009628,210.07775605256492,,,,,,,114.56176546523244,30.0,-2.989916701009628,23
2025-03-23 11:22:30+00:00,105.90727626222936,12.895443411355611,-2.9535469740907314,228.01816256666427,,,,,,,114.4739384309244,30.0,-2.9535469740907314,23
2025-03-23 11:37:30+00:00,106.59219417343694,12.99610667703354,-2.917110723403414,247.75144046822527,,,,,,,114.43012534682697,30.0,-2.917110723403414,23
2025-03-23 11:52:30+00:00,107.26420866982204,13.097580071673685,-2.880635999088279,254.21827076134645,,,,,,,114.85717351369435,30.0,-2.880635999088279,23
2025-03-23 12:07:30+00:00,107.92351978184722,13.199830494420798,-2.8441491534622823,218.60169023599644,,,,,,,116.70018252080992,30.0,-2.8441491534622823,23
2025-03-23 12:22:30+00:00,108.57032913705744,13.30282583472311,-2.8076749050649026,206.81368171759135,,,,,,,117.79037270543485,30.0,-2.8076749050649026,23
2025-03-23 12:37:30+00:00,109.20483945918348,13.406534956890118,-2.7712364035047785,202.99580665939297,,,,,,,118.53994602754138,30.0,-2.7712364035047785,23
2025-03-23 12:52:30+00:00,109.82725411186928,13.510927684478574,-2.7348552942099453,209.08879139651356,,,,,,,118.83331196573019,30.0,-2.7348552942099453,23
2025-03-23 13:07:30+00:00,110.43777667703456,13.615974781069518,-2.6985517830878845,199.05111945469065,,,,,,,119.83772022605288,30.0,-2.6985517830878845,23
2025-03-23 13:22:30+00:00,111.03661057018324,13.721647933395472,-2.662344700532764,196.28062274333192,,,,,,,120.50775091255528,30.0,-2.662344700532764,23
2025-03-23 13:37:30+00:00,111.6239586897407,13.827919730434504,-2.626251564565653,195.25148918755644,,,,,,,121.08286220284069,30.0,-2.626251564565653,23
2025-03-23 13:52:30+00:00,112.20002309824504,13.934763644178464,-2.5902886428581633,186.32604728811583,,,,,,,122.04654407605724,30.0,-2.5902886428581633,23
2025-03-23 14:07:30+00:00,112.76500473326556,14.042154009488272,-2.554471013440045,183.8082926797581,,,,,,,122.6796785375036,30.0,-2.554471013440045,23
2025-03-23 14:22:30+00:00,113.31910314681356,14.150066002272975,-2.5188126239178192,164.91827464378616,,,,,,,124.29469471876645,30.0,-2.5188126239178192,23
2025-03-23 14:37:30+00:00,113.8625162717116,14.258475619396886,-2.4833263490156057,176.67188504836204,,,,,,,124.03784867643515,30.0,-2.4833263490156057,23
2025-03-23 14:52:30+00:00,114.39544021155896,14.36735965699626,-2.448024046440448,211.0338936988003,,,,,,,122.85503159817657,30.0,-2.448024046440448,23
2025-03-23 15:07:30+00:00,114.91806905371372,14.47669568899907,-2.4129166109243716,200.3806603742944,,,,,,,123.7651016987488,30.0,-2.4129166109243716,23
2025-03-23 15:22:30+00:00,115.4305947059961,14.586462046375583,-2.3780140262636325,186.04262918818188,,,,,,,124.8920758852148,30.0,-2.3780140262636325,23
2025-03-23 15:37:30+00:00,115.93320674884724,14.69663779555037,-2.3433254156520293,183.9836822720098,,,,,,,125.43218323938439,30.0,-2.3433254156520293,23
2025-03-23 15:52:30+00:00,116.42609230903044,14.807202716695992,-2.30885908992486,190.16966261598787,,,,,,,125.54968249088567,30.0,-2.30885908992486,23
2025-03-23 16:07:30+00:00,116.90943595347711,14.918137285405036,-2.274622593656882,186.28713225024848,,,,,,,126.15516981631403,30.0,-2.274622593656882,23
2025-03-23 16:22:30+00:00,117.3834195842601,15.029422646748646,-2.2406227501164073,242.89319408316183,,,,,,,124.42211975297835,30.0,-2.2406227501164073,23
2025-03-23 16:37:30+00:00,117.84822237819488,15.141040603647784,-2.206865702631837,244.89453888777012,,,,,,,124.77734995494104,30.0,-2.206865702631837,23
2025-03-23 16:52:30+00:00,118.3040206927759,15.2529735852632,-2.1733569566321487,240.4821990138603,,,,,,,125.30712807557484,30.0,-2.1733569566321487,23
2025-03-23 17:07:30+00:00,118.75098804003564,15.365204638698014,-2.1401014167398293,240.50590153498376,,,,,,,125.70011391667104,30.0,-2.1401014167398293,23
2025-03-23 17:22:30+00:00,119.1892950223112,15.477717401886702,-2.1071034247592415,237.24365511910253,,,,,,,126.17981593640876,30.0,-2.1071034247592415,23
2025-03-23 17:37:30+00:00,119.61910930582395,15.59049608672751,-2.0743667943466138,264.4989711534729,,,,,,,125.84059782883772,30.0,-2.0743667943466138,23
2025-03-23 17:52:30+00:00,120.04059561058423,15.703525465640649,-2.0418948435341373,329.03087506414715,,,,,,,125.00265050626528,30.0,-2.0418948435341373,23
2025-03-23 18:07:30+00:00,120.45391566089016,15.816790842174008,-2.009690428289719,295.21683425864813,,,,,,,125.94050746873047,30.0,-2.009690428289719,23
2025-03-23 18:22:30+00:00,120.859228214845,15.930278045049183,-1.9777559703860423,295.05206472525543,,,,,,,126.30495838813344,30.0,-1.9777559703860423,23
2025-03-23 18:37:30+00:00,121.25668904597738,16.04397340591081,-1.9460934868316715,288.7292774779671,,,,,,,126.77670364531916,30.0,-1.9460934868316715,23
2025-03-23 18:52:30+00:00,121.64645093609174,16.15786373864964,-1.914704617514804,284.0223902582736,,,,,,,127.21215107303665,30.0,-1.914704617514804,23
2025-03-23 19:07:30+00:00,122.0286637189964,16.271936332226883,-1.883590648771248,294.4440474721163,,,,,,,127.35312615896258,30.0,-1.883590648771248,23
2025-03-23 19:22:30+00:00,122.40347426487044,16.386178926680795,-1.8527525393061677,327.43103950008424,,,,,,,127.15167918353153,30.0,-1.8527525393061677,23
2025-03-23 19:37:30+00:00,122.77102650898496,16.500579699443836,-1.8221909424628624,331.99108671820704,,,,,,,127.4146602410273,30.0,-1.8221909424628624,23
2025-03-23 19:52:30+00:00,123.13146149948508,16.61512725614853,-1.791906226322747,331.96236151161025,,,,,,,127.73609069888911,30.0,-1.791906226322747,23
2025-03-23 20:07:30+00:00,123.48491738739855,16.729810607398427,-1.7618984962071262,332.07519779342385,,,,,,,128.04854231041912,30.0,-1.7618984962071262,23
2025-03-23 20:22:30+00:00,123.83152947766384,16.844619158835414,-1.7321676126107952,340.8999422713869,,,,,,,128.2385569680155,30.0,-1.7321676126107952,23
2025-03-23 20:37:30+00:00,124.17143028176343,16.95954270163838,-1.7027132080590208,346.90544847473063,,,,,,,128.46433216488427,30.0,-1.7027132080590208,23
2025-03-23 20:52:30+00:00,124.50474951171825,17.07457139061212,-1.6735347066002884,358.65169473326915,,,,,,,128.62042693048122,30.0,-1.6735347066002884,23
2025-03-23 21:07:30+00:00,124.83161414424816,17.189695736317585,-1.6446313382029143,345.47863172764323,,,,,,,129.06616659113473,30.0,-1.6446313382029143,23
2025-03-23 21:22:30+00:00,125.15214847679292,17.304906595787816,-1.616002152770936,336.2677633454131,,,,,,,129.4635644599267,30.0,-1.616002152770936,23
2025-03-23 21:37:30+00:00,125.4664741324685,17.42019515386258,-1.5876460364802356,339.7314733595541,,,,,,,129.6951790746956,30.0,-1.5876460364802356,23
2025-03-23 21:52:30+00:00,125.77471011654276,17.535552913742315,-1.559561724204557,346.8114821719727,,,,,,,129.87910193059977,30.0,-1.559561724204557,23
2025-03-23 22:07:30+00:00,126.076972882134,17.650971689629365,-1.5317478106045612,305.58381616419524,,,,,,,130.6919728061913,30.0,-1.5317478106045612,23
2025-03-23 22:22:30+00:00,126.37337635718826,17.766443593028857,-1.5042027628770278,303.306291736227,,,,,,,130.97955281706575,30.0,-1.5042027628770278,23
2025-03-23 22:37:30+00:00,126.66403196689966,17.881961018365452,-1.4769249331503147,291.6806870075287,,,,,,,131.40857000752294,30.0,-1.4769249331503147,23
2025-03-23 22:52:30+00:00,126.94904871973137,17.99751663922886,-1.449912566247893,321.8437993283228,,,,,,,131.20792700235256,30.0,-1.449912566247893,23
2025-03-23 23:07:30+00:00,127.22853325778549,18.11310339898264,-1.4231638090273788,324.14518023866935,,,,,,,131.4164513456076,30.0,-1.4231638090273788,23
2025-03-23 23:22:30+00:00,127.50258984428052,18.228714493188047,-1.3966767230770316,313.9551652234918,,,,,,,131.7843814162604,30.0,-1.3966767230770316,23
2025-03-23 23:37:30+00:00,127.77132046202568,18.34434336745664,-1.37044928989294,328.90476375354274,,,,,,,131.81834505290254,30.0,-1.37044928989294,23
2025-03-23 23:52:30+00:00,128.0348248605238,18.45998370863635,-1.3444794187116027,324.3927947357139,,,,,,,132.09742879426307,30.0,-1.3444794187116027,23
2025-03-24 00:07:30+00:00,128.2932005880117,18.57562943478877,-1.3187649547707028,335.0681745840993,,,,,,,132.18695327766628,30.0,-1.3187649547707028,23
2025-03-24 00:22:30+00:00,128.5465430103594,18.69127468353349,-1.2933036879206898,360.3192821368948,,,,,,,132.1307692413294,30.0,-1.2933036879206898,23
2025-03-24 00:37:30+00:00,128.79494540250525,18.80691380944966,-1.2680933561781105,346.55783354338917,,,,,,,132.48339106618195,30.0,-1.2680933561781105,23
2025-03-24 00:52:30+00:00,129.03849899625146,18.922541376637273,-1.2431316515470774,341.2769661498087,,,,,,,132.74532687983722,30.0,-1.2431316515470774,23
2025-03-24 01:07:30+00:00,129.2772929791472,19.038152146839906,-1.2184162285624651,325.60468998718795,,,,,,,133.12199229300512,30.0,-1.2184162285624651,23
2025-03-24 01:22:30+00:00,129.51141455765196,19.153741073857628,-1.1939447083214378,322.705206026781,,,,,,,133.3497529345752,30.0,-1.1939447083214378,23
2025-03-24 01:37:30+00:00,129.74094902179093,19.269303298941693,-1.1697146820196862,312.50922079434713,,,,,,,133.66228763553315,30.0,-1.1697146820196862,23
2025-03-24 01:52:30+00:00,129.96597979328493,19.384834144488767,-1.1457237151595343,308.74221263080744,,,,,,,133.89242945436843,30.0,-1.1457237151595343,23
2025-03-24 02:07:30+00:00,130.1865884330372,19.50032910482986,-1.1219693540152305,305.59662930280626,,,,,,,134.1102938040596,30.0,-1.1219693540152305,23
2025-03-24 02:22:30+00:00,130.40285468088763,19.61578383972345,-1.098449129720422,306.16007223452834,,,,,,,134.27627325079249,30.0,-1.098449129720422,23
2025-03-24 02:37:30+00:00,130.6148565347637,19.73119417160553,-1.0751605594531015,312.6878130217028,,,,,,,134.36526222560173,30.0,-1.0751605594531015,23
2025-03-24 02:52:30+00:00,130.82267028409194,19.8465560791112,-1.052101150285346,295.90724123539235,,,,,,,134.74123517939827,30.0,-1.052101150285346,23
2025-03-24 03:07:30+00:00,131.0263705457446,19.961865691570015,-1.029268402554061,281.28056564863004,,,,,,,135.10188593595967,30.0,-1.029268402554061,23
2025-03-24 03:22:30+00:00,131.2260302532121,20.07711928031009,-1.006659816023717,268.88696350457514,,,,,,,135.4404451283414,30.0,-1.006659816023717,23
2025-03-24 03:37:30+00:00,131.4217207630553,20.192313257758055,-0.9842728881606216,230.22867569980977,,,,,,,136.28664893687736,30.0,-0.9842728881606216,23
2025-03-24 03:52:30+00:00,131.61351187129503,20.307444171354703,-0.9621051179888072,233.27595278772017,,,,,,,136.35852699892337,30.0,-0.9621051179888072,23
2025-03-24 04:07:30+00:00,131.80147187404046,20.42250869997331,-0.9401540068376448,234.82548433435576,,,,,,,136.45921787322607,30.0,-0.9401540068376448,23
2025-03-24 04:22:30+00:00,131.98566752663248,20.537503645680353,-0.9184170654850172,239.6721809075732,,,,,,,136.49443002787456,30.0,-0.9184170654850172,23
2025-03-24 04:37:30+00:00,132.16616414422862,20.652425932250654,-0.8968918118655759,257.0019800442598,,,,,,,136.31983144717586,30.0,-0.8968918118655759,23
2025-03-24 04:52:30+00:00,132.3430256296295,20.767272600720432,-0.8755757732946525,293.48518941318537,,,,,,,135.93566053736092,30.0,-0.8755757732946525,23
2025-03-24 05:07:30+00:00,132.51631451239604,20.882040805258512,-0.8544664877778763,293.89947100589336,,,,,,,136.05928962751187,30.0,-0.8544664877778763,23
2025-03-24 05:22:30+00:00,132.68609196544094,20.996727808979156,-0.8335615065967783,312.68255491435855,,,,,,,135.97435075983893,30.0,-0.8335615065967783,23
2025-03-24 05:37:30+00:00,132.85241781067853,21.111330979197607,-0.8128583974681811,313.07993943394024,,,,,,,136.09469959237063,30.0,-0.8128583974681811,23
2025-03-24 05:52:30+00:00,133.0153506015865,21.225847785091144,-0.7923547424515704,356.0739252921536,,,,,,,135.8294164410983,30.0,-0.7923547424515704,23
2025-03-24 06:07:30+00:00,133.17494763678877,21.340275793853376,-0.7720481402375087,348.80311271473965,,,,,,,136.01020816006866,30.0,-0.7720481402375087,23
2025-03-24 06:22:30+00:00,133.33126501250976,21.454612667568295,-0.7519362057268433,345.1117716519402,,,,,,,136.1590165124826,30.0,-0.7519362057268433,23
2025-03-24 06:37:30+00:00,133.48435758550272,21.56885615914606,-0.7320165753774897,357.08912444435504,,,,,,,136.18072541757462,30.0,-0.7320165753774897,23
2025-03-24 06:52:30+00:00,133.63427905007364,21.68300410960157,-0.7122869048743938,354.2281755682043,,,,,,,136.31562374004318,30.0,-0.7122869048743938,23
2025-03-24 07:07:30+00:00,133.7810819696794,21.797054445119805,-0.6927448696741249,351.21911003936606,,,,,,,136.4483149527088,30.0,-0.6927448696741249,23
2025-03-24 07:22:30+00:00,133.92481779692466,21.91100517393145,-0.6733881661808989,368.25302444713793,,,,,,,136.433337389106,30.0,-0.6733881661808989,23
2025-03-24 07:37:30+00:00,134.06553692506353,22.024854383477663,-0.6542145107187436,352.01890155909564,,,,,,,136.65280780283382,30.0,-0.6542145107187436,23
2025-03-24 07:52:30+00:00,134.20328864033536,22.13860023825469,-0.6352216449865167,354.5310560335602,,,,,,,136.7355869145573,30.0,-0.6352216449865167,23
2025-03-24 08:07:30+00:00,134.33812120507028,22.252240976434617,-0.6164073327123559,357.2680130601149,,,,,,,136.8146947642291,30.0,-0.6164073327123559,23
2025-03-24 08:22:30+00:00,134.47008188085536,22.365774907555117,-0.5977693601822186,350.92914420208547,,,,,,,136.9544433534287,30.0,-0.5977693601822186,23
2025-03-24 08:37:30+00:00,134.59921694655353,22.479200410135288,-0.5793055370240825,370.23652990973153,,,,,,,136.9190354665641,30.0,-0.5793055370240825,23
2025-03-24 08:52:30+00:00,134.72557174077238,22.592515928718335,-0.5610136952585592,366.77933167300694,,,,,,,137.0319744180565,30.0,-0.5610136952585592,23
2025-03-24 09:07:30+00:00,134.84919063478404,22.70571997306649,-0.5428916929059417,368.2136894824708,,,,,,,137.111498801105,30.0,-0.5428916929059417,23
2025-03-24 09:22:30+00:00,134.97011707610608,22.81881111525275,-0.5249374128107536,372.6303964551511,,,,,,,137.17095131323194,30.0,-0.5249374128107536,23
2025-03-24 09:37:30+00:00,135.08839363264855,22.931787986884448,-0.5071487613209648,366.6070116861435,,,,,,,137.2901946239522,30.0,-0.5071487613209648,23
2025-03-24 09:52:30+00:00,135.20406200200384,23.044649277533765,-0.4895236692327509,373.9227640781626,,,,,,,137.32831573817032,30.0,-0.4895236692327509,23
2025-03-24 10:07:30+00:00,135.31716303932473,23.15739373247373,-0.4720600914302776,381.6197063132432,,,,,,,137.3648332862214,30.0,-0.4720600914302776,23
2025-03-24 10:22:30+00:00,135.42773677987338,23.270020150587037,-0.4547560067852931,381.5290441333847,,,,,,,137.44218181252563,30.0,-0.4547560067852931,23
2025-03-24 10:37:30+00:00,135.53582239916798,23.38252738519509,-0.4376094222009366,364.34217672023647,,,,,,,137.6100287810511,30.0,-0.4376094222009366,23
2025-03-24 10:52:30+00:00,135.64145830717266,23.494914338951563,-0.4206183675962077,369.5651606844741,,,,,,,137.65162123301445,30.0,-0.4206183675962077,23
2025-03-24 11:07:30+00:00,135.74468214217734,23.6071799631331,-0.4037808975614952,371.8097281290839,,,,,,,137.70822774613703,30.0,-0.4037808975614952,23
2025-03-24 11:22:30+00:00,135.8455307894255,23.71932325612805,-0.3870950912910557,366.2958378907374,,,,,,,137.80367070200884,30.0,-0.3870950912910557,23
2025-03-24 11:37:30+00:00,135.94404041858118,23.831343260621367,-0.3705590511928405,358.1796432374167,,,,,,,137.9108348351445,30.0,-0.3705590511928405,23
2025-03-24 11:52:30+00:00,136.04024645119978,23.943239065108564,-0.3541709061653916,361.0356884115035,,,,,,,137.95608787865567,30.0,-0.3541709061653916,23
2025-03-24 12:07:30+00:00,136.13418359619448,24.05500980123348,-0.337928810245275,361.85432206386673,,,,,,,138.01041603661463,30.0,-0.337928810245275,23
2025-03-24 12:22:30+00:00,136.22588589124544,24.16665464082942,-0.3218309408069087,342.7458462516893,,,,,,,138.1695210706346,30.0,-0.3218309408069087,23
2025-03-24 12:37:30+00:00,136.31538670527286,24.27817279526248,-0.3058754993416517,358.02948892411723,,,,,,,138.14048055572775,30.0,-0.3058754993416517,23
2025-03-24 12:52:30+00:00,136.40271875446206,24.389563514237,-0.2900607112865907,356.4623209224677,,,,,,,138.2001499787403,30.0,-0.2900607112865907,23
2025-03-24 13:07:30+00:00,136.48791413859954,24.50082608277337,-0.2743848244278038,356.2513397816075,,,,,,,138.25074323719045,30.0,-0.2743848244278038,23
2025-03-24 13:22:30+00:00,136.57100430124862,24.61195982436437,-0.2588461124110384,350.4639515471522,,,,,,,138.32673027500732,30.0,-0.2588461124110384,23
2025-03-24 13:37:30+00:00,136.6520200687087,24.722964097760645,-0.2434428729058376,347.4428847040788,,,,,,,138.38652639743813,30.0,-0.2434428729058376,23
2025-03-24 13:52:30+00:00,136.73099168613038,24.833838294043204,-0.2281734259242488,340.7578522343441,,,,,,,138.46236765657665,30.0,-0.2281734259242488,23
2025-03-24 14:07:30+00:00,136.80794881788756,24.944581836464057,-0.2130361145146969,346.659477858688,,,,,,,138.47336687065018,30.0,-0.2130361145146969,23
2025-03-24 14:22:30+00:00,136.8829205612627,25.055194179497313,-0.1980293045257281,339.7057110688357,,,,,,,138.54524448680723,30.0,-0.1980293045257281,23
2025-03-24 14:37:30+00:00,136.95593546940356,25.165674806783912,-0.1831513837161715,338.439552301826,,,,,,,138.58719856502384,30.0,-0.1831513837161715,23
2025-03-24 14:52:30+00:00,137.02702155647688,25.27602323079309,-0.168400762035332,327.0683697635594,,,,,,,138.67646895029446,30.0,-0.168400762035332,23
2025-03-24 15:07:30+00:00,137.0962062637326,25.38623899662882,-0.1537758745125265,307.1994991652755,,,,,,,138.81136315542796,30.0,-0.1537758745125265,23
2025-03-24 15:22:30+00:00,137.16351653956391,25.49632167412832,-0.1392751764363519,262.1928019567497,,,,,,,139.12514096666803,30.0,-0.1392751764363519,23
2025-03-24 15:37:30+00:00,137.2289788267423,25.606270859318837,-0.1248971447563816,301.28424156993174,,,,,,,138.89440783842144,30.0,-0.1248971447563816,23
2025-03-24 15:52:30+00:00,137.29261907436037,25.71608617366706,-0.1106402778160482,255.9537213184765,,,,,,,139.20400568775537,30.0,-0.1106402778160482,23
2025-03-24 16:07:30+00:00,137.35446274876486,25.825767263236955,-0.0965030951066816,266.5532047576051,,,,,,,139.14285184540267,30.0,-0.0965030951066816,23
2025-03-24 16:22:30+00:00,137.41453486985773,25.935313794623458,-0.0824841353090824,256.283728695112,,,,,,,139.2257717461422,30.0,-0.0824841353090824,23
2025-03-24 16:37:30+00:00,137.47285994892127,26.044725463245683,-0.0685819609373612,253.14954236308245,,,,,,,139.25716353710627,30.0,-0.0685819609373612,23
2025-03-24 16:52:30+00:00,137.52946205391797,26.154001985740827,-0.054795154389182,272.7431898692944,,,,,,,139.13982734801692,30.0,-0.054795154389182,23
2025-03-24 17:07:30+00:00,137.5843648195286,26.263143099089213,-0.0411223176759878,241.29372246917555,,,,,,,139.35296516693464,30.0,-0.0411223176759878,23
2025-03-24 17:22:30+00:00,137.63759144941474,26.372148561001573,-0.0275620726806882,237.9896727103312,,,,,,,139.37843861472567,30.0,-0.0275620726806882,23
2025-03-24 17:37:30+00:00,137.68916472581435,26.48101814922626,-0.0141130608989071,236.7096912493585,,,,,,,139.38690108634577,30.0,-0.0141130608989071,23
2025-03-24 17:52:30+00:00,137.73910701846003,26.5897516607572,-0.0007739431987768,227.20037271421364,,,,,,,139.4532467786912,30.0,-0.0007739431987768,23
2025-03-24 18:07:30+00:00,137.78744032456245,26.69834890695064,0.012456602511404,224.78709652273895,,,,,,,139.4648110568719,30.0,0.012456602511404,23
2025-03-24 18:22:30+00:00,137.83418618320553,26.806809726464625,0.0255798751791957,225.10773770237216,,,,,,,139.45414374117084,30.0,0.0255798751791957,23
2025-03-24 18:37:30+00:00,137.87936577348924,26.915133971525144,0.0385971569003525,219.1434491987294,,,,,,,139.48696236645574,30.0,0.0385971569003525,23
2025-03-24 18:52:30+00:00,137.9229998991089,27.023321510987127,0.0515097115650498,215.05998369375317,,,,,,,139.50367125234,30.0,0.0515097115650498,23
2025-03-24 19:07:30+00:00,137.96510899471198,27.13137223002188,0.0643187849950857,219.82941738175816,,,,,,,139.45535391965223,30.0,0.0643187849950857,23
2025-03-24 19:22:30+00:00,138.0057131337569,27.239286029439807,0.0770256051841616,219.45878790231785,,,,,,,139.44231920958507,30.0,0.0770256051841616,23
2025-03-24 19:37:30+00:00,138.04483203643005,27.34706282529674,0.0896313825638408,218.2041404935593,,,,,,,139.43329161294463,30.0,0.0896313825638408,23
2025-03-24 19:52:30+00:00,138.08248510280222,27.45470254417289,0.1021373119731795,218.96960049695227,,,,,,,139.40995285429756,30.0,0.1021373119731795,23
2025-03-24 20:07:30+00:00,138.1186913457607,27.562205134866204,0.114544567887679,217.40514346219055,,,,,,,139.39924153721648,30.0,0.114544567887679,23
2025-03-24 20:22:30+00:00,138.1534694598582,27.669570557776385,0.1268543088199881,240.90538494389875,,,,,,,139.25820598406318,30.0,0.1268543088199881,23
2025-03-24 20:37:30+00:00,138.18683782140175,27.776798785627715,0.1390676770998668,245.05525081485013,,,,,,,139.22289570676358,30.0,0.1390676770998668,23
2025-03-24 20:52:30+00:00,138.21881448936605,27.883889803837032,0.1511857987198846,359.60492813907723,,,,,,,138.890834038688,30.0,0.1511857987198846,23
2025-03-24 21:07:30+00:00,138.24941721256798,27.99084361020398,0.163209783593669,319.68280467445743,,,,,,,138.96715155698448,30.0,0.163209783593669,23
2025-03-24 21:22:30+00:00,138.27866343601983,28.09766021449442,0.1751407257937227,407.9751967564989,,,,,,,138.8111683163282,30.0,0.1751407257937227,23
2025-03-24 21:37:30+00:00,138.30657031929815,28.20433963560383,0.1869797045989654,332.10614181530616,,,,,,,138.92404129924827,30.0,0.1869797045989654,23
2025-03-24 21:52:30+00:00,138.33315472232684,28.31088190526168,0.1987277833352956,330.0776018639123,,,,,,,138.91755877783103,30.0,0.1987277833352956,23
2025-03-24 22:07:30+00:00,138.35843319472093,28.417287070689433,0.2103860084918349,463.3189608580247,,,,,,,138.74854701732124,30.0,0.2103860084918349,23
2025-03-24 22:22:30+00:00,138.38242202388923,28.523555186122287,0.2219554127960241,447.28231262630703,,,,,,,138.75939025873822,30.0,0.2219554127960241,23
2025-03-24 22:37:30+00:00,138.40513722404214,28.6296863158407,0.2334370142916679,468.4825586503822,,,,,,,138.73917518944575,30.0,0.2334370142916679,23
2025-03-24 22:52:30+00:00,138.4265945415658,28.735680533817064,0.2448318165663482,342.7630525762115,,,,,,,138.8478369477027,30.0,0.2448318165663482,23
2025-03-24 23:07:30+00:00,138.44680946061274,28.84153792325502,0.2561408089589215,317.7971036999651,,,,,,,138.86310441634973,30.0,0.2561408089589215,23
2025-03-24 23:22:30+00:00,138.46579720847166,28.947258576398777,0.2673649667899547,315.4233433675548,,,,,,,138.84694827848764,30.0,0.2673649667899547,23
2025-03-24 23:37:30+00:00,138.4835727814015,29.0528425899027,0.2785052529539981,303.4553713553597,,,,,,,138.8400211195022,30.0,0.2785052529539981,23
2025-03-24 23:52:30+00:00,138.50015089274808,29.15829007641201,0.2895626143020762,325.1099432906985,,,,,,,138.79581694130184,30.0,0.2895626143020762,23
2025-03-25 00:07:30+00:00,138.51554601954228,29.263601155591772,0.3005379846439776,304.2268891732654,,,,,,,138.7919757585706,30.0,0.3005379846439776,23
2025-03-25 00:22:30+00:00,138.52977240922056,29.36877595344497,0.3114322850914784,349.1188296967059,,,,,,,138.7362531378141,30.0,0.3114322850914784,23
2025-03-25 00:37:30+00:00,138.54284407745777,29.473814603400605,0.3222464237768598,269.9693287261715,,,,,,,138.76542791522164,30.0,0.3222464237768598,23
2025-03-25 00:52:30+00:00,138.55477481274224,29.578717246167635,0.3329812960696544,255.7336156889238,,,,,,,138.7429035427709,30.0,0.3329812960696544,23
2025-03-25 01:07:30+00:00,138.56557818112515,29.68348402947716,0.343637784774995,245.90785439211436,,,,,,,138.71256977184197,30.0,0.343637784774995,23
2025-03-25 01:22:30+00:00,138.57526753043965,29.78811510771355,0.3542167603157474,252.08940971658345,,,,,,,138.67125502427277,30.0,0.3542167603157474,23
2025-03-25 01:37:30+00:00,138.58385601459165,29.892610637118334,0.3647190822769221,288.6322164848391,,,,,,,138.6263459160059,30.0,0.3647190822769221,23
2025-03-25 01:52:30+00:00,138.5913565412173,29.996970788946264,0.3751455957751743,248.5855154180443,,,,,,,138.59274816863126,30.0,0.3751455957751743,23
2025-03-25 02:07:30+00:00,138.59778182088704,30.101195738323938,0.3854971346981969,254.90934503241837,,,,,,,138.5524455569148,30.0,0.3854971346981969,23
2025-03-25 02:22:30+00:00,138.60314436821696,30.205285664999447,0.3957745216688826,263.67681544467763,,,,,,,138.51423327687024,30.0,0.3957745216688826,23
2025-03-25 02:37:30+00:00,138.6074565003496,30.309240754344987,0.4059785678798924,263.9593120316807,,,,,,,138.47366485388042,30.0,0.4059785678798924,23
2025-03-25 02:52:30+00:00,138.61073034079018,30.413061197021182,0.4161100732630272,245.2375229792845,,,,,,,138.41837832566367,30.0,0.4161100732630272,23
2025-03-25 03:07:30+00:00,138.6129778234911,30.51674718890194,0.426169826677887,257.0679815195869,,,,,,,138.3834161419449,30.0,0.426169826677887,23
2025-03-25 03:22:30+00:00,138.614210696211,30.62029893088522,0.4361586060845526,252.9897429568087,,,,,,,138.33420466825413,30.0,0.4361586060845526,23
2025-03-25 03:37:30+00:00,138.61444053832832,30.723716624941048,0.446077179644024,250.30477151842217,,,,,,,138.28424691443936,30.0,0.446077179644024,23
