time,longitude,radius,latitude,Vr,Time_days,Times_Earth,Vr_pred_Earth,Lon-L1,Lat-L1,Vr_obs_Earth,SpiralOrigin_Lon_deg,SpiralOrigin_Rs,SpiralOrigin_Lat_deg
2018-11-03 08:52:30+00:00,319.17910160063815,41.23311510202342,-2.3471471554282197,294.2032512865796,7.732511574074074,2018-11-07 08:52:30+00:00,396.3691477895607,208.32018617753337,3.739554012600576,415.30884808013354,314.81874505233725,30.0,-2.3471471554282197
2018-11-03 09:07:30+00:00,319.17960222413825,41.19559219168372,-2.355779557932179,281.8932224439106,7.742928240740741,2018-11-07 09:07:30+00:00,396.3691477895607,208.182848590687,3.7384214843278993,410.98631647984735,314.64403405874447,30.0,-2.355779557932179
2018-11-03 09:22:30+00:00,319.18037475021947,41.15815801130977,-2.3644118804886625,306.93391647143,7.753344907407407,2018-11-07 09:22:30+00:00,395.11250801156234,208.04551103119255,3.737288827839976,411.5549725733365,315.0287615107316,30.0,-2.3644118804886625
2018-11-03 09:37:30+00:00,319.18141928739493,41.12081297463537,-2.373043983969952,323.1685670808279,7.763761574074074,2018-11-07 09:37:30+00:00,395.11250801156234,207.908173499058,3.736156043174864,413.1385642737896,315.25156283959467,30.0,-2.373043983969952
2018-11-03 09:52:30+00:00,319.18273593869776,41.08355749621434,-2.381675728198125,314.3650500811518,7.774178240740741,2018-11-07 09:52:30+00:00,393.8654536807133,207.77083599424765,3.7350231303706103,408.1991811749742,315.15636128233115,30.0,-2.381675728198125
2018-11-03 10:07:30+00:00,319.1843248013894,41.04639199143207,-2.3903069719393257,319.89537577378223,7.784594907407407,2018-11-07 10:07:30+00:00,392.62793833442583,207.63349851672567,3.7338900894652425,408.7765323157644,315.2408256622341,30.0,-2.3903069719393257
2018-11-03 10:22:30+00:00,319.1861859671862,41.009316876477186,-2.3989375729071085,320.36958939121143,7.795011574074074,2018-11-07 10:22:30+00:00,392.62793833442583,207.4961610664857,3.7327569204968047,409.2089991255267,315.2617400406685,30.0,-2.3989375729071085
2018-11-03 10:37:30+00:00,319.188319521992,40.97233256834144,-2.40756738775911,311.20046104878844,7.805428240740741,2018-11-07 10:37:30+00:00,391.39991574037145,207.35882364350635,3.731623623503375,407.01548034603127,315.161816838993,30.0,-2.40756738775911
2018-11-03 10:52:30+00:00,319.1907255459667,40.93543948481209,-2.4161962720970123,277.16093078628313,7.815844907407407,2018-11-07 10:52:30+00:00,390.1813399442443,207.2214862477667,3.730490198522973,405.3183877891725,314.6849091343843,30.0,-2.4161962720970123
2018-11-03 11:07:30+00:00,319.19340411342046,40.89863804446191,-2.4248240804647576,268.6989765907963,7.826261574074074,2018-11-07 11:07:30+00:00,390.1813399442443,207.08414887923095,3.72935664559364,402.6711185308849,314.56133021672036,30.0,-2.4248240804647576
2018-11-03 11:22:30+00:00,319.1963552927505,40.86192866663325,-2.4334506663503195,268.2560934891486,7.836678240740741,2018-11-07 11:22:30+00:00,388.9721653190419,206.94681153789256,3.7282229647534577,404.6128468081724,314.5722617336128,30.0,-2.4334506663503195
2018-11-03 11:37:30+00:00,319.19957914641117,40.82531177143979,-2.4420758821820865,268.2153589315526,7.847094907407407,2018-11-07 11:37:30+00:00,387.7723466159565,206.80947422373055,3.727089156040434,403.98969422341713,314.5903740688666,30.0,-2.4420758821820865
2018-11-03 11:52:30+00:00,319.2030757308901,40.78878777975034,-2.4506995793304576,272.0806282075063,7.857511574074074,2018-11-07 11:52:30+00:00,387.7723466159565,206.6721369367092,3.725955219492637,403.79093360729416,314.6746808495738,30.0,-2.4506995793304576
2018-11-03 12:07:30+00:00,319.2068450965624,40.75235711318147,-2.4593216081066136,285.8514190317195,7.867928240740741,2018-11-07 12:07:30+00:00,386.5818390169725,206.53479967683663,3.724821155148106,405.6483027267668,314.9111584917405,30.0,-2.4593216081066136
2018-11-03 12:22:30+00:00,319.2108872877151,40.716020194076755,-2.4679418177656567,262.2391485809683,7.878344907407407,2018-11-07 12:22:30+00:00,385.4005981892637,206.39746244406265,3.723686963044878,407.99883199716254,314.5442369725811,30.0,-2.4679418177656567
2018-11-03 12:37:30+00:00,319.2152023424595,40.679777445524465,-2.4765600564986907,271.2966054535337,7.888761574074074,2018-11-07 12:37:30+00:00,385.4005981892637,206.26012523838077,3.722552643221011,411.9445106924239,314.71960811508535,30.0,-2.4765600564986907
2018-11-03 12:52:30+00:00,319.21979029268783,40.64362929131617,-2.4851761714406573,275.38606010016696,7.899178240740741,2018-11-07 12:52:30+00:00,384.22858034148226,206.1227880597555,3.721418195714553,409.6567195325543,314.8059455842415,30.0,-2.4851761714406573
2018-11-03 13:07:30+00:00,319.2246511640474,40.6075761559533,-2.4937900086669247,289.62379462675653,7.909594907407407,2018-11-07 13:07:30+00:00,383.06574228203186,205.98545090819485,3.720283620563528,415.6745369266237,315.0420044733115,30.0,-2.4937900086669247
2018-11-03 13:22:30+00:00,319.2297849758286,40.57161846463666,-2.5024014131930583,285.0944450428133,7.920011574074074,2018-11-07 13:22:30+00:00,383.06574228203186,205.84811378364873,3.719148917805999,411.6193656093489,314.99509142449347,30.0,-2.5024014131930583
2018-11-03 13:37:30+00:00,319.2351917409717,40.53575664324397,-2.511010228978228,286.7726452689967,7.930428240740741,2018-11-07 13:37:30+00:00,381.91204147941534,205.71077668611076,3.718014087480011,420.0080491295015,315.0395608884164,30.0,-2.511010228978228
2018-11-03 13:52:30+00:00,319.2408714659423,40.49999111833726,-2.5196162989214796,297.84015025041737,7.940844907407407,2018-11-07 13:52:30+00:00,381.91204147941534,205.57343961556003,3.7168791296235937,416.5384768264568,315.21486051844175,30.0,-2.5196162989214796
2018-11-03 14:07:30+00:00,319.2468241507312,40.46432231713819,-2.5282194648656087,325.4944396574937,7.951261574074074,2018-11-07 14:07:30+00:00,380.76743612474473,205.43610257196104,3.715744044274794,419.4029732093171,315.57538109919244,30.0,-2.5282194648656087
2018-11-03 14:22:30+00:00,319.2530497887599,40.428750667522486,-2.5368195675962006,301.3449835747752,7.961678240740741,2018-11-07 14:22:30+00:00,379.6318851965015,205.29876555532184,3.714608831471651,422.21236783528104,315.3008619250697,30.0,-2.5368195675962006
2018-11-03 14:37:30+00:00,319.25954836689033,40.3932765980083,-2.5454164468431086,282.88104808111274,7.972094907407407,2018-11-07 14:37:30+00:00,379.6318851965015,205.16142856559247,3.713473491252228,424.4435169727324,315.0637182583651,30.0,-2.5454164468431086
2018-11-03 14:52:30+00:00,319.26631986526945,40.35790053774384,-2.554009941281078,275.99274421031714,7.982511574074074,2018-11-07 14:52:30+00:00,378.5053485276329,205.02409160275212,3.712338023654562,425.7365450353764,314.9804070359525,30.0,-2.554009941281078
2018-11-03 15:07:30+00:00,319.27336425737667,40.32262291649672,-2.562599888531344,274.87479131886477,7.992928240740741,2018-11-07 15:07:30+00:00,377.3877868750643,204.88675466680888,3.711202428716669,425.2034641068448,314.9846766556137,30.0,-2.562599888531344
2018-11-03 15:22:30+00:00,319.28068150990464,40.28744416464343,-2.5711861251620243,276.97210636563346,8.003344907407408,2018-11-07 15:22:30+00:00,377.3877868750643,204.74941775771296,3.710066706476612,425.9082597980762,315.0389739881394,30.0,-2.5711861251620243
2018-11-03 15:37:30+00:00,319.28827158272634,40.25236471315486,-2.5797684866902006,273.7822446012171,8.013761574074074,2018-11-07 15:37:30+00:00,376.2791619917104,204.61208087545776,3.708930856972455,424.23205342237065,315.0117759827152,30.0,-2.5797684866902006
2018-11-03 15:52:30+00:00,319.29613442883607,40.21738499358735,-2.588346807582828,273.7312268574049,8.02417824074074,2018-11-07 15:52:30+00:00,375.1794367010581,204.47474402002263,3.7077948802421887,422.5191291040624,315.03343533976823,30.0,-2.588346807582828
2018-11-03 16:07:30+00:00,319.30426999429227,40.18250543806627,-2.596920921259402,270.11349561096455,8.034594907407408,2018-11-07 16:07:30+00:00,375.1794367010581,204.33740719137225,3.7066587763239,422.8672968656274,314.99922564788613,30.0,-2.596920921259402
2018-11-03 16:22:30+00:00,319.31267821815453,40.14772647928598,-2.605490660090331,270.7429048414023,8.045011574074074,2018-11-07 16:22:30+00:00,374.0885749743956,204.20007038951485,3.7055225452555938,422.85078305111693,315.03231197228126,30.0,-2.605490660090331
2018-11-03 16:37:30+00:00,319.321359032491,40.11304855047748,-2.6140558554042737,278.93565889385536,8.05542824074074,2018-11-07 16:37:30+00:00,373.00654201075326,204.06273361440049,3.704386187075334,418.2178631051753,315.1809112048297,30.0,-2.6140558554042737
2018-11-03 16:52:30+00:00,319.3303123621947,40.07847208541404,-2.6226163374850686,276.3412811675373,8.065844907407408,2018-11-07 16:52:30+00:00,373.00654201075326,203.925396866023,3.7032497018211625,419.45106924238814,315.1652817991281,30.0,-2.6226163374850686
2018-11-03 17:07:30+00:00,319.33953812507224,40.043997518386675,-2.631171935577324,268.35667787792295,8.076261574074074,2018-11-07 17:07:30+00:00,371.93330431961795,203.78806014436157,3.702113089531106,419.6787575251682,315.06525336798717,30.0,-2.631171935577324
2018-11-03 17:22:30+00:00,319.349036231692,40.00962528420023,-2.639722477886092,267.7001992568259,8.08667824074074,2018-11-07 17:22:30+00:00,370.868829806477,203.6507234493955,3.700976350243209,415.4312246601479,315.07893287278443,30.0,-2.639722477886092
2018-11-03 17:37:30+00:00,319.3588065853595,39.97535581815609,-2.6482677915805772,294.1562326099054,8.097094907407408,2018-11-07 17:37:30+00:00,370.868829806477,203.51338678108945,3.6998394839955258,416.9608076953653,315.4860553319262,30.0,-2.6482677915805772
2018-11-03 17:52:30+00:00,319.3688490820696,39.94118955603575,-2.656807702797424,270.90884000215414,8.107511574074074,2018-11-07 17:52:30+00:00,369.8130878612388,203.3760501394374,3.69870249082605,417.21828046744577,315.1781696526777,30.0,-2.656807702797424
2018-11-03 18:07:30+00:00,319.3791636104824,39.90712693409221,-2.6653420366422687,274.64524207011686,8.11792824074074,2018-11-07 18:07:30+00:00,369.8130878612388,203.23871352440392,3.697565370772878,422.3201864218141,315.2596597924076,30.0,-2.6653420366422687
2018-11-03 18:22:30+00:00,319.38975005172523,39.8731683890429,-2.6738706171908353,275.6994183854812,8.128344907407408,2018-11-07 18:22:30+00:00,368.76604944956995,203.10137693599756,3.696428123874019,420.40603386596706,315.30006413261435,30.0,-2.6738706171908353
2018-11-03 18:37:30+00:00,319.40060827957916,39.8393143580422,-2.6823932674955464,272.97737390600497,8.138761574074074,2018-11-07 18:37:30+00:00,367.72768720717966,202.96404037416843,3.6952907501674983,432.9218340090627,315.28430422571114,30.0,-2.6823932674955464
2018-11-03 18:52:30+00:00,319.41173816020387,39.80556527867177,-2.690909809587871,267.21751409503844,8.14917824074074,2018-11-07 18:52:30+00:00,367.72768720717966,202.82670383891053,3.694153249691384,432.253408458542,315.221130737915,30.0,-2.690909809587871
2018-11-03 19:07:30+00:00,319.4231395521972,39.77192158893472,-2.6994200644788884,265.03410453104834,8.159594907407408,2018-11-07 19:07:30+00:00,366.69797553707025,202.68936733021783,3.6930156224836854,426.5178686088536,315.21250574490216,30.0,-2.6994200644788884
2018-11-03 19:22:30+00:00,319.43481230650093,39.7383837272342,-2.7079238521653557,267.96441650061934,8.170011574074074,2018-11-07 19:22:30+00:00,365.6768907097631,202.5520308480259,3.691877868582454,424.0275459098498,315.2845168176816,30.0,-2.7079238521653557
2018-11-03 19:37:30+00:00,319.44675626638536,39.704952132360354,-2.7164209916322384,268.3992810598309,8.18042824074074,2018-11-07 19:37:30+00:00,365.6768907097631,202.41469439234345,3.6907399880257414,412.7809742427856,315.3174099108657,30.0,-2.7164209916322384
2018-11-03 19:52:30+00:00,319.4589712673794,39.67162724347969,-2.724911300856298,273.57823165742974,8.190844907407408,2018-11-07 19:52:30+00:00,364.6644109664941,202.2773579631497,3.689601980851552,412.13484623334375,315.42170610782364,30.0,-2.724911300856298
2018-11-03 20:07:30+00:00,319.4714571371209,39.63840950011584,-2.7333945968102804,272.35769989285075,8.201261574074074,2018-11-07 20:07:30+00:00,363.6605166253591,202.14002156042412,3.688463847097944,411.8787264488433,315.4300279076981,30.0,-2.7333945968102804
2018-11-03 20:22:30+00:00,319.4842136954774,39.605299342134835,-2.7418706954678345,267.0241012286222,8.21167824074074,2018-11-07 20:22:30+00:00,363.6605166253591,202.00268518414643,3.687325586802935,416.0137928293187,315.37622060938463,30.0,-2.7418706954678345
2018-11-03 20:37:30+00:00,319.4972407544199,39.57229720973186,-2.7503394118067397,270.93133163114993,8.222094907407408,2018-11-07 20:37:30+00:00,362.6651901903754,201.86534883429573,3.6861872000045777,415.3871531918276,315.46240180036244,30.0,-2.7503394118067397
2018-11-03 20:52:30+00:00,319.51053811786255,39.53940354342631,-2.7588005598108274,268.40409520918706,8.232511574074074,2018-11-07 20:52:30+00:00,361.6784164634051,201.7280125108517,3.6850486867408914,413.7192940615311,315.4517035986572,30.0,-2.7588005598108274
2018-11-03 21:07:30+00:00,319.52410558174563,39.50661878402894,-2.7672539524792072,296.2686262702419,8.24292824074074,2018-11-07 21:07:30+00:00,361.6784164634051,201.5906762137792,3.6839100470499417,408.9258612839581,315.85964818155065,30.0,-2.7672539524792072
2018-11-03 21:22:30+00:00,319.537942933993,39.47394337263096,-2.7756994018293244,270.3457375195218,8.253344907407408,2018-11-07 21:22:30+00:00,360.7001826588695,201.45333994307248,3.6827712809697126,401.9019794896256,315.5359112733819,30.0,-2.7756994018293244
2018-11-03 21:37:30+00:00,319.55204995431006,39.441377750601056,-2.784136718899364,291.00584307178633,8.263761574074074,2018-11-07 21:37:30+00:00,359.73047852116383,201.31600369869636,3.6816323885382904,404.8030808923965,315.84692442004985,30.0,-2.784136718899364
2018-11-03 21:52:30+00:00,319.56642641429784,39.40892235955514,-2.792565713756358,279.62800904733695,8.27417824074074,2018-11-07 21:52:30+00:00,359.73047852116383,201.1786674806596,3.680493369793666,408.61995371073,315.72379723407136,30.0,-2.792565713756358
2018-11-03 22:07:30+00:00,319.5810720773082,39.37657764134744,-2.800986195499814,273.7051672141742,8.284594907407408,2018-11-07 22:07:30+00:00,358.76929644465486,201.0413312889126,3.679354224773896,407.4618411638446,315.6687858592852,30.0,-2.800986195499814
2018-11-03 22:22:30+00:00,319.59598669838175,39.34434403806048,-2.8093979722656717,275.89797883383693,8.295011574074074,2018-11-07 22:22:30+00:00,358.76929644465486,200.9039951234496,3.678214953516999,411.4381111376103,315.7281372355469,30.0,-2.8093979722656717
2018-11-03 22:37:30+00:00,319.6111700242503,39.3122219919766,-2.817800851234578,273.88005750868587,8.30542824074074,2018-11-07 22:37:30+00:00,357.8166315961293,200.76665898425009,3.677075556061036,412.7243322203673,315.72821668122657,30.0,-2.817800851234578
2018-11-03 22:52:30+00:00,319.62662179325434,39.28021194556383,-2.8261946386375794,268.31176961602677,8.315844907407408,2018-11-07 22:52:30+00:00,356.8724820395252,200.62932287129385,3.675936032443998,417.98831385642734,315.67670967227576,30.0,-2.8261946386375794
2018-11-03 23:07:30+00:00,319.6423417353477,39.24831434147027,-2.8345791397587203,273.8209515859766,8.326261574074074,2018-11-07 23:07:30+00:00,356.8724820395252,200.4919867845604,3.674796382703948,418.07387312186984,315.7852038062991,30.0,-2.8345791397587203
2018-11-03 23:22:30+00:00,319.6583295719152,39.21652962249696,-2.8429541589440386,278.70974241459163,8.33667824074074,2018-11-07 23:22:30+00:00,355.93684886276236,200.354650724015,3.673656606878883,416.9542988313856,315.8818726468388,30.0,-2.8429541589440386
2018-11-03 23:37:30+00:00,319.6745850158526,39.18485823158659,-2.8513194996063587,280.9588080749021,8.347094907407408,2018-11-07 23:37:30+00:00,355.00973630645285,200.21731468965177,3.672516705006877,420.21822084426424,315.94123191376906,30.0,-2.8513194996063587
2018-11-03 23:52:30+00:00,319.6911077714661,39.15330061180158,-2.859674964232652,278.0311597856969,8.357511574074074,2018-11-07 23:52:30+00:00,355.00973630645285,200.07997868145043,3.67137667712594,420.3589315525876,315.9314049665606,30.0,-2.859674964232652
2018-11-04 00:07:30+00:00,319.7078975343687,39.12185720631715,-2.868020354388404,265.3869375358634,8.36792824074074,2018-11-08 00:07:30+00:00,354.0911518942502,199.94264269937617,3.670236523274094,426.1768125447174,315.78259631965506,30.0,-2.868020354388404
2018-11-04 00:22:30+00:00,319.72495399153667,39.090528458389414,-2.8763554707283654,262.16678334859176,8.378344907407408,2018-11-08 00:22:30+00:00,353.1811065645654,199.8053067434234,3.669096243489383,426.0046506081564,315.76508582674427,30.0,-2.8763554707283654
2018-11-04 00:37:30+00:00,319.74227682118516,39.05931481135154,-2.884680112998951,266.8998061284937,8.388761574074074,2018-11-08 00:37:30+00:00,353.1811065645654,199.66797081358615,3.667955837809824,425.0491891247317,315.8659859769097,30.0,-2.884680112998951
2018-11-04 00:52:30+00:00,319.7598656927486,39.02821670858964,-2.892994080047498,258.18845972430876,8.39917824074074,2018-11-08 00:52:30+00:00,352.2796148033542,199.53063490981535,3.666815306273448,431.2813021702838,315.76654295952255,30.0,-2.892994080047498
2018-11-04 01:07:30+00:00,319.7777202668416,38.9972345935235,-2.9012971698300185,266.9215105984722,8.409594907407408,2018-11-08 01:07:30+00:00,351.38669477765245,199.39329903210535,3.665674648918286,436.5490102551872,315.9283052830134,30.0,-2.9012971698300185
2018-11-04 01:22:30+00:00,319.79584019517085,38.966368909594635,-2.9095891794169284,318.0837109468161,8.420011574074074,2018-11-08 01:22:30+00:00,351.38669477765245,199.2559631804359,3.66453386578236,448.48497495826376,316.57666630972255,30.0,-2.9095891794169284
2018-11-04 01:37:30+00:00,319.8142251205142,38.93562010024303,-2.917869905002369,293.2134875329851,8.43042824074074,2018-11-08 01:37:30+00:00,350.5023684695255,199.11862735477231,3.663392956903712,441.1832220367279,316.3339785442439,30.0,-2.917869905002369
2018-11-04 01:52:30+00:00,319.83287467666906,38.90498860889824,-2.926139141909244,298.23005700745483,8.440844907407408,2018-11-08 01:52:30+00:00,349.6266618100852,198.98129155510895,3.662251922320375,443.7216789887908,316.4228994898696,30.0,-2.926139141909244
2018-11-04 02:07:30+00:00,319.8517884883551,38.8744748789498,-2.934396684600342,285.09646453767033,8.451261574074074,2018-11-08 02:07:30+00:00,349.6266618100852,198.84395578144031,3.66111076207033,436.74457429048414,316.29694819001526,30.0,-2.934396684600342
2018-11-04 02:22:30+00:00,319.8709661713472,38.84407935372857,-2.9426423266867383,301.1790484140234,8.46167824074074,2018-11-08 02:22:30+00:00,348.7596048132446,198.7066200337026,3.659969476191651,436.2235670562048,316.5174752424502,30.0,-2.9426423266867383
2018-11-04 02:37:30+00:00,319.89040733213966,38.81380247649873,-2.9508758609326695,286.8133105517995,8.472094907407408,2018-11-08 02:37:30+00:00,348.7596048132446,198.56928431191935,3.65882806472234,429.10543546603645,316.38100408871816,30.0,-2.9508758609326695
2018-11-04 02:52:30+00:00,319.9101115681527,38.7836446904359,-2.95909707926585,308.1924174699768,8.482511574074074,2018-11-08 02:52:30+00:00,347.90123170892593,198.43194861604144,3.6576865277004496,423.73442917683315,316.6553283183619,30.0,-2.95909707926585
2018-11-04 03:07:30+00:00,319.930078467535,38.75360643860218,-2.967305772787072,286.7056653562389,8.49292824074074,2018-11-08 03:07:30+00:00,347.05158107553774,198.29461294606335,3.656544865163984,422.26106010016696,316.44333493372034,30.0,-2.967305772787072
2018-11-04 03:22:30+00:00,319.95030760921856,38.723688163930234,-2.9755017317785986,280.4954517261806,8.503344907407408,2018-11-08 03:22:30+00:00,347.05158107553774,198.15727730196537,3.655403077150946,421.1483424755545,316.398547939518,30.0,-2.9755017317785986
2018-11-04 03:37:30+00:00,319.9707985627852,38.69389030921302,-2.983684745710918,284.5575959933222,8.513761574074074,2018-11-08 03:37:30+00:00,346.2106959717444,198.01994168372704,3.654261163699399,421.9927151312794,316.48170002104666,30.0,-2.983684745710918
2018-11-04 03:52:30+00:00,319.99155088848846,38.66421331706364,-2.9918546032572726,303.97890710424946,8.52417824074074,2018-11-08 03:52:30+00:00,345.37862406791993,197.8826060913285,3.653119124847342,423.7948664440735,316.7365212369323,30.0,-2.9918546032572726
2018-11-04 04:07:30+00:00,320.0125641371708,38.6346576299166,-3.000011092297922,286.27012763207495,8.534594907407408,2018-11-08 04:07:30+00:00,345.37862406791993,197.74527052474997,3.6519769606328287,418.4199856904364,316.5679676638622,30.0,-3.000011092297922
2018-11-04 04:22:30+00:00,320.0338378502505,38.6052236900026,-3.0081539999311837,284.73968711293014,8.545011574074074,2018-11-08 04:22:30+00:00,344.5554177783664,197.60793498394233,3.650834671093849,423.8320277385386,316.58253219757745,30.0,-3.0081539999311837
2018-11-04 04:37:30+00:00,320.05537155962037,38.575911939320974,-3.0162831124852425,300.01490579537324,8.55542824074074,2018-11-08 04:37:30+00:00,343.7411343965912,197.47059946894373,3.6496922562684344,420.8524624373957,316.7909462044642,30.0,-3.0162831124852425
2018-11-04 04:52:30+00:00,320.0771647877147,38.54672281963121,-3.024398215525352,299.95355161828854,8.565844907407408,2018-11-08 04:52:30+00:00,343.7411343965912,197.3332639796763,3.648549716194613,423.6346291438111,316.8231848350573,30.0,-3.024398215525352
2018-11-04 05:07:30+00:00,320.09921704730874,38.5176567724257,-3.032499093866035,309.29135925467176,8.576261574074074,2018-11-08 05:07:30+00:00,342.93583623812015,197.19592851617813,3.647407050910408,422.7152396851896,316.95421008911444,30.0,-3.032499093866035
2018-11-04 05:22:30+00:00,320.121527841634,38.48871423890576,-3.0405855315818684,336.8134504302311,8.58667824074074,2018-11-08 05:22:30+00:00,342.1395907992254,197.05859307837144,3.646264260453827,437.0158597662771,317.24332266792885,30.0,-3.0405855315818684
2018-11-04 05:37:30+00:00,320.1440966642651,38.45989565997369,-3.0486573120159055,332.8450892866047,8.597094907407408,2018-11-08 05:37:30+00:00,342.1395907992254,196.9212576662652,3.6451213448629063,426.4656462068816,317.24146375468587,30.0,-3.0486573120159055
2018-11-04 05:52:30+00:00,320.1669229990305,38.43120147620428,-3.0567142177916153,295.47012878607205,8.607511574074074,2018-11-08 05:52:30+00:00,341.35247094694375,196.7839222798544,3.643978304175647,426.5901502504173,316.9082172398555,30.0,-3.0567142177916153
2018-11-04 06:07:30+00:00,320.1900063200795,38.40263212782302,-3.0647560308248094,283.35767946577636,8.61792824074074,2018-11-08 06:07:30+00:00,340.57455516835404,196.6465869190899,3.642835138430116,419.97078464106846,316.80351766433625,30.0,-3.0647560308248094
2018-11-04 06:22:30+00:00,320.2133460917474,38.37418805469285,-3.072782532332545,274.22787979966614,8.628344907407408,2018-11-08 06:22:30+00:00,340.57455516835404,196.50925158396657,3.641691847664296,423.9565943238731,316.72595731510603,30.0,-3.072782532332545
2018-11-04 06:37:30+00:00,320.23694176857316,38.34586969628556,-3.080793502846673,276.518335156295,8.638761574074074,2018-11-08 06:37:30+00:00,339.8059279298379,196.37191627445023,3.640548431916197,427.08204149773434,316.7901350688674,30.0,-3.080793502846673
2018-11-04 06:52:30+00:00,320.2607927952392,38.317677491661875,-3.088788722225144,275.20172509738455,8.64917824074074,2018-11-08 06:52:30+00:00,339.8059279298379,196.2345809905357,3.639404891223854,422.794133384701,316.80919496571397,30.0,-3.088788722225144
2018-11-04 07:07:30+00:00,320.284898606557,38.289611879456494,-3.0967679696620896,284.8177742474016,8.659594907407408,2018-11-08 07:07:30+00:00,339.0466802383083,196.09724573221752,3.6382612256252913,426.17916307398775,316.96108722116134,30.0,-3.0967679696620896
2018-11-04 07:22:30+00:00,320.30925862736007,38.26167329784897,-3.104731023701783,276.21035058430715,8.670011574074074,2018-11-08 07:22:30+00:00,338.29691057146346,195.9599104994475,3.637117435158495,424.91652754590984,316.8934201202611,30.0,-3.104731023701783
2018-11-04 07:37:30+00:00,320.3338722725929,38.2338621845486,-3.1126776622495727,273.1871667833486,8.68042824074074,2018-11-08 07:37:30+00:00,338.29691057146346,195.82257529220527,3.6359735198615377,432.2744346638336,316.89185883388683,30.0,-3.1126776622495727
2018-11-04 07:52:30+00:00,320.35873894714325,38.20617897676924,-3.1206076625844705,288.6201668796316,8.690844907407408,2018-11-08 07:52:30+00:00,337.5567264811809,195.68524011051537,3.6348294797724017,436.1762298636255,317.11172934222185,30.0,-3.1206076625844705
2018-11-04 08:07:30+00:00,320.3838580458484,38.178624111212386,-3.128520801371132,285.55281234389537,8.701261574074074,2018-11-08 08:07:30+00:00,336.826247425115,195.5479049542997,3.633685314929093,451.8920422927101,317.11298966309334,30.0,-3.128520801371132
2018-11-04 08:22:30+00:00,320.4092289535266,38.15119802403775,-3.13641685467431,291.311309078349,8.71167824074074,2018-11-08 08:22:30+00:00,336.826247425115,195.41056982358236,3.632541025369662,457.6489088957787,317.2137691324988,30.0,-3.13641685467431
2018-11-04 08:37:30+00:00,320.4348510448678,38.12390115084918,-3.1442955979695046,282.03188109214284,8.722094907407408,2018-11-08 08:37:30+00:00,336.1056098423446,195.2732347183148,3.6313966111320943,475.9410525478973,317.1453071309273,30.0,-3.1442955979695046
2018-11-04 08:52:30+00:00,320.46072368440844,38.096733926663106,-3.1521568061594163,290.6244138822398,8.732511574074074,2018-11-08 08:52:30+00:00,335.39497633715985,195.13589963847733,3.630252072254435,476.00325940058826,317.27911300666534,30.0,-3.1521568061594163
2018-11-04 09:07:30+00:00,320.4868462265649,38.06969678589712,-3.160000253583221,319.16164036835585,8.74292824074074,2018-11-08 09:07:30+00:00,335.39497633715985,194.99856458407953,3.629107408774677,477.6788650275712,317.59938746608145,30.0,-3.160000253583221
2018-11-04 09:22:30+00:00,320.5132180154729,38.04279016234559,-3.167825714032028,296.96773867165376,8.753344907407408,2018-11-08 09:22:30+00:00,334.694552400335,194.86122955510208,3.6279626207308193,462.85403522465293,317.42031196498425,30.0,-3.167825714032028
2018-11-04 09:37:30+00:00,320.53983838512164,38.01601448914891,-3.1756329607635365,288.5538397328881,8.763761574074074,2018-11-08 09:37:30+00:00,334.004616992037,194.72389455148155,3.626817708160911,462.5319977740679,317.3673437391666,30.0,-3.1756329607635365
2018-11-04 09:52:30+00:00,320.56670665912026,37.98937019878578,-3.1834217665125446,296.62353226827804,8.77417824074074,2018-11-08 09:52:30+00:00,334.004616992037,194.58655957322785,3.625672671102951,456.61345297718424,317.49077837872096,30.0,-3.1834217665125446
2018-11-04 10:07:30+00:00,320.5938221508964,37.962857723029614,-3.1911919035112915,289.5518067747321,8.784594907407408,2018-11-08 10:07:30+00:00,333.32557867529374,194.4492246203358,3.624527509594968,465.0876460767946,317.4532271226134,30.0,-3.1911919035112915
2018-11-04 10:22:30+00:00,320.6211841635288,37.93647749294584,-3.198943143497248,293.81255625735673,8.795011574074074,2018-11-08 10:22:30+00:00,332.658078950297,194.31188969274248,3.6233822236749527,466.6170890878737,317.53638638582606,30.0,-3.198943143497248
2018-11-04 10:37:30+00:00,320.6487919896801,37.910229938862294,-3.206675257729993,271.87867690856547,8.80542824074074,2018-11-08 10:37:30+00:00,332.658078950297,194.17455479047229,3.6222368133809177,471.4782574131489,317.3261525006192,30.0,-3.206675257729993
2018-11-04 10:52:30+00:00,320.676644911699,37.88411549034189,-3.214388017007088,268.906510851419,8.815844907407408,2018-11-08 10:52:30+00:00,332.0031829684837,194.03721991349107,3.62109127875091,465.4612846808173,317.3283714408512,30.0,-3.214388017007088
2018-11-04 11:07:30+00:00,320.7047422015062,37.85813457616598,-3.222081191676988,274.03838386558243,8.826261574074074,2018-11-08 11:07:30+00:00,332.0031829684837,193.89988506177951,3.6199456198229063,470.1049367994276,317.42999841638994,30.0,-3.222081191676988
2018-11-04 11:22:30+00:00,320.73308312057276,37.832287624302985,-3.2297545516569337,284.81722347607695,8.83667824074074,2018-11-08 11:22:30+00:00,331.3627323228965,193.7625502352894,3.618799836634924,468.1030884808013,317.5926348704174,30.0,-3.2297545516569337
2018-11-04 11:37:30+00:00,320.7616669199675,37.80657506189431,-3.2374078664446033,275.8932898917551,8.847094907407408,2018-11-08 11:37:30+00:00,330.7399989950905,193.62521543405936,3.617653929224977,463.8425153032832,317.530282222467,30.0,-3.2374078664446033
2018-11-04 11:52:30+00:00,320.7904928401892,37.780997315229385,-3.2450409051349194,283.1012546162797,8.857511574074074,2018-11-08 11:52:30+00:00,330.7399989950905,193.48788065801216,3.616507897631083,465.10553303124254,317.65169942016945,30.0,-3.2450409051349194
2018-11-04 12:07:30+00:00,320.8195601112939,37.755554809716806,-3.252653436436814,295.14782702353386,8.86792824074074,2018-11-08 12:07:30+00:00,330.14089972415684,193.35054590718644,3.6153617418912543,464.0479668495111,317.81872216218096,30.0,-3.252653436436814
2018-11-04 12:22:30+00:00,320.84886795278084,37.73024796986318,-3.260245228688884,289.7219803814801,8.878344907407408,2018-11-08 12:22:30+00:00,329.576254411262,193.21321118150507,3.614215462043476,461.3453741583959,317.80180629511676,30.0,-3.260245228688884
2018-11-04 12:37:30+00:00,320.87841557359747,37.70507721925065,-3.2678160498739555,279.79581945331313,8.888761574074074,2018-11-08 12:37:30+00:00,329.576254411262,193.07587648099224,3.613069058125799,461.2533710029536,317.7335286381923,30.0,-3.2678160498739555
2018-11-04 12:52:30+00:00,320.9082021721539,37.68004298051574,-3.2753656676352634,298.6529969303678,8.89917824074074,2018-11-08 12:52:30+00:00,329.0659903675957,192.93854180559975,3.6119225301762015,465.54053382621834,317.9714585421183,30.0,-3.2753656676352634
2018-11-04 13:07:30+00:00,320.9382269362208,37.655145675319766,-3.282893849294001,296.2228714524207,8.909594907407408,2018-11-08 13:07:30+00:00,328.64697064316186,192.80120715532317,3.610775878232687,471.2043521308964,317.98698961578594,30.0,-3.282893849294001
2018-11-04 13:22:30+00:00,320.96848904301623,37.630385724326075,-3.290400361865892,296.1765862622129,8.920011574074074,2018-11-08 13:22:30+00:00,328.64697064316186,192.663872530143,3.60962910233329,480.82081246521983,318.0263375467473,30.0,-3.290400361865892
2018-11-04 13:37:30+00:00,320.99898765909626,37.6057635471808,-3.297884972076665,307.7279336528623,8.93042824074074,2018-11-08 13:37:30+00:00,328.3875535145453,192.526537930055,3.608482202516008,490.2556343906511,318.1764148005226,30.0,-3.297884972076665
2018-11-04 13:52:30+00:00,321.0297219403565,37.581279562484795,-3.3053474463796135,340.70190909580487,8.940844907407408,2018-11-08 13:52:30+00:00,328.4145719285686,192.38920335499628,3.607335178818833,491.1571594793631,318.4885315365045,30.0,-3.3053474463796135
2018-11-04 14:07:30+00:00,321.0606910320927,37.55693418776808,-3.31278755097358,292.77439828338294,8.951261574074074,2018-11-08 14:07:30+00:00,328.4145719285686,192.2518688049914,3.606188031279797,496.77290433550866,318.1130010529896,30.0,-3.31278755097358
2018-11-04 14:22:30+00:00,321.0918940688614,37.532727839468265,-3.3202050518191792,293.8856427378965,8.96167824074074,2018-11-08 14:22:30+00:00,328.96291319453036,192.11453427999223,3.6050407599369065,496.6876838381429,318.16475626496776,30.0,-3.3202050518191792
2018-11-04 14:37:30+00:00,321.123330174531,37.508660932910416,-3.327599714654929,312.5289826703566,8.972094907407408,2018-11-08 14:37:30+00:00,330.465072602938,191.9771997800089,3.6038933648281337,486.4606595407931,318.37959963524634,30.0,-3.327599714654929
2018-11-04 14:52:30+00:00,321.1549984622715,37.48473388227303,-3.334971305017717,324.4948858696907,8.982511574074074,2018-11-08 14:52:30+00:00,330.465072602938,191.83986530499325,3.6027458459915276,482.60282288662927,318.52086503727116,30.0,-3.334971305017717
2018-11-04 15:07:30+00:00,321.1868980345906,37.460947100567026,-3.342319588259925,335.10524157301046,8.99292824074074,2018-11-08 15:07:30+00:00,333.7073519331154,191.702530854941,3.6015982034650524,476.7636040225773,318.6442748548197,30.0,-3.342319588259925
2018-11-04 15:22:30+00:00,321.2190279831954,37.43730099961406,-3.3496443295661424,373.0354384172626,9.003344907407408,2018-11-08 15:22:30+00:00,333.7073519331154,191.56519642983295,3.600450437286753,471.008227999046,318.94217741338355,30.0,-3.3496443295661424
2018-11-04 15:37:30+00:00,321.2513873890603,37.413795990024354,-3.3569452939702997,375.6500586114357,9.013761574074074,2018-11-08 15:37:30+00:00,340.08320286708886,191.4278620296504,3.5993025474946125,465.61074012242625,318.99753000371896,30.0,-3.3569452939702997
2018-11-04 15:52:30+00:00,321.28397532244014,37.39043248116269,-3.3642222463775364,344.0532338931557,9.02417824074074,2018-11-08 15:52:30+00:00,351.9411332024569,191.29052765435975,3.5981545341266403,463.0641843548772,318.8308853827217,30.0,-3.3642222463775364
2018-11-04 16:07:30+00:00,321.31679084280273,37.36721088112999,-3.371474951580101,334.8329878093437,9.034594907407408,2018-11-08 16:07:30+00:00,351.9411332024569,191.15319330395673,3.597006397220849,469.0943238731218,318.8040706765876,30.0,-3.371474951580101
2018-11-04 16:22:30+00:00,321.34983299888887,37.34413159673846,-3.3787031742762608,333.393732100927,9.045011574074074,2018-11-08 16:22:30+00:00,372.8646861573624,191.01585897843708,3.5958581368152185,467.2760155815248,318.83417104551773,30.0,-3.3787031742762608
2018-11-04 16:37:30+00:00,321.38310082858214,37.32119503348628,-3.3859066790891235,351.86802141500203,9.05542824074074,2018-11-08 16:37:30+00:00,407.28820687917425,190.8785246777528,3.5947097529477894,470.7050441211543,319.00696403329954,30.0,-3.3859066790891235
2018-11-04 16:52:30+00:00,321.4165933591372,37.29840159552644,-3.3930852305875967,359.1108637853212,9.065844907407408,2018-11-08 16:52:30+00:00,407.28820687917425,190.74119040189973,3.593561245656521,475.9231655934494,319.095628979397,30.0,-3.3930852305875967
2018-11-04 17:07:30+00:00,321.4503096068769,37.275751685651414,-3.400238593302606,321.31677796327216,9.076261574074074,2018-11-08 17:07:30+00:00,458.29292507030885,190.60385615085903,3.59241261497945,480.83671198028463,318.8643976916238,30.0,-3.400238593302606
2018-11-04 17:22:30+00:00,321.4842485773914,37.253245705267744,-3.407366531746078,313.4676746189886,9.08667824074074,2018-11-08 17:22:30+00:00,523.2733866376009,190.4665219246119,3.5912638609545646,474.0947665300754,318.84178573313585,30.0,-3.407366531746078
2018-11-04 17:37:30+00:00,321.5184092655058,37.230884054359976,-3.4144688104340823,317.47101351715224,9.097094907407408,2018-11-08 17:37:30+00:00,523.2733866376009,190.3291877231252,3.5901149836198565,468.8965736545035,318.9173120667306,30.0,-3.4144688104340823
2018-11-04 17:52:30+00:00,321.5527906552147,37.20866713147827,-3.4215451939025057,331.53130022105194,9.107511574074074,2018-11-08 17:52:30+00:00,591.4662888450599,190.1918535464091,3.588965983013363,468.1000079497575,319.06965928161713,30.0,-3.4215451939025057
2018-11-04 18:07:30+00:00,321.58739171978823,37.186595333699174,-3.428595446730942,334.232457321342,9.11792824074074,2018-11-08 18:07:30+00:00,649.3865564942319,190.0545193944161,3.587816859173039,462.3844349167805,319.1318697101967,30.0,-3.428595446730942
2018-11-04 18:22:30+00:00,321.6222114216467,37.16466905661479,-3.4356193335583756,329.92487479131887,9.128344907407408,2018-11-08 18:22:30+00:00,649.3865564942319,189.91718526714183,3.5866676121369157,469.6060895142698,319.142219099946,30.0,-3.4356193335583756
2018-11-04 18:37:30+00:00,321.65724871242236,37.14288869430445,-3.4426166191037635,330.11100490064086,9.138761574074074,2018-11-08 18:37:30+00:00,690.0091445818045,189.7798511645679,3.585518241943002,464.5631608235949,319.1861895576312,30.0,-3.4426166191037635
2018-11-04 18:52:30+00:00,321.69250253301,37.12125463930085,-3.44958706818921,333.47790173985715,9.14917824074074,2018-11-08 18:52:30+00:00,714.6803335546231,189.64251708667555,3.584368748629261,463.3613065426504,319.25380062962614,30.0,-3.44958706818921
2018-11-04 19:07:30+00:00,321.72797181346954,37.099767282570085,-3.4565304457584007,331.653898971404,9.159594907407408,2018-11-08 19:07:30+00:00,714.6803335546231,189.50518303344631,3.5832191322337175,462.861713967724,319.28325663827917,30.0,-3.4565304457584007
2018-11-04 19:22:30+00:00,321.7636554731476,37.07842701348897,-3.4634465168961768,332.6772524915263,9.170011574074074,2018-11-08 19:22:30+00:00,728.3497928171421,189.3678490048616,3.582069392794379,459.56366671725607,319.33378617123077,30.0,-3.4634465168961768
2018-11-04 19:37:30+00:00,321.79955242059657,37.0572342198128,-3.4703350468518637,338.8019010178254,9.18042824074074,2018-11-08 19:37:30+00:00,728.3497928171421,189.23051500088815,3.580919530349227,456.9021285475793,319.4207522833587,30.0,-3.4703350468518637
2018-11-04 19:52:30+00:00,321.83566155358096,37.036189287661834,-3.477195801055517,335.50103667402664,9.190844907407408,2018-11-08 19:52:30+00:00,735.5510107843364,189.09318102153685,3.579769544936264,456.4563955799348,319.44062078746316,30.0,-3.477195801055517
2018-11-04 20:07:30+00:00,321.8719817591372,37.01529260148314,-3.484028545142677,329.67344768161996,9.201261574074074,2018-11-08 20:07:30+00:00,739.2616028099674,188.95584706676,3.5786194365934887,451.3922012878608,319.4418429456306,30.0,-3.484028545142677
2018-11-04 20:22:30+00:00,321.9085119135975,36.99454454402565,-3.4908330449761693,328.64586138187303,9.21167824074074,2018-11-08 20:22:30+00:00,739.2616028099674,188.8185131365536,3.577469205358912,459.05676126878126,319.47798443869505,30.0,-3.4908330449761693
2018-11-04 20:37:30+00:00,321.9452508825306,36.973945496325854,-3.4976090666628066,331.71478980118377,9.222094907407408,2018-11-08 20:37:30+00:00,741.1694403363009,188.6811792308994,3.5763188512705057,459.70069162890536,319.54430165827375,30.0,-3.4976090666628066
2018-11-04 20:52:30+00:00,321.98219752080126,36.953495837674055,-3.5043563765774004,334.1062388927783,9.232511574074074,2018-11-08 20:52:30+00:00,742.1655398887618,188.54384534977885,3.5751683743663096,460.3338898163606,319.60542358841775,30.0,-3.5043563765774004
2018-11-04 21:07:30+00:00,322.0193506725411,36.933195945589745,-3.5110747413843995,319.2043863428294,9.24292824074074,2018-11-08 21:07:30+00:00,742.1655398887618,188.40651149315917,3.5740177746842736,460.9324071865808,319.53888120348296,30.0,-3.5110747413843995
2018-11-04 21:22:30+00:00,322.05670917120233,36.91304619579657,-3.5177639280582267,298.31372179438847,9.253344907407408,2018-11-08 21:22:30+00:00,742.7040807788452,188.2691776610511,3.5728670522624193,460.09420462675894,319.4102482179342,30.0,-3.5177639280582267
2018-11-04 21:37:30+00:00,322.0942718396613,36.89304696219486,-3.524423703906336,296.369957994507,9.263761574074074,2018-11-08 21:37:30+00:00,743.0126542678559,188.13184385342151,3.571716207138744,459.4188727243819,319.43816022567074,30.0,-3.524423703906336
2018-11-04 21:52:30+00:00,322.13203748997455,36.87319861684583,-3.5310538365875996,314.94305986167416,9.27417824074074,2018-11-08 21:52:30+00:00,743.0126542678559,187.9945100702525,3.57056523935123,454.6382544139222,319.639761615441,30.0,-3.5310538365875996
2018-11-04 22:07:30+00:00,322.1700049236942,36.85350152992999,-3.5376540941388535,297.18902635053206,9.284594907407408,2018-11-08 22:07:30+00:00,743.2044208785192,187.85717631151095,3.5694141489378897,454.6327212020034,319.536409814639,30.0,-3.5376540941388535
2018-11-04 22:22:30+00:00,322.2081729316879,36.83395606973554,-3.5442242449931443,313.99307986428994,9.295011574074074,2018-11-08 22:22:30+00:00,743.3355077529527,187.71984257719336,3.568262935936696,454.3377851975515,319.72262943240736,30.0,-3.5442242449931443
2018-11-04 22:37:30+00:00,322.24654029428393,36.814562602623774,-3.550764058003757,339.0355854227091,9.30542824074074,2018-11-08 22:37:30+00:00,743.3355077529527,187.58250886728135,3.5671116003856707,454.3947253358773,319.95112134156295,30.0,-3.550764058003757
2018-11-04 22:52:30+00:00,322.2851057812182,36.79532149301021,-3.5572733024648464,330.8844714308794,9.315844907407408,2018-11-08 22:52:30+00:00,743.4337991072842,187.44517518175684,3.565960142322792,454.2968439462597,319.9397815827949,30.0,-3.5572733024648464
2018-11-04 23:07:30+00:00,322.32386815164114,36.77623310333669,-3.563751748134501,323.5392320534224,9.326261574074074,2018-11-08 23:07:30+00:00,743.5132338847502,187.30784152060167,3.56480856178606,452.8366722314969,319.93203627745055,30.0,-3.563751748134501
2018-11-04 23:22:30+00:00,322.36282615420646,36.757297794044035,-3.5701991652567857,317.52790982690277,9.33667824074074,2018-11-08 23:22:30+00:00,743.5132338847502,187.1705078837975,3.563656858813482,450.1614794498768,319.9325231923314,30.0,-3.5701991652567857
2018-11-04 23:37:30+00:00,322.4019785270979,36.73851592354835,-3.576615324584504,315.9573751952178,9.347094907407408,2018-11-08 23:37:30+00:00,743.5808699681995,187.033174271312,3.5625050334430335,444.40337069719374,319.96638380788403,30.0,-3.576615324584504
2018-11-04 23:52:30+00:00,322.4413239980092,36.71988784821808,-3.5829999974008007,317.5791108094507,9.357511574074074,2018-11-08 23:52:30+00:00,743.5808699681995,186.89584068314144,3.561353085712714,441.9635901105016,320.02486540004406,30.0,-3.5829999974008007
2018-11-05 00:07:30+00:00,322.4808612841697,36.70141392234304,-3.5893529555429713,326.57152947219726,9.36792824074074,2018-11-09 00:07:30+00:00,743.6403653363453,186.7585071192823,3.560201015660499,446.4792511328404,320.13740214549415,30.0,-3.5893529555429713
2018-11-05 00:22:30+00:00,322.5205890923652,36.68309449811704,-3.5956739714231363,309.5340352199903,9.378344907407408,2018-11-09 00:22:30+00:00,743.6936914381961,186.6211735796875,3.5590488233244213,447.8515780268702,320.05489920087933,30.0,-3.5956739714231363
2018-11-05 00:37:30+00:00,322.56050611910905,36.664929925602294,-3.60196281805381,322.451397490441,9.388761574074074,2018-11-09 00:37:30+00:00,743.6936914381961,186.4838400643536,3.557896508742431,437.5120149744523,320.2000246996752,30.0,-3.60196281805381
2018-11-05 00:52:30+00:00,322.6006110504533,36.6469205527142,-3.6082192690673303,314.68105444558137,9.39917824074074,2018-11-09 00:52:30+00:00,743.741976326733,186.3465065732772,3.556744071952545,435.66852492248984,320.18837861261494,30.0,-3.6082192690673303
2018-11-05 01:07:30+00:00,322.64090256224085,36.62906672519059,-3.614443098740973,314.46463191340405,9.409594907407408,2018-11-09 01:07:30+00:00,743.7859199489429,186.2091731064111,3.555591512992756,436.26281898402095,320.23349375263825,30.0,-3.614443098740973
2018-11-05 01:22:30+00:00,322.6813793199798,36.61136878656762,-3.620634082018987,314.73288814691153,9.420011574074074,2018-11-09 01:22:30+00:00,743.7859199489429,186.07183966373745,3.554438831901063,437.0977269808656,320.28244411389414,30.0,-3.620634082018987
2018-11-05 01:37:30+00:00,322.72203997894974,36.59382707815504,-3.6267919945356706,301.002006031558,9.43042824074074,2018-11-09 01:37:30+00:00,743.8259992524684,185.9345062452675,3.5532860287154437,438.15734557595994,320.22032732212006,30.0,-3.6267919945356706
2018-11-05 01:52:30+00:00,322.76288318418483,36.57644193901522,-3.632916612637576,337.53412653627953,9.440844907407408,2018-11-09 01:52:30+00:00,743.8625700730674,185.7971728509689,3.5521331034738663,438.4877573734001,320.53781889631597,30.0,-3.632916612637576
2018-11-05 02:07:30+00:00,322.8039075706097,36.559213705928606,-3.6390077134083745,310.255634988551,9.451261574074074,2018-11-09 02:07:30+00:00,743.8625700730674,185.65983948082368,3.550980056214369,439.9113602035138,320.3895512531339,30.0,-3.6390077134083745
2018-11-05 02:22:30+00:00,322.845111762998,36.54214271338,-3.645065074689598,344.1225006346984,9.46167824074074,2018-11-09 02:22:30+00:00,743.8959183238151,185.52250613479927,3.549826886974936,437.9451864218141,320.6740298678493,30.0,-3.645065074689598
2018-11-05 02:37:30+00:00,322.8864943760578,36.52522929352693,-3.651088475105688,318.593489148581,9.472094907407408,2018-11-09 02:37:30+00:00,743.9262862565571,185.38517281290743,3.5486735957935247,436.15152237856745,320.5475055717365,30.0,-3.651088475105688
2018-11-05 02:52:30+00:00,322.9280540144373,36.50847377617355,-3.657077694086958,330.63762880663177,9.482511574074074,2018-11-09 02:52:30+00:00,743.9262862565571,185.2478395151011,3.547520182708136,434.1722314969394,320.68005485918576,30.0,-3.657077694086958
2018-11-05 03:07:30+00:00,322.9697892728037,36.49187648875178,-3.663032511891238,344.07864874637454,9.49292824074074,2018-11-09 03:07:30+00:00,743.953886431726,185.110506241377,3.5463666477567743,433.9121750536608,320.81511420375796,30.0,-3.663032511891238
2018-11-05 03:22:30+00:00,323.01169873583365,36.47543775629596,-3.668952709628,345.4321700861633,9.503344907407408,2018-11-09 03:22:30+00:00,743.9789095872947,184.97317299171743,3.545212990977441,435.47976786708006,320.87090111075383,30.0,-3.668952709628
2018-11-05 03:37:30+00:00,323.05378097836524,36.45915790141355,-3.674838069282,301.77404427361256,9.513761574074074,2018-11-09 03:37:30+00:00,743.9789095872947,184.83583976610487,3.544059212408092,430.96351061292626,320.6094316037367,30.0,-3.674838069282
2018-11-05 03:52:30+00:00,323.09603456529885,36.44303724426734,-3.6806883737356086,303.1374129295953,9.52417824074074,2018-11-09 03:52:30+00:00,744.00152943659,184.69850656452155,3.542905312086734,432.4832252472069,320.66875184603714,30.0,-3.6806883737356086
2018-11-05 04:07:30+00:00,323.138458051808,36.42707610254181,-3.6865034067938054,295.58354833813934,9.534594907407408,2018-11-09 04:07:30+00:00,744.00152943659,184.56117338694983,3.5417512900513555,432.8404483663248,320.6553109603943,30.0,-3.6865034067938054
2018-11-05 04:22:30+00:00,323.1810499832901,36.41127479142994,-3.6922829532049257,311.7070116861436,9.545011574074074,2018-11-09 04:22:30+00:00,744.0219058755747,184.42384023337212,3.5405971463399664,433.6477462437395,320.8321361699187,30.0,-3.6922829532049257
2018-11-05 04:37:30+00:00,323.22380889539073,36.3956336236035,-3.6980267986853,318.31176961602665,9.55542824074074,2018-11-09 04:37:30+00:00,744.0401873221801,184.28650710375632,3.539442880990512,427.15711702043086,320.9292450720039,30.0,-3.6980267986853
2018-11-05 04:52:30+00:00,323.26673331415776,36.380152909188375,-3.7037347299428327,296.48372287145247,9.565844907407408,2018-11-09 04:52:30+00:00,744.0401873221801,184.1491739981141,3.5382884940410086,417.5729390253597,320.8091995459623,30.0,-3.7037347299428327
2018-11-05 05:07:30+00:00,323.30982175602406,36.36483295574352,-3.709406534699305,310.8153741083624,9.576261574074074,2018-11-09 05:07:30+00:00,744.0565125404476,184.0118409164132,3.5371339855294477,433.1856123842769,320.97123341767013,30.0,-3.709406534699305
2018-11-05 05:22:30+00:00,323.35307272786895,36.34967406823479,-3.7150420017144374,328.6765005866735,9.58667824074074,2018-11-09 05:22:30+00:00,744.0710121229439,183.87450785862168,3.535979355493789,431.6832617855154,321.1468363512668,30.0,-3.7150420017144374
2018-11-05 05:37:30+00:00,323.3964847271301,36.33467654901331,-3.7206409208084543,303.9026738111907,9.597094907407408,2018-11-09 05:37:30+00:00,744.0710121229439,183.7371748247511,3.5348246039720705,429.1398362349949,321.01603406012424,30.0,-3.7206409208084543
2018-11-05 05:52:30+00:00,323.44005624176356,36.319840697790106,-3.726203082886155,306.65221605902315,9.607511574074074,2018-11-09 05:52:30+00:00,744.0838097190228,183.59984181474053,3.5336697310022167,431.6785913029652,321.08647450241114,30.0,-3.726203082886155
2018-11-05 06:07:30+00:00,323.48378575045064,36.30516681161375,-3.731728279959568,354.8588565427786,9.61792824074074,2018-11-09 06:07:30+00:00,744.0950230562727,183.46250882863063,3.5325147366222733,431.4239009460211,321.4546542442618,30.0,-3.731728279959568
2018-11-05 06:22:30+00:00,323.5276717224675,36.29065518484997,-3.7372163051695706,302.5528658875905,9.628344907407408,2018-11-09 06:22:30+00:00,744.0950230562727,183.32517586636044,3.5313596208701994,433.7908418793226,321.1532171155814,30.0,-3.7372163051695706
2018-11-05 06:37:30+00:00,323.57171261790415,36.276306109152245,-3.742666952812326,300.9498814695091,9.638761574074074,2018-11-09 06:37:30+00:00,744.104764784348,183.1878429279272,3.5302043837839756,432.878408458542,321.190055690935,30.0,-3.742666952812326
2018-11-05 06:52:30+00:00,323.61590688766563,36.262119873444966,-3.748080018359663,299.61393989983304,9.64917824074074,2018-11-09 06:52:30+00:00,744.1131431626567,183.05051001331344,3.5290490254016067,432.3269437157167,321.2290376711911,30.0,-3.748080018359663
2018-11-05 07:07:30+00:00,323.6602529735845,36.24809676389624,-3.7534552984832152,314.31219487057587,9.659594907407408,2018-11-09 07:07:30+00:00,744.1131431626567,182.91317712248744,3.527893545761069,426.1010414182367,321.3900965785668,30.0,-3.7534552984832152
2018-11-05 07:22:30+00:00,323.7047493083994,36.23423706389816,-3.75879259107711,321.04390123699267,9.670011574074074,2018-11-09 07:22:30+00:00,744.120262610282,182.77584425547553,3.526737944900365,422.0538504344848,321.48712409507306,30.0,-3.75879259107711
2018-11-05 07:37:30+00:00,323.74939431587893,36.22054105404231,-3.764091695280967,360.7975835503996,9.68042824074074,2018-11-09 07:37:30+00:00,744.120262610282,182.63851141221684,3.525582222857466,421.4829775816837,321.7804483288305,30.0,-3.764091695280967
2018-11-05 07:52:30+00:00,323.79418641090865,36.2070090121003,-3.7693524115027306,320.09060800258493,9.690844907407408,2018-11-09 07:52:30+00:00,744.1262241351608,182.5011785926942,3.5244263796703432,416.0267111853088,321.5796710014624,30.0,-3.7693524115027306
2018-11-05 08:07:30+00:00,323.83912399951316,36.19364121299711,-3.774574541441599,289.11822734861136,9.701261574074074,2018-11-09 08:07:30+00:00,744.131125658553,182.3638457969049,3.5232704153770036,413.9315525876461,321.392654343939,30.0,-3.774574541441599
2018-11-05 08:22:30+00:00,323.8842054789973,36.18043792879326,-3.779757888110627,282.63488389740473,9.71167824074074,2018-11-09 08:22:30+00:00,744.131125658553,182.226513024861,3.5221143300154356,412.1156789092933,321.38695130312163,30.0,-3.779757888110627
2018-11-05 08:37:30+00:00,323.92942923789815,36.167399428660445,-3.784902255859435,317.8374436630573,9.722094907407408,2018-11-09 08:37:30+00:00,744.1350622495758,182.08918027648704,3.520958123623611,411.2667938627872,321.71344697853766,30.0,-3.784902255859435
2018-11-05 08:52:30+00:00,323.97479365622235,36.15452597886109,-3.7900074503968018,273.99773816576015,9.732511574074074,2018-11-09 08:52:30+00:00,744.1381262828661,181.9518475517951,3.519801796239539,408.33459806748624,321.40961927717444,30.0,-3.7900074503968018
2018-11-05 09:07:30+00:00,324.02029710538415,36.14181784272575,-3.795073278813237,290.68973409520135,9.74292824074074,2018-11-09 09:07:30+00:00,744.1381262828661,181.81451485078264,3.518645347901182,409.0862747436204,321.6074127964737,30.0,-3.795073278813237
2018-11-05 09:22:30+00:00,324.06593794831906,36.12927528063334,-3.8000995496031433,298.9669581176259,9.753344907407408,2018-11-09 09:22:30+00:00,744.1404075302839,181.6771821734036,3.517488778646526,409.7573336513236,321.72464802263687,30.0,-3.8000995496031433
2018-11-05 09:37:30+00:00,324.1117145396232,36.11689854998718,-3.8050860726876863,319.71902094889333,9.763761574074074,2018-11-09 09:37:30+00:00,744.1419931951767,181.53984951965543,3.5163320885135585,409.3948247078464,321.92681202065125,30.0,-3.8050860726876863
2018-11-05 09:52:30+00:00,324.15762522555684,36.10468790519744,-3.8100326594363585,322.2356627572368,9.77417824074074,2018-11-09 09:52:30+00:00,744.1419931951767,181.4025168895212,3.515175277540272,407.05703415949654,321.9941141402419,30.0,-3.8100326594363585
2018-11-05 10:07:30+00:00,324.2036683441623,36.09264359765776,-3.814939122689621,296.2636591288511,9.784594907407408,2018-11-09 10:07:30+00:00,744.1429678953059,181.2651842829985,3.514018345764659,404.27877631550416,321.8551354171685,30.0,-3.814939122689621
2018-11-05 10:22:30+00:00,324.24984222530816,36.08076587572556,-3.8198052767806994,286.3741316172115,9.795011574074074,2018-11-09 10:22:30+00:00,744.1434135983613,181.1278517000266,3.5128612932246956,403.60283011368153,321.824942640609,30.0,-3.8198052767806994
2018-11-05 10:37:30+00:00,324.2961451908514,36.069054984702944,-3.824630937556997,297.6048790995746,9.80542824074074,2018-11-09 10:37:30+00:00,744.1434135983613,180.9905191406324,3.511704119958351,401.9789927657206,321.9672481598485,30.0,-3.824630937556997
2018-11-05 10:52:30+00:00,324.3425755546382,36.05751116681317,-3.829415922402872,275.52372233292044,9.815844907407408,2018-11-09 10:52:30+00:00,744.1434095123197,180.85318660478455,3.510546826003627,398.95460688449,321.8318196752536,30.0,-3.829415922402872
2018-11-05 11:07:30+00:00,324.38913162260656,36.04613466118389,-3.834160050260569,273.52038343475687,9.826261574074074,2018-11-09 11:07:30+00:00,744.1430319319467,180.71585409246617,3.509389411398504,394.1731168108464,321.8647362166918,30.0,-3.834160050260569
2018-11-05 11:22:30+00:00,324.4358116929554,36.03492570382471,-3.838863141652442,285.83055091819705,9.83667824074074,2018-11-09 11:22:30+00:00,744.1430319319467,180.5785216036603,3.508231876180966,388.76649574687974,322.024615531755,30.0,-3.838863141652442
2018-11-05 11:37:30+00:00,324.48261405606877,36.02388452761025,-3.8435250187012873,291.275041736227,9.847094907407408,2018-11-09 11:37:30+00:00,744.1423540426335,180.4411891383504,3.507074220389003,386.7081860821427,322.12081672687015,30.0,-3.8435250187012873
2018-11-05 11:52:30+00:00,324.5295369948019,36.01301136225763,-3.848145505152552,282.88099212974004,9.857511574074074,2018-11-09 11:52:30+00:00,744.1423540426335,180.30385669651952,3.5059164440605937,384.2487479131886,322.102046600513,30.0,-3.848145505152552
2018-11-05 12:07:30+00:00,324.57657878439767,36.00230643431071,-3.852724426395368,309.92278797996664,9.86792824074074,2018-11-09 12:07:30+00:00,744.1414456835948,180.16652427813645,3.5047585472337235,383.7815234987605,322.36483958339176,30.0,-3.852724426395368
2018-11-05 12:22:30+00:00,324.62373769265963,35.99176996712051,-3.857261609483608,283.35767946577636,9.878344907407408,2018-11-09 12:22:30+00:00,744.1403730741561,180.02919188321354,3.5036005299463686,384.0746482232292,322.2088918785381,30.0,-3.857261609483608
2018-11-05 12:37:30+00:00,324.67101198010045,35.981402180821,-3.8617568831568985,317.70510374433576,9.888761574074074,2018-11-09 12:37:30+00:00,744.1403730741561,179.89185951171967,3.502442392236533,383.6501005950087,322.52096437840567,30.0,-3.8617568831568985
2018-11-05 12:52:30+00:00,324.7183998998995,35.97120329231851,-3.866210077859141,322.040771402611,9.89917824074074,2018-11-09 12:52:30+00:00,744.139198509341,179.75452716362375,3.501284134142164,383.1698664440735,322.6009152974221,30.0,-3.866210077859141
2018-11-05 13:07:30+00:00,324.7658996981073,35.96117351526905,-3.870621025760329,351.11716366357723,9.909594907407408,2018-11-09 13:07:30+00:00,744.1379800339681,179.61719483893793,3.500125755701297,383.841659175549,322.82702847106896,30.0,-3.870621025760329
2018-11-05 13:22:30+00:00,324.8135096136483,35.95131306006162,-3.874989560777719,300.1093893047552,9.920011574074074,2018-11-09 13:22:30+00:00,744.1379800339681,179.47986253763142,3.4989672569518584,383.5837506956038,322.548852398665,30.0,-3.874989560777719
2018-11-05 13:37:30+00:00,324.861227878572,35.94162213379818,-3.879315518595604,335.8152296838818,9.93042824074074,2018-11-09 13:37:30+00:00,744.1367711076815,179.34253025965836,3.4978086379318856,383.73280864933616,322.8406578687342,30.0,-3.879315518595604
2018-11-05 13:52:30+00:00,324.90905271795503,35.93210094027938,-3.883598736684425,389.6659082341537,9.940844907407408,2018-11-09 13:52:30+00:00,744.1356202764251,179.20519800506062,3.496649898679334,383.45158597662765,323.17050993188155,30.0,-3.883598736684425
2018-11-05 14:07:30+00:00,324.95698235017556,35.92274967998453,-3.8878390543216983,325.9785880507917,9.951261574074074,2018-11-09 14:07:30+00:00,744.1356202764251,179.0678657737778,3.4954910392321774,382.4930439621592,322.88205179693824,30.0,-3.8878390543216983
2018-11-05 14:22:30+00:00,325.00501498686475,35.913568550056304,-3.892036312610809,331.3103777180329,9.96167824074074,2018-11-09 14:22:30+00:00,744.1345708684073,178.93053356582283,3.494332059628423,382.3281858653311,322.96664104869564,30.0,-3.892036312610809
2018-11-05 14:37:30+00:00,325.0531488331323,35.90455774428173,-3.896190354501276,405.8526237648584,9.972094907407408,2018-11-09 14:37:30+00:00,744.1336607342408,178.7932013811645,3.493172959906041,379.5897925113284,323.3916949989111,30.0,-3.896190354501276
2018-11-05 14:52:30+00:00,325.101382087568,35.89571745307989,-3.9003010248061223,360.8079998922936,9.982511574074074,2018-11-09 14:52:30+00:00,744.1336607342408,178.6558692197719,3.492013740103024,383.2584610714828,323.2353042026899,30.0,-3.9003010248061223
2018-11-05 15:07:30+00:00,325.1497129424392,35.8870478634802,-3.904368170223474,338.30072971080835,9.99292824074074,2018-11-09 15:07:30+00:00,744.1329220513525,178.51853708164333,3.490854400257339,392.1630296525956,323.1624108295267,30.0,-3.904368170223474
2018-11-05 15:22:30+00:00,325.1981395837288,35.87854915910951,-3.9083916393536686,334.9727936226267,10.003344907407408,2018-11-09 15:22:30+00:00,744.1323812117072,178.38120496676228,3.489694940406985,396.9254312743461,323.19399116141403,30.0,-3.9083916393536686
2018-11-05 15:37:30+00:00,325.24666019124373,35.87022152017652,-3.9123712827179222,334.13787764553825,10.013761574074074,2018-11-09 15:37:30+00:00,744.1323812117072,178.2438728751126,3.488535360589942,404.1151919866445,323.24035016946755,30.0,-3.9123712827179222
2018-11-05 15:52:30+00:00,325.29527293877703,35.86206512345274,-3.91630695277813,326.3904222090581,10.02417824074074,2018-11-09 15:52:30+00:00,744.1320588092915,178.10654080669244,3.4873756608441977,412.38838721100825,323.2441934347741,30.0,-3.91630695277813
2018-11-05 16:07:30+00:00,325.34397599414046,35.854080142262795,-3.9201985039527334,329.8534071122121,10.034594907407408,2018-11-09 16:07:30+00:00,744.1320588092915,177.96920876144185,3.4862158412077173,412.038914063121,323.3171944014757,30.0,-3.9201985039527334
2018-11-05 16:22:30+00:00,325.39276751933164,35.846266746464416,-3.9240457926364374,328.45753054097605,10.045011574074074,2018-11-09 16:22:30+00:00,744.131969739675,177.83187673938826,3.4850559017185088,414.7702520073138,323.3600891501547,30.0,-3.9240457926364374
2018-11-05 16:37:30+00:00,325.4416456705845,35.838625102437504,-3.92784867721704,323.6422262911304,10.05542824074074,2018-11-09 16:37:30+00:00,744.1321234185186,177.6945447405157,3.483895842414529,410.1651426620125,323.3814205786023,30.0,-3.92784867721704
2018-11-05 16:52:30+00:00,325.49060859855985,35.83115537306657,-3.931607018093579,345.9633514563775,10.065844907407408,2018-11-09 16:52:30+00:00,744.1321234185186,177.55721276477863,3.482735663333794,411.4814373161619,323.5657723888017,30.0,-3.931607018093579
2018-11-05 17:07:30+00:00,325.5396544483798,35.82385771772819,-3.935320677692716,332.70639237438746,10.076261574074074,2018-11-09 17:07:30+00:00,744.1325241194694,177.4198808121756,3.4815753645142515,416.3111137610303,323.54062646732416,30.0,-3.935320677692716
2018-11-05 17:22:30+00:00,325.58878135979126,35.81673229227653,-3.9389895204870418,347.2813752567643,10.08667824074074,2018-11-09 17:22:30+00:00,744.1331714248963,177.28254888267597,3.480414945993904,419.4911161459576,323.67599332778866,30.0,-3.9389895204870418
2018-11-05 17:37:30+00:00,325.6379874672616,35.80977924903019,-3.942613413010257,370.1765711669987,10.097094907407408,2018-11-09 17:37:30+00:00,744.1331714248963,177.1452169763072,3.4792544078107426,422.2217404187354,323.84564925167996,30.0,-3.942613413010257
2018-11-05 17:52:30+00:00,325.6872709000923,35.80299873675905,-3.946192223874673,325.0104340567613,10.107511574074074,2018-11-09 17:52:30+00:00,744.1340607759581,177.00788509300966,3.478093750002726,429.97575323952617,323.64823705551254,30.0,-3.946192223874673
2018-11-05 18:07:30+00:00,325.7366297824966,35.79639090066953,-3.949725823787366,320.3354564547951,10.11792824074074,2018-11-09 18:07:30+00:00,744.1351841020728,176.87055323278176,3.476932972607878,430.73947650846645,323.67019398472297,30.0,-3.949725823787366
2018-11-05 18:22:30+00:00,325.7860622337756,35.78995588239574,-3.9532140855650577,328.1712576516416,10.128344907407408,2018-11-09 18:22:30+00:00,744.1351841020728,176.73322139559315,3.4757720756641453,424.0055576032204,323.77120640875586,30.0,-3.9532140855650577
2018-11-05 18:37:30+00:00,325.8355663683708,35.78369381998298,-3.956656884151577,327.5661047983197,10.138761574074074,2018-11-09 18:37:30+00:00,744.1365305045563,176.5958895814715,3.474611059209514,422.20287781222675,323.8191714249372,30.0,-3.956656884151577
2018-11-05 18:52:30+00:00,325.88514029614123,35.77760484787593,-3.960054096632879,309.1506677796327,10.14917824074074,2018-11-09 18:52:30+00:00,744.1380869654514,176.45855779035705,3.473449923282,422.9653589315526,323.7508823421697,30.0,-3.960054096632879
2018-11-05 19:07:30+00:00,325.93478212219173,35.77168909690936,-3.963405602250764,307.820493833809,10.159594907407408,2018-11-09 19:07:30+00:00,744.1380869654514,176.32122602223404,3.472288667919554,426.1845138723269,323.79349620648856,30.0,-3.963405602250764
2018-11-05 19:22:30+00:00,325.9844899473022,35.765946694294925,-3.9667112824197712,317.1307017071463,10.170011574074074,2018-11-09 19:22:30+00:00,744.1398390507321,176.18389427711568,3.4711272931601584,435.3710730004553,323.9081350017889,30.0,-3.9667112824197712
2018-11-05 19:37:30+00:00,326.0342618678023,35.760377763610016,-3.96997102074058,314.3730814798858,10.18042824074074,2018-11-09 19:37:30+00:00,744.1417715773185,176.04656255497156,3.469965799041819,432.76939740837906,323.94171653517384,30.0,-3.96997102074058
2018-11-05 19:52:30+00:00,326.0840959758517,35.75498242478739,-3.97318470301405,320.92869836824815,10.190844907407408,2018-11-09 19:52:30+00:00,744.1417715773185,175.90923085578586,3.46880418560251,426.1623462792078,324.0362150118798,30.0,-3.97318470301405
2018-11-05 20:07:30+00:00,326.1339903594822,35.74976079410412,-3.97635221725672,322.21410684474125,10.201261574074074,2018-11-09 20:07:30+00:00,744.1438692156722,175.77189917954286,3.467642452880223,436.31767231099445,324.0961296833925,30.0,-3.97635221725672
2018-11-05 20:22:30+00:00,326.1839431027358,35.74471298417083,-3.9794734537133856,328.7899186816738,10.21167824074074,2018-11-09 20:22:30+00:00,744.1438692156722,175.63456752622662,3.466480600912938,435.5540484140233,324.18859301364427,30.0,-3.9794734537133856
2018-11-05 20:37:30+00:00,326.2339522857907,35.7398391039225,-3.982548304871109,305.51752921535893,10.222094907407408,2018-11-09 20:37:30+00:00,744.1461170039822,175.49723589582172,3.46531862973862,429.01172283476126,324.08843090099344,30.0,-3.982548304871109
2018-11-05 20:52:30+00:00,326.28401598507753,35.735139258608406,-3.98557666547192,288.8447909181389,10.232511574074074,2018-11-09 20:52:30+00:00,744.1485007557718,175.3599042883122,3.4641565393952813,434.8773597020675,324.0165087053299,30.0,-3.98557666547192
2018-11-05 21:07:30+00:00,326.33413227344585,35.730613549782575,-3.9885584325264127,303.75323119177125,10.24292824074074,2018-11-09 21:07:30+00:00,744.1485007557718,175.2225727036825,3.4629943299208996,443.20458339657,324.17961749231887,30.0,-3.9885584325264127
2018-11-05 21:22:30+00:00,326.3842992202195,35.72626207529521,-3.9914935053255793,314.4435169727323,10.253344907407408,2018-11-09 21:22:30+00:00,744.1510073496675,175.08524114191698,3.461832001353449,453.58534064711023,324.30461288827235,30.0,-3.9914935053255793
2018-11-05 21:37:30+00:00,326.4345148913802,35.72208492928348,-3.994381785453914,292.0953605471485,10.263761574074074,2018-11-09 21:37:30+00:00,744.1536248975472,174.9479096030001,3.4606695537309204,462.3302726766833,324.1973453257629,30.0,-3.994381785453914
2018-11-05 21:52:30+00:00,326.4847773495953,35.71808220216465,-3.9972231767997743,298.89466314825785,10.27417824074074,2018-11-09 21:52:30+00:00,744.1536248975472,174.81057808691617,3.4595069870912947,471.3940396692901,324.30002861827006,30.0,-3.9972231767997743
2018-11-05 22:07:30+00:00,326.53508465446953,35.71425398062445,-4.000017585569296,299.3651596656605,10.284594907407408,2018-11-09 22:07:30+00:00,744.1563427947342,174.6732465936352,3.4583443014725663,473.2976678302221,324.3552299554031,30.0,-4.000017585569296
2018-11-05 22:22:30+00:00,326.58543486265694,35.71060034761368,-4.002764920296048,315.45085062405593,10.295011574074074,2018-11-09 22:22:30+00:00,744.159151662774,174.53591512318522,3.457181496912717,470.3863582160744,324.51805954628105,30.0,-4.002764920296048
2018-11-05 22:37:30+00:00,326.6358260278597,35.707121382337206,-4.005465091852688,311.59705278027485,10.30542824074074,2018-11-09 22:37:30+00:00,744.159151662774,174.3985836755073,3.456018573449734,469.6212437395659,324.54415668897855,30.0,-4.005465091852688
2018-11-05 22:52:30+00:00,326.6862562010776,35.703817160248946,-4.00811801346136,308.31560665625506,10.315844907407408,2018-11-09 22:52:30+00:00,744.1620432011357,174.2612522506003,3.4548555311215874,470.695206296208,324.5735488245549,30.0,-4.00811801346136
2018-11-05 23:07:30+00:00,326.73672343071144,35.7006877530452,-4.010723600704377,311.2004176614549,10.326261574074074,2018-11-09 23:07:30+00:00,744.1650099685686,174.12392084844896,3.453692369966274,473.2136894824708,324.64474913173586,30.0,-4.010723600704377
2018-11-05 23:22:30+00:00,326.7872257626837,35.697733228656155,-4.013281771534119,318.6385912003877,10.33667824074074,2018-11-09 23:22:30+00:00,744.1650099685686,173.98658946902322,3.45252909002179,471.6827152396852,324.74514459483737,30.0,-4.013281771534119
2018-11-05 23:37:30+00:00,326.83776124054214,35.69495365124214,-4.01579244628265,336.0297053059447,10.347094907407408,2018-11-09 23:37:30+00:00,744.168045117541,173.8492581123368,3.451365691326111,470.3712536767629,324.9023120045936,30.0,-4.01579244628265
2018-11-05 23:52:30+00:00,326.8883279056094,35.69234908118642,-4.0182555476712665,325.28038566866724,10.357511574074074,2018-11-09 23:52:30+00:00,744.1711421061507,173.71192677837465,3.45020217391721,471.5734557595993,324.889833618932,30.0,-4.0182555476712665
2018-11-06 00:07:30+00:00,326.93892379715874,35.689919575090556,-4.02067100082032,343.98995837347394,10.36792824074074,2018-11-10 00:07:30+00:00,744.1711421061507,173.57459546709202,3.449038537833101,470.44230463470865,325.0499339447055,30.0,-4.02067100082032
2018-11-06 00:22:30+00:00,326.98954695247903,35.687665185768985,-4.023038733259028,339.7655366471,10.378344907407408,2018-11-10 00:22:30+00:00,744.1742944111566,173.43726417848833,3.447874783111756,462.2086594540684,325.07782837739813,30.0,-4.023038733259028
2018-11-06 00:37:30+00:00,327.0401954070027,35.68558596224408,-4.025358674929447,318.5475722128845,10.388761574074074,2018-11-10 00:37:30+00:00,744.1742944111566,173.29993291254848,3.4467109097911557,459.389458621512,325.0018856059994,30.0,-4.025358674929447
2018-11-06 00:52:30+00:00,327.090867194477,35.683681949742855,-4.027630758196436,351.86883850079226,10.39917824074074,2018-11-10 00:52:30+00:00,744.1774952635271,173.16260166925696,3.4455469179093012,447.688856427379,325.2461991599786,30.0,-4.027630758196436
2018-11-06 01:07:30+00:00,327.14156034704894,35.68195318969079,-4.029854917856408,365.4133831176214,10.409594907407408,2018-11-10 01:07:30+00:00,744.1807374244318,173.0252704485988,3.4443828075041716,440.9770252007314,325.36580772587024,30.0,-4.029854917856408
2018-11-06 01:22:30+00:00,327.1922728954522,35.6803997197099,-4.032031091143239,337.080444140308,10.420011574074074,2018-11-10 01:22:30+00:00,744.1807374244318,172.8879392505733,3.4432185786137675,452.6780745687256,325.26778757866845,30.0,-4.032031091143239
2018-11-06 01:37:30+00:00,327.2430028690789,35.67902157361475,-4.0341592177370424,342.9021487425279,10.43042824074074,2018-11-10 01:37:30+00:00,744.1840130152661,172.75060807512196,3.4420542312760376,468.593489148581,325.3516499502572,30.0,-4.0341592177370424
2018-11-06 01:52:30+00:00,327.29374829614295,35.677818781409094,-4.036239239769164,351.57841882120243,10.440844907407408,2018-11-10 01:52:30+00:00,744.1873134104807,172.6132769222874,3.4408897655290116,488.91903171953254,325.4494609755511,30.0,-4.036239239769164
2018-11-06 02:07:30+00:00,327.3445072038373,35.67679136928368,-4.038271101829868,344.2163707188749,10.451261574074074,2018-11-10 02:07:30+00:00,744.1873134104807,172.4759457920113,3.4397251814106684,502.5586294618014,325.461115407701,30.0,-4.038271101829868
2018-11-06 02:22:30+00:00,327.3952776183713,35.67593935961333,-4.040254750972982,347.03437180246647,10.46167824074074,2018-11-10 02:22:30+00:00,744.1906291970716,172.3386146842931,3.438560478958981,503.3177816201606,325.5274597848549,30.0,-4.040254750972982
2018-11-06 02:37:30+00:00,327.44605756524055,35.675262770955996,-4.0421901367227315,322.63594085380396,10.472094907407408,2018-11-10 02:37:30+00:00,744.1939501999249,172.2012835991323,3.4373956582119476,507.50854598934734,325.4372307749142,30.0,-4.0421901367227315
2018-11-06 02:52:30+00:00,327.4968450692638,35.67476161804922,-4.044077211078607,367.6917846949216,10.482511574074074,2018-11-10 02:52:30+00:00,744.1939501999249,172.06395253648478,3.4362307192075567,503.78813173470934,325.7343295157308,30.0,-4.044077211078607
2018-11-06 03:07:30+00:00,327.54763815471387,35.67443591181061,-4.045915928519531,368.4063234008708,10.49292824074074,2018-11-10 03:07:30+00:00,744.1972655680855,171.92662149636487,3.435065661983802,501.27975287094654,325.78864203454395,30.0,-4.045915928519531
2018-11-06 03:22:30+00:00,327.59843484553613,35.674285659336164,-4.047706246009387,352.46677814897276,10.503344907407408,2018-11-10 03:22:30+00:00,744.2005639136494,171.789290478714,3.433900486578661,503.9987280387947,325.75994062501996,30.0,-4.047706246009387
2018-11-06 03:37:30+00:00,327.6492331653446,35.67431086389926,-4.049448123000514,344.63089462281664,10.513761574074074,2018-11-10 03:37:30+00:00,744.2005639136494,171.65195948357527,3.432735193030127,500.9141498457024,325.76892869164936,30.0,-4.049448123000514
2018-11-06 03:52:30+00:00,327.70003113766836,35.67451152495161,-4.051141521437859,312.0812465219811,10.52417824074074,2018-11-10 03:52:30+00:00,744.2038334924957,171.51462851090503,3.431569781376197,506.62910406232606,325.62354004500014,30.0,-4.051141521437859
2018-11-06 04:07:30+00:00,327.75082678606526,35.67488763812073,-4.052786405762225,312.32568509622075,10.534594907407408,2018-11-10 04:07:30+00:00,744.207062414539,171.3772975606736,3.4304042516548727,499.9145401065267,325.6758233138779,30.0,-4.052786405762225
2018-11-06 04:22:30+00:00,327.80161813416277,35.67543919521384,-4.05438274291353,311.53934718784177,10.545011574074074,2018-11-10 04:22:30+00:00,744.207062414539,171.23996663289557,3.429238603904116,501.2246601478655,325.7211750852941,30.0,-4.05438274291353
2018-11-06 04:37:30+00:00,327.8524032059504,35.67616618421552,-4.05593050233369,307.96575807077176,10.55542824074074,2018-11-10 04:37:30+00:00,744.2102388705547,171.1026357275269,3.428072838161935,488.3625486922649,325.7475494192356,30.0,-4.05593050233369
2018-11-06 04:52:30+00:00,327.90318002577726,35.67706858929083,-4.057429655968616,303.8576065782608,10.565844907407408,2018-11-10 04:52:30+00:00,744.2102388705547,170.96530484458208,3.4269069544663093,477.3863031792915,325.76952948214415,30.0,-4.057429655968616
2018-11-06 05:07:30+00:00,327.9539466185057,35.67814639078559,-4.0588801782704405,304.6337309494318,10.576261574074074,2018-11-10 05:07:30+00:00,744.2133513628546,170.8279739840318,3.4257409528552474,476.9906192861118,325.8253279942071,30.0,-4.0588801782704405
2018-11-06 05:22:30+00:00,328.0047010097415,35.67939956522862,-4.060282046199225,294.81427378964946,10.58667824074074,2018-11-10 05:22:30+00:00,744.2163889280154,170.69064314586151,3.4245748333667176,481.9840200839783,325.8046984843773,30.0,-4.060282046199225
2018-11-06 05:37:30+00:00,328.05544122580045,35.68082808533398,-4.061635239223988,329.910228353871,10.597094907407408,2018-11-10 05:37:30+00:00,744.2163889280154,170.55331233005643,3.423408596038741,477.98712139279746,326.0889811731066,30.0,-4.061635239223988
2018-11-06 05:52:30+00:00,328.1061652939838,35.682431920002315,-4.062939739324122,351.7662339531403,10.607511574074074,2018-11-10 05:52:30+00:00,744.2193413413542,170.41598153660206,3.4222422409092963,477.6377295492488,326.2613650213957,30.0,-4.062939739324122
2018-11-06 06:07:30+00:00,328.1568712426956,35.68421103432608,-4.064195530989453,320.6470108911678,10.61792824074074,2018-11-10 06:07:30+00:00,744.2221992947262,170.2786507654692,3.4210757680163733,484.0428491930997,326.1323969810671,30.0,-4.064195530989453
2018-11-06 06:22:30+00:00,328.2075571014622,35.68616538959001,-4.065402601220838,301.8222575259842,10.628344907407408,2018-11-10 06:22:30+00:00,744.2221992947262,170.14132001667255,3.4199091773979524,492.5441211543048,326.05607624337625,30.0,-4.065402601220838
2018-11-06 06:37:30+00:00,328.25822090118737,35.68829494327677,-4.066560939529585,301.04138618126984,10.638761574074074,2018-11-10 06:37:30+00:00,744.2249545413257,170.0039892901975,3.4187424690920505,496.1511248906908,326.1003514645252,30.0,-4.066560939529585
2018-11-06 06:52:30+00:00,328.3088606742047,35.69059964906766,-4.067670537937353,308.485101431679,10.64917824074074,2018-11-10 06:52:30+00:00,744.2276000033532,169.8666585860004,3.4175756431366677,512.1974123539231,326.20220721603056,30.0,-4.067670537937353
2018-11-06 07:07:30+00:00,328.35947445449074,35.69307945685212,-4.068731390975246,309.9281500870008,10.659594907407408,2018-11-10 07:07:30+00:00,744.2276000033532,169.72932790409604,3.4164086995697693,515.7953732411161,326.26171598481926,30.0,-4.068731390975246
2018-11-06 07:22:30+00:00,328.4100602776769,35.695734312726486,-4.0697434956822125,300.1507889493241,10.670011574074074,2018-11-10 07:22:30+00:00,744.2301298405434,169.5919972444263,3.415241638429354,527.8780874106417,326.2429575662127,30.0,-4.0697434956822125
2018-11-06 07:37:30+00:00,328.4606161812788,35.69856415900289,-4.070706851603794,298.4917335343852,10.68042824074074,2018-11-10 07:37:30+00:00,744.2325394795064,169.45466660702036,3.414074459753449,537.7365052865887,326.28038575523226,30.0,-4.070706851603794
2018-11-06 07:52:30+00:00,328.5111402048049,35.701568934211785,-4.071621460790012,305.59045369246513,10.690844907407408,2018-11-10 07:52:30+00:00,744.2325394795064,169.31733599187865,3.412907163580007,529.7213609984896,326.38043258834745,30.0,-4.071621460790012
2018-11-06 08:07:30+00:00,328.561630389873,35.70474857310947,-4.072487327793242,315.6022500844516,10.701261574074074,2018-11-10 08:07:30+00:00,744.2348256055712,169.1800053989284,3.411739749947047,524.686978297162,326.4973642940908,30.0,-4.072487327793242
2018-11-06 08:22:30+00:00,328.6120847803384,35.70810300668279,-4.073304459665183,311.4328478498647,10.71167824074074,2018-11-10 08:22:30+00:00,744.236986120252,169.04267482819913,3.410572218892561,522.9462298274902,326.5189526390045,30.0,-4.073304459665183
2018-11-06 08:37:30+00:00,328.66250141934654,35.711632161504,-4.074072865754635,326.2394220252144,10.722094907407408,2018-11-10 08:37:30+00:00,744.236986120252,168.9053442796327,3.409404570454558,535.8230528514334,326.66313196220386,30.0,-4.074072865754635
2018-11-06 08:52:30+00:00,328.7128783533192,35.715335960513194,-4.074792557952131,307.0598986817109,10.732511574074074,2018-11-10 08:52:30+00:00,744.239020068578,168.7680137532734,3.4082368046710028,549.288099212974,326.58724711381836,30.0,-4.074792557952131
2018-11-06 09:07:30+00:00,328.7632136389875,35.71921432457173,-4.075463551143331,308.91217505366086,10.74292824074074,2018-11-10 09:07:30+00:00,744.239020068578,168.6306832490922,3.4070689215799215,547.1671535893156,326.6488941715899,30.0,-4.075463551143331
2018-11-06 09:22:30+00:00,328.8135053304615,35.72326716965561,-4.076085862344609,311.75682589261675,10.753344907407408,2018-11-10 09:22:30+00:00,744.2409275413282,168.49335276703147,3.405900921219308,545.9495985372446,326.71699353209107,30.0,-4.076085862344609
2018-11-06 09:37:30+00:00,328.8637514847031,35.72749440800498,-4.076659511052685,309.89968618273855,10.763761574074074,2018-11-10 09:37:30+00:00,744.2427095576844,168.35602230712053,3.404732803627169,546.0962715637173,326.7531181184894,30.0,-4.076659511052685
2018-11-06 09:52:30+00:00,328.9139501617478,35.73189594813464,-4.077184519241016,329.1076525391782,10.77417824074074,2018-11-10 09:52:30+00:00,744.2427095576844,168.21869186933094,3.4035645688414715,543.9150071547817,326.9249739944537,30.0,-4.077184519241016
2018-11-06 10:07:30+00:00,328.96409942470297,35.73647169483951,-4.077660911353524,320.10990539788537,10.784594907407408,2018-11-10 10:07:30+00:00,744.2443679340055,168.0813614536486,3.4023962169002218,537.5026753991696,326.9175840860604,30.0,-4.077660911353524
2018-11-06 10:22:30+00:00,329.014197339958,35.741221549204326,-4.0780887142998825,321.9880356149137,10.795011574074074,2018-11-10 10:22:30+00:00,744.2459051443426,167.9440310600592,3.401227747841447,556.5692821368948,326.9779345095423,30.0,-4.0780887142998825
2018-11-06 10:37:30+00:00,329.06424197728614,35.746145408612605,-4.07846795744923,326.30982192543127,10.80542824074074,2018-11-10 10:37:30+00:00,744.2459051443426,167.80670068856347,3.400059161703134,561.7144645838302,327.0532250433716,30.0,-4.07846795744923
2018-11-06 10:52:30+00:00,329.1142314100128,35.75124316675564,-4.078798672624244,316.1217843043875,10.815844907407408,2018-11-10 10:52:30+00:00,744.2473241780052,167.66937033910386,3.3988904585232658,560.0356655031112,327.03656141566756,30.0,-4.078798672624244
2018-11-06 11:07:30+00:00,329.1641637149866,35.756514713641245,-4.079080894094537,341.39815896349313,10.826261574074074,2018-11-10 11:07:30+00:00,744.2486283989871,167.5320400117244,3.3977216383398634,555.5381985849431,327.23855649192444,30.0,-4.079080894094537
2018-11-06 11:22:30+00:00,329.2140369729438,35.761959935603684,-4.079314658569755,360.8988771608595,10.83667824074074,2018-11-10 11:22:30+00:00,744.2486283989871,167.39470970638226,3.396552701190932,561.1461020893408,327.3907544654256,30.0,-4.079314658569755
2018-11-06 11:37:30+00:00,329.26384926840706,35.76757871531584,-4.079500005192717,362.1661101836394,10.847094907407408,2018-11-10 11:37:30+00:00,744.2498214114075,167.2573794230488,3.3953836471144614,574.2924715796169,327.4451747417218,30.0,-4.079500005192717
2018-11-06 11:52:30+00:00,329.31359868999675,35.77337093179651,-4.079636975531355,306.12479131886477,10.857511574074074,2018-11-10 11:52:30+00:00,744.250906934366,167.12004916173944,3.39421447614844,581.8720303069217,327.159824237064,30.0,-4.079636975531355
2018-11-06 12:07:30+00:00,329.3632833303279,35.77933646042289,-4.079725613571134,307.0435084867741,10.86792824074074,2018-11-10 12:07:30+00:00,744.250906934366,166.98271892242573,3.3930451883309023,585.2763037602354,327.21373447150995,30.0,-4.079725613571134
2018-11-06 12:22:30+00:00,329.41290128638263,35.78547517294265,-4.079765965706413,321.5148393410597,10.878344907407408,2018-11-10 12:22:30+00:00,744.2518886887816,166.84538870509388,3.3918757836998323,585.8445533320324,327.3579228266108,30.0,-4.079765965706413
2018-11-06 12:37:30+00:00,329.4624506594237,35.79178693748117,-4.079758080732887,323.2575125208681,10.888761574074074,2018-11-10 12:37:30+00:00,744.2527702979339,166.70805850971553,3.390706262293231,584.4121154304794,327.41632070891825,30.0,-4.079758080732887
2018-11-06 12:52:30+00:00,329.5119295552534,35.79827161855825,-4.079702009838423,335.30346276051483,10.89917824074074,2018-11-10 12:52:30+00:00,744.2527702979339,166.5707283363206,3.3895366241491107,582.6148548863491,327.5370992668706,30.0,-4.079702009838423
2018-11-06 13:07:30+00:00,329.56133608424733,35.80492907709626,-4.079597806593805,368.377739781356,10.909594907407408,2018-11-10 13:07:30+00:00,744.2535552025819,166.43339818485177,3.3883668693054787,580.5605496340054,327.76174927494026,30.0,-4.079597806593805
2018-11-06 13:22:30+00:00,329.61066836149735,35.811759170433945,-4.0794455269430046,319.94756045021273,10.920011574074074,2018-11-10 13:22:30+00:00,744.2535552025819,166.29606805530992,3.3871969978003342,578.5932904046426,327.5362417812471,30.0,-4.0794455269430046
2018-11-06 13:37:30+00:00,329.65992450696257,35.81876175233965,-4.079245229193732,325.0830236774553,10.93042824074074,2018-11-10 13:37:30+00:00,744.2542465907432,166.15873794768132,3.386027009671688,576.1912214802448,327.61580846289485,30.0,-4.079245229193732
2018-11-06 13:52:30+00:00,329.7091026455787,35.82593667302395,-4.078996974007225,330.51961602671116,10.940844907407408,2018-11-10 13:52:30+00:00,744.2548473415026,166.021407861967,3.3848569049575357,573.8691469910168,327.69613042247175,30.0,-4.078996974007225
2018-11-06 14:07:30+00:00,329.7582009073017,35.83328377914963,-4.078700824387609,373.44157671016393,10.951261574074074,2018-11-10 14:07:30+00:00,744.2548473415026,165.8840777981242,3.3836866836959048,573.451712450043,327.974345296624,30.0,-4.078700824387609
2018-11-06 14:22:30+00:00,329.80721742726513,35.84080291384904,-4.078356845671602,355.45455204497154,10.96167824074074,2018-11-10 14:22:30+00:00,744.2553599816092,165.74674775616856,3.382516345924785,574.6002762540743,327.93067782617044,30.0,-4.078356845671602
2018-11-06 14:37:30+00:00,329.85615034592854,35.84849391673651,-4.077965105517034,321.65913042474784,10.972094907407408,2018-11-10 14:37:30+00:00,744.2557866531407,165.60941773607178,3.3813458916822072,571.8290404642659,327.7797197427102,30.0,-4.077965105517034
2018-11-06 14:52:30+00:00,329.90499780918924,35.85635662392239,-4.07752567389189,331.8786442702647,10.982511574074074,2018-11-10 14:52:30+00:00,744.2557866531407,165.47208773780602,3.380175321006172,571.4480483345258,327.88980098512303,30.0,-4.07752567389189
2018-11-06 15:07:30+00:00,329.95375796842245,35.86439086802592,-4.077038623062472,400.76168614357266,10.99292824074074,2018-11-10 15:07:30+00:00,744.2561290901697,165.334757761387,3.37900463393465,565.5293544796884,328.2826443604773,30.0,-4.077038623062472
2018-11-06 15:22:30+00:00,330.0024289806376,35.872596478192015,-4.076504027581487,331.13126405879115,11.003344907407408,2018-11-10 15:22:30+00:00,744.2563886021742,165.19742780678664,3.377833830505674,560.398282852373,327.9770829395164,30.0,-4.076504027581487
2018-11-06 15:37:30+00:00,330.0510090086204,35.8809732801052,-4.075921964275927,340.0220605771524,11.013761574074074,2018-11-10 15:37:30+00:00,744.2563886021742,165.0600978740059,3.3766629107573007,559.3568646156293,328.07580766036665,30.0,-4.075921964275927
2018-11-06 15:52:30+00:00,330.0994962209789,35.8895210960026,-4.075292512234702,329.18334877743956,11.02417824074074,2018-11-10 15:52:30+00:00,744.2565660618781,164.9227679630025,3.375491874727483,553.4103313214331,328.0562938455853,30.0,-4.075292512234702
2018-11-06 16:07:30+00:00,330.1478887923104,35.89823974469301,-4.074615752795415,310.543446066024,11.034594907407408,2018-11-10 16:07:30+00:00,744.2566618952853,164.7854380737778,3.374320722454252,548.8035614913745,327.97884003080543,30.0,-4.074615752795415
2018-11-06 16:22:30+00:00,330.1961849032926,35.90712904157004,-4.073891769531681,307.210249405575,11.045011574074074,2018-11-10 16:22:30+00:00,744.2566618952853,164.64810820633272,3.373149453975623,556.0762887641017,328.00029774303727,30.0,-4.073891769531681
2018-11-06 16:37:30+00:00,330.2443827407077,35.916188798629136,-4.073120648239735,310.1910442134741,11.05542824074074,2018-11-10 16:37:30+00:00,744.2566760718723,164.5107783606396,3.3719780693296197,551.685100166945,328.0662615906868,30.0,-4.073120648239735
2018-11-06 16:52:30+00:00,330.2924804977027,35.9254188244832,-4.07230247692475,321.56181000592386,11.065844907407408,2018-11-10 16:52:30+00:00,744.2566080931776,164.3734485366707,3.370806568554232,554.1981946823349,328.18810202516687,30.0,-4.07230247692475
2018-11-06 17:07:30+00:00,330.34047637376676,35.93481892437794,-4.071437345786971,308.147489942417,11.076261574074074,2018-11-10 17:07:30+00:00,744.2566080931776,164.23611873444187,3.369634951687476,553.3921615390731,328.1410060814495,30.0,-4.071437345786971
2018-11-06 17:22:30+00:00,330.3883685749167,35.9443889002106,-4.070525347207488,320.10642737896495,11.08667824074074,2018-11-10 17:22:30+00:00,744.2564569783868,164.0987889539252,3.368463218767398,568.7639120756817,328.26765467820894,30.0,-4.070525347207488
2018-11-06 17:37:30+00:00,330.4361553136873,35.954128550546685,-4.069566575734088,323.2347167077093,11.097094907407408,2018-11-10 17:37:30+00:00,744.2564569783868,163.96145919512236,3.36729136983197,570.2818189045233,328.3325247629515,30.0,-4.069566575734088
2018-11-06 17:52:30+00:00,330.48383480937395,35.964037670634355,-4.068561128066266,341.208152352549,11.107511574074074,2018-11-10 17:52:30+00:00,744.2562212458829,163.82412945799092,3.366119404919238,566.6569282136895,328.4876982863399,30.0,-4.068561128066266
2018-11-06 18:07:30+00:00,330.5314052880497,35.97411605242608,-4.067509103040585,342.3410657547525,11.11792824074074,2018-11-10 18:07:30+00:00,744.2558988901061,163.686799742547,3.364947324067207,558.4159611256857,328.5385125775768,30.0,-4.067509103040585
2018-11-06 18:22:30+00:00,330.57886498269175,35.98436348459309,-4.066410601615225,329.9440599924605,11.128344907407408,2018-11-10 18:22:30+00:00,744.2558988901061,163.54947004874842,3.36377512731391,557.6762858732809,328.5075463485047,30.0,-4.066410601615225
2018-11-06 18:37:30+00:00,330.6262121331913,35.994779752542826,-4.0652657268551415,338.91972732331664,11.138761574074074,2018-11-10 18:37:30+00:00,744.2554873534135,163.4121403765966,3.3626028146973557,549.2737896494157,328.6062387561363,30.0,-4.0652657268551415
2018-11-06 18:52:30+00:00,330.6734449866139,36.00536463843969,-4.064074583915657,323.4625995742502,11.14917824074074,2018-11-10 18:52:30+00:00,744.2549834928986,163.2748107260934,3.3614303862555435,560.8462020033389,328.5532071915357,30.0,-4.064074583915657
2018-11-06 19:07:30+00:00,330.7205617971922,36.016117921223156,-4.062837280026921,348.4352280682859,11.159594907407408,2018-11-10 19:07:30+00:00,744.2549834928986,163.13748109721092,3.36025784202652,558.8808728833772,328.74875869753276,30.0,-4.062837280026921
2018-11-06 19:22:30+00:00,330.7675608264032,36.027039376623115,-4.061553924478093,342.33274735927006,11.170011574074074,2018-11-10 19:22:30+00:00,744.2543835423191,163.00015148995095,3.359085182048291,551.8793226806582,328.75696468179973,30.0,-4.061553924478093
2018-11-06 19:37:30+00:00,330.8144403431501,36.03812877718525,-4.060224628600223,327.94386639950534,11.18042824074074,2018-11-10 19:37:30+00:00,744.2536830693515,162.8628219042714,3.3579124063588996,566.2152198107957,328.7117654910902,30.0,-4.060224628600223
2018-11-06 19:52:30+00:00,330.8611986237264,36.04938589227963,-4.0588495057507545,342.9478297161936,11.190844907407408,2018-11-10 19:52:30+00:00,744.2536830693515,162.72549234017407,3.3567395149963275,564.7686620558073,328.8467671773178,30.0,-4.0588495057507545
2018-11-06 20:07:30+00:00,330.9078339520299,36.06081048812948,-4.057428671295921,400.114525846022,11.201261574074074,2018-11-10 20:07:30+00:00,744.2528769283429,162.58816279766066,3.3555665079986445,568.672245951044,329.17795526410157,30.0,-4.057428671295921
2018-11-06 20:22:30+00:00,330.9543446196012,36.07240232782847,-4.055962242593688,365.1742929194595,11.21167824074074,2018-11-10 20:22:30+00:00,744.2519592085605,162.45083327668917,3.3543933854038293,561.0774902615469,329.05532433762124,30.0,-4.055962242593688
2018-11-06 20:37:30+00:00,331.0007289257345,36.08416117135772,-4.054450338977144,351.8264461079098,11.222094907407408,2018-11-10 20:37:30+00:00,744.2519592085605,162.31350377727594,3.3532201472499428,562.188965736545,329.02584538274215,30.0,-4.054450338977144
2018-11-06 20:52:30+00:00,331.0469851774781,36.096086775605585,-4.0528930817366975,345.12897840486835,11.232511574074074,2018-11-10 20:52:30+00:00,744.25092317765,162.1761742993937,3.352046793574982,568.1838778917243,329.0298315454231,30.0,-4.0528930817366975
2018-11-06 21:07:30+00:00,331.09311168983083,36.10817889439179,-4.051290594102578,350.41556329514714,11.24292824074074,2018-11-10 21:07:30+00:00,744.2497612196356,162.03884484304416,3.3508733244169955,592.5305530585164,329.1024492438919,30.0,-4.051290594102578
2018-11-06 21:22:30+00:00,331.13910678583017,36.12043727848426,-4.049643001226683,394.9490362349159,11.253344907407408,2018-11-10 21:22:30+00:00,744.2497612196356,161.90151540817126,3.349699739813984,614.3532872247397,329.36936194322755,30.0,-4.049643001226683
2018-11-06 21:37:30+00:00,331.18496879650326,36.132861675621186,-4.0479504301651055,380.7296269616674,11.263761574074074,2018-11-10 21:37:30+00:00,744.2484647663526,161.76418599482017,3.348526039804003,606.414261865013,329.34540116939786,30.0,-4.0479504301651055
2018-11-06 21:52:30+00:00,331.2306960611158,36.14545183052848,-4.046213009859782,377.6085141903172,11.27417824074074,2018-11-10 21:52:30+00:00,744.2484647663526,161.6268566029495,3.34735222442505,581.49693934335,329.3721158749951,30.0,-4.046213009859782
2018-11-06 22:07:30+00:00,331.27628692712995,36.158207484947766,-4.044430871119423,385.90358931552583,11.284594907407408,2018-11-10 22:07:30+00:00,744.2470242207505,161.4895272325319,3.3461782937151674,574.7356705620479,329.45388250181816,30.0,-4.044430871119423
2018-11-06 22:22:30+00:00,331.32173975035903,36.17112837764894,-4.042604146602261,356.7023668479724,11.295011574074074,2018-11-10 22:22:30+00:00,744.2454288700833,161.35219788358398,3.3450042477123927,575.139120756817,329.34600857757033,30.0,-4.042604146602261
2018-11-06 22:37:30+00:00,331.3670528949858,36.1842142444568,-4.040732970796161,357.6646561473423,11.30542824074074,2018-11-10 22:37:30+00:00,744.2454288700833,161.21486855609317,3.343830086454747,612.3730523094046,329.39245912311804,30.0,-4.040732970796161
2018-11-06 22:52:30+00:00,331.41222473371823,36.19746481827214,-4.038817480000179,347.5787586112358,11.315844907407408,2018-11-10 22:52:30+00:00,744.243666786673,161.07753925000333,3.342655809980273,606.505882820574,329.3759793894763,30.0,-4.038817480000179
2018-11-06 23:07:30+00:00,331.45725364777917,36.210879829089585,-4.036857812305715,338.66476770039156,11.326261574074074,2018-11-10 23:07:30+00:00,744.2417247137548,160.94020996536017,3.3414814183269868,616.6980682089196,329.3628886532399,30.0,-4.036857812305715
2018-11-06 23:22:30+00:00,331.5021380270367,36.224459004023835,-4.034854107576889,346.2687813021703,11.33667824074074,2018-11-10 23:22:30+00:00,744.2417247137548,160.80288070210756,3.3403069115329274,608.938508625487,329.4492865261398,30.0,-4.034854107576889
2018-11-06 23:37:30+00:00,331.54687627007905,36.23820206732877,-4.032806507431383,354.96122569874524,11.347094907407408,2018-11-10 23:37:30+00:00,744.2395879339174,160.66555146026238,3.3391322896361144,600.3112330073933,329.53987436374416,30.0,-4.032806507431383
2018-11-06 23:52:30+00:00,331.5914667843067,36.2521087404241,-4.03071515522041,350.7347114622682,11.357511574074074,2018-11-10 23:52:30+00:00,744.2372401178743,160.5282222397975,3.3379575526746055,590.4614834247554,329.5557515073899,30.0,-4.03071515522041
2018-11-07 00:07:30+00:00,331.63590798587484,36.26617874190731,-4.028580196010054,340.82759363492363,11.36792824074074,2018-11-11 00:07:30+00:00,744.2372401178743,160.39089304070052,3.3367827006864275,578.3607148277432,329.53630446348757,30.0,-4.028580196010054
2018-11-07 00:22:30+00:00,331.6801982999442,36.28041178758839,-4.026401776559714,362.3855072889485,11.378344907407408,2018-11-11 00:22:30+00:00,744.2346631517548,160.25356386295925,3.3356077337096175,576.1209158120678,329.70101252310377,30.0,-4.026401776559714
2018-11-07 00:37:30+00:00,331.72433616065945,36.294807590504554,-4.024180045304123,385.7788342890324,11.388761574074074,2018-11-11 00:37:30+00:00,744.2318369417352,160.116234706576,3.334432651782196,578.9955481357819,329.86090512061196,30.0,-4.024180045304123
2018-11-07 00:52:30+00:00,331.76832001117583,36.309365860945995,-4.021915152332566,330.00498142064725,11.39917824074074,2018-11-11 00:52:30+00:00,744.2318369417352,159.97890557150942,3.3332574549422196,579.481427378965,329.5849141186947,30.0,-4.021915152332566
2018-11-07 01:07:30+00:00,331.81214830380685,36.32408630647544,-4.019607249369022,352.8137547046751,11.409594907407408,2018-11-11 01:07:30+00:00,744.2287391956086,159.84157645777606,3.3320821432277175,583.0590666984657,329.765130866262,30.0,-4.019607249369022
2018-11-07 01:22:30+00:00,331.85581950008174,36.33896863195549,-4.017256489750955,336.0433957033128,11.420011574074074,2018-11-11 01:22:30+00:00,744.2253451816989,159.70424736534963,3.3309067166767288,573.3846092694173,329.70158736437793,30.0,-4.017256489750955
2018-11-07 01:37:30+00:00,331.8993320707285,36.35401253957099,-4.014863028409358,322.0554949027134,11.43042824074074,2018-11-11 01:37:30+00:00,744.2253451816989,159.56691829421763,3.3297311753272996,573.993587797845,329.6462001719006,30.0,-4.014863028409358
2018-11-07 01:52:30+00:00,331.94268449585405,36.36921772884769,-4.01242702184829,323.8754405490633,11.440844907407408,2018-11-11 01:52:30+00:00,744.2216274662643,159.42958924438253,3.3285555192174745,571.5279433977264,329.6968521080457,30.0,-4.01242702184829
2018-11-07 02:07:30+00:00,331.9858752649024,36.38458389668289,-4.009948628123841,320.96673218805535,11.451261574074074,2018-11-11 02:07:30+00:00,744.2216274662643,159.2922602158033,3.327379748385288,567.7810239287702,329.7142230654423,30.0,-4.009948628123841
2018-11-07 02:22:30+00:00,332.02890287679503,36.40011073736291,-4.00742800682384,343.04957186709026,11.46167824074074,2018-11-11 02:22:30+00:00,744.2175556310553,159.15493120849675,3.3262038628687756,583.3353207727164,329.8983129528649,30.0,-4.00742800682384
2018-11-07 02:37:30+00:00,332.07176583988615,36.415797942588405,-4.004865319046811,350.25580268188907,11.472094907407408,2018-11-11 02:37:30+00:00,744.2130959728968,159.01760222242194,3.325027862705996,585.0107321726687,329.97989627631944,30.0,-4.004865319046811
2018-11-07 02:52:30+00:00,332.1144626721399,36.43164520149886,-4.00226072738081,422.22018459497593,11.482511574074074,2018-11-11 02:52:30+00:00,744.2130959728968,158.88027325759575,3.3238517479349827,585.025041736227,330.3748508534261,30.0,-4.00226072738081
2018-11-07 03:07:30+00:00,332.15699190109103,36.44765220069773,-3.999614395882499,393.44404652916154,11.49292824074074,2018-11-11 03:07:30+00:00,744.2082111869048,158.7429443140063,3.32267551859378,587.274922489864,330.28550028158827,30.0,-3.999614395882499
2018-11-07 03:22:30+00:00,332.1993520640248,36.46381862427315,-3.996926490056151,354.72783940976893,11.503344907407408,2018-11-11 03:22:30+00:00,744.2028600342221,158.60561539159798,3.3214991747204388,585.0602374809387,330.11839485455215,30.0,-3.996926490056151
2018-11-07 03:37:30+00:00,332.24154170781475,36.480144153824,-3.994197176832499,478.176665410092,11.513761574074074,2018-11-11 03:37:30+00:00,744.2028600342221,158.46828649041717,3.320322716353008,581.0207488671596,330.69391737274157,30.0,-3.994197176832499
2018-11-07 03:52:30+00:00,332.28355938923,36.49662846848451,-3.991426624547088,474.3031371481342,11.52417824074074,2018-11-11 03:52:30+00:00,744.1969969939183,158.33095761042276,3.319146143529535,580.1920498811149,330.7193269223365,30.0,-3.991426624547088
2018-11-07 04:07:30+00:00,332.3254036747864,36.51327124494651,-3.988615002919276,340.5455300280008,11.534594907407408,2018-11-11 04:07:30+00:00,744.1905718970762,158.19362875160286,3.31796945628806,585.740122426266,330.1411994507331,30.0,-3.988615002919276
2018-11-07 04:22:30+00:00,332.36707314083765,36.5300721574841,-3.985762483031132,336.4791453497765,11.545011574074074,2018-11-11 04:22:30+00:00,744.1905718970762,158.0562999139602,3.3167926546666573,591.3182685428094,330.15077036653446,30.0,-3.985762483031132
2018-11-07 04:37:30+00:00,332.40856637379676,36.547030877983666,-3.982869237304459,338.3031670321875,11.55542824074074,2018-11-11 04:37:30+00:00,744.1835295392161,157.91897109745395,3.3156157387033622,594.1765541775976,330.1984884432307,30.0,-3.982869237304459
2018-11-07 04:52:30+00:00,332.44988196993256,36.56414707596023,-3.979935439481133,316.08983334507053,11.565844907407408,2018-11-11 04:52:30+00:00,744.1758092653519,157.78164230208685,3.314438708436217,597.2901264011448,330.0783060182844,30.0,-3.979935439481133
2018-11-07 05:07:30+00:00,332.4910185355166,36.58142041858479,-3.976961264601034,309.7953145732638,11.576261574074074,2018-11-11 05:07:30+00:00,744.1758092653519,157.6443135278618,3.3132615639032856,596.3182226788238,330.06488862961584,30.0,-3.976961264601034
2018-11-07 05:22:30+00:00,332.53197468692304,36.598850570710766,-3.973946888979692,323.15317195325537,11.58667824074074,2018-11-11 05:22:30+00:00,744.1673445204253,157.50698477475245,3.3120843051426183,584.7701526353446,330.19997153594994,30.0,-3.973946888979692
2018-11-07 05:37:30+00:00,332.5727490506283,36.61643719490015,-3.970892490186934,326.4466314825785,11.597094907407408,2018-11-11 05:37:30+00:00,744.1580623569546,157.3696560427472,3.3109069321922604,578.9051377114816,330.2581207179735,30.0,-3.970892490186934
2018-11-07 05:52:30+00:00,332.61334026323834,36.63417995144497,-3.9677982470254616,326.2090042544025,11.607511574074074,2018-11-11 05:52:30+00:00,744.1580623569546,157.23232733183428,3.309729445090305,577.5691809581625,330.29081436732383,30.0,-3.9677982470254616
2018-11-07 06:07:30+00:00,332.6537469714713,36.65207849838886,-3.964664339509547,327.00213681789154,11.61792824074074,2018-11-11 06:07:30+00:00,744.1478828917552,157.09499864201675,3.3085518438747807,572.3014051196438,330.33060347100735,30.0,-3.964664339509547
2018-11-07 06:22:30+00:00,332.6939678323995,36.670132491561944,-3.961490948842105,355.73019426316586,11.628344907407408,2018-11-11 06:22:30+00:00,744.1478828917552,156.95766997326825,3.3073741285837492,576.0175689641467,330.55264083209363,30.0,-3.961490948842105
2018-11-07 06:37:30+00:00,332.7340015132262,36.68834158459928,-3.9582782573935327,429.6685111386361,11.638761574074074,2018-11-11 06:37:30+00:00,744.1367187048156,156.82034132557754,3.3061962992552365,582.5431274346132,330.9563190823625,30.0,-3.9582782573935327
2018-11-07 06:52:30+00:00,332.7738466915305,36.706705428964774,-3.9550264486803814,420.556101567128,11.64917824074074,2018-11-11 06:52:30+00:00,744.1244741759232,156.6830126989329,3.3050183559273796,590.2908617537165,330.95265963284936,30.0,-3.9550264486803814
2018-11-07 07:07:30+00:00,332.8135020551467,36.72522367397846,-3.951735707342922,410.1377723870184,11.659594907407408,2018-11-11 07:07:30+00:00,744.1244741759232,156.5456840933229,3.303840298638173,592.5639955481358,330.9408968471146,30.0,-3.951735707342922
2018-11-07 07:22:30+00:00,332.85296630236627,36.74389596684778,-3.948406219122671,395.9947646999992,11.670011574074074,2018-11-11 07:22:30+00:00,744.1110447584405,156.40835550876525,3.302662127425698,597.1758486366166,330.9080958429845,30.0,-3.948406219122671
2018-11-07 07:37:30+00:00,332.8922381418207,36.762721952681645,-3.945038170841989,388.4824525162588,11.68042824074074,2018-11-11 07:37:30+00:00,744.0963161944821,156.27102694519007,3.301483842328028,583.428711313728,330.90422437659424,30.0,-3.945038170841989
2018-11-07 07:52:30+00:00,332.931316292518,36.781701274518575,-3.941631750382259,415.415140826108,11.690844907407408,2018-11-11 07:52:30+00:00,744.0963161944821,156.13369840262982,3.3003054433832206,574.3539598965308,331.06697423717924,30.0,-3.941631750382259
2018-11-07 08:07:30+00:00,332.97019948399765,36.80083357335706,-3.938187146660833,403.1393047552372,11.701261574074074,2018-11-11 08:07:30+00:00,744.0801636812474,155.99636988105854,3.2991269306293427,571.3716312902457,331.0436673083418,30.0,-3.938187146660833
2018-11-07 08:22:30+00:00,333.0088864562678,36.82011848818277,-3.934704549608998,368.3702314030415,11.71167824074074,2018-11-11 08:22:30+00:00,744.0624510038167,155.8590413804795,3.297948304104441,575.9888640157839,330.89453755189413,30.0,-3.934704549608998
2018-11-07 08:37:30+00:00,333.04737595984903,36.83955565598509,-3.9311841501517697,375.96599170660784,11.722094907407408,2018-11-11 08:37:30+00:00,744.0624510038167,155.72171290086672,3.2967695638466052,577.9036489387073,330.96983981800247,30.0,-3.9311841501517697
2018-11-07 08:52:30+00:00,333.0856667557514,36.85914471178254,-3.9276261401856662,328.1205558647128,11.732511574074074,2018-11-11 08:52:30+00:00,744.043029654642,155.584384442209,3.2955907098939092,574.2299666110183,330.69837340178486,30.0,-3.9276261401856662
2018-11-07 09:07:30+00:00,333.12375761558366,36.87888528865951,-3.924030712556031,391.8391192880934,11.74292824074074,2018-11-11 09:07:30+00:00,744.0217379634632,155.44705600449495,3.2944117422844066,571.8146315287383,331.11891845093885,30.0,-3.924030712556031
2018-11-07 09:22:30+00:00,333.1616473215337,36.898777017781065,-3.920398061035809,460.0496795734827,11.753344907407408,2018-11-11 09:22:30+00:00,744.0217379634632,155.30972758772813,3.2932326610561655,571.2950155020271,331.4491234364958,30.0,-3.920398061035809
2018-11-07 09:37:30+00:00,333.1993346664418,36.918819528423704,-3.916728380303573,452.4617642307071,11.763761574074074,2018-11-11 09:37:30+00:00,743.9984002627883,155.17239919186812,3.292053466247264,574.8827410763972,331.45303255121917,30.0,-3.916728380303573
2018-11-07 09:52:30+00:00,333.23681845371254,36.9390124479974,-3.913021865922439,468.530211643061,11.77417824074074,2018-11-11 09:52:30+00:00,743.9728261128158,155.03507081693277,3.290874157895789,571.0326870541812,331.54548465190885,30.0,-3.913021865922439
2018-11-07 10:07:30+00:00,333.27409749741656,36.9593554020746,-3.9092787143179137,417.2767111853088,11.784594907407408,2018-11-11 10:07:30+00:00,743.9728261128158,154.89774246289656,3.2896947360397983,567.4338182685428,331.36945210249354,30.0,-3.9092787143179137
2018-11-07 10:22:30+00:00,333.31117062230226,36.979848014412454,-3.905499122756435,368.161990414131,11.795011574074074,2018-11-11 10:22:30+00:00,743.9448096054792,154.76041412976286,3.288515200717355,566.7886648687984,331.1460790037505,30.0,-3.905499122756435
2018-11-07 10:37:30+00:00,333.3480366638075,37.00048990698051,-3.9016832893233993,346.62475092896767,11.80542824074074,2018-11-11 10:37:30+00:00,743.9448096054792,154.62308581749156,3.2873355519665557,569.4232642010188,331.04161809777645,30.0,-3.9016832893233993
2018-11-07 10:52:30+00:00,333.38469446806783,37.0212806999872,-3.8978314129021943,337.1363293661479,11.815844907407408,2018-11-11 10:52:30+00:00,743.9141287602122,154.48575752610063,3.2861557898254734,564.8923801574053,331.0063210417355,30.0,-3.8978314129021943
2018-11-07 11:07:30+00:00,333.42114289188635,37.04222001189811,-3.893943693153037,337.3852253756261,11.826261574074074,2018-11-11 11:07:30+00:00,743.8805450145421,154.34842925556467,3.2849759143321795,563.8886238969711,331.0374363358872,30.0,-3.893943693153037
2018-11-07 11:22:30+00:00,333.45738080285247,37.06330745947123,-3.8900203304903416,351.4479778124832,11.83667824074074,2018-11-11 11:22:30+00:00,743.8805450145421,154.2111010058871,3.2837959255247564,560.8794916130057,331.16220305657276,30.0,-3.8900203304903416
2018-11-07 11:37:30+00:00,333.49340707929787,37.084542657779814,-3.886061526061763,347.9563495366178,11.847094907407408,2018-11-11 11:37:30+00:00,743.8438028015871,154.07377277704245,3.282615823441283,553.3678654400691,331.16822848718584,30.0,-3.886061526061763
2018-11-07 11:52:30+00:00,333.529220610271,37.1059252202335,-3.8820674817275984,352.14323481462264,11.857511574074074,2018-11-11 11:52:30+00:00,743.80362919516,153.93644456900532,3.281435608119858,547.7864817430761,331.224753333628,30.0,-3.8820674817275984
2018-11-07 12:07:30+00:00,333.56482029561204,37.12745475860538,-3.87803840003871,338.9101844087304,11.86792824074074,2018-11-11 12:07:30+00:00,743.80362919516,153.7991163817939,3.2802552795985407,548.1484292001821,331.1631183405557,30.0,-3.87803840003871
2018-11-07 12:22:30+00:00,333.60020504587266,37.14913088306037,-3.8739744842141337,337.6467723984419,11.878344907407408,2018-11-11 12:22:30+00:00,743.7597335929624,153.66178821538273,3.279074837915427,542.2291120120835,331.1821849413198,30.0,-3.8739744842141337
2018-11-07 12:37:30+00:00,333.63537378244325,37.170953202178225,-3.8698759381231937,339.3922086495661,11.888761574074074,2018-11-11 12:37:30+00:00,743.711807400784,153.5244600697756,3.2778942831085924,544.2427855950393,331.2224462313922,30.0,-3.8698759381231937
2018-11-07 12:52:30+00:00,333.6703254374766,37.192921322979664,-3.8657429662627982,356.65692821368947,11.89917824074074,2018-11-11 12:52:30+00:00,743.711807400784,153.38713194494713,3.2767136152161345,540.1902476349471,331.36716650932715,30.0,-3.8657429662627982
2018-11-07 13:07:30+00:00,333.7050589539434,37.215034850949806,-3.86157577373708,394.5027310098127,11.909594907407408,2018-11-11 13:07:30+00:00,743.6595236771387,153.2498038408866,3.2755328342761456,539.1395610510802,331.6164473753844,30.0,-3.86157577373708
2018-11-07 13:22:30+00:00,333.7395732855866,37.2372933900694,-3.857374566235036,355.7761615113064,11.920011574074074,2018-11-11 13:22:30+00:00,743.6025366994751,153.11247575759774,3.2743519403266923,537.730940456316,331.416469590551,30.0,-3.857374566235036
2018-11-07 13:37:30+00:00,333.77386739695686,37.25969654283118,-3.853139550011431,359.0929326655537,11.93042824074074,2018-11-11 13:37:30+00:00,743.6025366994751,152.9751476950408,3.273170933405884,536.2660982590031,331.46509632783943,30.0,-3.853139550011431
2018-11-07 13:52:30+00:00,333.8079402634235,37.28224391027462,-3.848870931864536,363.2686226693859,11.940844907407408,2018-11-11 13:52:30+00:00,743.5404814205696,152.83781965323422,3.2719898135518104,538.0594641863423,331.5186197709506,30.0,-3.848870931864536
2018-11-07 14:07:30+00:00,333.84179087108134,37.30493509199818,-3.84456891911773,350.4707860338235,11.951261574074074,2018-11-11 14:07:30+00:00,743.4729727969168,152.70049163215276,3.2708085808025524,555.854996422609,331.46147933816565,30.0,-3.84456891911773
2018-11-07 14:22:30+00:00,333.8754182169315,37.32776968619977,-3.840233719596165,340.06335094169657,11.96167824074074,2018-11-11 14:22:30+00:00,743.4729727969168,152.56316363180042,3.2696272351962055,553.3006399554814,331.414590311631,30.0,-3.840233719596165
2018-11-07 14:37:30+00:00,333.90882130869437,37.35074728969286,-3.835865541608091,365.6213364292017,11.972094907407408,2018-11-11 14:37:30+00:00,743.3996049891127,152.42583565213738,3.268445776770879,546.6770013514588,331.61283537645454,30.0,-3.835865541608091
2018-11-07 14:52:30+00:00,333.94199916491874,37.37386749793287,-3.831464593924231,367.2831735688513,11.982511574074074,2018-11-11 14:52:30+00:00,743.3996049891127,152.28850769318237,3.2672642055646555,545.8326377295492,331.64921296465013,30.0,-3.831464593924231
2018-11-07 15:07:30+00:00,333.9749508149755,37.39712990504286,-3.827031085757493,358.64492856758187,11.99292824074074,2018-11-11 15:07:30+00:00,743.3199504559573,152.1511797549247,3.266082521615632,553.5865827967247,331.6195337691138,30.0,-3.827031085757493
2018-11-07 15:22:30+00:00,334.00767529896603,37.420534103838186,-3.82256522674289,399.1131051752921,12.003344907407408,2018-11-11 15:22:30+00:00,743.2335589872616,152.0138518373248,3.264900724961934,541.9223236418562,331.8843895784273,30.0,-3.82256522674289
2018-11-07 15:37:30+00:00,334.04017166781165,37.44407968584979,-3.818067226917526,370.9333085282248,12.013761574074074,2018-11-11 15:37:30+00:00,743.2335589872616,151.87652394038702,3.263718815641602,550.655457508546,331.7483308905814,30.0,-3.818067226917526
2018-11-07 15:52:30+00:00,334.0724389832239,37.46776624135533,-3.8135372967001726,356.8444046529161,12.02417824074074,2018-11-11 15:52:30+00:00,743.1399567427648,151.73919606411508,3.2625367936927963,554.7616563319818,331.68253151849336,30.0,-3.8135372967001726
2018-11-07 16:07:30+00:00,334.10447631764026,37.49159335939488,-3.808975646872538,378.348736728294,12.034594907407408,2018-11-11 16:07:30+00:00,743.038645383601,151.6018682084989,3.2613546591535836,559.1848746690149,331.8432128322827,30.0,-3.808975646872538
2018-11-07 16:22:30+00:00,334.13628275431154,37.51556062780158,-3.8043824885589497,380.9415652496512,12.045011574074074,2018-11-11 16:22:30+00:00,743.038645383601,151.46454037351322,3.2601724120620856,566.4989267827331,331.88322521650196,30.0,-3.8043824885589497
2018-11-07 16:37:30+00:00,334.167857387182,37.53966763322439,-3.7997580332068193,361.3731218697829,12.05542824074074,2018-11-11 16:37:30+00:00,742.9291013960542,151.327212559148,3.2589900524564084,567.4196577629382,331.7851779542603,30.0,-3.7997580332068193
2018-11-07 16:52:30+00:00,334.1991993209819,37.563913961153865,-3.7951024925671697,376.81216005169904,12.065844907407408,2018-11-11 16:52:30+00:00,742.8107757129169,151.18988476539283,3.2578075803746316,561.143572621035,331.90679650745165,30.0,-3.7951024925671697
2018-11-07 17:07:30+00:00,334.2303076711519,37.588299195944806,-3.790416078675624,357.5943614071677,12.076261574074074,2018-11-11 17:07:30+00:00,742.8107757129169,151.05255699223738,3.256624995854903,568.4070673344463,331.8069191520241,30.0,-3.790416078675624
2018-11-07 17:22:30+00:00,334.2611815638505,37.612822920842234,-3.785699003832893,351.7715297385043,12.08667824074074,2018-11-11 17:22:30+00:00,742.6830937343328,150.9152292396714,3.255442298935307,575.3520252007313,331.78971748506495,30.0,-3.785699003832893
2018-11-07 17:37:30+00:00,334.2918201359199,37.63748471800409,-3.780951480586051,356.3018561401619,12.097094907407408,2018-11-11 17:37:30+00:00,742.5454558370269,150.77790150771378,3.254259489653939,576.8433500278242,331.84387583707934,30.0,-3.780951480586051
2018-11-07 17:52:30+00:00,334.32222253493035,37.66228416852965,-3.77617372170927,359.20730980205104,12.107511574074074,2018-11-11 17:52:30+00:00,742.5454558370269,150.64057379631072,3.253076568048956,580.1717147626997,331.8861941152087,30.0,-3.77617372170927
2018-11-07 18:07:30+00:00,334.3523879190833,37.68722085247639,-3.7713659401851225,370.7780138755545,12.11792824074074,2018-11-11 18:07:30+00:00,742.3972384387163,150.50324610546653,3.251893534158421,582.2916666666667,331.9846989720257,30.0,-3.7713659401851225
2018-11-07 18:22:30+00:00,334.3823154572834,37.71229434889135,-3.766528349186195,347.6951773521325,12.128344907407408,2018-11-11 18:22:30+00:00,742.2377956544796,150.36591843520023,3.2507103880204693,581.2813021702838,331.8492046270282,30.0,-3.766528349186195
2018-11-07 18:37:30+00:00,334.412004329027,37.73750423583213,-3.761661162055944,350.9869874893454,12.138761574074074,2018-11-11 18:37:30+00:00,742.2377956544796,150.228590785458,3.249527129673224,587.686620558073,331.89444829162716,30.0,-3.761661162055944
2018-11-07 18:52:30+00:00,334.4414537244359,37.76285009038608,-3.7567645922916553,401.83544543936864,12.14917824074074,2018-11-11 18:52:30+00:00,742.06646154598,150.09126315624445,3.2483437591547855,576.5981496939344,332.2352672441169,30.0,-3.7567645922916553
2018-11-07 19:07:30+00:00,334.4706628442711,37.78833148870441,-3.7518388535244576,344.5603784084586,12.159594907407408,2018-11-11 19:07:30+00:00,742.06646154598,149.9539355475639,3.247160276503281,573.5201526353446,331.8893041633954,30.0,-3.7518388535244576
2018-11-07 19:22:30+00:00,334.49963089980463,37.81394800601788,-3.7468841595020135,372.5928867906088,12.170011574074074,2018-11-11 19:22:30+00:00,741.8825529253288,149.81660795939197,3.245976681756822,571.4787271715486,332.1046325434817,30.0,-3.7468841595020135
2018-11-07 19:37:30+00:00,334.52835711293244,37.83969921666236,-3.74190072407101,374.4365609348915,12.18042824074074,2018-11-11 19:37:30+00:00,741.6853726360238,149.67928039171846,3.24479297495355,564.6807178631051,332.13729743957515,30.0,-3.74190072407101
2018-11-07 19:52:30+00:00,334.55684071605,37.86558469410129,-3.736888761159183,376.7290604057853,12.190844907407408,2018-11-11 19:52:30+00:00,741.6853726360238,149.5419528445481,3.2436091561315736,565.2208045154623,332.1724844279134,30.0,-3.736888761159183
2018-11-07 20:07:30+00:00,334.58508095211425,37.8916040109573,-3.7318484847558984,408.85952393774573,12.201261574074074,2018-11-11 20:07:30+00:00,741.4742131969825,149.4046253178565,3.242425225329003,563.0046108593688,332.3808330896321,30.0,-3.7318484847558984
2018-11-07 20:22:30+00:00,334.61307707452187,37.91775673902229,-3.7267801088976737,371.2479131886478,12.21167824074074,2018-11-11 20:22:30+00:00,741.248360665248,149.2672978116336,3.2412411825839733,566.9796883695047,332.17746905401424,30.0,-3.7267801088976737
2018-11-07 20:37:30+00:00,334.6408283471605,37.94404244928888,-3.721683847648532,361.412453936284,12.222094907407408,2018-11-11 20:37:30+00:00,741.248360665248,149.12997032588407,3.24005702793462,574.7893314253915,332.13063193577574,30.0,-3.721683847648532
2018-11-07 20:52:30+00:00,334.66833404434004,37.9704607119711,-3.7165599150840594,398.19157717441567,12.232511574074074,2018-11-11 20:52:30+00:00,741.007098551148,148.99264286058366,3.238872761419054,582.3942682248191,332.3824161982188,30.0,-3.7165599150840594
2018-11-07 21:07:30+00:00,334.6955934507894,37.99701109652941,-3.711408525273101,393.67468426523845,12.24292824074074,2018-11-11 21:07:30+00:00,740.749711608714,148.85531541572243,3.2376883830754175,575.8411837188966,332.3757457569804,30.0,-3.711408525273101
2018-11-07 21:22:30+00:00,334.7226058616437,38.02369317169168,-3.706229892262189,382.1681969949916,12.253344907407408,2018-11-11 21:22:30+00:00,740.749711608714,148.71798799130528,3.2365038929418386,571.6273153668812,332.32493794801144,30.0,-3.706229892262189
2018-11-07 21:37:30+00:00,334.74937058238186,38.050506505477856,-3.701024230057498,411.19170391512733,12.263761574074074,2018-11-11 21:37:30+00:00,740.4754893254046,148.58066058729315,3.235319291056446,572.5,332.5134924754611,30.0,-3.701024230057498
2018-11-07 21:52:30+00:00,334.775886928831,38.07745066521763,-3.695791752609877,391.08628628359094,12.27417824074074,2018-11-11 21:52:30+00:00,740.183728949187,148.44333320370566,3.234134577457364,580.5850524683997,332.41719626055055,30.0,-3.695791752609877
2018-11-07 22:07:30+00:00,334.8021542270967,38.10452521758123,-3.690532673796279,388.3710754483279,12.284594907407408,2018-11-11 22:07:30+00:00,740.183728949187,148.306005840533,3.232949752182741,585.5463470864138,332.41901199837815,30.0,-3.690532673796279
2018-11-07 22:22:30+00:00,334.82817181357416,38.13172972859394,-3.685247207405557,394.1668828954089,12.295011574074074,2018-11-11 22:22:30+00:00,739.8737379174462,148.16867849775105,3.2317648152707057,587.3264965418555,332.47218928850236,30.0,-3.685247207405557
2018-11-07 22:37:30+00:00,334.8539390349071,38.15906376366456,-3.679935567120761,394.3519648131501,12.30542824074074,2018-11-11 22:37:30+00:00,739.8737379174462,148.03135117534998,3.2305797667594023,585.9605294538517,332.49114655329765,30.0,-3.679935567120761
2018-11-07 22:52:30+00:00,334.8794552479384,38.186526887603776,-3.67459796650428,374.134694536978,12.315844907407408,2018-11-11 22:52:30+00:00,739.5448355896478,147.8940238733349,3.2293946066869506,586.5172112250576,332.3806007370348,30.0,-3.67459796650428
2018-11-07 23:07:30+00:00,334.90471981967755,38.21411866464445,-3.6692346189818648,421.8586757499058,12.326261574074074,2018-11-11 23:07:30+00:00,739.1963542319269,147.7566965916671,3.22820933509151,588.0731775180857,332.6810861079527,30.0,-3.6692346189818648
2018-11-07 23:22:30+00:00,334.9297321272823,38.24183865847042,-3.6638457378264224,391.2409699729965,12.33667824074074,2018-11-11 23:22:30+00:00,739.1963542319269,147.6193693303661,3.2270239520112245,590.7032554257095,332.52399016380315,30.0,-3.6638457378264224
2018-11-07 23:37:30+00:00,334.9544915580373,38.26968643223073,-3.658431536143147,394.9701987382395,12.347094907407408,2018-11-11 23:37:30+00:00,738.8276392537243,147.48204208942244,3.225838457484224,603.5207488671596,332.5634122786306,30.0,-3.658431536143147
2018-11-07 23:52:30+00:00,334.97899750931936,38.2976615485705,-3.65299222685322,392.8390752263874,12.357511574074074,2018-11-11 23:52:30+00:00,738.4380487505342,147.34471486879758,3.2246528515486466,604.926862230702,332.56681425296125,30.0,-3.65299222685322
2018-11-08 00:07:30+00:00,335.00324938849,38.32576356963889,-3.647528022680714,385.308266710402,12.36792824074074,2018-11-12 00:07:30+00:00,738.4380487505342,147.20738766851096,3.223467134242672,596.0961721917481,332.5355911626091,30.0,-3.647528022680714
2018-11-08 00:22:30+00:00,335.0272466130155,38.353992057127314,-3.642039136133695,381.5983335947944,12.378344907407408,2018-11-12 00:22:30+00:00,738.0269524586863,147.0700604885389,3.222281305604397,604.2292710072343,332.5271496614008,30.0,-3.642039136133695
2018-11-08 00:37:30+00:00,335.0509886102633,38.38234657227307,-3.636525779494882,371.4454560330078,12.388761574074074,2018-11-12 00:37:30+00:00,737.5937302737623,146.93273332890084,3.2210953656720154,601.1399952301455,332.47383784912057,30.0,-3.636525779494882
2018-11-08 00:52:30+00:00,335.07447481752774,38.41082667589659,-3.630988164803148,380.38170501560575,12.39917824074074,2018-11-12 00:52:30+00:00,737.5937302737623,146.79540618954388,3.2199093144836537,593.0196160267112,332.54931816945924,30.0,-3.630988164803148
2018-11-08 01:07:30+00:00,335.09770468201646,38.43943192841055,-3.6254265038409623,427.6494576724288,12.409594907407408,2018-11-12 01:07:30+00:00,737.1377705199161,146.6580790704732,3.2187231520774753,597.0347404404165,332.84401274455445,30.0,-3.6254265038409623
2018-11-08 01:22:30+00:00,335.120677660791,38.468161889847146,-3.619841008119092,377.3824788626206,12.420011574074074,2018-11-12 01:22:30+00:00,736.658468179943,146.5207519716941,3.217536878491625,607.2662771285476,332.558102092402,30.0,-3.619841008119092
2018-11-08 01:37:30+00:00,335.1433932207321,38.497016119879206,-3.614231888862157,366.1042213212497,12.43042824074074,2018-11-12 01:37:30+00:00,736.658468179943,146.3834248931828,3.216350493764242,601.37406590349,332.49287394018046,30.0,-3.614231888862157
2018-11-08 01:52:30+00:00,335.165850838511,38.52599417783642,-3.6085993569959993,370.01530637826113,12.440844907407408,2018-11-12 01:52:30+00:00,736.1552233033209,146.24609783492969,3.215163997933536,592.2231496939344,332.53440397995405,30.0,-3.6085993569959993
2018-11-08 02:07:30+00:00,335.1880500005283,38.55509562272588,-3.60294362313356,391.2425882217489,12.451261574074074,2018-11-12 02:07:30+00:00,735.6274398008176,146.10877079694055,3.213977391037613,590.0926146752523,332.6908805865298,30.0,-3.60294362313356
2018-11-08 02:22:30+00:00,335.2099902028735,38.58432001326308,-3.597264897559212,399.94609659104253,12.46167824074074,2018-11-12 02:22:30+00:00,735.6274398008176,145.97144377919145,3.212790673114648,607.0012520868113,332.75881870054883,30.0,-3.597264897559212
2018-11-08 02:37:30+00:00,335.23167095135574,38.61366690787931,-3.591563390218102,410.4319148727841,12.472094907407408,2018-11-12 02:37:30+00:00,735.0745248101938,145.8341167816878,3.2116038442027985,597.728356785118,332.83495695685224,30.0,-3.591563390218102
2018-11-08 02:52:30+00:00,335.2530917612782,38.6431358647373,-3.585839310703311,390.903766786286,12.482511574074074,2018-11-12 02:52:30+00:00,735.0745248101938,145.69678980440588,3.210416904340233,596.321249701884,332.7280373172467,30.0,-3.585839310703311
2018-11-08 03:07:30+00:00,335.27425215764026,38.67272644176784,-3.5800928682389492,385.8517286875976,12.49292824074074,2018-11-12 03:07:30+00:00,734.4958887800368,145.5594628473366,3.209229853565127,598.4097548945213,332.7073786973301,30.0,-3.5800928682389492
2018-11-08 03:22:30+00:00,335.2951516749148,38.70243819666679,-3.574324271671058,371.12896494156934,12.503344907407408,2018-11-12 03:22:30+00:00,733.8909463710148,145.42213591047087,3.2080426919156197,601.0624850942046,332.6173071439085,30.0,-3.574324271671058
2018-11-08 03:37:30+00:00,335.3157898570973,38.73227068694782,-3.5685337294521156,363.0528973019548,12.513761574074074,2018-11-12 03:37:30+00:00,733.8909463710148,145.2848089938142,3.2068554194298975,602.6794657762939,332.5689929808225,30.0,-3.5685337294521156
2018-11-08 03:52:30+00:00,335.3361662576141,38.762223469942256,-3.5627214496305855,371.06973662523234,12.52417824074074,2018-11-12 03:52:30+00:00,733.2591182199759,145.147482097343,3.205668036146129,614.1972732331664,332.6394947208171,30.0,-3.5627214496305855
2018-11-08 04:07:30+00:00,335.3562804392598,38.79229610281364,-3.5568876398387292,394.0609483547848,12.534594907407408,2018-11-12 04:07:30+00:00,732.5998335569101,145.01015522106297,3.2044805421024605,620.1208363144923,332.8082291269842,30.0,-3.5568876398387292
2018-11-08 04:22:30+00:00,335.3761319741883,38.822488142589314,-3.551032507278523,417.2442920598448,12.545011574074074,2018-11-12 04:22:30+00:00,732.5998335569101,144.87282836495038,3.2032929373370806,624.7770093012163,332.9613943929656,30.0,-3.551032507278523
2018-11-08 04:37:30+00:00,335.3957204439879,38.85279914617846,-3.54515625870917,413.3555926544241,12.55542824074074,2018-11-12 04:37:30+00:00,731.9125336124188,144.73550152899656,3.202105221888162,625.485183639399,332.94989164105044,30.0,-3.54515625870917
2018-11-08 04:52:30+00:00,335.4150454393308,38.883228670376,-3.539259100439005,421.0704460158849,12.565844907407408,2018-11-12 04:52:30+00:00,731.1966757080645,144.59817471320687,3.200917395793898,623.1417441768026,333.00577615695283,30.0,-3.539259100439005
2018-11-08 05:07:30+00:00,335.4341065602761,38.913776271898456,-3.533341238309654,388.883557966438,12.576261574074074,2018-11-12 05:07:30+00:00,731.1966757080645,144.46084791757255,3.199729459092446,619.564552031163,332.8164575702063,30.0,-3.533341238309654
2018-11-08 05:22:30+00:00,335.4529034158882,38.94444150738675,-3.5274028776880795,379.5335664977272,12.58667824074074,2018-11-12 05:22:30+00:00,730.4517378869323,144.32352114204133,3.19854141182196,624.1844045631608,332.7615402841619,30.0,-3.5274028776880795
2018-11-08 05:37:30+00:00,335.47143562452646,38.97522393344778,-3.5214442234507817,379.40615311233006,12.597094907407408,2018-11-12 05:37:30+00:00,729.6772239188128,144.18619438666232,3.197353254020663,617.2231496939344,332.76990319460623,30.0,-3.5214442234507817
2018-11-08 05:52:30+00:00,335.4897028135685,39.006123106649355,-3.515465479976795,427.78589315525875,12.607511574074074,2018-11-12 05:52:30+00:00,729.6772239188128,144.04886765141225,3.196164985726701,610.0535614913745,333.085446959318,30.0,-3.515465479976795
2018-11-08 06:07:30+00:00,335.5077046193558,39.03713858354213,-3.509466851136132,408.4593273735796,12.61792824074074,2018-11-12 06:07:30+00:00,728.8726685041132,143.91154093625326,3.194976606978285,614.9293465299309,332.9810179652925,30.0,-3.509466851136132
2018-11-08 06:22:30+00:00,335.52544068728815,39.06826992068907,-3.503448540277159,411.31178226336823,12.628344907407408,2018-11-12 06:22:30+00:00,728.0376425020681,143.77421424120573,3.1937881178135834,616.6358613562286,333.0076330279519,30.0,-3.503448540277159
2018-11-08 06:37:30+00:00,335.54291067171215,39.099516674683784,-3.4974107502152516,421.561887678803,12.638761574074074,2018-11-12 06:37:30+00:00,728.0376425020681,143.6368875662465,3.192599518270792,617.0287781222672,333.07785775448775,30.0,-3.4974107502152516
2018-11-08 06:52:30+00:00,335.5601142358563,39.13087840215497,-3.4913536832252405,397.35617054064465,12.64917824074074,2018-11-12 06:52:30+00:00,727.1717580200701,143.49956091138128,3.1914108083880843,609.9227879799665,332.9358844550119,30.0,-3.4913536832252405
2018-11-08 07:07:30+00:00,335.5770510517466,39.16235465978149,-3.4852775410311914,382.74709192740585,12.659594907407408,2018-11-12 07:07:30+00:00,727.1717580200701,143.3622342766015,3.190221988203668,613.7709674854917,332.84326539232694,30.0,-3.4852775410311914
2018-11-08 07:22:30+00:00,335.5937208002281,39.19394500433483,-3.479182524792276,378.1964889573093,12.670011574074074,2018-11-12 07:22:30+00:00,726.2746732191532,143.2249076618695,3.189033057755714,606.1407902058986,332.8175021273026,30.0,-3.479182524792276
2018-11-08 07:37:30+00:00,335.6101231708794,39.22564899266966,-3.473068835096593,375.8507180116657,12.68042824074074,2018-11-12 07:37:30+00:00,725.346096712671,143.08758106720583,3.1878440170824165,603.4049805230941,332.80694433953784,30.0,-3.473068835096593
2018-11-08 07:52:30+00:00,335.6262578620255,39.25746618175713,-3.4669366719498225,374.1442645530103,12.690844907407408,2018-11-12 07:52:30+00:00,725.346096712671,142.95025449258725,3.1866548662219887,596.8268237049539,332.80058224421407,30.0,-3.4669366719498225
2018-11-08 08:07:30+00:00,335.642124580518,39.289396128692374,-3.4607862347663265,385.84098497495825,12.701261574074074,2018-11-12 08:07:30+00:00,724.3857914579276,142.8129279380199,3.185465605212591,586.2425471023134,332.89265836604426,30.0,-3.4607862347663265
2018-11-08 08:22:30+00:00,335.65772304193274,39.32143839072116,-3.4546177223579986,397.30250403190377,12.71167824074074,2018-11-12 08:22:30+00:00,723.3935780612948,142.67560140348056,3.184276234092483,590.4150767151602,332.97836412906804,30.0,-3.4546177223579986
2018-11-08 08:37:30+00:00,335.67305297026763,39.353592525242874,-3.4484313329280796,383.8876459839443,12.722094907407408,2018-11-12 08:37:30+00:00,723.3935780612948,142.538274888961,3.1830867528997873,592.8322998648541,332.89049915453205,30.0,-3.4484313329280796
2018-11-08 08:52:30+00:00,335.68811409806017,39.38585808983693,-3.4422272640592704,413.08091442727135,12.732511574074074,2018-11-12 08:52:30+00:00,722.369337434405,142.40094839446712,3.18189716167276,586.4953493918435,333.0932888447455,30.0,-3.4422272640592704
2018-11-08 09:07:30+00:00,335.70290616632207,39.418234642280545,-3.43600571270557,409.8149548227636,12.74292824074074,2018-11-12 09:07:30+00:00,721.3130127514802,142.26362191997617,3.1807074604495726,576.8885642737896,333.07837964542,30.0,-3.43600571270557
2018-11-08 09:22:30+00:00,335.7174289244077,39.45072174055736,-3.4297668751841615,419.43576938575785,12.753344907407408,2018-11-12 09:22:30+00:00,721.3130127514802,142.1262954654941,3.17951764926845,571.559742427856,333.1442571780458,30.0,-3.4297668751841615
2018-11-08 09:37:30+00:00,335.7316821299671,39.48331894287775,-3.4235109471659877,465.1045873947619,12.763761574074074,2018-11-12 09:37:30+00:00,720.2246106659718,141.9889690309981,3.1783277281675915,574.6881165578995,333.4031673654946,30.0,-3.4235109471659877
2018-11-08 09:52:30+00:00,335.7456655490267,39.516025807699734,-3.417238123666904,462.4865367009532,12.77417824074074,2018-11-12 09:52:30+00:00,719.104201749512,141.85164261647986,3.1771376971851972,573.7590925351776,333.39589325587207,30.0,-3.417238123666904
2018-11-08 10:07:30+00:00,335.7593789557863,39.5488418937297,-3.41094859904155,383.4722136740958,12.784594907407408,2018-11-12 10:07:30+00:00,719.104201749512,141.7143162219456,3.1759475563594717,577.7555847046665,332.915663986908,30.0,-3.41094859904155
2018-11-08 10:22:30+00:00,335.7728221325923,39.581766759953055,-3.4046425669728886,380.72829716193655,12.795011574074074,2018-11-12 10:22:30+00:00,717.9519201195039,141.57698984737252,3.174757305728644,572.102313379442,332.89873651984385,30.0,-3.4046425669728886
2018-11-08 10:37:30+00:00,335.78599487,39.614799965644586,-3.3983202204651226,379.70979261004715,12.80542824074074,2018-11-12 10:37:30+00:00,716.7679622256408,141.43966349276698,3.1735669453309123,568.1629600922172,332.89426502228014,30.0,-3.3983202204651226
2018-11-08 10:52:30+00:00,335.79889696656284,39.647941070378266,-3.391981751836512,369.8167334308214,12.815844907407408,2018-11-12 10:52:30+00:00,716.7679622256408,141.3023371581061,3.1723764752045,566.1569878368709,332.819575635634,30.0,-3.391981751836512
2018-11-08 11:07:30+00:00,335.81152822886907,39.68118963404836,-3.385627352711174,374.85267304185936,12.826261574074074,2018-11-12 11:07:30+00:00,715.5525847723674,141.1650108433818,3.1711858953876155,565.5537006121314,332.8621030932397,30.0,-3.385627352711174
2018-11-08 11:22:30+00:00,335.8238884714668,39.71454521688761,-3.379257214010563,378.3533712100813,12.83667824074074,2018-11-12 11:22:30+00:00,715.5525847723674,141.02768454860023,3.16999520591849,564.5572481914301,332.89168483405774,30.0,-3.379257214010563
2018-11-08 11:37:30+00:00,335.8359775169074,39.748007379478125,-3.372871525946988,376.1825264329438,12.847094907407408,2018-11-12 11:37:30+00:00,714.3061017656238,140.89035827373917,3.16880440683531,557.178631051753,332.87669456296254,30.0,-3.372871525946988
2018-11-08 11:52:30+00:00,335.84779519542906,39.78157568275453,-3.3664704780188783,372.8095086918933,12.857511574074074,2018-11-12 11:52:30+00:00,713.0288806893064,140.75303201881923,3.167613498176335,549.9991438722657,332.8514551340511,30.0,-3.3664704780188783
2018-11-08 12:07:30+00:00,335.8593413452479,39.8152496880398,-3.3600542589989124,384.2394643565278,12.86792824074074,2018-11-12 12:07:30+00:00,713.0288806893064,140.6157057837888,3.166422479979768,548.2590031004055,332.94212494895265,30.0,-3.3600542589989124
2018-11-08 12:22:30+00:00,335.8706158121815,39.84902895704223,-3.3536230569302794,391.023008778071,12.878344907407408,2018-11-12 12:22:30+00:00,711.7213378401802,140.4783795686545,3.16523135228382,551.7966452023213,332.9941424056376,30.0,-3.3536230569302794
2018-11-08 12:37:30+00:00,335.8816184498682,39.88291305188039,-3.3471770591194963,437.71911519198665,12.888761574074074,2018-11-12 12:37:30+00:00,710.3839328789642,140.34105337340816,3.1640401151267534,544.7312981954051,333.3031683920687,30.0,-3.3471770591194963
2018-11-08 12:52:30+00:00,335.8923491194984,39.91690153509103,-3.34071645213113,433.3874910565228,12.89917824074074,2018-11-12 12:52:30+00:00,710.3839328789642,140.20372719807102,3.1628487685467626,541.4701585976628,333.27917173379564,30.0,-3.34071645213113
2018-11-08 13:07:30+00:00,335.9028076899008,39.95099396964616,-3.3342414217798,431.11901033019103,12.909594907407408,2018-11-12 13:07:30+00:00,709.0171626886572,140.06640104260595,3.1616573125820855,541.4003497893315,333.2668492933004,30.0,-3.3342414217798
2018-11-08 13:22:30+00:00,335.91299403741203,39.985189918961815,-3.3277521531249135,438.1657601378642,12.920011574074074,2018-11-12 13:22:30+00:00,707.6215546667702,139.92907490700497,3.160465747270974,544.6219890293346,333.3105155126974,30.0,-3.3277521531249135
2018-11-08 13:37:30+00:00,335.92290804588475,40.019488946921314,-3.3212488304631385,460.73862908332575,12.93042824074074,2018-11-12 13:37:30+00:00,707.6215546667702,139.7917487912748,3.1592740726516317,550.4417084028937,333.43943067656267,30.0,-3.3212488304631385
2018-11-08 13:52:30+00:00,335.93254960652195,40.0538906178779,-3.3147316373240927,430.6094835478486,12.940844907407408,2018-11-12 13:52:30+00:00,706.1976596133777,139.6544226953931,3.1580822887623095,577.9215358931554,333.2661832078225,30.0,-3.3147316373240927
2018-11-08 14:07:30+00:00,335.94191861795576,40.08839449666683,-3.308200756465109,402.0109905397885,12.951261574074074,2018-11-12 14:07:30+00:00,704.7460444089207,139.51709661935183,3.1568903956412444,583.2415136338341,333.0760690351917,30.0,-3.308200756465109
2018-11-08 14:22:30+00:00,335.9510149861279,40.12300014863842,-3.3016563698615835,442.93849964995417,12.96167824074074,2018-11-12 14:22:30+00:00,704.7460444089207,139.37977056315785,3.155698393326669,582.0982888146912,333.3410476326188,30.0,-3.3016563698615835
2018-11-08 14:37:30+00:00,335.95983862425743,40.15770713964828,-3.295098658706302,416.23037418179865,12.972094907407408,2018-11-12 14:37:30+00:00,703.267284701608,139.2424445268033,3.15450628185683,584.0702758565865,333.17287577183464,30.0,-3.295098658706302
2018-11-08 14:52:30+00:00,335.96838945268297,40.192515036071235,-3.288527803402922,405.7414238785072,12.982511574074074,2018-11-12 14:52:30+00:00,701.7619578415183,139.10511851026604,3.1533140612699504,579.6537880594642,333.09958283578396,30.0,-3.288527803402922
2018-11-08 15:07:30+00:00,335.976667398966,40.22742340482797,-3.2819439835593154,408.5350584307178,12.99292824074074,2018-11-12 15:07:30+00:00,701.7619578415183,138.96779251353803,3.1521217316043213,580.3109348914858,333.1177199912181,30.0,-3.2819439835593154
2018-11-08 15:22:30+00:00,335.984672397795,40.26243181340016,-3.275347377981034,407.42411187103954,13.003344907407408,2018-11-12 15:22:30+00:00,700.2306363050833,138.83046653661197,3.150929292898107,577.5061610620876,333.1081164909184,30.0,-3.275347377981034
2018-11-08 15:37:30+00:00,335.99240439080893,40.29753982981378,-3.2687381646726275,417.36071520758543,13.013761574074074,2018-11-12 15:37:30+00:00,700.2306363050833,138.6931405795089,3.1497367451896463,589.468772740893,333.1747276009562,30.0,-3.2687381646726275
2018-11-08 15:52:30+00:00,335.9998633266627,40.33274702267942,-3.2621165208269667,412.11974339767977,13.02417824074074,2018-11-12 15:52:30+00:00,698.6738818482042,138.55581464217775,3.1485440885171236,586.0325435554985,333.13659771077243,30.0,-3.2621165208269667
2018-11-08 16:07:30+00:00,336.00704916099585,40.36805296120231,-3.2554826228216527,407.9514782702354,13.034594907407408,2018-11-12 16:07:30+00:00,697.0922406083995,138.41848872463993,3.1473513229188232,598.2570156610224,333.10464453331815,30.0,-3.2554826228216527
2018-11-08 16:22:30+00:00,336.01396185629005,40.40345721517849,-3.248836646216876,399.572203672788,13.045011574074074,2018-11-12 16:22:30+00:00,697.0922406083995,138.28116282687327,3.146158448432994,590.5537006121314,333.04057321042154,30.0,-3.248836646216876
2018-11-08 16:37:30+00:00,336.0206013817943,40.43895935501407,-3.242178765750193,406.1295034735312,13.05542824074074,2018-11-12 16:37:30+00:00,695.4862393465219,138.1438369488994,3.144965465097859,597.1028102392877,333.08523761909913,30.0,-3.242178765750193
2018-11-08 16:52:30+00:00,336.02696771359143,40.47455895174309,-3.235509155330829,449.3032742743282,13.065844907407408,2018-11-12 16:52:30+00:00,693.8563829779893,138.00651109066698,3.1437723729517137,596.3599144317006,333.3646160249687,30.0,-3.235509155330829
2018-11-08 17:07:30+00:00,336.0330608344404,40.510255577028545,-3.228827988037496,466.46398281919846,13.076261574074074,2018-11-12 17:07:30+00:00,693.8563829779893,137.86918525219775,3.1425791720328,614.1950870498449,333.45991486941665,30.0,-3.228827988037496
2018-11-08 17:22:30+00:00,336.0388807337945,40.54604880318885,-3.222135436112013,469.9892966772578,13.08667824074074,2018-11-12 17:22:30+00:00,692.2031534942403,137.73185943346957,3.141385862379378,626.0761306723327,333.47633826764246,30.0,-3.222135436112013
2018-11-08 17:37:30+00:00,336.0444274076291,40.581938203183626,-3.2154316709599913,473.1420422927102,13.097094907407408,2018-11-12 17:37:30+00:00,690.5270103198554,137.5945336344897,3.140192444029703,625.7095158597663,333.49029773274214,30.0,-3.2154316709599913
2018-11-08 17:52:30+00:00,336.0497008585557,40.61792335065006,-3.208716863142217,471.74390112553186,13.107511574074074,2018-11-12 17:52:30+00:00,690.5270103198554,137.45720785523588,3.1389989170220742,615.0973845297718,333.4792899608458,30.0,-3.208716863142217
2018-11-08 18:07:30+00:00,336.0547010956042,40.654003819902165,-3.2019911823740963,457.21026980451296,13.11792824074074,2018-11-12 18:07:30+00:00,688.8283920925583,137.31988209571557,3.137805281394697,624.1108693059862,333.3935708360994,30.0,-3.2019911823740963
2018-11-08 18:22:30+00:00,336.0594281342792,40.69017918593924,-3.1952547975214705,426.43039324800594,13.128344907407408,2018-11-12 18:22:30+00:00,687.1077197953406,137.18255635590677,3.1366115371858783,619.817828248546,333.19652867845485,30.0,-3.1952547975214705
2018-11-08 18:37:30+00:00,336.06388199645403,40.72644902446224,-3.18850787659737,428.6376414258368,13.138761574074074,2018-11-12 18:37:30+00:00,687.1077197953406,137.0452306358165,3.1354176844338784,602.4193099610462,333.20606161842613,30.0,-3.18850787659737
2018-11-08 18:52:30+00:00,336.0680627103316,40.762812911881994,-3.181750586758705,430.9258486366166,13.14917824074074,2018-11-12 18:52:30+00:00,685.3654011154237,136.90790493542298,3.134223723176983,592.5339355274664,333.21578040587633,30.0,-3.181750586758705
2018-11-08 19:07:30+00:00,336.0719703103736,40.79927042532598,-3.174983094303911,427.35424632451935,13.159594907407408,2018-11-12 19:07:30+00:00,683.6018358565775,136.77057925471905,3.133029653453447,607.3613761030288,333.18610767646453,30.0,-3.174983094303911
2018-11-08 19:22:30+00:00,336.0756048372825,40.835821142658055,-3.168205564668524,426.0614368802074,13.170011574074074,2018-11-12 19:22:30+00:00,683.6018358565775,136.63325359371206,3.1318354753015383,628.5195564035297,333.1711885581547,30.0,-3.168205564668524
2018-11-08 19:37:30+00:00,336.07896633787453,40.872464642472934,-3.1614181624250826,451.5799181431418,13.18042824074074,2018-11-12 19:37:30+00:00,681.8174221919219,136.49592795239442,3.130641188759572,629.3611195426721,333.3294098553836,30.0,-3.1614181624250826
2018-11-08 19:52:30+00:00,336.08205486513236,40.90920050411913,-3.154621051278131,449.39482470784634,13.190844907407408,2018-11-12 19:52:30+00:00,681.8174221919219,136.3586023307302,3.129446793865772,632.9505525081485,333.3097938405184,30.0,-3.154621051278131
2018-11-08 20:07:30+00:00,336.0848704780538,40.94602830770936,-3.147814394061576,455.2109698960633,13.201261574074074,2018-11-12 20:07:30+00:00,680.01256351557,136.22127672875578,3.128252290658455,629.6869782971619,333.33879095532143,30.0,-3.147814394061576
2018-11-08 20:22:30+00:00,336.08741324163,40.98294763411267,-3.140998352739444,447.64526899671495,13.21167824074074,2018-11-12 20:22:30+00:00,678.1876756344888,136.08395114642016,3.1270576791758997,634.5136916505865,333.2855032750597,30.0,-3.140998352739444
2018-11-08 20:37:30+00:00,336.0896832268011,41.01995806498154,-3.1341730884004613,440.9283418401438,13.222094907407408,2018-11-12 20:37:30+00:00,678.1876756344888,135.94662558376004,3.125862959456392,628.3065571045538,333.23550434281594,30.0,-3.1341730884004613
2018-11-08 20:52:30+00:00,336.0916805104483,41.057059182766885,-3.1273387612544528,450.90507027842096,13.232511574074074,2018-11-12 20:52:30+00:00,676.3431940371311,135.80930004073926,3.1246681315381992,616.0656649972176,333.29125659790935,30.0,-3.1273387612544528
2018-11-08 21:07:30+00:00,336.093405175195,41.09425057069774,-3.120495530636365,464.2238326503769,13.24292824074074,2018-11-12 21:07:30+00:00,674.4795809824249,135.67197451735066,3.1234731954596313,612.0941419459783,333.3641772912089,30.0,-3.120495530636365
2018-11-08 21:22:30+00:00,336.09485730953327,41.131531812818466,-3.1136435549986134,461.26575205988473,13.253344907407408,2018-11-12 21:22:30+00:00,674.4795809824249,135.5346490136018,3.1222781512589655,609.6754664367352,333.33889684289545,30.0,-3.1136435549986134
2018-11-08 21:37:30+00:00,336.0960370076264,41.16890249398354,-3.1067829919118624,454.0272093273736,13.263761574074074,2018-11-12 21:37:30+00:00,672.5973321705823,135.39732352947115,3.1210829989744924,602.1887669926067,333.2867385472887,30.0,-3.1067829919118624
2018-11-08 21:52:30+00:00,336.09694436933586,41.20636219987309,-3.0999139980624837,454.48462491248864,13.27417824074074,2018-11-12 21:52:30+00:00,670.696982784381,135.2599980649662,3.1198877386445205,602.6450333889816,333.28106061995146,30.0,-3.0999139980624837
2018-11-08 22:07:30+00:00,336.09757950010857,41.24391051699276,-3.0930367292519656,451.9683343206419,13.284594907407408,2018-11-12 22:07:30+00:00,670.696982784381,135.1226726200801,3.1186923703073224,598.6137610302885,333.25653108780426,30.0,-3.0930367292519656
2018-11-08 22:22:30+00:00,336.09794251103557,41.281547032699805,-3.086151340392764,449.13606010016696,13.295011574074074,2018-11-12 22:22:30+00:00,668.7791127241121,134.98534719477672,3.1174968940012207,602.3497495826377,333.22940855342944,30.0,-3.086151340392764
2018-11-08 22:37:30+00:00,336.09803351863513,41.31927133518086,-3.0792579855119424,455.1928521221057,13.30542824074074,2018-11-12 22:37:30+00:00,666.8443508990832,134.8480217890928,3.116301309764494,605.3049725733365,333.25820380551875,30.0,-3.0792579855119424
