time,longitude,radius,latitude,Vr,Time_days,Times_Earth,Vr_pred_Earth,Lon-L1,Lat-L1,Vr_obs_Earth,SpiralOrigin_Lon_deg,SpiralOrigin_Rs,SpiralOrigin_Lat_deg
2019-04-02 03:52:30+00:00,354.3566005383019,41.26381361023399,-2.3393895784464593,300.4460559265442,21.147685185185185,2019-04-06 03:52:30+00:00,412.9741377089176,34.78596361402587,-6.272189628647094,506.9313935924955,350.0751768250054,30.0,-2.3393895784464593
2019-04-02 04:07:30+00:00,354.3568799462146,41.226220382721806,-2.348028313431204,303.05881703665887,21.158101851851853,2019-04-06 04:07:30+00:00,412.9741377089176,34.648508510681744,-6.271536940544071,500.8653311074012,350.12653382678866,30.0,-2.348028313431204
2019-04-02 04:22:30+00:00,354.35743115293246,41.18871555222506,-2.3566670966448204,302.2168730830454,21.16851851851852,2019-04-06 04:22:30+00:00,411.68633834289,34.51105331871516,-6.270884056256063,504.9697909213769,350.1294719566608,30.0,-2.3566670966448204
2019-04-02 04:37:30+00:00,354.3582542714058,41.151299531783046,-2.3653057898025245,296.5567612687813,21.178935185185185,2019-04-06 04:37:30+00:00,410.40933208644526,34.37359803811942,-6.27023097580943,509.3200789194111,350.06400833425516,30.0,-2.3653057898025245
2019-04-02 04:52:30+00:00,354.35934940906515,41.11397273527516,-2.373944253566422,285.3748495554606,21.189351851851853,2019-04-06 04:52:30+00:00,410.40933208644526,34.236142668859145,-6.269577699230546,505.9810000794976,349.91177837037475,30.0,-2.373944253566422
2019-04-02 05:07:30+00:00,354.3607166677596,41.07673557740016,-2.382582347547276,274.75249446752343,21.19976851851852,2019-04-06 05:07:30+00:00,409.1431620656256,34.09868721091313,-6.268924226545768,510.02921535893154,349.7566732935518,30.0,-2.382582347547276
2019-04-02 05:22:30+00:00,354.36235614371157,41.039588473679935,-2.3912199303004873,278.78246690220135,21.210185185185185,2019-04-06 05:22:30+00:00,409.1431620656256,33.96123166424584,-6.26827055778145,500.1824469353685,349.8400840452707,30.0,-2.3912199303004873
2019-04-02 05:37:30+00:00,354.36426792746926,41.00253184043845,-2.399856859327843,272.0549874791319,21.220601851851853,2019-04-06 05:37:30+00:00,407.88787490892304,33.823776028865396,-6.267616692963982,492.3336874588962,349.74572266587,30.0,-2.399856859327843
2019-04-02 05:52:30+00:00,354.36645210378117,40.96556609480749,-2.4084929910734605,275.83181271110766,21.23101851851852,2019-04-06 05:52:30+00:00,406.643520966814,33.686320304736185,-6.266962632119712,484.1624930439621,349.82645092640354,30.0,-2.4084929910734605
2019-04-02 06:07:30+00:00,354.36890875166347,40.92869165470882,-2.4171281809247938,283.79857902706067,21.241435185185185,2019-04-06 06:07:30+00:00,406.643520966814,33.54886449182262,-6.266308375275049,484.2251738245061,349.97119236047007,30.0,-2.4171281809247938
2019-04-02 06:22:30+00:00,354.3716379442368,40.89190893884705,-2.4257622832114856,277.0633347245409,21.251851851851853,2019-04-06 06:22:30+00:00,405.41015456838,33.411408590132886,-6.265653922456323,473.1943348804784,349.8821769070214,30.0,-2.4257622832114856
2019-04-02 06:37:30+00:00,354.3746397487609,40.855218366696676,-2.434395151205744,286.68711418255236,21.26226851851852,2019-04-06 06:37:30+00:00,404.18783432339734,33.27395259963122,-6.264999273689965,469.22668733603626,350.05050067536024,30.0,-2.434395151205744
2019-04-02 06:52:30+00:00,354.3779142265069,40.8186203584962,-2.443026637120815,332.99685522382265,21.272685185185185,2019-04-06 06:52:30+00:00,404.18783432339734,33.13649652031134,-6.264344429002323,472.7942404006678,350.6676827033977,30.0,-2.443026637120815
2019-04-02 07:07:30+00:00,354.3814614327234,40.78211533524792,-2.451656592108515,331.88647746243737,21.283101851851853,2019-04-06 07:07:30+00:00,402.9766234798994,32.99904035210848,-6.26368938841978,468.7467207250179,350.6713779885548,30.0,-2.451656592108515
2019-04-02 07:22:30+00:00,354.3852814166025,40.74570371868914,-2.460284866263356,337.0069908180301,21.29351851851852,2019-04-06 07:22:30+00:00,401.77659034914586,32.8615840950599,-6.263034151968747,470.89391409925634,350.74390802684354,30.0,-2.460284866263356
2019-04-02 07:37:30+00:00,354.38937422124354,40.709385931291806,-2.468911308620036,334.66630430562566,21.303935185185185,2019-04-06 07:37:30+00:00,401.77659034914586,32.72412774910088,-6.262378719675588,468.8027665156214,350.7349257413349,30.0,-2.468911308620036
2019-04-02 07:52:30+00:00,354.39373988350815,40.673162396257695,-2.4775357671524185,332.8648522731685,21.314351851851853,2019-04-06 07:52:30+00:00,400.58780881223424,32.58667131422496,-6.2617230915667195,466.0302885761984,350.73194140601964,30.0,-2.4775357671524185
2019-04-02 08:07:30+00:00,354.3983784341188,40.637033537498375,-2.486158088775551,333.29192064293204,21.32476851851852,2019-04-06 08:07:30+00:00,399.4103589253175,32.44921479041114,-6.261067267668527,467.7689005485332,350.7536514294971,30.0,-2.486158088775551
2019-04-02 08:22:30+00:00,354.40328989740726,40.60099977963465,-2.494778119343799,326.5677170283807,21.335185185185185,2019-04-06 08:22:30+00:00,399.4103589253175,32.311758177652976,-6.260411248007393,481.2214802448525,350.6961170343537,30.0,-2.494778119343799
2019-04-02 08:37:30+00:00,354.40847429147135,40.56506154797622,-2.503395703652997,318.709477035369,21.345601851851853,2019-04-06 08:37:30+00:00,398.24432764362894,32.17430147591492,-6.259755032609741,491.6706415454329,350.622773239091,30.0,-2.503395703652997
2019-04-02 08:52:30+00:00,354.4139316279293,40.52921926851671,-2.512010685440132,295.3682494079279,21.35601851851852,2019-04-06 08:52:30+00:00,397.0898096883392,32.036844685161505,-6.259098621501958,489.6616155130346,350.34292674860677,30.0,-2.512010685440132
2019-04-02 09:07:30+00:00,354.4196619119819,40.4934733679316,-2.5206229073812514,284.3110610707769,21.366435185185185,2019-04-06 09:07:30+00:00,397.0898096883392,31.899387805386095,-6.258442014710458,473.9090792346218,350.2046891687793,30.0,-2.5206229073812514
2019-04-02 09:22:30+00:00,354.425665142333,40.457824273550045,-2.5292322110963736,283.6915692821369,21.376851851851853,2019-04-06 09:22:30+00:00,395.9469085847822,31.76193083658246,-6.257785212261644,471.4583830193179,350.21583888685785,30.0,-2.5292322110963736
2019-04-02 09:37:30+00:00,354.43194131113415,40.422272413347265,-2.5378384371494622,279.9937880964398,21.38726851851852,2019-04-06 09:37:30+00:00,395.9469085847822,31.62447377871493,-6.257128214181918,475.2225932109071,350.1810178426054,30.0,-2.5378384371494622
2019-04-02 09:52:30+00:00,354.4384904038861,40.386818215949894,-2.5464414250450744,278.96105912955704,21.397685185185185,2019-04-06 09:52:30+00:00,394.81573790588715,31.487016631762515,-6.25647102049771,464.24636298592895,350.1863439940012,30.0,-2.5464414250450744
2019-04-02 10:07:30+00:00,354.4453123994571,40.35146211060521,-2.5550410132343773,263.5788329386186,21.408101851851853,2019-04-06 10:07:30+00:00,393.69642276087114,31.349559395689756,-6.255813631235422,461.784223706177,349.9603332518387,30.0,-2.5550410132343773
2019-04-02 10:22:30+00:00,354.45240726999407,40.31620452718363,-2.5636370391126,256.9360392320534,21.41851851851852,2019-04-06 10:22:30+00:00,393.69642276087114,31.212102070504795,-6.255156046421468,473.25542570951586,349.8671450090132,30.0,-2.5636370391126
2019-04-02 10:37:30+00:00,354.4597749808405,40.281045896149806,-2.5722293390244486,236.51822805450945,21.428935185185185,2019-04-06 10:37:30+00:00,392.589101576504,31.074644656172005,-6.254498266082276,460.79905903779024,349.49565873080576,30.0,-2.5722293390244486
2019-04-02 10:52:30+00:00,354.46741549054997,40.24598664856891,-2.580817748261099,237.9935551500563,21.439351851851853,2019-04-06 10:52:30+00:00,391.493928226702,30.937187152655977,-6.253840290244263,453.1326019556403,349.55089502684206,30.0,-2.580817748261099
2019-04-02 11:07:30+00:00,354.47532875072443,40.21102721609594,-2.5894021010615593,235.78056450673603,21.44976851851852,2019-04-06 11:07:30+00:00,391.493928226702,30.7997295599792,-6.253182118933867,452.2634947134112,349.52959545695336,30.0,-2.5894021010615593
2019-04-02 11:22:30+00:00,354.4835147060587,40.17616803094409,-2.5979822306188387,240.88585141903172,21.460185185185185,2019-04-06 11:22:30+00:00,390.4110745759933,30.662271878062757,-6.252523752177499,463.95897925113286,349.6591265854376,30.0,-2.5979822306188387
2019-04-02 11:37:30+00:00,354.49197329422094,40.14140952588986,-2.606557969077267,236.27751679155185,21.470601851851853,2019-04-06 11:37:30+00:00,389.3407335136847,30.52481410694371,-6.251865190001592,457.494114121827,349.5902907067458,30.0,-2.606557969077267
2019-04-02 11:52:30+00:00,354.5007044459037,40.1067521342487,-2.6151291475380116,251.0074931086695,21.48101851851852,2019-04-06 11:52:30+00:00,389.3407335136847,30.387356246557523,-6.251206432432571,457.16739437524075,349.90243738754776,30.0,-2.6151291475380116
2019-04-02 12:07:30+00:00,354.50970808464257,40.07219628987205,-2.623695596057792,261.4357262103506,21.491435185185185,2019-04-06 12:07:30+00:00,388.2831225685079,30.249898296897793,-6.250547479496887,460.56761268781304,350.1099529421047,30.0,-2.623695596057792
2019-04-02 12:22:30+00:00,354.5189841267834,40.03774242713806,-2.6322571436509867,252.56938647746244,21.501851851851853,2019-04-06 12:22:30+00:00,387.2384882083023,30.112440257943547,-6.249888331220962,462.05515686317017,349.980356001309,30.0,-2.6322571436509867
2019-04-02 12:37:30+00:00,354.52853248147835,40.00339098092333,-2.640813618295253,270.65263811779323,21.51226851851852,2019-04-06 12:37:30+00:00,387.2384882083023,29.974982129688456,-6.249228987631234,460.6606248509421,350.30764047259254,30.0,-2.640813618295253
2019-04-02 12:52:30+00:00,354.5383530506099,39.96914238660171,-2.649364846931306,256.9165663703071,21.522685185185185,2019-04-06 12:52:30+00:00,386.2071109460352,29.837523912082403,-6.248569448754164,462.63077351140794,350.1070142872669,30.0,-2.649364846931306
2019-04-02 13:07:30+00:00,354.54844572873304,39.93499708002781,-2.6579106554660097,265.10851419031724,21.533101851851853,2019-04-06 13:07:30+00:00,386.2071109460352,29.70006560511893,-6.247909714616173,456.94928054694327,350.2687456949565,30.0,-2.6579106554660097
2019-04-02 13:22:30+00:00,354.5588104030267,39.90095549752671,-2.6664508687747035,259.29152754590984,21.54351851851852,2019-04-06 13:22:30+00:00,385.1893113923017,29.56260720877731,-6.247249785243706,455.6997774067891,350.1980919837069,30.0,-2.6664508687747035
2019-04-02 13:37:30+00:00,354.5694469532346,39.867018075871,-2.674985310706147,241.6818728889234,21.553935185185185,2019-04-06 13:37:30+00:00,384.1854574154494,29.425148723050988,-6.246589660663229,452.4934414500358,349.90703001258044,30.0,-2.674985310706147
2019-04-02 13:52:30+00:00,354.58035525160983,39.83318525228107,-2.6835138040822715,240.32301898513023,21.564351851851853,2019-04-06 13:52:30+00:00,384.1854574154494,29.287690147889997,-6.245929340901174,457.33090504375974,349.90765295868,30.0,-2.6835138040822715
2019-04-02 14:07:30+00:00,354.5915351628347,39.79945746439994,-2.6920361707038936,231.7350623131576,21.57476851851852,2019-04-06 14:07:30+00:00,383.1959725936477,29.150231483302527,-6.245268825984006,460.6998844227559,349.762286756058,30.0,-2.6920361707038936
2019-04-02 14:22:30+00:00,354.6029865440415,39.76583515028925,-2.7005522313517245,233.65505008347247,21.585185185185185,2019-04-06 14:22:30+00:00,382.221346168456,29.01277272923851,-6.244608115938174,462.0104936799427,349.8298541684377,30.0,-2.7005522313517245
2019-04-02 14:37:30+00:00,354.6147092446528,39.732318748406854,-2.7090618057920635,227.08389952245992,21.595601851851853,2019-04-06 14:37:30+00:00,382.221346168456,28.875313885706333,-6.24394721079013,460.8950815461667,349.72031168637096,30.0,-2.7090618057920635
2019-04-02 14:52:30+00:00,354.62670310643193,39.698908697591285,-2.7175647127804416,227.0606048841092,21.60601851851852,2019-04-06 14:52:30+00:00,381.2621447364783,28.737854952670183,-6.243286110566354,461.52873837347965,349.7486071092668,30.0,-2.7175647127804416
2019-04-02 15:07:30+00:00,354.63896796336684,39.665605437057685,-2.7260607700627766,234.03346663043055,21.616435185185185,2019-04-06 15:07:30+00:00,380.31902594404056,28.6003959300949,-6.242624815293282,460.3589315525877,349.92246231277863,30.0,-2.7260607700627766
2019-04-02 15:22:30+00:00,354.6515036416167,39.63240940637438,-2.7345497943817314,265.0511268781303,21.626851851851853,2019-04-06 15:22:30+00:00,380.31902594404056,28.462936817988577,-6.241963324997393,455.9472136099849,350.50125094707516,30.0,-2.7345497943817314
2019-04-02 15:37:30+00:00,354.66430995948144,39.59932104545229,-2.743031601479622,264.0214310672827,21.63726851851852,2019-04-06 15:37:30+00:00,379.3927544787014,28.325477616315773,-6.2413016397051475,451.6457985531442,350.5121832522291,30.0,-2.743031601479622
2019-04-02 15:52:30+00:00,354.6773867273367,39.56634079452928,-2.7515060061027743,293.38741652754595,21.647685185185185,2019-04-06 15:52:30+00:00,378.484220679595,28.18801832505564,-6.240639759443019,449.254710231338,350.9536957929821,30.0,-2.7515060061027743
2019-04-02 16:07:30+00:00,354.6907337476121,39.53346909415249,-2.75997282200683,299.02296176687923,21.658101851851853,2019-04-06 16:07:30+00:00,378.484220679595,28.050558944187273,-6.2399776842374655,449.4379521424596,351.04977560425544,30.0,-2.75997282200683
2019-04-02 16:22:30+00:00,354.7043508146826,39.500706385167106,-2.768431861959786,297.08107262103505,21.66851851851852,2019-04-06 16:22:30+00:00,377.59446211432794,27.913099473689755,-6.239315414114981,448.24230860958744,351.0521876204773,30.0,-2.768431861959786
2019-04-02 16:37:30+00:00,354.7182377148251,39.4680531087007,-2.7768829377473665,296.820281865124,21.678935185185185,2019-04-06 16:37:30+00:00,376.72468849089586,27.775639913542236,-6.238652949102008,447.90901502504175,351.0754289382898,30.0,-2.7768829377473665
2019-04-02 16:52:30+00:00,354.7323942262057,39.435509706144906,-2.7853258601783284,301.46367977637146,21.689351851851853,2019-04-06 16:52:30+00:00,376.72468849089586,27.638180263723935,-6.23799028922505,445.1733047142062,351.1580231940685,30.0,-2.7853258601783284
2019-04-02 17:07:30+00:00,354.74682011881237,39.40307661913946,-2.793760439089419,301.76651007493103,21.69976851851852,2019-04-06 17:07:30+00:00,375.87631028530984,27.50072052421376,-6.237327434510585,446.3972692582876,351.1883100691148,30.0,-2.793760439089419
2019-04-02 17:22:30+00:00,354.7615151543752,39.37075428956559,-2.802186483348527,316.4023372287145,21.710185185185185,2019-04-06 17:22:30+00:00,375.87631028530984,27.36326069499113,-6.23666438498508,444.169449081803,351.3792774273809,30.0,-2.802186483348527
2019-04-02 17:37:30+00:00,354.7764790863532,39.33854315951592,-2.8106038008634173,314.29126062817875,21.720601851851853,2019-04-06 17:37:30+00:00,375.0509714645371,27.22580077604954,-6.236001140675031,450.34253517767706,351.38322729197967,30.0,-2.8106038008634173
2019-04-02 17:52:30+00:00,354.79171165982075,39.30644367128827,-2.8190121985849803,324.5641961408549,21.73101851851852,2019-04-06 17:52:30+00:00,374.250586663493,27.088340767324617,-6.23533770160692,454.958263772955,351.51715578302776,30.0,-2.8190121985849803
2019-04-02 18:07:30+00:00,354.8072126115221,39.27445626736527,-2.827411482513692,305.50918196994996,21.741435185185185,2019-04-06 18:07:30+00:00,374.250586663493,26.950880668853635,-6.2346740678072345,445.7250178869545,351.3403753762288,30.0,-2.827411482513692
2019-04-02 18:22:30+00:00,354.8229816696974,39.24258139040201,-2.8358014577044925,287.3147954924875,21.751851851851853,2019-04-06 18:22:30+00:00,373.4773831256253,26.81342048057219,-6.234010239302447,450.3745558837379,351.14927433921264,30.0,-2.8358014577044925
2019-04-02 18:37:30+00:00,354.83901855416195,39.210819483201895,-2.8441819282751584,288.83798579027064,21.76226851851852,2019-04-06 18:37:30+00:00,372.7339476279817,26.67596020247394,-6.2333462161190845,440.4352492248986,351.1972425900334,30.0,-2.8441819282751584
2019-04-02 18:52:30+00:00,354.85532297606954,39.17917098870918,-2.852552697409444,282.0592460302054,21.772685185185185,2019-04-06 18:52:30+00:00,372.7339476279817,26.538499834538104,-6.232681998283605,444.8974481278321,351.1388380014474,30.0,-2.852552697409444
2019-04-02 19:07:30+00:00,354.8718946381157,39.14763634998422,-2.860913567366269,283.1307993943394,21.783101851851853,2019-04-06 19:07:30+00:00,372.02327846928233,26.4010393767583,-6.232017585822542,444.029632721202,351.18219478868696,30.0,-2.860913567366269
2019-04-02 19:22:30+00:00,354.8887332342038,39.11621601019701,-2.8692643394827253,259.23674874791317,21.79351851851852,2019-04-06 19:22:30+00:00,371.34884238553934,26.263578829084754,-6.231352978762358,442.8264278848586,350.87279242324524,30.0,-2.8692643394827253
2019-04-02 19:37:30+00:00,354.90583844965926,39.08491041259731,-2.877604814184821,244.5393485266141,21.803935185185185,2019-04-06 19:37:30+00:00,371.34884238553934,26.12611819152571,-6.230688177129577,447.489069083393,350.66314981895744,30.0,-2.877604814184821
2019-04-02 19:52:30+00:00,354.92320996098283,39.05372000050095,-2.8859347909931,244.32969678145747,21.814351851851853,2019-04-06 19:52:30+00:00,370.7146359501627,25.988657464045836,-6.230023180950684,443.4311153509818,350.6914593534658,30.0,-2.8859347909931
2019-04-02 20:07:30+00:00,354.94084743591657,39.02264521728047,-2.894254068527489,267.337034592538,21.82476851851852,2019-04-06 20:07:30+00:00,370.12525058801737,25.851196646609793,-6.229357990252195,434.1026711185309,351.08656073632113,30.0,-2.894254068527489
2019-04-02 20:22:30+00:00,354.9587505333466,38.99168650633539,-2.9025624445180855,248.20273372287147,21.835185185185185,2019-04-06 20:22:30+00:00,370.12525058801737,25.713735739225832,-6.228692605060614,428.2801693298354,350.82157585022645,30.0,-2.9025624445180855
2019-04-02 20:37:30+00:00,354.9769189032528,38.96084431108498,-2.9108597158094924,262.111270722522,21.845601851851853,2019-04-06 20:37:30+00:00,369.58593975530977,25.576274741844113,-6.228027025402451,423.36950473010575,351.07271494015015,30.0,-2.9108597158094924
2019-04-02 20:52:30+00:00,354.99535218670917,38.93011907494193,-2.91914567837093,277.5090266723609,21.85601851851852,2019-04-06 20:52:30+00:00,369.102686076509,25.438813654487543,-6.22736125130421,418.6894824707846,351.3204194226329,30.0,-2.91914567837093
2019-04-02 21:07:30+00:00,355.01405001573755,38.899511241306115,-2.927420127300553,286.48528797996664,21.866435185185185,2019-04-06 21:07:30+00:00,369.102686076509,25.301352477077085,-6.2266952827924085,418.9657365450353,351.46646269775795,30.0,-2.927420127300553
2019-04-02 21:22:30+00:00,355.03301201333045,38.86902125353183,-2.935682856837791,279.89284466358663,21.876851851851853,2019-04-06 21:22:30+00:00,368.6822652525629,25.163891209635615,-6.226029119893561,421.7830312425471,351.41430717034535,30.0,-2.935682856837791
2019-04-02 21:37:30+00:00,355.0522377934609,38.83864955491425,-2.943933660369878,270.5051054082386,21.88726851851852,2019-04-06 21:37:30+00:00,368.6822652525629,25.02642985212792,-6.225362762634187,424.1958820255982,351.3207698872522,30.0,-2.943933660369878
2019-04-02 21:52:30+00:00,355.07172696088685,38.80839658867918,-2.952172330437923,275.3969794618938,21.897685185185185,2019-04-06 21:52:30+00:00,368.33230233282154,24.888968404533188,-6.224696211040802,425.0779076238174,351.4190862986904,30.0,-2.952172330437923
2019-04-02 22:07:30+00:00,355.09147911126774,38.77826279794875,-2.960398658749932,272.96275041736226,21.908101851851853,2019-04-06 22:07:30+00:00,368.06131445993685,24.751506866816168,-6.22402946513991,420.2977184195882,351.4188721347864,30.0,-2.960398658749932
2019-04-02 22:22:30+00:00,355.111493830942,38.74824862574373,-2.968612436183755,257.53775672632685,21.91851851851852,2019-04-06 22:22:30+00:00,368.06131445993685,24.614045238985227,-6.223362524958058,422.7434613244296,351.23222862800446,30.0,-2.968612436183755
2019-04-02 22:37:30+00:00,355.13177069703187,38.71835451494457,-2.9768134528011325,255.72853981441935,21.928935185185185,2019-04-06 22:37:30+00:00,367.878732460216,24.47658352100498,-6.222695390521768,419.0627235869306,351.2384104699939,30.0,-2.9768134528011325
2019-04-02 22:52:30+00:00,355.1523092773627,38.688580908280095,-2.985001497855253,247.3191753698024,21.939351851851853,2019-04-06 22:52:30+00:00,367.7948917098401,24.339121712869417,-6.22202806185755,415.5564830272676,351.140314842473,30.0,-2.985001497855253
2019-04-02 23:07:30+00:00,355.17310913035107,38.658928248311035,-2.99317635979862,244.99426126878132,21.94976851851852,2019-04-06 23:07:30+00:00,367.7948917098401,24.201659814528607,-6.221360538991944,416.4023372287145,351.1368643966569,30.0,-2.99317635979862
2019-04-02 23:22:30+00:00,355.19416980502257,38.62939697740796,-3.0013378262936956,251.1472609387739,21.960185185185185,2019-04-06 23:22:30+00:00,367.8209806712936,24.06419782596184,-6.220692821951473,414.83583750695607,351.27023968734534,30.0,-3.0013378262936956
2019-04-02 23:37:30+00:00,355.21549084098854,38.59998753772808,-3.0094856842234248,249.10509764335907,21.970601851851853,2019-04-06 23:37:30+00:00,367.96893356533457,23.926735747192197,-6.220024910762672,413.4275379600922,351.2728749410074,30.0,-3.0094856842234248
2019-04-02 23:52:30+00:00,355.23707176831954,38.57070037120239,-3.017619719699192,237.8460224405016,21.98101851851852,2019-04-06 23:52:30+00:00,367.96893356533457,23.789273578155154,-6.219356805452081,414.8080133555926,351.1218837573831,30.0,-3.017619719699192
2019-04-03 00:07:30+00:00,355.2589121075545,38.541535919517074,-3.0257397180706747,243.63261686143576,21.991435185185185,2019-04-07 00:07:30+00:00,368.25125214155,23.651811318844697,-6.218688506046238,414.43834963033623,351.2551358153656,30.0,-3.0257397180706747
2019-04-03 00:22:30+00:00,355.2810113696772,38.51249462407709,-3.0338454639403154,243.5143844391816,22.001851851851853,2019-04-07 00:22:30+00:00,368.6807408976843,23.514348969240192,-6.218020012571658,414.0400667779633,351.2889106255023,30.0,-3.0338454639403154
2019-04-03 00:37:30+00:00,355.30336905605657,38.48357692600764,-3.04193674116823,255.85277788562337,22.01226851851852,2019-04-07 00:37:30+00:00,368.6807408976843,23.3768865293354,-6.217351325054893,411.9027744653788,351.5166932254912,30.0,-3.04193674116823
2019-04-03 00:52:30+00:00,355.32598465837543,38.45478326612083,-3.0500133328861097,260.5582948324727,22.022685185185185,2019-04-07 00:52:30+00:00,369.2701409890877,23.23942399908057,-6.216682443522501,421.06983861992205,351.6203138373705,30.0,-3.0500133328861097
2019-04-03 01:07:30+00:00,355.34885765864556,38.42611408489774,-3.058075021507222,257.9533597662771,22.033101851851853,2019-04-07 01:07:30+00:00,370.0316512075074,23.10196137848429,-6.216013368001006,411.9861385136844,351.618457609198,30.0,-3.058075021507222
2019-04-03 01:22:30+00:00,355.3719875290905,38.397569822472505,-3.066121588736757,253.97367705866367,22.04351851851852,2019-04-07 01:22:30+00:00,370.0316512075074,22.964498667496606,-6.215344098516954,412.3602830113681,351.595968460264,30.0,-3.066121588736757
2019-04-03 01:37:30+00:00,355.39537373218445,38.36915091860426,-3.074152815584348,295.6943743448383,22.053935185185185,2019-04-07 01:37:30+00:00,370.97633058573024,22.82703586612608,-6.214674635096909,411.1063894369404,352.16310396970175,30.0,-3.074152815584348
2019-04-03 01:52:30+00:00,355.4190157205762,38.34085781266116,-3.0821684823747746,271.1030011259075,22.064351851851853,2019-04-07 01:52:30+00:00,370.97633058573024,22.689572974323056,-6.2140049777674,408.3448604817553,351.90546963299994,30.0,-3.0821684823747746
2019-04-03 02:07:30+00:00,355.4429129370712,38.31269094359746,-3.0901683687595325,285.9922787979966,22.07476851851852,2019-04-07 02:07:30+00:00,372.1133870890311,22.552109992081355,-6.213335126554978,413.81747356705614,352.1235358787549,30.0,-3.0901683687595325
2019-04-03 02:22:30+00:00,355.4670648145663,38.284650749932815,-3.0981522537288693,277.0043095080948,22.085185185185185,2019-04-07 02:22:30+00:00,373.44937082365954,22.41464691939497,-6.212665081486212,415.9694729310756,352.0515439608472,30.0,-3.0981522537288693
2019-04-03 02:37:30+00:00,355.49147077598747,38.2567376697354,-3.1061199156226285,285.5223822650154,22.095601851851853,2019-04-07 02:37:30+00:00,373.44937082365954,22.27718375622875,-6.211994842587635,430.05425709515856,352.1890105930916,30.0,-3.1061199156226285
2019-04-03 02:52:30+00:00,355.51613023433765,38.228952140588014,-3.114071132145541,261.7618511472609,22.10601851851852,2019-04-07 02:52:30+00:00,374.9873078901485,22.139720502547473,-6.211324409885815,423.8973686302568,351.9260227983853,30.0,-3.114071132145541
2019-04-03 03:07:30+00:00,355.5410425925949,38.201294599585935,-3.1220056803747136,263.9085976627713,22.116435185185185,2019-04-07 03:07:30+00:00,376.7258310758048,22.002257158359736,-6.2106537834073166,431.22843628269334,351.9921068534934,30.0,-3.1220056803747136
2019-04-03 03:22:30+00:00,355.56620724371453,38.17376548329523,-3.1299233367769883,261.0552471172885,22.126851851851853,2019-04-07 03:22:30+00:00,376.7258310758048,21.864793723630346,-6.209982963178692,426.03863582160744,351.9905242552779,30.0,-3.1299233367769883
2019-04-03 03:37:30+00:00,355.5916235705562,38.14636522774246,-3.137823877219728,275.3503901851924,22.13726851851852,2019-04-07 03:37:30+00:00,378.6583833745157,21.727330198324218,-6.209311949226493,436.3689482470785,352.2129406001241,30.0,-3.137823877219728
2019-04-03 03:52:30+00:00,355.61729094586605,38.1190942683925,-3.145707076982734,251.2625208681135,22.147685185185185,2019-04-07 03:52:30+00:00,380.7725859138573,21.58986658244991,-6.208640741577295,438.4114549890844,351.927097498742,30.0,-3.145707076982734
2019-04-03 04:07:30+00:00,355.6432087322236,38.091953040128224,-3.1535727107714737,251.9653968735772,22.158101851851853,2019-04-07 04:07:30+00:00,380.7725859138573,21.452402875972265,-6.207969340257662,433.3289609666905,351.97561084507555,30.0,-3.1535727107714737
2019-04-03 04:22:30+00:00,355.66937628210013,38.064941977216016,-3.1614205527336945,258.23659587684904,22.16851851851852,2019-04-07 04:22:30+00:00,383.0498684731002,21.31493907887077,-6.207297745294152,433.3351039611473,352.10279011229534,30.0,-3.1614205527336945
2019-04-03 04:37:30+00:00,355.6957929377105,38.0380615132955,-3.169250376469837,256.9942151648096,22.178935185185185,2019-04-07 04:37:30+00:00,385.4654537205655,21.17747519112483,-6.206625956713347,432.4970188409253,352.12390981380304,30.0,-3.169250376469837
2019-04-03 04:52:30+00:00,355.722458031045,38.01131208135632,-3.177061955046918,268.0746981403114,22.189351851851853,2019-04-07 04:52:30+00:00,385.4654537205655,21.04001121271404,-6.205953974541795,434.1695755552183,352.3096089293053,30.0,-3.177061955046918
2019-04-03 05:07:30+00:00,355.7493708837968,37.984694113710155,-3.1848550610138275,251.66162353923204,22.19976851851852,2019-04-07 05:07:30+00:00,387.98876247019393,20.902547143617728,-6.205281798806098,430.0632005723825,352.12601867811236,30.0,-3.1848550610138275
2019-04-03 05:22:30+00:00,355.7765308073905,37.95820804197576,-3.1926294664135333,241.75175680397564,22.210185185185185,2019-04-07 05:22:30+00:00,390.58426665899185,20.76508298381553,-6.204609429532793,424.4880356149137,352.01716219156566,30.0,-3.1926294664135333
2019-04-03 05:37:30+00:00,355.8039371028962,37.9318542970485,-3.200384942799405,255.44900415421048,22.220601851851853,2019-04-07 05:37:30+00:00,390.58426665899185,20.627618733286827,-6.203936866748483,426.82446935368466,352.25792857257454,30.0,-3.200384942799405
2019-04-03 05:52:30+00:00,355.8315890610764,37.90563330907789,-3.208121261249749,244.41511045541017,22.23101851851852,2019-04-07 05:52:30+00:00,393.2127635966782,20.490154392011178,-6.203264110479744,424.5029594779178,352.13775078933804,30.0,-3.208121261249749
2019-04-03 06:07:30+00:00,355.85948596225944,37.879545507450686,-3.215838192380809,250.02608514190317,22.241435185185185,2019-04-07 06:07:30+00:00,393.2127635966782,20.3526899599681,-6.202591160753137,423.1008029255108,352.26045892446064,30.0,-3.215838192380809
2019-04-03 06:22:30+00:00,355.8876270763617,37.8535913207671,-3.223535506361856,237.4422487090888,22.251851851851853,2019-04-07 06:22:30+00:00,395.8329877479896,20.21522543713718,-6.201918017595247,410.11600530799194,352.1103437336385,30.0,-3.223535506361856
2019-04-03 06:37:30+00:00,355.91601166288353,37.827771176811325,-3.231212972931738,251.8616298481966,22.26226851851852,2019-04-07 06:37:30+00:00,398.4034259705515,20.077760823497886,-6.201244681032671,412.3361279788659,352.36668988026787,30.0,-3.231212972931738
2019-04-03 06:52:30+00:00,355.9446389708966,37.80208550253224,-3.238870361413625,266.8789067049734,22.272685185185185,2019-04-07 06:52:30+00:00,398.4034259705515,19.940296119029732,-6.2005711510919665,414.5071150329915,352.6060287574011,30.0,-3.238870361413625
2019-04-03 07:07:30+00:00,355.9735082389084,37.77653472402064,-3.246507440729906,280.2405050083472,22.283101851851853,2019-04-07 07:07:30+00:00,400.88416971972026,19.802831323726902,-6.199897427799736,413.6469874032478,352.8044919557682,30.0,-3.246507440729906
2019-04-03 07:22:30+00:00,356.00261869496694,37.751119266486,-3.254123979417775,280.53732965795706,22.29351851851852,2019-04-07 07:22:30+00:00,403.2386308602594,19.665366437539845,-6.199223511182569,411.6066459972971,352.8473015103013,30.0,-3.254123979417775
2019-04-03 07:37:30+00:00,356.0319695565887,37.725839554232,-3.2617197456453786,271.9649027448849,22.303935185185185,2019-04-07 07:37:30+00:00,403.2386308602594,19.527901460477207,-6.198549401267049,411.77518085698387,352.7878109016594,30.0,-3.2617197456453786
2019-04-03 07:52:30+00:00,356.0615600307082,37.70069601063314,-3.2692945072280395,251.2093799743759,22.314351851851853,2019-04-07 07:52:30+00:00,405.4349681984613,19.39043639248946,-6.197875098079758,409.9618411638445,352.56079154982234,30.0,-3.2692945072280395
2019-04-03 08:07:30+00:00,356.0913893137288,37.6756890581057,-3.276848031645328,231.3543405676127,22.32476851851852,2019-04-07 08:07:30+00:00,407.4471150250671,19.252971233570843,-6.197200601647288,407.4693934335003,352.3025256052688,30.0,-3.276848031645328
2019-04-03 08:22:30+00:00,356.1214565914213,37.650819118095114,-3.2843800860549113,226.29964669798505,22.335185185185185,2019-04-07 08:22:30+00:00,407.4471150250671,19.115505983715455,-6.196525911996236,403.8838540424518,352.2605142094177,30.0,-3.2843800860549113
2019-04-03 08:37:30+00:00,356.15176103898244,37.62608661104206,-3.291890437311662,230.92751485033193,22.345601851851853,2019-04-07 08:37:30+00:00,409.2553542117211,18.97804064287372,-6.195851029153204,406.30217028380633,352.3804242855931,30.0,-3.291890437311662
2019-04-03 08:52:30+00:00,356.18230182095283,37.60149195636119,-3.299378851983493,233.76946072912224,22.35601851851852,2019-04-07 08:52:30+00:00,410.8464450787482,18.84057521105454,-6.195175953144782,407.7291517608713,352.4688283354643,30.0,-3.299378851983493
2019-04-03 09:07:30+00:00,356.21307809119253,37.57703557242529,-3.306845096366375,244.2508347245409,22.366435185185185,2019-04-07 09:07:30+00:00,410.8464450787482,18.70310968820833,-6.194500683997559,404.07816446213775,352.67039314702464,30.0,-3.306845096366375
2019-04-03 09:22:30+00:00,356.24408899296884,37.55271787652663,-3.3142889365049126,245.6807858058004,22.376851851851853,2019-04-07 09:22:30+00:00,412.21335494131586,18.56564407434391,-6.193825221738143,406.3454964623579,352.73332745382913,30.0,-3.3142889365049126
2019-04-03 09:37:30+00:00,356.2753336588168,37.52853928485834,-3.3217101382090153,263.5633031797181,22.38726851851852,2019-04-07 09:37:30+00:00,413.35468118890634,18.428178369411775,-6.193149566393129,404.27200095397086,353.01325040180683,30.0,-3.3217101382090153
2019-04-03 09:52:30+00:00,356.30681121057864,37.5045002124982,-3.3291084670678495,262.3131575882285,22.397685185185185,2019-04-07 09:52:30+00:00,413.35468118890634,18.290712573420706,-6.1924737179891265,410.3422370617697,353.03964701524245,30.0,-3.3291084670678495
2019-04-03 10:07:30+00:00,356.3385207594262,37.480601073372625,-3.336483688471613,263.8381677796327,22.408101851851853,2019-04-07 10:07:30+00:00,414.2738647566173,18.153246686321346,-6.1917976765527225,414.23404086175367,353.10058569456476,30.0,-3.336483688471613
2019-04-03 10:22:30+00:00,356.3704614057462,37.45684228024033,-3.3438355676268947,254.9442869899445,22.41851851851852,2019-04-07 10:22:30+00:00,414.2738647566173,18.015780708122406,-6.191121442110555,407.25867899490606,353.0302116945233,30.0,-3.3438355676268947
2019-04-03 10:37:30+00:00,356.402632239295,37.433224244657936,-3.3511638695771757,261.1484256706915,22.428935185185185,2019-04-07 10:37:30+00:00,414.9782946972186,17.87831463878908,-6.190445014689206,405.321965180062,353.1520655183252,30.0,-3.3511638695771757
2019-04-03 10:52:30+00:00,356.43503233902425,37.40974737696721,-3.358468359218054,262.91105330589744,22.439351851851853,2019-04-07 10:52:30+00:00,415.4783905817169,17.740848478301086,-6.189768394315278,391.4983305509182,353.2164559676937,30.0,-3.358468359218054
2019-04-03 11:07:30+00:00,356.46766077309826,37.3864120862669,-3.3657488013159313,267.70398580968276,22.44976851851852,2019-04-07 11:07:30+00:00,415.4783905817169,17.603382226638175,-6.189091581015386,394.6306343906511,353.31666400402247,30.0,-3.3657488013159313
2019-04-03 11:22:30+00:00,356.5005165989895,37.36321878037974,-3.3730049605296686,276.4297084287766,22.460185185185185,2019-04-07 11:22:30+00:00,415.7867298275352,17.465915883779928,-6.188414574816157,396.2776344412404,353.4585653400556,30.0,-3.3730049605296686
2019-04-03 11:37:30+00:00,356.5335988633681,37.340167865837465,-3.3802366014255316,270.4274566137361,22.470601851851853,2019-04-07 11:37:30+00:00,415.9172654888307,17.328449449691757,-6.187737375744182,396.6221480244853,353.4338645520869,30.0,-3.3802366014255316
2019-04-03 11:52:30+00:00,356.56690660214304,37.31725974785168,-3.387443488498082,271.1472245409015,22.48101851851852,2019-04-07 11:52:30+00:00,415.9172654888307,17.190982924396867,-6.18705998382609,395.3255425709516,353.48504898292975,30.0,-3.387443488498082
2019-04-03 12:07:30+00:00,356.6004388404647,37.29449483028776,-3.394625386188721,274.34095585666034,22.491435185185185,2019-04-07 12:07:30+00:00,415.8846600216682,17.05351630783153,-6.186382399088491,393.46121741363817,353.56393499513996,30.0,-3.394625386188721
2019-04-03 12:22:30+00:00,356.6341945926467,37.27187351564513,-3.401782058903892,273.447994719882,22.501851851851853,2019-04-07 12:22:30+00:00,415.7037440968014,16.916049599975555,-6.185704621557993,392.7526035455919,353.5972222596761,30.0,-3.401782058903892
2019-04-03 12:37:30+00:00,356.6681728622569,37.24939620502752,-3.408913271035637,281.2982878440812,22.51226851851852,2019-04-07 12:37:30+00:00,415.7037440968014,16.778582800837622,-6.185026651261231,388.5100166944909,353.72507970205083,30.0,-3.408913271035637
2019-04-03 12:52:30+00:00,356.7023726420737,37.2270632981128,-3.416018786982258,294.45951585976627,22.522685185185185,2019-04-07 12:52:30+00:00,415.3890974506366,16.64111591039771,-6.184348488224807,389.1656729469752,353.89948604489393,30.0,-3.416018786982258
2019-04-03 13:07:30+00:00,356.73679291408973,37.20487519314145,-3.423098371164249,272.6792716543076,22.533101851851853,2019-04-07 13:07:30+00:00,414.9547409123782,16.503648928606495,-6.183670132475355,385.9724540901502,353.71931848191326,30.0,-3.423098371164249
2019-04-03 13:22:30+00:00,356.7714326494872,37.182832286880334,-3.4301517880469783,300.4853049656404,22.54351851851852,2019-04-07 13:22:30+00:00,414.9547409123782,16.366181855458365,-6.182991584039499,386.3804753955004,354.04156400484766,30.0,-3.4301517880469783
2019-04-03 13:37:30+00:00,356.80629080868397,37.1609349746001,-3.43717880216011,297.4026478238925,22.553935185185185,2019-04-07 13:37:30+00:00,414.41392447245295,16.22871469093311,-6.1823128429438405,387.1047705772247,354.0565347895724,30.0,-3.43717880216011
2019-04-03 13:52:30+00:00,356.84136634128953,37.13918365005569,-3.4441791781159905,279.1292779632721,22.564351851851853,2019-04-07 13:52:30+00:00,413.7789947063346,16.0912474350106,-6.1816339092150345,381.52516098259,353.9204950246869,30.0,-3.4441791781159905
2019-04-03 14:07:30+00:00,356.8766581861583,37.11757870544848,-3.451152680633271,282.4630197616182,22.57476851851852,2019-04-07 14:07:30+00:00,413.7789947063346,15.953780087685308,-6.180954782879688,381.3856427378965,353.9989951218153,30.0,-3.451152680633271
2019-04-03 14:22:30+00:00,356.9121652713547,37.09612053141218,-3.458099074554169,283.74422487090885,22.585185185185185,2019-04-07 14:22:30+00:00,413.06132518622275,15.816312648908,-6.180275463964427,377.0659432387312,354.0561323139106,30.0,-3.458099074554169
2019-04-03 14:37:30+00:00,356.9478865141445,37.074809516986896,-3.465018124864999,275.5678068097993,22.595601851851853,2019-04-07 14:37:30+00:00,413.06132518622275,15.678845118687525,-6.1795959524958946,375.9830486708617,354.0159434416791,30.0,-3.465018124864999
2019-04-03 14:52:30+00:00,356.983820821114,37.05364604958358,-3.4719095967198563,276.2103505843072,22.60601851851852,2019-04-07 14:52:30+00:00,412.2712949705127,15.541377496974809,-6.178916248500715,376.49415692821367,354.0674484443599,30.0,-3.4719095967198563
2019-04-03 15:07:30+00:00,357.0199670879746,37.03263051496961,-3.478773255458187,275.16403307838647,22.616435185185185,2019-04-07 15:07:30+00:00,411.4183022952626,15.40390978376437,-6.17823635200551,375.2814214166468,354.1012271780844,30.0,-3.478773255458187
2019-04-03 15:22:30+00:00,357.05632419978576,37.01176329723972,-3.4856088666265017,278.8212912994526,22.626851851851853,2019-04-07 15:22:30+00:00,411.4183022952626,15.266441979035912,-6.177556263036941,374.7468002225932,354.18441586098487,30.0,-3.4856088666265017
2019-04-03 15:37:30+00:00,357.09289103083046,36.991044778789586,-3.492416195999857,287.4713670070272,22.63726851851852,2019-04-07 15:37:30+00:00,410.5108028076352,15.128974082784136,-6.176875981621604,374.44908180300496,354.31562967149046,30.0,-3.492416195999857
2019-04-03 15:52:30+00:00,357.1296664446736,36.970475340288594,-3.4991950096036515,271.05806265034903,22.647685185185185,2019-04-07 15:52:30+00:00,409.55636382604183,14.991506094959862,-6.176195507786161,376.2938230383973,354.1929005548751,30.0,-3.4991950096036515
2019-04-03 16:07:30+00:00,357.16664929414617,36.9500553606589,-3.5059450737332964,273.90278563445963,22.658101851851853,2019-04-07 16:07:30+00:00,409.55636382604183,14.854038015572058,-6.175514841557238,389.3966134032912,354.26889821039487,30.0,-3.5059450737332964
2019-04-03 16:22:30+00:00,357.20383842144486,36.92978521704684,-3.512666154976517,269.68979306596265,22.66851851851852,2019-04-07 16:22:30+00:00,408.5617280429104,14.716569844586225,-6.174833982961478,389.1248039662063,354.26940320354544,30.0,-3.512666154976517
2019-04-03 16:37:30+00:00,357.24123265799574,36.909665284798216,-3.519358020234738,285.3360251582094,22.678935185185185,2019-04-07 16:37:30+00:00,407.53288173901086,14.57910158196775,-6.17415293202552,386.1956435328723,354.4757581152292,30.0,-3.519358020234738
2019-04-03 16:52:30+00:00,357.27883082464325,36.889695937432094,-3.526020436745157,313.4912353923205,22.689351851851853,2019-04-07 16:52:30+00:00,407.53288173901086,14.441633227725802,-6.173471688776007,382.8825820812465,354.7690030884016,30.0,-3.526020436745157
2019-04-03 17:07:30+00:00,357.31663173150434,36.86987754661872,-3.5326531721006553,293.7919788795279,22.69976851851852,2019-04-07 17:07:30+00:00,406.4751239393344,14.30416478182574,-6.172790253239573,383.1314094920105,354.64621940793035,30.0,-3.5326531721006553
2019-04-03 17:22:30+00:00,357.35463417809973,36.85021048215006,-3.5392559942737347,270.11686143572626,22.710185185185185,2019-04-07 17:22:30+00:00,405.3931340260495,14.166696244233131,-6.17210862544286,383.5026631687733,354.4584812992531,30.0,-3.5392559942737347
2019-04-03 17:37:30+00:00,357.39283695338685,36.83069511191178,-3.5458286716386804,269.37919788795284,22.720601851851853,2019-04-07 17:37:30+00:00,405.3931340260495,14.02922761495722,-6.171426805412522,382.8137805433298,354.49702665882705,30.0,-3.5458286716386804
2019-04-03 17:52:30+00:00,357.4312388356463,36.811331801866224,-3.552370972991066,277.24332220367273,22.73101851851852,2019-04-07 17:52:30+00:00,404.29103616600133,13.891758893963235,-6.170744793175208,381.88607997456074,354.6255454753383,30.0,-3.552370972991066
2019-04-03 18:07:30+00:00,357.4698385926793,36.79212091602138,-3.5588826675718956,284.4741235392321,22.741435185185185,2019-04-07 18:07:30+00:00,403.17245954643187,13.754290081231437,-6.170062588757553,380.6551322911924,354.7431728435104,30.0,-3.5588826675718956
2019-04-03 18:22:30+00:00,357.5086349816679,36.773062816403474,-3.5653635250901523,282.6726715067748,22.751851851851853,2019-04-07 18:22:30+00:00,403.17245954643187,13.61682117674189,-6.1693801921862175,381.9254312743461,354.77229193777583,30.0,-3.5653635250901523
2019-04-03 18:37:30+00:00,357.5476267493241,36.754157863041605,-3.5718133157418084,281.4535854330861,22.76226851851852,2019-04-07 18:37:30+00:00,402.0405938809566,13.479352180474583,-6.1686976034878365,383.445135832448,354.80710228304173,30.0,-3.5718133157418084
2019-04-03 18:52:30+00:00,357.5868126318338,36.73540641393018,-3.5782318102365807,280.7256886477462,22.772685185185185,2019-04-07 18:52:30+00:00,402.0405938809566,13.341883092409784,-6.1680148226890665,380.4459813975674,354.84681042666824,30.0,-3.5782318102365807
2019-04-03 19:07:30+00:00,357.62619135497386,36.71680882500636,-3.5846187798193028,284.4818884186823,22.783101851851853,2019-04-07 19:07:30+00:00,400.89823998300784,13.204413912513004,-6.167331849816563,380.9593911931141,354.92983289747895,30.0,-3.5846187798193028
2019-04-03 19:22:30+00:00,357.6657616340297,36.69836545013237,-3.5909739962896663,276.70924408898554,22.79351851851852,2019-04-07 19:22:30+00:00,399.74785543598495,13.066944640793482,-6.16664868489697,380.6546625327927,354.9012753963788,30.0,-3.5909739962896663
2019-04-03 19:37:30+00:00,357.7055221739287,36.68007664106237,-3.597297232028019,276.7170089684358,22.803935185185185,2019-04-07 19:37:30+00:00,399.74785543598495,12.92947527723132,-6.165965327956953,380.8194212576516,354.9486612828155,30.0,-3.597297232028019
2019-04-03 19:52:30+00:00,357.74547166915704,36.66194274742207,-3.6035882600159512,281.3126043405676,22.814351851851853,2019-04-07 19:52:30+00:00,398.591595543197,12.79200582176306,-6.165281779023153,383.406868590508,355.04100915137843,30.0,-3.6035882600159512
2019-04-03 20:07:30+00:00,357.7856088039595,36.643964116677445,-3.6098468538614785,287.20736110571886,22.82476851851852,2019-04-07 20:07:30+00:00,397.43134983652664,12.654536274427096,-6.164598038122251,385.5346211940536,355.14380249114384,30.0,-3.6098468538614785
2019-04-03 20:22:30+00:00,357.8259322522117,36.62614109411591,-3.6160727878196512,288.65939356291494,22.835185185185185,2019-04-07 20:22:30+00:00,397.43134983652664,12.51706663516002,-6.163914105280867,382.5834724540902,355.20446614872424,30.0,-3.6160727878196512
2019-04-03 20:37:30+00:00,357.866440677498,36.60847402282163,-3.622265836815027,294.21128236984123,22.845601851851853,2019-04-07 20:37:30+00:00,396.2687744764707,12.379596903956385,-6.163229980525702,380.5413784879561,355.3013003627355,30.0,-3.622265836815027
2019-04-03 20:52:30+00:00,357.90713273321893,36.59096324364483,-3.6284257764669823,283.48810517529216,22.85601851851852,2019-04-07 20:52:30+00:00,395.10532090008775,12.24212708079664,-6.162545663883375,380.4907168513178,355.25201788995065,30.0,-3.6284257764669823
2019-04-03 21:07:30+00:00,357.94800706256274,36.573609095178625,-3.634552383111844,291.9206429320185,22.866435185185185,2019-04-07 21:07:30+00:00,395.10532090008775,12.10465716567552,-6.161861155380574,381.39677239844184,355.3763779710599,30.0,-3.634552383111844
2019-04-03 21:22:30+00:00,357.98906229854765,36.55641191373759,-3.64064543382468,308.7160771829017,22.876851851851853,2019-04-07 21:22:30+00:00,393.9422610767182,11.967187158544125,-6.161176455043954,381.96337329893254,355.56370210284757,30.0,-3.64064543382468
2019-04-03 21:37:30+00:00,358.03029706408824,36.5393720333301,-3.646704706443729,281.49240983033735,22.88726851851852,2019-04-07 21:37:30+00:00,392.7807097210471,11.829717059397373,-6.160491562900167,382.2346768423563,355.3772887029436,30.0,-3.646704706443729
2019-04-03 21:52:30+00:00,358.0717099720039,36.52248978563691,-3.652729979591824,284.3958681135225,22.897685185185185,2019-04-07 21:52:30+00:00,392.7807097210471,11.692246868229908,-6.159806478975898,381.2799109627156,355.45256590668026,30.0,-3.652729979591824
2019-04-03 22:07:30+00:00,358.113299625127,36.50576549997758,-3.658721032703225,276.1657025274683,22.908101851851853,2019-04-07 22:07:30+00:00,391.6216437942343,11.554776584993078,-6.1591212032977865,378.39852134509897,355.4230168852307,30.0,-3.658721032703225
2019-04-03 22:22:30+00:00,358.1550646162415,36.48919950329738,-3.66467764604227,278.4485770858407,22.91851851851852,2019-04-07 22:22:30+00:00,390.4659196000761,11.417306209681708,-6.158435735892528,375.65943238731217,355.4936325484659,30.0,-3.66467764604227
2019-04-03 22:37:30+00:00,358.1970035282524,36.47279212013634,-3.6705996007293593,274.0070660402997,22.928935185185185,2019-04-07 22:37:30+00:00,390.4659196000761,11.279835742290716,-6.157750076786757,371.3657683440655,355.4992693194879,30.0,-3.6705996007293593
2019-04-03 22:52:30+00:00,358.23911493415636,36.45654367260578,-3.676486678763433,276.2573038397329,22.939351851851853,2019-04-07 22:52:30+00:00,389.3142877570508,11.142365182785811,-6.157064226007164,375.4960648700215,355.5700718390053,30.0,-3.676486678763433
2019-04-03 23:07:30+00:00,358.2813973970279,36.44045448036402,-3.6823386630450425,271.85619443258145,22.94976851851852,2019-04-07 23:07:30+00:00,389.3142877570508,11.004894531132788,-6.156378183580416,379.0101558152476,355.5759035909433,30.0,-3.6823386630450425
2019-04-03 23:22:30+00:00,358.3238494702633,36.42452486059245,-3.6881553374005143,278.3398687735373,22.960185185185185,2019-04-07 23:22:30+00:00,388.16740630038794,10.86742378734121,-6.155691949533182,376.73205342237065,355.687913491673,30.0,-3.6881553374005143
2019-04-03 23:37:30+00:00,358.3664696974048,36.40875512797306,-3.6939364866031954,292.2157083511279,22.970601851851853,2019-04-07 23:37:30+00:00,387.0258521421523,10.72995295137682,-6.155005523892132,381.4397733596398,355.8618638979944,30.0,-3.6939364866031954
2019-04-03 23:52:30+00:00,358.40925661241704,36.39314559466051,-3.699681896399497,299.76523372287147,22.98101851851852,2019-04-07 23:52:30+00:00,387.0258521421523,10.59248202320556,-6.154318906683936,383.15477719275714,355.9736755175704,30.0,-3.699681896399497
2019-04-04 00:07:30+00:00,358.45220873951854,36.37769657026227,-3.705391353529482,285.5383973288815,22.991435185185185,2019-04-08 00:07:30+00:00,385.89013109248486,10.455011002836926,-6.15363209793526,382.1097662771286,355.90145461487185,30.0,-3.705391353529482
2019-04-04 00:22:30+00:00,358.4953245933691,36.36240836181293,-3.711064645751838,301.1686143572621,23.001851851851853,2019-04-08 00:22:30+00:00,384.76068662200765,10.31753989023676,-6.1529450976727915,382.32053422370615,356.08274810301606,30.0,-3.711064645751838
2019-04-04 00:37:30+00:00,358.5386026791735,36.3472812737476,-3.7167015618673056,299.56128431106106,23.01226851851852,2019-04-08 00:37:30+00:00,384.76068662200765,10.18006868538554,-6.152257905923215,382.4554813578186,356.11884808946365,30.0,-3.7167015618673056
2019-04-04 00:52:30+00:00,358.5820414925867,36.3323156078848,-3.722301891740222,298.24707846410683,23.022685185185185,2019-04-08 00:52:30+00:00,383.63790752421056,10.042597388263722,-6.1515705227131745,385.3485968677955,356.15735487079235,30.0,-3.722301891740222
2019-04-04 01:07:30+00:00,358.62563951989387,36.317511663398705,-3.727865426323109,291.6022828745584,23.033101851851853,2019-04-08 01:07:30+00:00,382.5221346174408,9.905125998851815,-6.150882948069375,386.4162493043962,356.15149881264443,30.0,-3.727865426323109
2019-04-04 01:22:30+00:00,358.6693952380089,36.302869736796,-3.733391957679747,298.29560896067085,23.04351851851852,2019-04-08 01:22:30+00:00,382.5221346174408,9.767654517130278,-6.150195182018481,386.39041259241594,356.2563762843703,30.0,-3.733391957679747
2019-04-04 01:37:30+00:00,358.71330711452356,36.288390121895745,-3.738881279006996,303.95972454090145,23.053935185185185,2019-04-08 01:37:30+00:00,381.41366660889634,9.630182943065082,-6.149507224587184,386.06606248509416,356.35069353061,30.0,-3.738881279006996
2019-04-04 01:52:30+00:00,358.7573736079225,36.27407310979956,-3.744333184660816,303.4359591567341,23.064351851851853,2019-04-08 01:52:30+00:00,380.31276522768496,9.492711276680454,-6.148819075802143,385.5572418677594,356.39607021631684,30.0,-3.744333184660816
2019-04-04 02:07:30+00:00,358.8015931673704,36.25991898887829,-3.749747470175438,311.938502154754,23.07476851851852,2019-04-08 02:07:30+00:00,380.31276522768496,9.35523951791316,-6.148130735690058,388.0843071786311,356.50983391934517,30.0,-3.749747470175438
2019-04-04 02:22:30+00:00,358.8459642330311,36.24592804474157,-3.7551239322895817,329.3318321233063,23.085185185185185,2019-04-08 02:22:30+00:00,379.2196597204233,9.217767666758476,-6.1474422042776045,386.028797996661,356.680093521141,30.0,-3.7551239322895817
2019-04-04 02:37:30+00:00,358.89048523605675,36.232100560216686,-3.760462368968849,321.0194073455759,23.095601851851853,2019-04-08 02:37:30+00:00,378.13455079087663,9.080295723196892,-6.146753481591456,389.2638524525002,356.6734508662096,30.0,-3.760462368968849
2019-04-04 02:52:30+00:00,358.93515459857736,36.218436815328594,-3.7657625794271463,319.7732655200528,23.10601851851852,2019-04-08 02:52:30+00:00,378.13455079087663,8.942823687223527,-6.1460645676583185,389.55898720089033,356.7143602888817,30.0,-3.7657625794271463
2019-04-04 03:07:30+00:00,358.97997073385295,36.20493708727601,-3.771024364150819,323.5625266917731,23.116435185185185,2019-04-08 03:07:30+00:00,377.05761405461993,8.805351558790028,-6.145375462504858,386.6479847364656,356.78994899199597,30.0,-3.771024364150819
2019-04-04 03:22:30+00:00,359.02493204632566,36.191601650409744,-3.776247524921335,317.6223939123345,23.126851851851853,2019-04-08 03:22:30+00:00,377.05761405461993,8.667879337891426,-6.144686166157763,389.68697829716194,356.7987475458219,30.0,-3.776247524921335
2019-04-04 03:37:30+00:00,359.0700369316955,36.17843077620981,-3.7814318648375567,313.0060517529215,23.13726851851852,2019-04-08 03:37:30+00:00,375.989003070494,8.530407024522965,-6.143996678643734,389.6621262710579,356.81582516288915,30.0,-3.7814318648375567
2019-04-04 03:52:30+00:00,359.1152837769738,36.16542473326297,-3.786577188339699,308.3263772954925,23.147685185185185,2019-04-08 03:52:30+00:00,374.9288520025849,8.392934618636277,-6.143306999989431,388.1023928770173,356.83167563796354,30.0,-3.786577188339699
2019-04-04 04:07:30+00:00,359.1606709605728,36.15258378724503,-3.791683301229311,309.52413802618685,23.158101851851853,2019-04-08 04:07:30+00:00,374.9288520025849,8.255462120241054,-6.142617130221561,389.0514104704422,356.8906374102169,30.0,-3.791683301229311
2019-04-04 04:22:30+00:00,359.20619685237625,36.139908200894475,-3.796750010694589,317.9562837286951,23.16851851851852,2019-04-08 04:22:30+00:00,373.87727795944465,8.117989529288902,-6.1419270693668055,382.0295730980205,357.00091690868766,30.0,-3.796750010694589
2019-04-04 04:37:30+00:00,359.2518598138363,36.12739823399378,-3.801777125331261,312.64607679465774,23.178935185185185,2019-04-08 04:37:30+00:00,372.8343830511663,7.980516845775098,-6.141236817451869,386.7588901082223,357.0136933412495,30.0,-3.801777125331261
2019-04-04 04:52:30+00:00,359.2976581979916,36.11505414334752,-3.806764455165236,308.46760104049383,23.189351851851853,2019-04-08 04:52:30+00:00,372.8343830511663,7.843044069694984,-6.140546374503413,382.0188409253518,357.0337437411444,30.0,-3.806764455165236
2019-04-04 05:07:30+00:00,359.34359034964785,36.10287618276143,-3.8117118116748663,309.1819699499165,23.19976851851852,2019-04-08 05:07:30+00:00,371.8002561996237,7.705571201000095,-6.139855740548164,377.7545909849749,357.0894048020067,30.0,-3.8117118116748663
2019-04-04 05:22:30+00:00,359.38965460533745,36.09086460302273,-3.816619007812887,306.54967581628296,23.210185185185185,2019-04-08 05:22:30+00:00,370.7749747325773,7.568098239714987,-6.139164915612789,381.86560934891486,357.1205874663204,30.0,-3.816619007812887
2019-04-04 05:37:30+00:00,359.43584929354245,36.07901965187718,-3.821485858028654,304.2805717863105,23.220601851851853,2019-04-08 05:37:30+00:00,370.7749747325773,7.430625185762098,-6.1384738997239845,377.7065943238731,357.1543066747089,30.0,-3.821485858028654
2019-04-04 05:52:30+00:00,359.4821727346199,36.06734157401189,-3.8263121782898817,305.75765811235783,23.23101851851852,2019-04-08 05:52:30+00:00,369.7586057883486,7.29315203916591,-6.137782692908456,376.87852770490497,357.2160138076421,30.0,-3.8263121782898817
2019-04-04 06:07:30+00:00,359.528623240991,36.05583061103135,-3.8310977861045594,303.24183717047794,23.241435185185185,2019-04-08 06:07:30+00:00,368.75120755430095,7.1556787998927955,-6.137091295192885,389.9526989426822,357.2479983399402,30.0,-3.8310977861045594
2019-04-04 06:22:30+00:00,359.57519911723267,36.044487001440295,-3.83584250054264,300.5862483984936,23.251851851851853,2019-04-08 06:22:30+00:00,368.75120755430095,7.01820546792353,-6.136399706603975,411.4897845615709,357.27873532711084,30.0,-3.83584250054264
2019-04-04 06:37:30+00:00,359.62189866013904,36.033310980622375,-3.84054614225755,302.23027963272125,23.26226851851852,2019-04-08 06:37:30+00:00,367.75283035935496,6.880732043224407,-6.1357079271684105,421.7584863661658,357.3421498367108,30.0,-3.84054614225755
2019-04-04 06:52:30+00:00,359.66872015871763,36.02230278082509,-3.845208533506092,303.7232596963932,23.272685185185185,2019-04-08 06:52:30+00:00,366.7635176381648,6.743258525805386,-6.135015956912908,432.0713093250656,357.40431676884924,30.0,-3.845208533506092
2019-04-04 07:07:30+00:00,359.7156618944583,36.011462631130996,-3.849829498172857,329.4250106767093,23.283101851851853,2019-04-08 07:07:30+00:00,366.7635176381648,6.605784915632854,-6.134323795864151,428.4358852055012,357.63168526095745,30.0,-3.849829498172857
2019-04-04 07:22:30+00:00,359.7627221412984,36.000790757448094,-3.854408861788481,342.02741002445936,23.29351851851852,2019-04-08 07:22:30+00:00,365.783306782322,6.468311212702219,-6.133631444048838,431.4795492487479,357.7590953329824,30.0,-3.854408861788481
2019-04-04 07:37:30+00:00,359.80989916571855,35.99028738248593,-3.858946451551635,340.83368113522533,23.303935185185185,2019-04-08 07:37:30+00:00,365.783306782322,6.3308374169653145,-6.132938901493672,429.7245409015025,357.80277419062196,30.0,-3.858946451551635
2019-04-04 07:52:30+00:00,359.85719122692404,35.97995272573599,-3.8634420963508935,348.3946111736615,23.314351851851853,2019-04-08 07:52:30+00:00,364.81222989199966,6.193363528417691,-6.132246168225356,429.33361157484694,357.89701289616085,30.0,-3.8634420963508935
2019-04-04 08:07:30+00:00,359.9045965767937,35.96978700345916,-3.86789562678274,346.47668594945065,23.32476851851852,2019-04-08 08:07:30+00:00,363.85031443975765,6.055889547054894,-6.1315532442705765,432.6862230701964,357.93691834302496,30.0,-3.86789562678274
2019-04-04 08:22:30+00:00,359.95211346014787,35.95979042866012,-3.872306875174541,347.2298792561246,23.335185185185185,2019-04-08 08:22:30+00:00,363.85031443975765,5.918415472828687,-6.13086012965605,433.6672231496939,357.991991198304,30.0,-3.872306875174541
2019-04-04 08:37:30+00:00,359.9997401147077,35.94996321107465,-3.876675675603545,342.07794240400665,23.345601851851853,2019-04-08 08:37:30+00:00,362.8975838567608,5.78094130573472,-6.130166824408466,432.8097424278559,358.0133777812503,30.0,-3.876675675603545
2019-04-04 09:07:30+00:00,0.0953156536432669,35.93081767002433,-3.88528527775466,339.9541872112435,23.366435185185185,2019-04-08 09:07:30+00:00,361.9540580503961,5.505992692881984,-6.1287796421209775,436.36179346529934,358.1029757187639,30.0,-3.88528527775466
2019-04-04 09:22:30+00:00,0.1432609790825608,35.92149974951702,-3.889525756563051,339.8843032961913,23.376851851851853,2019-04-08 09:22:30+00:00,361.0197538611763,5.368518247070734,-6.1280857651344744,438.15525876460765,358.1536422106011,30.0,-3.889525756563051
2019-04-04 09:37:30+00:00,0.1913089580799469,35.91235199210401,-3.8937231416204576,341.28756260434056,23.38726851851852,2019-04-08 09:37:30+00:00,360.0946854658675,5.2310437083305175,-6.127391697621721,440.50083472454094,358.2129318314581,30.0,-3.8937231416204576
2019-04-04 09:52:30+00:00,0.2394577945855052,35.903374590904505,-3.897877276053771,342.6563652599293,23.397685185185185,2019-04-08 09:52:30+00:00,360.0946854658675,5.093569076627766,-6.126697439609454,438.27609507910006,358.2719756488118,30.0,-3.897877276053771
2019-04-04 10:07:30+00:00,0.2877056860671546,35.89456773566448,-3.901988004858175,342.0351749039096,23.408101851851853,2019-04-08 10:07:30+00:00,359.1788647329607,4.956094351943584,-6.126002991124353,440.91263216471896,358.3195907669171,30.0,-3.901988004858175
2019-04-04 10:22:30+00:00,0.3360508237095377,35.88593161273903,-3.906055174916213,343.22320145979734,23.41851851851852,2019-04-08 10:22:30+00:00,358.2723015358996,4.818619534244678,-6.125308352193132,436.31608235948806,358.3776218033707,30.0,-3.906055174916213
2019-04-04 10:37:30+00:00,0.3844913923952593,35.87746640507805,-3.9100786350161383,334.1897954924875,23.428935185185185,2019-04-08 10:37:30+00:00,358.2723015358996,4.68114462354111,-6.124613522842511,439.5603784084585,358.37601730521243,30.0,-3.9100786350161383
2019-04-04 10:52:30+00:00,0.4330255708931112,35.86917229220857,-3.914058235871331,336.8792949489459,23.439351851851853,2019-04-08 10:52:30+00:00,357.37500402886764,4.543669619799734,-6.123918503099179,439.6744574290484,358.4433979507939,30.0,-3.914058235871331
2019-04-04 11:07:30+00:00,0.4816515319440751,35.861049450222346,-3.917993830136972,324.50207710525297,23.44976851851852,2019-04-08 11:07:30+00:00,356.48697888941547,4.406194522987011,-6.123223292989856,440.5230940456317,358.4189938117213,30.0,-3.917993830136972
2019-04-04 11:22:30+00:00,0.5303674423165674,35.85309805175701,-3.9218852724301345,321.4660092402065,23.460185185185185,2019-04-08 11:22:30+00:00,356.48697888941547,4.268719333113409,-6.1225278925412345,441.4730900707529,358.4510538009108,30.0,-3.9218852724301345
2019-04-04 11:37:30+00:00,0.5791714630621956,35.84531826598188,-3.925732419347391,323.6096619365609,23.470601851851853,2019-04-08 11:37:30+00:00,355.6082315317635,4.131244050145389,-6.1218323017800635,442.0348307785703,358.51637705738716,30.0,-3.925732419347391
2019-04-04 11:52:30+00:00,0.6280617494541498,35.83771025858464,-3.9295351294813936,319.6334976899484,23.48101851851852,2019-04-08 11:52:30+00:00,355.6082315317635,3.993768674064454,-6.121136520733008,448.9752762540743,358.54232491548527,30.0,-3.9295351294813936
2019-04-04 12:07:30+00:00,0.6770364511334269,35.83027419175883,-3.933293263438227,314.865861707497,23.491435185185185,2019-04-08 12:07:30+00:00,354.7387662942323,3.856293204851751,-6.120440549426792,452.8502048869327,358.5624148440634,30.0,-3.933293263438227
2019-04-04 12:22:30+00:00,0.7260937123473836,35.82301022418423,-3.9370066838561266,318.75606631207046,23.501851851851853,2019-04-08 12:22:30+00:00,353.87858660393215,3.718817642503036,-6.119744387888157,449.1012799109627,358.63988211154634,30.0,-3.9370066838561266
2019-04-04 12:37:30+00:00,0.7752316719232217,35.815918511016875,-3.940675255421584,348.89398998330546,23.51226851851852,2019-04-08 12:37:30+00:00,353.87858660393215,3.581341986956191,-6.119048036143779,446.6161857063359,358.87155106147577,30.0,-3.940675255421584
2019-04-04 12:52:30+00:00,0.8244484634561144,35.80899920387489,-3.9442988448859904,361.8666770198392,23.522685185185185,2019-04-08 12:52:30+00:00,353.027695121576,3.4438662382506133,-6.118351494220381,456.42181413466886,358.9911972266347,30.0,-3.9442988448859904
2019-04-04 13:07:30+00:00,0.8737422153516224,35.802252450825364,-3.9478773210819273,343.5415615172575,23.533101851851853,2019-04-08 13:07:30+00:00,352.1860938690561,3.306390396323977,-6.117654762144686,465.4245170522299,358.9449448800789,30.0,-3.9478773210819273
2019-04-04 13:22:30+00:00,0.9231110510025752,35.79567839637015,-3.9514105549398737,334.13829250300887,23.54351851851852,2019-04-08 13:22:30+00:00,352.1860938690561,3.168914461172282,-6.116957839943399,462.60016694490815,358.94228065597775,30.0,-3.9514105549398737
2019-04-04 13:37:30+00:00,0.9725530889005825,35.78927718143509,-3.954898419503418,312.1374165275459,23.553935185185185,2019-04-08 13:37:30+00:00,351.35378434224964,3.0314384327914983,-6.116260727643228,456.3260195564035,358.8544466817125,30.0,-3.954898419503418
2019-04-04 13:52:30+00:00,1.0220664427204142,35.78304894335629,-3.958340789945918,314.12043328027335,23.564351851851853,2019-04-08 13:52:30+00:00,350.53076761138345,2.893962311148366,-6.115563425270891,452.3352051398797,358.9195957915355,30.0,-3.958340789945918
2019-04-04 14:07:30+00:00,1.07164922150168,35.776993815867414,-3.9617375435856648,309.0654967581628,23.57476851851852,2019-04-08 14:07:30+00:00,350.53076761138345,2.7564860962098887,-6.114865932853115,453.8778917243024,358.93702889590213,30.0,-3.9617375435856648
2019-04-04 14:22:30+00:00,1.1212995296230988,35.771111929090765,-3.965088559899895,306.961214427146,23.585185185185185,2019-04-08 14:22:30+00:00,349.7170444111965,2.619009787986564,-6.114168250416612,460.6236890544069,358.97423421976987,30.0,-3.965088559899895
2019-04-04 14:37:30+00:00,1.1710154671009485,35.76540340952188,-3.9683937205411137,330.36310517529216,23.595601851851853,2019-04-08 14:37:30+00:00,348.91261522308736,2.4815333864307907,-6.1134703779880875,452.8607202480324,359.1780148959805,30.0,-3.9683937205411137
2019-04-04 14:52:30+00:00,1.2207951296287205,35.75986838002115,-3.9716529093512767,334.6274799083744,23.60601851851852,2019-04-08 14:52:30+00:00,348.91261522308736,2.344056891553099,-6.11277231559428,444.47990240143827,359.25508163680377,30.0,-3.9716529093512767
2019-04-04 15:07:30+00:00,1.2706366086352463,35.75450695980281,-3.97486601237537,310.51752921535893,23.616435185185185,2019-04-08 15:07:30+00:00,348.1174803514415,2.206580303320675,-6.112074063261878,442.3789649415693,359.154268249834,30.0,-3.97486601237537
2019-04-04 15:22:30+00:00,1.3205379915313016,35.749319264422134,-3.97803291787685,328.66405249058516,23.626851851851853,2019-04-08 15:22:30+00:00,347.331639996397,2.069103621700246,-6.11137562101761,439.304793703792,359.32282321381706,30.0,-3.97803291787685
2019-04-04 15:37:30+00:00,1.3704973617180074,35.74430540576772,-3.981153516349704,343.5882721202004,23.63726851851852,2019-04-08 15:37:30+00:00,347.331639996397,1.93162684670261,-6.110676988888213,432.11324429604895,359.4612225087269,30.0,-3.981153516349704
2019-04-04 15:52:30+00:00,1.4205127987792492,35.739465492050726,-3.9842277005331694,377.81719532554257,23.647685185185185,2019-04-08 15:52:30+00:00,346.55509432546404,1.7941499783093142,-6.109978166900383,434.988472851578,359.6856745392046,30.0,-3.9842277005331694
2019-04-04 16:07:30+00:00,1.4705823785864942,35.73479962779441,-3.987255365424102,377.049904110156,23.658101851851853,2019-04-08 16:07:30+00:00,346.55509432546404,1.6566730164583778,-6.109279155080845,439.1402337228714,359.7336269441363,30.0,-3.987255365424102
2019-04-04 16:22:30+00:00,1.5207041733746287,35.73030791382652,-3.990236408290021,398.0462228714524,23.66851851851852,2019-04-08 16:22:30+00:00,345.7878435466973,1.519195961189604,-6.10857995345632,435.15303283249864,359.87665912298587,30.0,-3.990236408290021
2019-04-04 16:37:30+00:00,1.5708762519338235,35.72599044726867,-3.99317072868214,477.4857320340102,23.678935185185185,2019-04-08 16:37:30+00:00,345.02988798660425,1.3817188124408972,-6.1078805620535235,425.5329589720241,0.2013843060995273,30.0,-3.99317072868214
2019-04-04 16:52:30+00:00,1.6210966797497628,35.721847321528095,-3.996058228447037,441.57316457661994,23.689351851851853,2019-04-08 16:52:30+00:00,345.02988798660425,1.244241570208608,-6.107180980899196,427.73352412751416,0.1412972528583607,30.0,-3.996058228447037
2019-04-04 17:07:30+00:00,1.6713635190328335,35.71787862629008,-3.998898811738614,429.87925612454865,23.69976851851852,2019-04-08 17:07:30+00:00,344.2812281767826,1.1067642344743664,-6.1064812100200285,430.4410127991096,0.15236375741162966,30.0,-3.998898811738614
2019-04-04 17:22:30+00:00,1.7216748289266264,35.71408444750886,-4.00169238502996,430.96828046744577,23.710185185185185,2019-04-08 17:22:30+00:00,343.5418649546287,0.9692868052343916,-6.10578124944277,433.2232291915096,0.20751887177919226,30.0,-4.00169238502996
2019-04-04 17:37:30+00:00,1.772028665609016,35.71046486740102,-4.004438857124355,426.05893543502737,23.720601851851853,2019-04-08 17:37:30+00:00,343.5418649546287,0.8318092824413829,-6.105081099194121,440.5688051514429,0.24139575096006372,30.0,-4.004438857124355
2019-04-04 17:52:30+00:00,1.822423082400924,35.70701996443686,-4.007138139166471,417.0672050316419,23.73101851851852,2019-04-08 17:52:30+00:00,342.81179958572983,0.6943316660916198,-6.104380759300827,433.5642737896494,0.25973387664487424,30.0,-4.007138139166471
2019-04-04 18:07:30+00:00,1.872856129913269,35.703749813334625,-4.009790144652989,401.0249640874325,23.741435185185185,2019-04-08 18:07:30+00:00,342.0910339193999,0.5568539561815432,-6.103680229789573,430.0600206693696,0.24858576338271998,30.0,-4.009790144652989
2019-04-04 18:22:30+00:00,1.9233258561787536,35.700654485053334,-4.012394789442403,365.7502086811352,23.751851851851853,2019-04-08 18:22:30+00:00,342.0910339193999,0.4193761526782524,-6.102979510687125,429.9227879799666,0.1433693150917268,30.0,-4.012394789442403
2019-04-04 18:37:30+00:00,1.9738303067726468,35.697734046786266,-4.014951991766021,360.92712660635937,23.76226851851852,2019-04-08 18:37:30+00:00,341.3795705954336,0.2818982555636239,-6.10227860202018,439.82142857142856,0.1710121977858039,30.0,-4.014951991766021
2019-04-04 18:52:30+00:00,2.0243675249470954,35.69498856195512,-4.0174616722368075,368.5056489498001,23.772685185185185,2019-04-08 18:52:30+00:00,340.6774133316093,0.1444202648049498,-6.101577503815466,434.6754692163707,0.259476199464584,30.0,-4.0174616722368075
2019-04-04 19:07:30+00:00,2.0749355517148222,35.69241809020367,-4.019923753858919,392.4525371743604,23.783101851851853,2019-04-08 19:07:30+00:00,340.6774133316093,0.0069421804132361,-6.100876216099707,431.03943079736064,0.4184833399527115,30.0,-4.019923753858919
2019-04-04 19:22:30+00:00,2.1255324260951745,35.6900226873934,-4.022338162037117,394.5716819699499,23.79351851851852,2019-04-08 19:22:30+00:00,339.98456734151813,359.8694640023558,-6.100174738899637,430.3728436282693,0.4786699016999325,30.0,-4.022338162037117
2019-04-04 19:37:30+00:00,2.176156185079719,35.68780240559778,-4.0247048245846075,400.37271421361186,23.803935185185185,2019-04-08 19:37:30+00:00,339.30103996764296,359.73198573060006,-6.099473072241961,429.0173015632114,0.55378848833293,30.0,-4.0247048245846075
2019-04-04 19:52:30+00:00,2.226804863924116,35.685757293098035,-4.027023671732118,410.8708312303452,23.814351851851853,2019-04-08 19:52:30+00:00,339.30103996764296,359.5945073651715,-6.09877121615342,433.6445357647361,0.6464585475190887,30.0,-4.027023671732118
2019-04-04 20:07:30+00:00,2.2774764961444056,35.68388739437908,-4.029294636135615,415.3666964320379,23.82476851851852,2019-04-08 20:07:30+00:00,338.6268416773499,359.45702890600865,-6.098069170660737,436.0267111853088,0.7147497146226309,30.0,-4.029294636135615
2019-04-04 20:22:30+00:00,2.3281691137471965,35.68219275012345,-4.031517652883517,409.1584933222037,23.835185185185185,2019-04-08 20:22:30+00:00,338.6268416773499,359.31955035310756,-6.097366935790652,428.60561252881786,0.7422039157224709,30.0,-4.031517652883517
2019-04-04 20:37:30+00:00,2.378880747343107,35.68067339721114,-4.033692659505287,415.4676398648911,23.845601851851853,2019-04-08 20:37:30+00:00,337.961987681516,359.1820717064508,-6.096664511569859,424.8707441695755,0.8174170922390163,30.0,-4.033692659505287
2019-04-04 20:52:30+00:00,2.429609426168958,35.67932936871257,-4.035819595976521,401.3122646270917,23.85601851851852,2019-04-08 20:52:30+00:00,337.3065006366807,359.04459296603466,-6.095961898025109,420.84784164083,0.81345116857649,30.0,-4.035819595976521
2019-04-04 21:07:30+00:00,2.4803531783874986,35.67816069388874,-4.037898404727156,421.03505843071787,23.866435185185185,2019-04-08 21:07:30+00:00,337.3065006366807,358.90711413181214,-6.095259095183104,411.04062326099057,0.940218565531987,30.0,-4.037898404727156
2019-04-04 21:22:30+00:00,2.5311100311283465,35.67716739818632,-4.039929030646861,405.41005843071787,23.876851851851853,2019-04-08 21:22:30+00:00,336.6604152544567,358.76963520377996,-6.094556103070606,412.1484219731298,0.9318965482900032,30.0,-4.039929030646861
2019-04-04 21:37:30+00:00,2.5818780105661308,35.676349503236956,-4.0419114210908615,392.9960787358776,23.88726851851852,2019-04-08 21:37:30+00:00,336.02378629911,358.63215618193465,-6.093852921714318,412.2454090150251,0.932386164939071,30.0,-4.0419114210908615
2019-04-04 21:52:30+00:00,2.632655142170701,35.67570702685389,-4.043845525886314,398.6644407345576,23.897685185185185,2019-04-08 21:52:30+00:00,336.02378629911,358.49467706622914,-6.093149551140973,405.0837254009207,1.0068004391340803,30.0,-4.043845525886314
2019-04-04 22:07:30+00:00,2.6834394507921275,35.675239983031815,-4.045731297336646,406.18084404239625,23.908101851851853,2019-04-08 22:07:30+00:00,335.3967026489349,358.35719785668954,-6.0924459913773115,408.76865482875496,1.0878026091843185,30.0,-4.045731297336646
2019-04-04 22:22:30+00:00,2.7342289607624064,35.67494838194442,-4.047568690226887,404.69793405676126,23.91851851851852,2019-04-08 22:22:30+00:00,334.77931227633206,358.2197185532396,-6.091742242450039,406.3439065108514,1.1328276105589172,30.0,-4.047568690226887
2019-04-04 22:37:30+00:00,2.7850216960321896,35.67483222994404,-4.049357661827519,418.61241604224097,23.928935185185185,2019-04-08 22:37:30+00:00,334.77931227633206,358.0822391559052,-6.091038304385893,394.2718633620136,1.2368818689928445,30.0,-4.049357661827519
2019-04-04 22:52:30+00:00,2.8358156803532735,35.674891529560725,-4.05109817189971,413.8680746981403,23.939351851851853,2019-04-08 22:52:30+00:00,334.1718669888402,357.94475966463955,-6.090334177211603,397.7595137194469,1.2699125217046827,30.0,-4.05109817189971
2019-04-04 23:07:30+00:00,2.886608937388115,35.67512627950236,-4.05279018269802,400.7531933066739,23.94976851851852,2019-04-08 23:07:30+00:00,333.5748030888055,357.8072800794683,-6.089629860953907,396.8638206534701,1.269393791267107,30.0,-4.05279018269802
2019-04-04 23:22:30+00:00,2.9373994907846335,35.67553647465566,-4.054433658974259,395.4872704507512,23.960185185185185,2019-04-08 23:22:30+00:00,333.5748030888055,357.6698004003303,-6.08892535563952,394.0498052309405,1.2985326368392496,30.0,-4.054433658974259
2019-04-04 23:37:30+00:00,2.9881853643883467,35.67612210608415,-4.056028567980506,392.8407811468727,23.970601851851853,2019-04-08 23:37:30+00:00,332.9888875632278,357.5323206272224,-6.08822066129517,395.0345814452659,1.3381075481236586,30.0,-4.056028567980506
2019-04-04 23:52:30+00:00,3.0389645823358564,35.676883161031036,-4.057574879471547,390.85297200760954,23.98101851851852,2019-04-08 23:52:30+00:00,332.41548420955945,357.3948407601268,-6.087515777947606,400.51582182425255,1.3802723941416668,30.0,-4.057574879471547
2019-04-05 00:07:30+00:00,3.089735169214128,35.677819622918776,-4.0590725657077895,395.6904919051131,23.991435185185185,2019-04-09 00:07:30+00:00,332.41548420955945,357.25736079902595,-6.086810705623531,406.50011924636294,1.451051072952685,30.0,-4.0590725657077895
2019-04-05 00:22:30+00:00,3.1404951501545626,35.67893147134771,-4.060521601456694,400.29215358931555,24.001851851851853,2019-04-09 00:22:30+00:00,331.857039871872,357.119880743902,-6.0861054443497,408.4919309961046,1.5203317661725737,30.0,-4.060521601456694
2019-04-05 00:37:30+00:00,3.191242550988632,35.68021868210532,-4.061921963994295,407.70276041464456,24.01226851851852,2019-04-09 00:37:30+00:00,331.857039871872,356.98240059475216,-6.085399994152831,408.2256141187694,1.6001674991090074,30.0,-4.061921963994295
2019-04-05 00:52:30+00:00,3.241975398345342,35.68168122716697,-4.063273633106938,396.598982800792,24.022685185185185,2019-04-09 00:52:30+00:00,331.31797553834133,356.8449203515297,-6.084694355059655,409.4643850862549,1.605933091941516,30.0,-4.063273633106938
2019-04-05 01:07:30+00:00,3.292691719883173,35.68331907469526,-4.064576591091866,405.7071863959312,24.033101851851853,2019-04-09 01:07:30+00:00,330.80632337700393,356.70744001424606,-6.083988527096895,409.1342714047222,1.6929178439200467,30.0,-4.064576591091866
2019-04-05 01:22:30+00:00,3.343389544265051,35.68513218904474,-4.06583082275762,385.89315525876464,24.04351851851852,2019-04-09 01:22:30+00:00,330.80632337700393,356.56995958286916,-6.083282510291303,406.35583114715007,1.6609372685417898,30.0,-4.06583082275762
2019-04-05 01:37:30+00:00,3.3940669014846314,35.68712053076361,-4.067036315424485,387.6616065535583,24.053935185185185,2019-04-09 01:37:30+00:00,330.33673941140023,356.43247905738156,-6.082576304669576,401.23792178884,1.718703964977434,30.0,-4.067036315424485
2019-04-05 01:52:30+00:00,3.4447218227895973,35.68928405659903,-4.068193058924102,385.8989789183522,24.064351851851853,2019-04-09 01:52:30+00:00,329.9360526458048,356.2949984377658,-6.08186991025848,408.7944192702123,1.7610662562604722,30.0,-4.068193058924102
2019-04-05 02:07:30+00:00,3.495352340931954,35.69162271949909,-4.069301045598704,407.4698140311371,24.07476851851852,2019-04-09 02:07:30+00:00,329.9360526458048,356.1575177239897,-6.081163327084735,412.11324429604895,1.9001714984819478,30.0,-4.069301045598704
2019-04-05 02:22:30+00:00,3.5459564903109744,35.694136468618,-4.070360270300556,399.4000417362271,24.085185185185185,2019-04-09 02:22:30+00:00,329.6534816429647,356.0200369160651,-6.080456555175054,405.8096828046744,1.9178266818380567,30.0,-4.070360270300556
2019-04-05 02:37:30+00:00,3.596532307056505,35.696825249321385,-4.071370730390575,400.9550801723803,24.095601851851853,2019-04-09 02:37:30+00:00,329.5793960572577,355.8825560139746,-6.079749594556201,406.8030050083472,1.973951108769596,30.0,-4.071370730390575
2019-04-05 02:52:30+00:00,3.6470778291918498,35.69968900318998,-4.072332425736571,389.230112202508,24.10601851851852,2019-04-09 02:52:30+00:00,329.5793960572577,355.7450750176715,-6.079042445254875,412.8833770569998,1.974778597685602,30.0,-4.072332425736571
2019-04-05 03:07:30+00:00,3.697591096745654,35.70272766802524,-4.073245358711218,391.8235819388904,24.116435185185185,2019-04-09 03:07:30+00:00,329.87955450892383,355.6075939271533,-6.0783351072978355,415.7081246521981,2.035475120110574,30.0,-4.073245358711218
2019-04-05 03:22:30+00:00,3.748070151845392,35.70594117785548,-4.07410953418977,382.9664023372287,24.126851851851853,2019-04-09 03:22:30+00:00,330.8567790986047,355.470112742417,-6.077627580711794,408.88782892121793,2.0465547784928444,30.0,-4.07410953418977
2019-04-05 03:37:30+00:00,3.798513038907404,35.70932946294063,-4.074924959547273,380.2228520402221,24.13726851851852,2019-04-09 03:37:30+00:00,330.8567790986047,355.33263146341613,-6.07691986552349,398.0571515296056,2.0837024678797316,30.0,-4.074924959547273
2019-04-05 03:52:30+00:00,3.848917804757821,35.71289244978058,-4.0756916446557145,401.841611018364,24.147685185185185,2019-04-09 03:52:30+00:00,333.0592332722014,355.19515009014833,-6.076211961759645,399.82788774942367,2.225350099990977,30.0,-4.0756916446557145
2019-04-05 04:07:30+00:00,3.899282498734672,35.716630061118586,-4.076409601880083,408.8535537371028,24.158101851851853,2019-04-09 04:07:30+00:00,333.0592332722014,355.05766862261055,-6.07550386944702,387.7890501262788,2.3025154058909343,30.0,-4.076409601880083
2019-04-05 04:22:30+00:00,3.949605172820142,35.720542215951106,-4.077078846075072,394.70471619365605,24.16851851851852,2019-04-09 04:22:30+00:00,337.4610146442007,354.9201870607712,-6.074795588612313,389.80055142409066,2.294467433321102,30.0,-4.077078846075072
2019-04-05 04:37:30+00:00,3.999883881785806,35.72462882953434,-4.077699394580841,395.7914353379664,24.178935185185185,2019-04-09 04:37:30+00:00,345.7323683860649,354.78270540461284,-6.074087119282281,390.6850244913684,2.3481114884870484,30.0,-4.077699394580841
2019-04-05 04:52:30+00:00,4.05011668331332,35.7288898133911,-4.078271267218313,386.24839849361337,24.189351851851853,2019-04-09 04:52:30+00:00,345.7323683860649,354.6452236541041,-6.073378461483645,390.3116304952699,2.3562741279993458,30.0,-4.078271267218313
2019-04-05 05:07:30+00:00,4.100301638104684,35.73332507531865,-4.078794486284451,385.6970920526458,24.19976851851852,2019-04-09 05:07:30+00:00,360.54693394048473,354.5077418092712,-6.072669615243134,393.45575959933217,2.402724709532958,30.0,-4.078794486284451
2019-04-05 05:22:30+00:00,4.150436810011063,35.737934519397044,-4.079269076547026,385.56448247078464,24.210185185185185,2019-04-09 05:22:30+00:00,385.6386151898528,354.3702598700535,-6.071960580587492,395.0396494156928,2.450910746229683,30.0,-4.079269076547026
2019-04-05 05:37:30+00:00,4.200520266187084,35.74271804599981,-4.079695065239323,390.1929572543386,24.220601851851853,2019-04-09 05:37:30+00:00,385.6386151898528,354.2327778364483,-6.07125135754344,402.0518324191112,2.519753974163657,30.0,-4.079695065239323
2019-04-05 05:52:30+00:00,4.250550077231913,35.74767555179957,-4.080072482053896,397.1114648445083,24.23101851851852,2019-04-09 05:52:30+00:00,424.8506797732165,354.0952957084388,-6.0705419461377215,401.4092932665554,2.5976405560364584,30.0,-4.080072482053896
2019-04-05 06:07:30+00:00,4.30052431718567,35.75280692977761,-4.080401359136415,398.5246729044531,24.241435185185185,2019-04-09 06:07:30+00:00,479.2449205803206,353.9578134860077,-6.069832346397061,388.3016336751729,2.6520057347455857,30.0,-4.080401359136415
2019-04-05 06:22:30+00:00,4.350441063814398,35.75811206923709,-4.080681731079502,408.3446368948247,24.251851851851853,2019-04-09 06:22:30+00:00,479.2449205803206,353.8203311691528,-6.0691225583481945,406.39816360601,2.740082751834941,30.0,-4.080681731079502
2019-04-05 06:37:30+00:00,4.400298398678908,35.76359085580889,-4.080913634915262,419.9246806693326,24.26226851851852,2019-04-09 06:37:30+00:00,543.2939760524076,353.6828487578422,-6.068412582017851,414.12910406232606,2.832858111284807,30.0,-4.080913634915262
2019-04-05 06:52:30+00:00,4.450094407181004,35.76924317146264,-4.081097110108391,418.77547851069613,24.272685185185185,2019-04-09 06:52:30+00:00,605.1809276207589,353.5453662520446,-6.067702417432768,411.8145321567693,2.8768113590976276,30.0,-4.081097110108391
2019-04-05 07:07:30+00:00,4.499827178792555,35.77506889451815,-4.081232198548467,412.17132721202006,24.283101851851853,2019-04-09 07:07:30+00:00,605.1809276207589,353.40788365177235,-6.066992064619664,419.1597106288259,2.8997215427069474,30.0,-4.081232198548467
2019-04-05 07:22:30+00:00,4.549494807137474,35.781067899656755,-4.081318944542214,418.82983266684784,24.29351851851852,2019-04-09 07:22:30+00:00,653.9887995358466,353.27040095697913,-6.0662815236053005,413.6767628587328,2.973191727507671,30.0,-4.081318944542214
2019-04-05 07:37:30+00:00,4.599095390111046,35.78724005792988,-4.081357394805031,420.7477578910588,24.303935185185185,2019-04-09 07:37:30+00:00,686.2075498817646,353.13291816769186,-6.065570794416388,417.7445092470134,3.0283024190758465,30.0,-4.081357394805031
2019-04-05 07:52:30+00:00,4.648627029935057,35.793585236772095,-4.081347598452538,422.8132158248243,24.314351851851853,2019-04-09 07:52:30+00:00,686.2075498817646,352.99543528385004,-6.064859877079668,413.4080610541379,3.08379362216996,30.0,-4.081347598452538
2019-04-05 08:07:30+00:00,4.698087833439921,35.80010330001408,-4.0812896069917874,419.1517111853088,24.32476851851852,2019-04-09 08:07:30+00:00,704.6645423687526,352.8579523054514,-6.064148771621865,413.7648606262963,3.1178089131192293,30.0,-4.0812896069917874
2019-04-05 08:22:30+00:00,4.7474759119719945,35.806794107890525,-4.081183474311909,411.62402453701907,24.335185185185185,2019-04-09 08:22:30+00:00,704.6645423687526,352.7204692324791,-6.063437478069709,413.0256777168296,3.1364409142837713,30.0,-4.081183474311909
2019-04-05 08:37:30+00:00,4.796789381678939,35.81365751705677,-4.081029256674596,408.0444151104554,24.345601851851853,2019-04-09 08:37:30+00:00,713.9940581879481,352.58298606491627,-6.062725996449944,412.52643294379527,3.169700535810899,30.0,-4.081029256674596
2019-04-05 08:52:30+00:00,4.8460263635868825,35.82069338059953,-4.080827012704427,406.4215553053539,24.35601851851852,2019-04-09 08:52:30+00:00,717.9503707290123,352.4455028027611,-6.062014326789297,407.3288814691152,3.2104634628811963,30.0,-4.080827012704427
2019-04-05 09:07:30+00:00,4.895184983688398,35.82790154805056,-4.080576803378563,411.06010016694495,24.366435185185185,2019-04-09 09:07:30+00:00,717.9503707290123,352.30801944598187,-6.0613024691145,402.6850306065665,3.276075767436989,30.0,-4.080576803378563
2019-04-05 09:22:30+00:00,4.944263373031332,35.835281865397214,-4.080278692016199,432.7367317622394,24.376851851851853,2019-04-09 09:22:30+00:00,718.9127369088778,352.1705359945476,-6.060590423452299,399.52659193894584,3.404310819732258,30.0,-4.080278692016199
2019-04-05 09:37:30+00:00,4.993259667888497,35.84283417510006,-4.079932744268065,437.0229452187755,24.38726851851852,2019-04-09 09:37:30+00:00,718.2277819099044,352.0330524484707,-6.059878189829398,410.7878209714603,3.466437055200586,30.0,-4.079932744268065
2019-04-05 09:52:30+00:00,5.04217200986278,35.85055831610275,-4.079539028105092,453.95814729976314,24.397685185185185,2019-04-09 09:52:30+00:00,718.2277819099044,351.89556880772,-6.059165768272562,414.7301057317751,3.5703653635567205,30.0,-4.079539028105092
2019-04-05 10:07:30+00:00,5.090998545987378,35.858454123848034,-4.079097613807218,435.92967445742903,24.408101851851853,2019-04-09 10:07:30+00:00,716.6187445573102,351.7580850722643,-6.058453158808492,410.4428014945544,3.556254835376416,30.0,-4.079097613807218
2019-04-05 10:22:30+00:00,5.139737428835769,35.86652143029287,-4.078608573951596,419.9091509104321,24.41851851851852,2019-04-09 10:22:30+00:00,714.4664532612154,351.62060124211615,-6.057740361463942,416.98728650314627,3.54424559974561,30.0,-4.078608573951596
2019-04-05 10:37:30+00:00,5.188386816617689,35.874760063920064,-4.078071983400674,419.86256163373065,24.428935185185185,2019-04-09 10:37:30+00:00,714.4664532612154,351.48311731725903,-6.057027376265636,417.90805188134067,3.5904770734167486,30.0,-4.078071983400674
2019-04-05 10:52:30+00:00,5.236944873341831,35.88316984975784,-4.077487919289939,420.0877431377878,24.439351851851853,2019-04-09 10:52:30+00:00,711.9717936888212,351.3456332976473,-6.056314203240299,416.81691708402894,3.637605464988466,30.0,-4.077487919289939
2019-04-05 11:07:30+00:00,5.285409768904356,35.891750609389454,-4.076856461015361,414.7459307178631,24.44976851851852,2019-04-09 11:07:30+00:00,709.2429943318781,351.20814918327903,-6.05560084241467,415.7214404960649,3.663108589775754,30.0,-4.076856461015361
2019-04-05 11:22:30+00:00,5.333779679113133,35.900502160972025,-4.0761776902205735,418.2552315875296,24.460185185185185,2019-04-09 11:22:30+00:00,709.2429943318781,351.07066497415235,-6.054887293815493,414.4421257651642,3.7227006153958264,30.0,-4.0761776902205735
2019-04-05 11:37:30+00:00,5.382052785922574,35.90942431925239,-4.075451690783825,408.3317156501145,24.470601851851853,2019-04-09 11:37:30+00:00,706.3409287920706,350.93318067022165,-6.0541735574694915,412.4751570077112,3.7293250184712186,30.0,-4.075451690783825
2019-04-05 11:52:30+00:00,5.430227277464456,35.9185168955803,-4.074678548804465,405.2335287494662,24.48101851851852,2019-04-09 11:52:30+00:00,703.3022347432244,350.7956962714997,-6.053459633403379,418.67278797996664,3.762301262952673,30.0,-4.074678548804465
2019-04-05 12:07:30+00:00,5.478301348196578,35.92777969792837,-4.073858352589394,410.62186978297166,24.491435185185185,2019-04-09 12:07:30+00:00,703.3022347432244,350.65821177795567,-6.052745521643899,407.0155387183768,3.8296863715224037,30.0,-4.073858352589394
2019-04-05 12:22:30+00:00,5.526273198934039,35.93721253090583,-4.072991192639142,415.2269286019335,24.501851851851853,2019-04-09 12:22:30+00:00,700.1510124010049,350.52072718957305,-6.052031222217798,408.1290245647508,3.8933477913341665,30.0,-4.072991192639142
2019-04-05 12:37:30+00:00,5.5741410370456395,35.94681519577544,-4.072077161633671,419.3190200722134,24.51226851851852,2019-04-09 12:37:30+00:00,700.1510124010049,350.38324250633553,-6.051316735151789,409.5645520311631,3.9545359120038146,30.0,-4.072077161633671
2019-04-05 12:52:30+00:00,5.621903076482703,35.95658749047155,-4.071116354417823,422.424971852312,24.522685185185185,2019-04-09 12:52:30+00:00,696.9047180433378,350.24575772822686,-6.050602060472607,410.5881597534352,4.011564475704922,30.0,-4.071116354417823
2019-04-05 13:07:30+00:00,5.669557537927108,35.96652920961768,-4.0701088679867565,414.2607470784641,24.533101851851853,2019-04-09 13:07:30+00:00,693.5771267323398,350.1082728552455,-6.049887198206986,411.8141346688926,4.024741813786454,30.0,-4.0701088679867565
2019-04-05 13:22:30+00:00,5.717102648842739,35.9766401445407,-4.0690548014709895,401.0715533641341,24.54351851851852,2019-04-09 13:22:30+00:00,693.5771267323398,349.9707878873459,-6.04917214838165,415.298910883218,4.0153183609051,30.0,-4.0690548014709895
2019-04-05 13:37:30+00:00,5.7645366436196115,35.986920083292816,-4.067954256121067,370.0819194782001,24.553935185185185,2019-04-09 13:37:30+00:00,690.1798218033147,349.8333028245266,-6.048456911023345,418.2595993322203,3.9170774476654397,30.0,-4.067954256121067
2019-04-05 13:52:30+00:00,5.811857763684856,35.997368810666956,-4.06680733529222,381.2400512482044,24.564351851851853,2019-04-09 13:52:30+00:00,686.7229469027195,349.69581766678584,-6.047741486158768,418.46808172350745,4.0153400670333514,30.0,-4.06680733529222
2019-04-05 14:07:30+00:00,5.859064257554742,36.00798610821658,-4.065614144428641,383.2089941569282,24.57476851851852,2019-04-09 14:07:30+00:00,686.7229469027195,349.55833241409306,-6.047025873814684,418.5392320534224,4.068613058864615,30.0,-4.065614144428641
2019-04-05 14:22:30+00:00,5.906154380910285,36.018771754271214,-4.064374791047427,378.8562332569786,24.585185185185185,2019-04-09 14:22:30+00:00,683.2155909453281,349.4208470664322,-6.046310074017815,416.2985928929168,4.091881122781407,30.0,-4.064374791047427
2019-04-05 14:37:30+00:00,5.95312639677524,36.029725523958376,-4.063089384722852,384.8429553131187,24.595601851851853,2019-04-09 14:37:30+00:00,679.6659918794791,349.28336162377235,-6.045594086794885,419.4045631608236,4.163825974975323,30.0,-4.063089384722852
2019-04-05 14:52:30+00:00,5.999978575512832,36.04084718922033,-4.0617580370695165,374.9272042551539,24.60601851851852,2019-04-09 14:52:30+00:00,679.6659918794791,349.14587608614147,-6.044877912172618,421.6070434851737,4.159968680664036,30.0,-4.0617580370695165
2019-04-05 15:07:30+00:00,6.046709195008977,36.05213651883254,-4.0603808617259896,371.64284223706176,24.616435185185185,2019-04-09 15:07:30+00:00,676.0816521295874,349.00839045347965,-6.04416155017775,418.77944722685953,4.186969310516243,30.0,-4.0603808617259896
2019-04-05 15:22:30+00:00,6.093316540733403,36.06359327842845,-4.058957974337647,369.0569553907676,24.626851851851853,2019-04-09 15:22:30+00:00,672.4694117359063,348.8709047257855,-6.043445000837004,415.5741049897979,4.217000763886685,30.0,-4.058957974337647
2019-04-05 15:37:30+00:00,6.139798905765455,36.07521723051056,-4.057489492540073,372.3259696393214,24.63726851851852,2019-04-09 15:37:30+00:00,672.4694117359063,348.7334189030431,-6.04272826417713,413.9315525876461,4.276391812223787,30.0,-4.057489492540073
2019-04-05 15:52:30+00:00,6.18615459097953,36.08700813447579,-4.055975535941843,377.77024207011686,24.647685185185185,2019-04-09 15:52:30+00:00,668.8355016693437,348.59593298525124,-6.04201134022482,413.2766732432843,4.346037751307059,30.0,-4.055975535941843
2019-04-05 16:07:30+00:00,6.232381905054921,36.09896574663403,-4.054416226106548,377.9356779205011,24.658101851851853,2019-04-09 16:07:30+00:00,665.185588026542,348.45844697236475,-6.041294229006838,410.5453533667223,4.389457317909589,30.0,-4.054416226106548
2019-04-05 16:22:30+00:00,6.2784791646433185,36.11108982022719,-4.0528116865356,403.32336840470555,24.66851851851852,2019-04-09 16:22:30+00:00,665.185588026542,348.32096086439685,-6.040576930549903,409.3906510851419,4.548126829165156,30.0,-4.0528116865356
2019-04-05 16:37:30+00:00,6.324444694327769,36.1233801054526,-4.051162042650213,373.5683503513608,24.678935185185185,2019-04-09 16:37:30+00:00,661.5248119802757,348.1834746613318,-6.039859444880731,411.062087606328,4.452511237990846,30.0,-4.051162042650213
2019-04-05 16:52:30+00:00,6.370276826881031,36.13583634947955,-4.049467421773429,372.124082773615,24.689351851851853,2019-04-09 16:52:30+00:00,661.5248119802757,348.04598836312465,-6.039141772026052,409.06207315222343,4.48725543938901,30.0,-4.049467421773429
2019-04-05 17:07:30+00:00,6.415973903163954,36.14845829647226,-4.047727953111722,368.25438230383975,24.69976851851852,2019-04-09 17:07:30+00:00,657.8578275251674,347.9085019697742,-6.038423912012596,414.17084028937114,4.509251058212738,30.0,-4.047727953111722
2019-04-05 17:22:30+00:00,6.461534272350026,36.16124568761123,-4.0459437677367935,353.5660208875257,24.710185185185185,2019-04-09 17:22:30+00:00,654.1888377260144,347.7710154812648,-6.037705864867102,408.83010145113656,4.471469241741728,30.0,-4.0459437677367935
2019-04-05 17:37:30+00:00,6.506956291946468,36.17419826111274,-4.04411499856693,351.40738440035716,24.720601851851853,2019-04-09 17:37:30+00:00,654.1888377260144,347.6335288975807,-6.036987630616274,403.78793716022426,4.500457282162682,30.0,-4.04411499856693
2019-04-05 17:52:30+00:00,6.552238327843486,36.18731575225116,-4.042241780348095,352.22269674263305,24.73101851851852,2019-04-09 17:52:30+00:00,650.5216295891113,347.4960422187205,-6.036269209286858,401.6499721758487,4.54613081760583,30.0,-4.042241780348095
2019-04-05 18:07:30+00:00,6.597378754467917,36.20059789338059,-4.040324249635168,340.8102045075125,24.741435185185185,2019-04-09 18:07:30+00:00,646.8596074528841,347.3585554446544,-6.035550600905585,402.3013102645824,4.519643348093999,30.0,-4.040324249635168
2019-04-05 18:22:30+00:00,6.642375954815337,36.214044413954966,-4.038362544772999,323.0811041658578,24.751851851851853,2019-04-09 18:22:30+00:00,646.8596074528841,347.2210685753668,-6.034831805499154,398.8480801335559,4.4458716609249445,30.0,-4.038362544772999
2019-04-05 18:37:30+00:00,6.687228320457978,36.2276550405508,-4.036356805876683,319.8509143145553,24.76226851851852,2019-04-09 18:37:30+00:00,643.2058247398857,347.0835816108273,-6.034112823094309,400.44379521424594,4.463681831745982,30.0,-4.036356805876683
2019-04-05 18:52:30+00:00,6.731934251779885,36.24142949689018,-4.034307174812725,315.3006949567108,24.772685185185185,2019-04-09 18:52:30+00:00,639.5630139314569,346.94609455104955,-6.033393653717779,400.6956037840846,4.471309891638931,30.0,-4.034307174812725
2019-04-05 19:07:30+00:00,6.776492157918339,36.25536750386164,-4.032213795178809,336.12270450751254,24.783101851851853,2019-04-09 19:07:30+00:00,639.5630139314569,346.80860739601803,-6.032674297396276,400.534223706177,4.651172582121539,30.0,-4.032213795178809
2019-04-05 19:22:30+00:00,6.8209004568864895,36.269468779543686,-4.03007681228467,331.06340024071125,24.79351851851852,2019-04-09 19:22:30+00:00,635.9336146720676,346.6711201456882,-6.031954754156535,397.7659735923509,4.65823753301026,30.0,-4.03007681228467
2019-04-05 19:37:30+00:00,6.865157575630163,36.28373303922507,-4.027896373132017,323.1354583220095,24.803935185185185,2019-04-09 19:37:30+00:00,632.3197999604209,346.53363280005925,-6.031235024025275,396.381469115192,4.644393765985493,30.0,-4.027896373132017
2019-04-05 19:52:30+00:00,6.909261950061233,36.29815999542648,-4.025672626395073,296.93675505687776,24.814351851851853,2019-04-09 19:52:30+00:00,632.3197999604209,346.3961453591301,-6.030515107029227,398.1015979012641,4.487011792124841,30.0,-4.025672626395073
2019-04-05 20:07:30+00:00,6.95321202521162,36.31274935792891,-4.023405722399505,291.3449499165275,24.82476851851852,2019-04-09 20:07:30+00:00,628.7235004293227,346.25865782287104,-6.029795003195107,401.5611489234194,4.478752730983875,30.0,-4.023405722399505
2019-04-05 20:22:30+00:00,6.997006255228944,36.3275008337906,-4.021095813102895,281.9194782001009,24.835185185185185,2019-04-09 20:22:30+00:00,625.146426752689,346.1211701912665,-6.02907471254965,400.41875347801897,4.43384228176181,30.0,-4.021095813102895
2019-04-05 20:37:30+00:00,7.040643103492294,36.34241412737385,-4.018743052074073,290.7481461350312,24.845601851851853,2019-04-09 20:37:30+00:00,625.146426752689,345.98368246430135,-6.028354235119549,403.2136894824708,4.549452806729986,30.0,-4.018743052074073
2019-04-05 20:52:30+00:00,7.084121042579468,36.35748894036552,-4.016347594473132,285.5853505843072,24.85601851851852,2019-04-09 20:52:30+00:00,621.5900902454921,345.84619464197476,-6.027633570931566,413.3853771437243,4.541866983922725,30.0,-4.016347594473132
2019-04-05 21:07:30+00:00,7.127438554490099,36.37272497180285,-4.013909597029963,296.45533253096244,24.866435185185185,2019-04-09 21:07:30+00:00,621.5900902454921,345.70870672422774,-6.026912720012397,411.32641704428016,4.672530835861432,30.0,-4.013909597029963
2019-04-05 21:22:30+00:00,7.170594130524205,36.38812191809467,-4.011429218024626,327.91862406336145,24.876851851851853,2019-04-09 21:22:30+00:00,618.0558217417456,345.5712187111035,-6.026191682388779,411.6631886477462,4.945868925617987,30.0,-4.011429218024626
2019-04-05 21:37:30+00:00,7.213586271517539,36.4036794730461,-4.008906617265597,317.4282719260783,24.88726851851852,2019-04-09 21:37:30+00:00,614.5447888481127,345.4337306025429,-6.025470458087436,411.9953891406312,4.909741345008988,30.0,-4.008906617265597
2019-04-05 21:52:30+00:00,7.256413487721397,36.419397327879445,-4.006341956070084,323.46097662771285,24.897685185185185,2019-04-09 21:52:30+00:00,614.5447888481127,345.2962423985747,-6.0247490471350815,415.5495269894268,4.989987059639419,30.0,-4.006341956070084
2019-04-05 22:07:30+00:00,7.29907429899084,36.4352751712629,-4.003735397241778,335.76891718756065,24.908101851851853,2019-04-09 22:07:30+00:00,611.0580116777544,345.1587540991255,-6.024027449558424,417.5566420224183,5.110325635361557,30.0,-4.003735397241778
2019-04-05 22:22:30+00:00,7.341567234836726,36.451312689331175,-4.001087105050504,337.352952595411,24.91851851851852,2019-04-09 22:22:30+00:00,607.5963771718399,345.0212657042239,-6.023305665384195,424.8902016180814,5.157666779849497,30.0,-4.001087105050504
2019-04-05 22:37:30+00:00,7.383890834411618,36.467509565710785,-3.998397245210688,337.20541988585626,24.928935185185185,2019-04-09 22:37:30+00:00,607.5963771718399,344.8837772138545,-6.0225836946391205,432.8571428571429,5.193549517692004,30.0,-3.998397245210688
2019-04-05 22:52:30+00:00,7.426043646591756,36.483865481542104,-3.99566598486075,342.9778797996661,24.939351851851853,2019-04-09 22:52:30+00:00,604.1606521158144,344.7462886279736,-6.021861537349919,436.84260091605665,5.267120677562044,30.0,-3.99566598486075
2019-04-05 23:07:30+00:00,7.468024230049517,36.50038011550639,-3.9928934925411537,367.0303218542532,24.94976851851852,2019-04-09 23:07:30+00:00,600.7514949549073,344.6087999465807,-6.02113919354331,436.98487377953154,5.445442543251381,30.0,-3.9928934925411537
2019-04-05 23:22:30+00:00,7.509831153295663,36.517053143848194,-3.9900799381734937,339.99301160849484,24.960185185185185,2019-04-09 23:22:30+00:00,600.7514949549073,344.4713111696751,-6.020416663246008,438.7832896096669,5.320807097642623,30.0,-3.9900799381734937
2019-04-05 23:37:30+00:00,7.5514629946482525,36.53388424039749,-3.987225493039301,342.7107194160811,24.970601851851853,2019-04-09 23:37:30+00:00,597.3694665091913,344.3338222972278,-6.019693946484732,441.4844184752365,5.3741893813813135,30.0,-3.987225493039301
2019-04-05 23:52:30+00:00,7.592918342472043,36.55087307660278,-3.984330329757016,334.9410475792988,24.98101851851852,2019-04-09 23:52:30+00:00,594.0150396832904,344.1963333292235,-6.018971043286196,441.347545053722,5.35934574520954,30.0,-3.984330329757016
2019-04-06 00:07:30+00:00,7.634195795029666,36.56801932154416,-3.981394622262886,331.4586811352254,24.991435185185185,2019-04-10 00:07:30+00:00,594.0150396832904,344.05884426564745,-6.0182479536771325,447.7525041736227,5.371249299212745,30.0,-3.981394622262886
2019-04-06 00:22:30+00:00,7.675293960595004,36.58532264196559,-3.9784185457874166,333.951935396203,25.001851851851853,2019-04-10 00:22:30+00:00,590.6886082600294,343.92135510648484,-6.017524677684229,449.400985769934,5.4233252344589395,30.0,-3.9784185457874166
2019-04-06 00:37:30+00:00,7.71621145753729,36.6027827022976,-3.9754022768348194,352.0130449974764,25.01226851851852,2019-04-10 00:37:30+00:00,587.3904948611904,343.78386585172103,-6.01680121533425,450.22815804117977,5.574122467795377,30.0,-3.9754022768348194
2019-04-06 00:52:30+00:00,7.756946914351967,36.620399164682055,-3.972345993160392,371.5098080133555,25.022685185185185,2019-04-10 00:52:30+00:00,587.3904948611904,343.6463765013555,-6.0160775666538715,450.9154145798553,5.7218591017,30.0,-3.972345993160392
2019-04-06 01:07:30+00:00,7.797498969608021,36.63817168899413,-3.9692498737502735,352.38575921108827,25.033101851851853,2019-04-10 01:07:30+00:00,584.1209581523788,343.50888705534487,-6.015353731669818,454.4027925330096,5.6462068138137536,30.0,-3.9692498737502735
2019-04-06 01:22:30+00:00,7.837866272104336,36.656099932873495,-3.966114098798064,329.67348681911716,25.04351851851852,2019-04-10 01:22:30+00:00,584.1209581523788,343.3713975137032,-6.014629710408814,450.70414977343194,5.532154195351381,30.0,-3.966114098798064
2019-04-06 01:37:30+00:00,7.87804748089431,36.67418355174465,-3.962938849684077,334.1149978646581,25.053935185185185,2019-04-10 01:37:30+00:00,580.8801993629066,343.2339078764159,-6.013905502897576,454.3712735511567,5.596805067030536,30.0,-3.962938849684077
2019-04-06 01:52:30+00:00,7.918041265235454,36.69242219884171,-3.959724308953549,324.7913188647746,25.064351851851853,2019-04-10 01:52:30+00:00,577.6683681857397,343.09641814343934,-6.013181109162802,453.5183639398999,5.564899021307506,30.0,-3.959724308953549
2019-04-06 02:07:30+00:00,7.957846304730544,36.71081552523888,-3.956470660293744,326.1404666692549,25.07476851851852,2019-04-10 02:07:30+00:00,577.6683681857397,342.9589283147735,-6.012456529231219,447.807854360442,5.607997744513662,30.0,-3.956470660293744
2019-04-06 02:22:30+00:00,7.997461289318039,36.729363179867775,-3.9531780885136847,332.35237022945216,25.085185185185185,2019-04-10 02:22:30+00:00,574.4855681169646,342.8214383904183,-6.011731763129553,451.0826124348662,5.685159851352328,30.0,-3.9531780885136847
2019-04-06 02:37:30+00:00,8.0368849192777,36.74806480954702,-3.9498467795216214,325.006794269519,25.095601851851853,2019-04-10 02:37:30+00:00,571.331861288985,342.6839483703302,-6.011006810884485,455.2690992924716,5.665751088167411,30.0,-3.9498467795216214
2019-04-06 02:52:30+00:00,8.076115905273044,36.76692005900769,-3.9464769203027954,328.1719532554257,25.10601851851852,2019-04-10 02:52:30+00:00,571.331861288985,342.5464582545092,-6.01028167252276,453.1524763494714,5.721289776123086,30.0,-3.9464769203027954
2019-04-06 03:07:30+00:00,8.115152968431833,36.785928570917186,-3.943068698898307,353.0302442054587,25.116435185185185,2019-04-10 03:07:30+00:00,568.207272846764,342.40896804296995,-6.009556348071066,442.6585976627713,5.919990681500771,30.0,-3.943068698898307
2019-04-06 03:22:30+00:00,8.153994840333796,36.80508998590613,-3.939622304382788,344.6441743991924,25.126851851851853,2019-04-10 03:22:30+00:00,565.1117949118978,342.2714777356545,-6.008830837556125,437.6850306065664,5.899069368040101,30.0,-3.939622304382788
2019-04-06 03:37:30+00:00,8.192640263056632,36.82440394259322,-3.936137926842548,330.4033854874403,25.13726851851852,2019-04-10 03:37:30+00:00,565.1117949118978,342.1339873325629,-6.008105141004654,435.18793949511814,5.833849064613883,30.0,-3.936137926842548
2019-04-06 03:52:30+00:00,8.231087989170739,36.84387007760664,-3.9326157573546863,325.36905340922544,25.147685185185185,2019-04-10 03:52:30+00:00,562.0453901751468,341.9964968336811,-6.007379258443345,436.8067992108059,5.8289675716988665,30.0,-3.9326157573546863
2019-04-06 04:07:30+00:00,8.269336781781263,36.86348802561699,-3.929055987963894,332.6287614343465,25.158101851851853,2019-04-10 04:07:30+00:00,559.0079951542344,341.85900623900886,-6.006653189898926,434.3179108037205,5.912907863901401,30.0,-3.929055987963894
2019-04-06 04:22:30+00:00,8.307385414571906,36.883257419355054,-3.925458811661899,334.08393834685717,25.16851851851852,2019-04-10 04:22:30+00:00,559.0079951542344,341.7215155485178,-6.005926935398105,431.6568017402742,5.954462620873091,30.0,-3.925458811661899
2019-04-06 04:37:30+00:00,8.34523267186966,36.90317788964675,-3.921824422364102,328.283573397523,25.178935185185185,2019-04-10 04:37:30+00:00,555.9995231502551,341.58402476217884,-6.005200494967591,434.770450751252,5.94380685687529,30.0,-3.921824422364102
2019-04-06 04:52:30+00:00,8.382877348538962,36.923249065428394,-3.918153014889839,331.54476210350583,25.189351851851853,2019-04-10 04:52:30+00:00,553.0198669328778,341.44653388002166,-6.004473868634083,434.5707130932506,5.998159255809432,30.0,-3.918153014889839
2019-04-06 05:07:30+00:00,8.420318250077802,36.943470573775166,-3.9144447849399953,416.91190744263696,25.19976851851852,2019-04-10 05:07:30+00:00,553.0198669328778,341.3090429019884,-6.003747056424296,431.12687813021705,6.518357448218596,30.0,-3.9144447849399953
2019-04-06 05:22:30+00:00,8.457554192651012,36.963842039931016,-3.9106999290744935,343.06013899134217,25.210185185185185,2019-04-10 05:22:30+00:00,550.0689011816687,341.17155182807943,-6.003020058364935,430.6701645599809,6.139370137589577,30.0,-3.9106999290744935
2019-04-06 05:37:30+00:00,8.494584003129704,36.98436308732987,-3.9069186446914026,339.2398183018209,25.220601851851853,2019-04-10 05:37:30+00:00,550.0689011816687,341.0340606583098,-6.002292874482714,429.32109070673346,6.1433857599975825,30.0,-3.9069186446914026
2019-04-06 05:52:30+00:00,8.531406519018558,37.00503333762267,-3.903101130005581,350.05217028380633,25.23101851851852,2019-04-10 05:52:30+00:00,547.1464847082838,340.89656939260726,-6.001565504804332,430.1126878130217,6.246088236625617,30.0,-3.903101130005581
2019-04-06 06:07:30+00:00,8.568020588536017,37.025852410702385,-3.899247584026438,397.88018791008267,25.241435185185185,2019-04-10 06:07:30+00:00,544.2524624819544,340.75907803100137,-6.000837949356499,430.008347245409,6.551438199273399,30.0,-3.899247584026438
2019-04-06 06:22:30+00:00,8.604425070649741,37.046819924729235,-3.89535820653716,363.5283612221921,25.251851851851853,2019-04-10 06:22:30+00:00,544.2524624819544,340.6215865734637,-6.000110208165912,425.8875904284919,6.3906976883215085,30.0,-3.89535820653716
2019-04-06 06:37:30+00:00,8.640618835009082,37.06793549615645,-3.8914331980731154,326.1482315487052,25.26226851851852,2019-04-10 06:37:30+00:00,541.3866674785994,340.4840950199948,-5.999382281259288,420.82081246521983,6.165780631992438,30.0,-3.8914331980731154
2019-04-06 06:52:30+00:00,8.67660076207032,37.08919873975815,-3.887472759899425,323.7896494156928,25.272685185185185,2019-04-10 06:52:30+00:00,538.548922372024,340.34660337055175,-5.998654168663322,424.75792988313856,6.1762355254990595,30.0,-3.887472759899425
2019-04-06 07:07:30+00:00,8.712369742945674,37.110609268650045,-3.883477093991595,323.77994331638,25.283101851851853,2019-04-10 07:07:30+00:00,538.548922372024,340.2091116251498,-5.9979258704047265,426.1733842117816,6.204377817247206,30.0,-3.883477093991595
2019-04-06 07:22:30+00:00,8.747924679634211,37.13216669431856,-3.8794464030126874,324.3001902395465,25.29351851851852,2019-04-10 07:22:30+00:00,535.7390410839884,340.07161978374575,-5.997197386510199,434.68976071229827,6.236364760866264,30.0,-3.8794464030126874
2019-04-06 07:37:30+00:00,8.78326448481211,37.153870626646984,-3.875380890292655,326.77718678417517,25.303935185185185,2019-04-10 07:37:30+00:00,532.9568302084316,339.9341278463553,-5.996468717006431,438.2290997816874,6.283157379446289,30.0,-3.875380890292655
2019-04-06 07:52:30+00:00,8.818388081941974,37.17572067393133,-3.8712807598082737,323.50792988313856,25.314351851851853,2019-04-10 07:52:30+00:00,532.9568302084316,339.7966358129644,-5.9957398619201525,450.4942581069459,6.285302539364999,30.0,-3.8712807598082737
2019-04-06 08:07:30+00:00,8.853294405309853,37.197716442921205,-3.867146216160205,338.92922312381097,25.32476851851852,2019-04-10 08:07:30+00:00,530.2020903238016,339.6591436835303,-5.995010821278029,445.711900787026,6.428052971109553,30.0,-3.867146216160205
2019-04-06 08:22:30+00:00,8.887982399999194,37.21985753883477,-3.862977464552985,341.01021081647707,25.335185185185185,2019-04-10 08:22:30+00:00,527.4746172062626,339.52165145806845,-5.994281595106795,452.2879040825619,6.470125982305319,30.0,-3.862977464552985
2019-04-06 08:37:30+00:00,8.92245102183994,37.24214356538509,-3.8587747107747776,333.1599176922779,25.345601851851853,2019-04-10 08:37:30+00:00,527.4746172062626,339.3841591365507,-5.993552183433124,448.0972255346212,6.439983097156032,30.0,-3.8587747107747776
2019-04-06 08:52:30+00:00,8.956699237490993,37.26457412481026,-3.854538161175134,325.2843280467446,25.35601851851852,2019-04-10 08:52:30+00:00,524.7742029554988,339.2466667189488,-5.992822586283735,444.885225375626,6.406252362423045,30.0,-3.854538161175134
2019-04-06 09:07:30+00:00,8.990726024415109,37.28714881789261,-3.8502680226458574,323.5004076561711,25.366435185185185,2019-04-10 09:07:30+00:00,522.1006370439184,339.1091742052783,-5.992092803685315,455.68169170840287,6.418245659700318,30.0,-3.8502680226458574
2019-04-06 09:22:30+00:00,9.024530370876654,37.30986724398608,-3.8459645025996,293.4891485809683,25.376851851851853,2019-04-10 09:22:30+00:00,522.1006370439184,338.9716815955257,-5.991362835664575,456.44963828603227,6.180156349433082,30.0,-3.8459645025996
2019-04-06 09:37:30+00:00,9.058111275910168,37.33272900104154,-3.8416278089494633,287.8673758589898,25.38726851851852,2019-04-10 09:37:30+00:00,519.4537072992512,338.8341888896629,-5.990632682248199,458.0279097641368,6.14911980391039,30.0,-3.8416278089494633
2019-04-06 09:52:30+00:00,9.09146774938741,37.3557336856357,-3.837258150088034,283.92633555926545,25.397685185185185,2019-04-10 09:52:30+00:00,519.4537072992512,338.6966960876621,-5.989902343462882,454.22609110422127,6.132845070476091,30.0,-3.837258150088034
2019-04-06 10:07:30+00:00,9.124598811939372,37.378880892989386,-3.8328557348681542,278.8834103350546,25.408101851851853,2019-04-10 10:07:30+00:00,516.8332008298373,338.55920318953866,-5.989171819335326,447.69616026711185,6.102998047605643,30.0,-3.8328557348681542
2019-04-06 10:22:30+00:00,9.1575034950281,37.402170216995174,-3.828420772582301,281.4691151919867,25.41851851851852,2019-04-10 10:22:30+00:00,514.2389049013032,338.4217101952649,-5.988441109892239,447.11741791875346,6.154211338465678,30.0,-3.828420772582301
2019-04-06 10:37:30+00:00,9.190180840879334,37.4256012502457,-3.823953472941843,282.10583530690684,25.428935185185185,2019-04-10 10:37:30+00:00,514.2389049013032,338.28421710482723,-5.9877102151603,454.1002048869328,6.184181945096867,30.0,-3.823953472941843
2019-04-06 10:52:30+00:00,9.222629902477994,37.44917358405237,-3.8194540460582034,309.21848914858094,25.439351851851853,2019-04-10 10:52:30+00:00,511.67060777281216,338.1467239182271,-5.986979135166203,456.04936799427617,6.4714948980179745,30.0,-3.8194540460582034
2019-04-06 11:07:30+00:00,9.254849743655004,37.472886808475565,-3.814922702421947,277.66432426136583,25.44976851851852,2019-04-10 11:07:30+00:00,509.12809950065986,338.00923063543667,-5.986247869936653,458.0593919158193,6.18131884725671,30.0,-3.814922702421947
2019-04-06 11:22:30+00:00,9.286839438914951,37.49674051234803,-3.81035965288322,272.75692044881004,25.460185185185185,2019-04-10 11:22:30+00:00,509.12809950065986,337.87173725644266,-5.9855164194983415,456.2151204388266,6.148022682852961,30.0,-3.81035965288322
2019-04-06 11:37:30+00:00,9.318598073631357,37.52073428329825,-3.805765108632372,270.904632721202,25.470601851851853,2019-04-10 11:37:30+00:00,506.6111727166458,337.7342437812318,-5.984784783877955,454.3948247078464,6.148205259829533,30.0,-3.805765108632372
2019-04-06 11:52:30+00:00,9.350124743802544,37.544867707773,-3.801139281180941,276.1346430096673,25.48101851851852,2019-04-10 11:52:30+00:00,504.1196233883963,337.59675020979114,-5.984052963102175,456.32760950791,6.229798556075485,30.0,-3.801139281180941
2019-04-06 12:07:30+00:00,9.381418556254882,37.56914037106888,-3.796482382340784,292.316651783981,25.491435185185185,2019-04-10 12:07:30+00:00,504.1196233883963,337.4592565421074,-5.9833209571977175,450.7331663884251,6.424344058609352,30.0,-3.796482382340784
2019-04-06 12:22:30+00:00,9.412478628498844,37.593551857349006,-3.7917946242063434,287.1297123112164,25.501851851851853,2019-04-10 12:22:30+00:00,501.6532515686382,337.3217627781676,-5.982588766191254,458.2685428094443,6.392275942914354,30.0,-3.7917946242063434
2019-04-06 12:37:30+00:00,9.443304088789368,37.618101749672554,-3.78707621913421,289.27118113522533,25.51226851851852,2019-04-10 12:37:30+00:00,499.21186214032053,337.1842689179877,-5.981856390109473,457.14325463073374,6.4357678976271355,30.0,-3.78707621913421
2019-04-06 12:52:30+00:00,9.473894076027785,37.64278963001713,-3.782327379725008,292.3865356990333,25.522685185185185,2019-04-10 12:52:30+00:00,499.21186214032053,337.0467749614966,-5.981123828979084,461.1296605453534,6.48876030208255,30.0,-3.782327379725008
2019-04-06 13:07:30+00:00,9.504247739851662,37.66761507930442,-3.777548318803836,277.08195830259734,25.533101851851853,2019-04-10 13:07:30+00:00,496.7952655644595,336.90928090873945,-5.98039108282676,454.66094284124335,6.34399863864226,30.0,-3.777548318803836
2019-04-06 13:22:30+00:00,9.53436424054379,37.692577677420815,-3.772739249401921,280.847924835967,25.54351851851852,2019-04-10 13:22:30+00:00,494.4032786376422,336.7717867596598,-5.97965815167919,450.0959933222037,6.4063412735394945,30.0,-3.772739249401921
2019-04-06 13:37:30+00:00,9.564242749054504,37.71767700324564,-3.767900384737949,278.66757095158596,25.553935185185185,2019-04-10 13:37:30+00:00,494.4032786376422,336.6342925142738,-5.978925035563062,454.45862151204386,6.401459508916925,30.0,-3.767900384737949
2019-04-06 13:52:30+00:00,9.593882446920915,37.74291263467211,-3.7630319381994326,261.66090771440776,25.564351851851853,2019-04-10 13:52:30+00:00,492.0357252662568,336.4967981725541,-5.978191734505061,452.48191430161376,6.214519970632808,30.0,-3.7630319381994326
2019-04-06 14:07:30+00:00,9.623282526366287,37.76828414863391,-3.758134123324031,260.9853632022363,25.57476851851852,2019-04-10 14:07:30+00:00,492.0357252662568,336.35930373448787,-5.9774582485318675,451.7174457429049,6.224070822993789,30.0,-3.758134123324031
2019-04-06 14:22:30+00:00,9.652442190140937,37.793791121127065,-3.753207153781957,261.28819350079596,25.585185185185185,2019-04-10 14:22:30+00:00,489.69243726474343,336.2218092000621,-5.976724577670183,454.32387312186984,6.246021844384158,30.0,-3.753207153781957
2019-04-06 14:37:30+00:00,9.681360651628284,37.81943312723247,-3.748251243357552,256.7090984974958,25.595601851851853,2019-04-10 14:37:30+00:00,487.3732551854686,336.0843145692791,-5.975990721946677,451.1698068208919,6.202770441676308,30.0,-3.748251243357552
2019-04-06 14:52:30+00:00,9.710037134720158,37.845209741143094,-3.7432666059316153,244.5937026827659,25.60601851851852,2019-04-10 14:52:30+00:00,487.3732551854686,335.9468198421114,-5.9752566813880374,456.20061213133,6.047107722690385,30.0,-3.7432666059316153
2019-04-06 15:07:30+00:00,9.738470873830284,37.87112053618185,-3.738253455463482,247.6375354272625,25.616435185185185,2019-04-10 15:07:30+00:00,485.0780291882282,335.8093250185317,-5.974522456020954,453.1342836351183,6.108615245060943,30.0,-3.738253455463482
2019-04-06 15:22:30+00:00,9.766661113975534,37.897165084836914,-3.733212005971933,252.58376363706952,25.626851851851853,2019-04-10 15:22:30+00:00,482.8066199578852,335.67183009857115,-5.973788045872089,463.46649177200095,6.196111693204437,30.0,-3.733212005971933
2019-04-06 15:37:30+00:00,9.794607110579294,37.92334295877166,-3.7281424715200218,236.09661936560937,25.63726851851852,2019-04-10 15:37:30+00:00,482.8066199578852,335.534335082159,-5.973053450968145,449.10962715637174,5.962056062941154,30.0,-3.7281424715200218
2019-04-06 15:52:30+00:00,9.822308129500987,37.94965372884665,-3.723045066197877,238.8746869782972,25.647685185185185,2019-04-10 15:52:30+00:00,480.5588996792527,335.39683996934093,-5.972318671335794,447.80387948167584,6.021750317494229,30.0,-3.723045066197877
2019-04-06 16:07:30+00:00,9.849763447072483,37.9760969651558,-3.71792000410339,231.84094703293368,25.658101851851853,2019-04-10 16:07:30+00:00,478.3347530790488,335.2593447600754,-5.9715837070017,454.5033388981636,5.920876385102625,30.0,-3.71792000410339
2019-04-06 16:22:30+00:00,9.87697235007619,38.002672237046966,-3.712767499324849,236.5725822106612,25.66851851851852,2019-04-10 16:22:30+00:00,478.3347530790488,335.1218494543498,-5.970848557992569,447.6252086811352,6.0138373797763265,30.0,-3.712767499324849
2019-04-06 16:37:30+00:00,9.903934135626974,38.0293791131344,-3.7075877659268177,250.82429048414025,25.678935185185185,2019-04-10 16:37:30+00:00,476.1340785455795,334.9843540521519,-5.97011322433508,440.1140790205899,6.2481408270508965,30.0,-3.7075877659268177
2019-04-06 16:52:30+00:00,9.930648111179403,38.05621716132443,-3.70238101793246,246.62810109873044,25.689351851851853,2019-04-10 16:52:30+00:00,473.95678933776145,334.84685855348386,-5.969377706055879,449.59734478098414,6.200226938276951,30.0,-3.70238101793246
2019-04-06 17:07:30+00:00,9.957113594542983,38.08318594884661,-3.697147469305549,237.20153744613117,25.69976851851852,2019-04-10 17:07:30+00:00,473.95678933776145,334.70936295830415,-5.968642003181678,438.15386755703946,6.06545859920999,30.0,-3.697147469305549
2019-04-06 17:22:30+00:00,9.983329913827864,38.11028504227062,-3.6918873339348175,232.2708389952246,25.710185185185185,2019-04-10 17:22:30+00:00,471.80281489617903,334.57186726662974,-5.96790611573912,446.73225216630897,5.995738139142713,30.0,-3.6918873339348175
2019-04-06 17:37:30+00:00,10.009296407407772,38.13751400752652,-3.6866008256183966,225.7277754590985,25.720601851851853,2019-04-10 17:37:30+00:00,469.6721022700822,334.43437147843366,-5.967170043754918,441.403854909698,5.892342454216946,30.0,-3.6866008256183966
2019-04-06 17:52:30+00:00,10.035012423834186,38.16487240993014,-3.6812881580471792,220.02562410218584,25.73101851851852,2019-04-10 17:52:30+00:00,469.6721022700822,334.2968755937039,-5.966433787255709,441.940734557596,5.7971641568398375,30.0,-3.6812881580471792
2019-04-06 18:07:30+00:00,10.06047732197989,38.19235981420584,-3.675949544788347,224.35066195597312,25.741435185185185,2019-04-10 18:07:30+00:00,467.5646176755836,334.15937961244276,-5.965697346268181,436.84354877176247,5.8903345373118,30.0,-3.675949544788347
2019-04-06 18:22:30+00:00,10.085690470772631,38.219975784505976,-3.670585199270635,231.55647008580192,25.751851851851853,2019-04-10 18:22:30+00:00,467.5646176755836,334.0218835346236,-5.964960720819023,432.44338855357216,6.031698541350213,30.0,-3.670585199270635
2019-04-06 18:37:30+00:00,10.11065124933517,38.24771988443362,-3.665195334768328,219.662979966611,25.76226851851852,2019-04-10 18:37:30+00:00,465.4803482017929,333.8843873602342,-5.964223910934891,428.7705699976151,5.82273500451051,30.0,-3.665195334768328
2019-04-06 18:52:30+00:00,10.135359046888716,38.2755916770656,-3.659780164385435,218.85312730519857,25.772685185185185,2019-04-10 18:52:30+00:00,463.4193036832366,333.7468910892629,-5.963486916642456,425.715080690039,5.817031711623378,30.0,-3.659780164385435
2019-04-06 19:07:30+00:00,10.159813262731635,38.303590724973134,-3.654339901041024,226.6956555499476,25.783101851851853,2019-04-10 19:07:30+00:00,463.4193036832366,333.6093947216973,-5.9627497379683945,422.2994673662453,5.976773432202203,30.0,-3.654339901041024
2019-04-06 19:22:30+00:00,10.184013306165737,38.33171659024392,-3.6488747574533047,214.70668167876693,25.79351851851852,2019-04-10 19:22:30+00:00,461.38151875864014,333.4718982575547,-5.962012374939361,420.5662214802449,5.752437417119826,30.0,-3.6488747574533047
2019-04-06 19:37:30+00:00,10.207958596527249,38.35996883450117,-3.643384946126109,220.87593906510853,25.803935185185185,2019-04-10 19:37:30+00:00,459.3670551379726,333.3344016967796,-5.961274827582049,425.0667779632721,5.885553052753978,30.0,-3.643384946126109
2019-04-06 19:52:30+00:00,10.231648563085251,38.38834701892837,-3.6378706793327824,226.1055247117289,25.814351851851853,2019-04-10 19:52:30+00:00,459.3670551379726,333.1969050393601,-5.960537095923112,427.9076238174736,5.994882579808372,30.0,-3.6378706793327824
2019-04-06 20:07:30+00:00,10.25508264505046,38.416850704291136,-3.632332169101398,231.45552665294872,25.82476851851852,2019-04-10 20:07:30+00:00,457.3760041015526,333.059408285328,-5.959799179989217,429.85849431592334,6.102184011912932,30.0,-3.632332169101398
2019-04-06 20:22:30+00:00,10.278260291542855,38.44547945095376,-3.626769627201904,230.3839732888147,25.835185185185185,2019-04-10 20:22:30+00:00,455.4084892569374,332.92191143462793,-5.959061079807036,430.6335345233509,6.0918546438552905,30.0,-3.626769627201904
2019-04-06 20:37:30+00:00,10.301180961487136,38.474232818902514,-3.6211832651302887,226.58075959933225,25.845601851851853,2019-04-10 20:37:30+00:00,455.4084892569374,332.78441448729166,-5.95832279540324,426.3135528911822,6.0300132457352795,30.0,-3.6211832651302887
2019-04-06 20:52:30+00:00,10.3238441236755,38.503110367765686,-3.615573294095928,232.5270800170827,25.85601851851852,2019-04-10 20:52:30+00:00,453.464669581216,332.64691744324944,-5.957584326804465,427.8193815088639,6.147718635832878,30.0,-3.615573294095928
2019-04-06 21:07:30+00:00,10.34624925658794,38.53211165683544,-3.609939925006059,233.7849904880227,25.866435185185185,2019-04-10 21:07:30+00:00,451.54474277811926,332.50942030254765,-5.956845674037413,429.8745383720342,6.1784272132006395,30.0,-3.609939925006059
2019-04-06 21:22:30+00:00,10.36839584852888,38.56123624508791,-3.6042833684533337,230.6790387079241,25.876851851851853,2019-04-10 21:22:30+00:00,451.54474277811926,332.3719230651313,-5.95610683712872,426.68256618173143,6.1300381095226655,30.0,-3.6042833684533337
2019-04-06 21:37:30+00:00,10.390283397439331,38.59048369120305,-3.598603834701605,229.0849332220367,25.88726851851852,2019-04-10 21:37:30+00:00,449.6489489809457,332.23442573101755,-5.95536781610507,429.6828046744574,6.107852607377267,30.0,-3.598603834701605
2019-04-06 21:52:30+00:00,10.411911410936744,38.61985355358701,-3.5929015336723213,228.06227433319097,25.897685185185185,2019-04-10 21:52:30+00:00,447.77757483354384,332.0969283001806,-5.954628610993117,425.6077589633516,6.095570897705363,30.0,-3.5929015336723213
2019-04-06 22:07:30+00:00,10.43327940619708,38.64934539038331,-3.587176674932758,304.9811701673332,25.908101851851853,2019-04-10 22:07:30+00:00,447.77757483354384,331.959430772609,-5.953889221819499,433.84668892598773,7.194514121258502,30.0,-3.587176674932758
2019-04-06 22:22:30+00:00,10.454386910032802,38.67895875950568,-3.581429467681239,305.74989323290754,25.91851851851852,2019-04-10 22:22:30+00:00,445.9309579823322,331.8219331483057,-5.953149648610915,426.3105175292153,7.212703691882604,30.0,-3.581429467681239
2019-04-06 22:37:30+00:00,10.47523345874978,38.70869321865278,-3.5756601207342364,307.09776711185305,25.928935185185185,2019-04-10 22:37:30+00:00,445.9309579823322,331.6844354272446,-5.952409891393987,427.845019476906,7.236720827656942,30.0,-3.5756601207342364
2019-04-06 22:52:30+00:00,10.495818598146244,38.73854832532434,-3.5698688425150658,320.72058081298286,25.939351851851853,2019-04-10 22:52:30+00:00,444.109492012337,331.5469376094146,-5.951669950195407,426.32760950791,7.384233201232287,30.0,-3.5698688425150658
2019-04-06 23:07:30+00:00,10.516141883400776,38.76852363684026,-3.5640558410409837,331.7622393912335,25.94976851851852,2019-04-10 23:07:30+00:00,442.3136318592476,331.4094396948043,-5.950929825041813,430.5500620692607,7.497797532177275,30.0,-3.5640558410409837
2019-04-06 23:22:30+00:00,10.53620287913534,38.79861871036715,-3.55822132390981,336.16492603952327,25.960185185185185,2019-04-10 23:22:30+00:00,442.3136318592476,331.271941683417,-5.950189515959854,432.8628522284616,7.547165398505635,30.0,-3.55822132390981
2019-04-06 23:37:30+00:00,10.55600115935722,38.82883310293071,-3.5523654982885593,335.4262312186978,25.970601851851853,2019-04-10 23:37:30+00:00,440.5438997271599,331.13444357521234,-5.949449022976205,433.9092932665553,7.550094111883649,30.0,-3.5523654982885593
2019-04-06 23:52:30+00:00,10.57553630728851,38.85916637143825,-3.546488570901361,342.2137671312653,25.98101851851852,2019-04-10 23:52:30+00:00,438.8008915376264,330.9969453702229,-5.948708346117508,435.2865887590429,7.619126443176384,30.0,-3.546488570901361
2019-04-07 00:07:30+00:00,10.594807915469158,38.88961807269604,-3.540590748017487,340.52848497495825,25.991435185185185,2019-04-11 00:07:30+00:00,438.8008915376264,330.8594470683937,-5.947967485410426,430.8267747833691,7.61355433126756,30.0,-3.540590748017487
2019-04-07 00:22:30+00:00,10.613815585634493,38.92018776342817,-3.5346722354397824,346.7639864891098,26.001851851851853,2019-04-11 00:22:30+00:00,437.08528392932703,330.72194866974286,-5.947226440881609,427.6641624930439,7.676103221854256,30.0,-3.5346722354397824
2019-04-07 00:37:30+00:00,10.632558928685604,38.95087500029274,-3.528733238493624,344.3551752921536,26.01226851851852,2019-04-11 00:37:30+00:00,435.3978418185576,330.5844501742301,-5.946485212557702,427.9646633277685,7.664119852693993,30.0,-3.528733238493624
2019-04-07 00:52:30+00:00,10.65103756465163,38.98167933991282,-3.5227739620132814,356.974802966184,26.022685185185185,2019-04-11 00:52:30+00:00,435.3978418185576,330.44695158187363,-5.945743800465365,420.1811099306925,7.777682832047011,30.0,-3.5227739620132814
2019-04-07 01:07:30+00:00,10.669251122625331,39.012600338872495,-3.5167946103349284,386.0931009046085,26.033101851851853,2019-04-11 01:07:30+00:00,433.7394265180675,330.30945289266253,-5.945002204631245,423.1616185706335,8.003452534482314,30.0,-3.5167946103349284
2019-04-07 01:22:30+00:00,10.68719924070011,39.043637553754166,-3.5107953872820943,377.481849594285,26.04351851851852,2019-04-11 01:22:30+00:00,432.11100439477474,330.17195410655665,-5.944260425081991,424.16957555521833,7.951197708155208,30.0,-3.5107953872820943
2019-04-07 01:37:30+00:00,10.704881565989176,39.074790541146726,-3.5047764961567593,359.4349958263773,26.053935185185185,2019-04-11 01:37:30+00:00,432.11100439477474,330.0344552235888,-5.943518461844257,429.5346410684474,7.82161024276521,30.0,-3.5047764961567593
2019-04-07 01:52:30+00:00,10.722297754501623,39.10605885767113,-3.498738139726967,356.1983150211593,26.064351851851853,2019-04-11 01:52:30+00:00,430.5136560245808,329.89695624369,-5.942776314944697,431.31926226250096,7.8028019571067135,30.0,-3.498738139726967
2019-04-07 02:07:30+00:00,10.739447471142514,39.1374420599887,-3.4926805202185816,357.27763326474354,26.07476851851852,2019-04-11 02:07:30+00:00,428.9485857738465,329.7594571669075,-5.9420339844099255,433.93155258764614,7.818739947486044,30.0,-3.4926805202185816
2019-04-07 02:22:30+00:00,10.75633038965285,39.168939704823934,-3.486603839303741,334.72975792988314,26.085185185185185,2019-04-11 02:22:30+00:00,428.9485857738465,329.62195799320165,-5.9412914702666235,436.94490818030056,7.628133676029616,30.0,-3.486603839303741
2019-04-07 02:37:30+00:00,10.772946192535446,39.200551348983424,-3.480508298090489,343.1843770625461,26.095601851851853,2019-04-11 02:37:30+00:00,427.4171317008998,329.48445872256167,-5.940548772541436,430.49805230940456,7.711295735959398,30.0,-3.480508298090489
2019-04-07 02:52:30+00:00,10.789294571014336,39.232276549369104,-3.4743940971137017,362.77516791551807,26.10601851851852,2019-04-11 02:52:30+00:00,427.4171317008998,329.34695935497683,-5.939805891260973,420.6765243660069,7.8829940791368855,30.0,-3.4743940971137017
2019-04-07 03:07:30+00:00,10.805375225041852,39.26411486299705,-3.46826143632474,360.25934697363823,26.116435185185185,2019-04-11 03:07:30+00:00,425.9207756259698,329.2094598904366,-5.93906282645192,420.6885212728284,7.868686365480084,30.0,-3.46826143632474
2019-04-07 03:22:30+00:00,10.82118786316962,39.296065847017566,-3.4621105150815787,367.1275041736227,26.126851851851853,2019-04-11 03:22:30+00:00,424.4611531628916,329.07196032894495,-5.938319578140885,427.6456793067811,7.92949920554863,30.0,-3.4621105150815787
2019-04-07 03:37:30+00:00,10.836732202493211,39.32812905872036,-3.4559415321410736,351.05019994564583,26.13726851851852,2019-04-11 03:37:30+00:00,424.4611531628916,328.9344606704768,-5.9375761463545285,427.6878130217028,7.80218020597502,30.0,-3.4559415321410736
2019-04-07 03:52:30+00:00,10.852007968726491,39.360304055570474,-3.4497546856469943,343.40828464106846,26.147685185185185,2019-04-11 03:52:30+00:00,423.040063439558,328.7969609150363,-5.9368325311194905,427.6309722553462,7.739227805019306,30.0,-3.4497546856469943
2019-04-07 04:07:30+00:00,10.867014895707456,39.39259039499259,-3.4435501728515905,349.6154793508306,26.158101851851853,2019-04-11 04:07:30+00:00,421.6594781553161,328.65946106258366,-5.936088732462414,423.3514190317195,7.798953878359003,30.0,-3.4435501728515905
2019-04-07 04:22:30+00:00,10.88175272493832,39.42498763394213,-3.4373281894990035,406.5369365609349,26.16851851851852,2019-04-11 04:22:30+00:00,421.6594781553161,328.5219611131378,-5.935344750409923,420.5433659273392,8.23416693862411,30.0,-3.4373281894990035
2019-04-07 04:37:30+00:00,10.89622120872942,39.45749533156056,-3.4310889332690317,391.9322902511938,26.178935185185185,2019-04-11 04:37:30+00:00,420.3215495315608,328.3844610666593,-5.934600584988673,423.42674298433894,8.140505877842728,30.0,-3.4310889332690317
2019-04-07 04:52:30+00:00,10.910420106351612,39.49011304612859,-3.4248325997701703,354.67639864891095,26.189351851851853,2019-04-11 04:52:30+00:00,419.0286166064411,328.2469609231814,-5.933856236225273,426.0517529215359,7.854736685817986,30.0,-3.4248325997701703
2019-04-07 05:07:30+00:00,10.924349185337368,39.52284033617011,-3.4185593839558055,361.00477540086183,26.19976851851852,2019-04-11 05:07:30+00:00,419.0286166064411,328.1094606826649,-5.933111704146391,427.07488671595513,7.911878578820206,30.0,-3.4185593839558055
2019-04-07 05:22:30+00:00,10.938008221438588,39.555676760469005,-3.4122694801156026,357.9011894824708,26.210185185185185,2019-04-11 05:22:30+00:00,417.78320920651225,327.97196034509926,-5.932366988778658,428.4272398441848,7.888936986974108,30.0,-3.4122694801156026
2019-04-07 05:37:30+00:00,10.951396998573037,39.5886218780862,-3.405963081867516,368.56000310595175,26.220601851851853,2019-04-11 05:37:30+00:00,416.58804879918927,327.8344599104747,-5.931622090148692,427.9418077748629,7.980297117427652,30.0,-3.405963081867516
2019-04-07 05:52:30+00:00,10.964515308814793,39.62167524838258,-3.399640382148081,401.32779438599215,26.23101851851852,2019-04-11 05:52:30+00:00,416.58804879918927,327.6969593787954,-5.930877008283131,427.46521981079576,8.226595535674198,30.0,-3.399640382148081
2019-04-07 06:07:30+00:00,10.977362952260885,39.65483643101783,-3.393301573207765,377.1246651395737,26.241435185185185,2019-04-11 06:07:30+00:00,415.44604529355183,327.55945875002243,-5.930131743208614,427.52325304078227,8.053686936670257,30.0,-3.393301573207765
2019-04-07 06:22:30+00:00,10.989939736987294,39.68810498596734,-3.3869468466030965,378.1458681135225,26.251851851851853,2019-04-11 06:22:30+00:00,414.36028871919103,327.42195802417456,-5.929386294951777,432.6196438508626,8.06411209148348,30.0,-3.3869468466030965
2019-04-07 06:37:30+00:00,11.002245479066248,39.721480473552425,-3.3805763931864594,392.3904181387584,26.26226851851852,2019-04-11 06:37:30+00:00,414.36028871919103,327.2844572012421,-5.9286406635392215,434.3381826854281,8.172917615697934,30.0,-3.3805763931864594
2019-04-07 06:52:30+00:00,11.014280002471027,39.75496245444474,-3.374190403100199,414.44267577745853,26.272685185185185,2019-04-11 06:52:30+00:00,413.3340345820159,327.1469562811858,-5.927894848997621,434.87061769616025,8.326273002969366,30.0,-3.374190403100199
2019-04-07 07:07:30+00:00,11.02604313901986,39.78855048967968,-3.3677890657705514,405.9944869355903,26.283101851851853,2019-04-11 07:07:30+00:00,413.3340345820159,327.0094552640397,-5.927148851353566,436.105711900787,8.272654531857256,30.0,-3.3677890657705514
2019-04-07 07:22:30+00:00,11.037534728289256,39.82224414067339,-3.361372569899311,392.615296327212,26.29351851851852,2019-04-11 07:22:30+00:00,412.37068158427167,326.87195414973536,-5.926402670633723,438.8111137610303,8.1805180803972,30.0,-3.361372569899311
2019-04-07 07:37:30+00:00,11.04875461765273,39.85604296923727,-3.35494110345761,385.49520518693953,26.303935185185185,2019-04-11 07:37:30+00:00,411.4737403194793,326.7344529383215,-5.925656306864674,442.6189482470785,8.128956194819981,30.0,-3.35494110345761
2019-04-07 07:52:30+00:00,11.059702662103671,39.88994653759011,-3.3484948536794703,390.16966261598793,26.314351851851853,2019-04-11 07:52:30+00:00,411.4737403194793,326.59695162975913,-5.924909760073077,444.118769377534,8.16496169171868,30.0,-3.3484948536794703
2019-04-07 08:07:30+00:00,11.070378724321738,39.923954408375245,-3.3420340070544885,370.5089878479637,26.32476851851852,2019-04-11 08:07:30+00:00,410.6467915318011,326.45945022403856,-5.924163030285544,440.6302170283806,8.011549189728626,30.0,-3.3420340070544885
2019-04-07 08:22:30+00:00,11.08078267455248,39.95806614466996,-3.3355587493224457,384.94626460767944,26.335185185185185,2019-04-11 08:22:30+00:00,409.8934325879037,326.3219487211648,-5.923416117528702,436.6297996661102,8.126553661228323,30.0,-3.3355587493224457
2019-04-07 08:37:30+00:00,11.090914390530491,39.99228131000403,-3.329069265466242,385.5806188608922,26.345601851851853,2019-04-11 08:37:30+00:00,409.8934325879037,326.184447121099,-5.922669021829175,433.67885870390046,8.131411843070095,30.0,-3.329069265466242
2019-04-07 08:52:30+00:00,11.100773757507064,40.02659946836836,-3.322565739706599,374.1274216717785,26.35601851851852,2019-04-11 08:52:30+00:00,409.2172109755973,326.0469454238608,-5.9219217432135824,436.5072740281421,8.04019621192501,30.0,-3.322565739706599
2019-04-07 09:07:30+00:00,11.110360668089072,40.0610201842312,-3.3160483554959335,376.4801801452032,26.366435185185185,2019-04-11 09:07:30+00:00,408.6215439471802,325.9094436294261,-5.921174281708551,439.7313704659281,8.058468640603067,30.0,-3.3160483554959335
2019-04-07 09:22:30+00:00,11.119675022317509,40.095543022554494,-3.3095172955117453,375.9312395659432,26.376851851851853,2019-04-11 09:22:30+00:00,408.6215439471802,325.7719417378,-5.92042663734069,441.3602035137928,8.052839187048532,30.0,-3.3095172955117453
2019-04-07 09:37:30+00:00,11.12871672746006,40.13016754879889,-3.3029727416525327,365.5317001203556,26.38726851851852,2019-04-11 09:37:30+00:00,408.1096238954548,325.63443974895847,-5.9196788101366264,434.7474958263773,7.9638105199592495,30.0,-3.3029727416525327
2019-04-07 09:52:30+00:00,11.13748569809778,40.16489332894201,-3.296414875031434,340.53655317001204,26.397685185185185,2019-04-11 09:52:30+00:00,407.6843097108819,325.4969376628922,-5.918930800122982,430.3845695206296,7.728632084957666,30.0,-3.296414875031434
2019-04-07 10:07:30+00:00,11.145981855957013,40.19971992949218,-3.289843875970675,343.51826687890673,26.408101851851853,2019-04-11 10:07:30+00:00,407.6843097108819,325.35943547959187,-5.918182607326365,437.15001192463626,7.755138926502738,30.0,-3.289843875970675
2019-04-07 10:22:30+00:00,11.154205129934766,40.234646917493535,-3.28325992399801,326.4894616026711,26.41851851851852,2019-04-11 10:22:30+00:00,407.34800523290306,325.2219331990626,-5.9174342317734085,434.6452420701168,7.574288119191323,30.0,-3.28325992399801
2019-04-07 10:37:30+00:00,11.16215545598447,40.26967386054607,-3.276663197839837,323.86535699033277,26.428935185185185,2019-04-11 10:37:30+00:00,407.1025269735349,325.0844308212955,-5.916685673490707,433.217664361237,7.540881188481154,30.0,-3.276663197839837
2019-04-07 10:52:30+00:00,11.169832777128086,40.30480032682199,-3.270053875416042,320.565283223978,26.439351851851853,2019-04-11 10:52:30+00:00,407.1025269735349,324.94692834625187,-5.915936932504878,443.025876460768,7.498765395192077,30.0,-3.270053875416042
2019-04-07 11:07:30+00:00,11.1772370433313,40.340025885063895,-3.2634321338375596,311.6512016150949,26.44976851851852,2019-04-11 11:07:30+00:00,406.9489645287622,324.80942577395206,-5.915188008842549,434.2837268463312,7.388259054767067,30.0,-3.2634321338375596
2019-04-07 11:22:30+00:00,11.18436821148188,40.37535010460591,-3.25679814940044,303.66235392320533,26.460185185185185,2019-04-11 11:22:30+00:00,406.9489645287622,324.6719231043721,-5.914438902530324,420.6222492032174,7.282423887702424,30.0,-3.25679814940044
2019-04-07 11:37:30+00:00,11.191226245328645,40.410772555384504,-3.250152097580902,285.2350817253562,26.470601851851853,2019-04-11 11:37:30+00:00,406.88753844329017,324.5344203375032,-5.913689613594813,423.4589395023452,7.02301921995055,30.0,-3.250152097580902
2019-04-07 11:52:30+00:00,11.197811115476584,40.44629280794854,-3.2434941530321595,292.86019334549826,26.48101851851852,2019-04-11 11:52:30+00:00,406.91746166064456,324.3969174733509,-5.912940142062629,421.98259725805633,7.124279304120408,30.0,-3.2434941530321595
2019-04-07 12:07:30+00:00,11.204122799206308,40.48191043347221,-3.236824489579243,291.58675311565787,26.491435185185185,2019-04-11 12:07:30+00:00,406.91746166064456,324.2594145119062,-5.912190487960381,422.6326615788218,7.098850994174283,30.0,-3.236824489579243
2019-04-07 12:22:30+00:00,11.210161280525542,40.51762500376298,-3.230143280216178,307.48904424040063,26.501851851851853,2019-04-11 12:22:30+00:00,407.036811939959,324.1219114531163,-5.911440651314676,418.74373956594326,7.303935896657445,30.0,-3.230143280216178
2019-04-07 12:37:30+00:00,11.21592655015252,40.55343609128517,-3.2234506970997576,280.7858058003649,26.51226851851852,2019-04-11 12:37:30+00:00,407.24242358782885,323.98440829703105,-5.910690632152122,421.47030765561647,6.923647022800939,30.0,-3.2234506970997576
2019-04-07 12:52:30+00:00,11.221418605331,40.58934326915133,-3.2167469115486895,263.82730908102656,26.522685185185185,2019-04-11 12:52:30+00:00,407.24242358782885,323.8469050436123,-5.909940430499327,423.14333412830905,6.637693745490465,30.0,-3.2167469115486895
2019-04-07 13:07:30+00:00,11.226637449814438,40.625346111145895,-3.2100320940385716,262.6004581278876,26.533101851851853,2019-04-11 13:07:30+00:00,407.5298073550802,323.70940169286564,-5.909190046382892,414.6779986846765,6.6058406757158545,30.0,-3.2100320940385716
2019-04-07 13:22:30+00:00,11.231583093891269,40.66144419173531,-3.203306414197878,270.66204090150256,26.54351851851852,2019-04-11 13:22:30+00:00,407.89310720523014,323.5718982447537,-5.908439479829426,414.60688449002305,6.733184365646707,30.0,-3.203306414197878
2019-04-07 13:37:30+00:00,11.23625555424326,40.69763708607355,-3.196570040805909,258.1977714795978,26.553935185185185,2019-04-11 13:37:30+00:00,407.89310720523014,323.4343946992966,-5.907688730865539,417.022815804118,6.504692488595237,30.0,-3.196570040805909
2019-04-07 13:52:30+00:00,11.24065485393966,40.73392437001909,-3.1898231417879743,237.50436774469077,26.564351851851853,2019-04-11 13:52:30+00:00,408.3251017290984,323.2968910564714,-5.90693779951782,417.1424596549805,6.079389447465745,30.0,-3.1898231417879743
2019-04-07 14:07:30+00:00,11.244781022362426,40.770305620138075,-3.1830658842138946,234.5925379508483,26.57476851851852,2019-04-11 14:07:30+00:00,408.81725618165547,323.15938731628404,-5.906186685812868,413.7701725097385,6.001741934897863,30.0,-3.1830658842138946
2019-04-07 14:22:30+00:00,11.248634095121366,40.80678041372111,-3.1762984342936855,230.15703255425709,26.585185185185185,2019-04-11 14:22:30+00:00,408.81725618165547,323.02188347871135,-5.90543538977731,416.4552031163049,5.886454699056927,30.0,-3.1762984342936855
2019-04-07 14:37:30+00:00,11.252214114080262,40.84334832878867,-3.169520957375757,230.75668750242653,26.595601851851853,2019-04-11 14:37:30+00:00,409.3598284750504,322.8843795437449,-5.904683911437724,418.37854757929887,5.88587176667777,30.0,-3.169520957375757
2019-04-07 14:52:30+00:00,11.255521127211322,40.88000894410518,-3.162733617942837,257.71634895368254,26.60601851851852,2019-04-11 14:52:30+00:00,409.9420291181953,322.7468755113909,-5.90393225082071,413.335718260593,6.434305624782567,30.0,-3.162733617942837
2019-04-07 15:07:30+00:00,11.258555188611046,40.916761839183614,-3.1559365796109584,280.62274333190976,26.616435185185185,2019-04-11 15:07:30+00:00,409.9420291181953,322.609371381612,-5.903180407952865,411.46494156928213,6.815924298676493,30.0,-3.1559365796109584
2019-04-07 15:22:30+00:00,11.261316358412708,40.953606594299494,-3.1491300051257345,297.5349540901502,26.626851851851853,2019-04-11 15:22:30+00:00,410.5522313135835,322.47186715444343,-5.902428382860794,417.7412904291034,7.057067572242359,30.0,-3.1491300051257345
2019-04-07 15:37:30+00:00,11.263804702736897,40.99054279049571,-3.142314056361146,294.42869899444815,26.63726851851852,2019-04-11 15:37:30+00:00,410.5522313135835,322.33436282983314,-5.901676175571084,415.57595993322207,7.0008740912071055,30.0,-3.142314056361146
2019-04-07 15:52:30+00:00,11.266020293603788,41.02757000959573,-3.135488894316002,270.8889816360601,26.647685185185185,2019-04-11 15:52:30+00:00,411.1782235739791,322.1968584078023,-5.900923786110325,408.9655378010971,6.617039573084718,30.0,-3.135488894316002
2019-04-07 16:07:30+00:00,11.267963208979774,41.06468783421545,-3.1286546791120973,283.6777142231588,26.658101851851853,2019-04-11 16:07:30+00:00,411.807493731278,322.0593538883425,-5.900171214505143,413.8488751093092,6.81362479581341,30.0,-3.1286546791120973
2019-04-07 16:22:30+00:00,11.269633532608262,41.10189584776703,-3.1218115699926408,289.0833681135225,26.66851851851852,2019-04-11 16:22:30+00:00,411.807493731278,321.92184927141676,-5.899418460782085,406.8530884808014,6.883889261866126,30.0,-3.1218115699926408
2019-04-07 16:37:30+00:00,11.271031353978302,41.13919363446279,-3.114959725321278,295.00330007376635,26.678935185185185,2019-04-11 16:37:30+00:00,412.4275304988736,321.784344557046,-5.898665524967772,405.38953811908743,6.9588586990706425,30.0,-3.114959725321278
2019-04-07 16:52:30+00:00,11.27215676836498,41.17658077933677,-3.1080993025780757,304.49974764141785,26.689351851851853,2019-04-11 16:52:30+00:00,413.02612716509054,321.64683974520767,-5.897912407088779,403.5204507512521,7.080446211738379,30.0,-3.1080993025780757
2019-04-07 17:07:30+00:00,11.273009876667563,41.214056868247816,-3.101230458358743,293.6691360601002,26.69976851851852,2019-04-11 17:07:30+00:00,413.02612716509054,321.50933483590836,-5.897159107171717,397.3330550918197,6.912134149868242,30.0,-3.101230458358743
2019-04-07 17:22:30+00:00,11.273590785387956,41.25162148788652,-3.0943533483736183,294.4131692355476,26.710185185185185,2019-04-11 17:22:30+00:00,413.5916717509733,321.3718298291256,-5.896405625243155,399.28422370617704,6.90916469246017,30.0,-3.0943533483736183
2019-04-07 17:37:30+00:00,11.273899606611604,41.28927422577864,-3.0874681274465785,282.8900881313818,26.720601851851853,2019-04-11 17:37:30+00:00,414.11340909823866,321.23432472486616,-5.895651961329679,397.87025995707137,6.716495349836379,30.0,-3.0874681274465785
2019-04-07 17:52:30+00:00,11.273936457900843,41.327014670305154,-3.0805749495122527,287.1840664673681,26.73101851851852,2019-04-11 17:52:30+00:00,414.11340909823866,321.0968195230931,-5.894898115457892,403.47031377081464,6.769666782120505,30.0,-3.0805749495122527
