time,longitude,radius,latitude,Vr,Time_days,Times_Earth,Vr_pred_Earth,Lon-L1,Lat-L1,Vr_obs_Earth,SpiralOrigin_Lon_deg,SpiralOrigin_Rs,SpiralOrigin_Lat_deg
2024-06-27 18:52:30+00:00,147.6966309177684,31.75253797089312,2.435226970878919,228.04154784563116,25.50167824074074,2024-07-01 18:52:30+00:00,399.6476751288176,335.0590534070788,2.9817094036414047,435.8514190317195,146.81897816731322,30.0,2.435226970878919
2024-06-27 19:07:30+00:00,147.69758315016037,31.654362667040964,2.4274513074373973,240.54431804946228,25.51209490740741,2024-07-01 19:07:30+00:00,398.4164114456164,334.9211803532978,2.9828531972944177,445.9933222036728,146.91215786143843,30.0,2.4274513074373973
2024-06-27 19:22:30+00:00,147.69945962709343,31.55608361663591,2.41961074313104,244.50088669182747,25.522511574074073,2024-07-01 19:22:30+00:00,398.4164114456164,334.7833073241969,2.9839969034406426,450.4382303839733,146.9726481881413,30.0,2.41961074313104
2024-06-27 19:37:30+00:00,147.70226998419886,31.45770084583243,2.4117045171034155,231.00516364483445,25.53292824074074,2024-07-01 19:37:30+00:00,397.1926837280942,334.6454343197929,2.985140522047085,463.2095158597662,146.98163394071625,30.0,2.4117045171034155
2024-06-27 19:52:30+00:00,147.70602399313915,31.35921438733952,2.403731857241751,232.6406527091196,25.54334490740741,2024-07-01 19:52:30+00:00,395.9765741605311,334.5075613400767,2.9862840530812025,440.2337228714524,147.03880005786928,30.0,2.403731857241751
2024-06-27 20:07:30+00:00,147.71073156368794,31.260624280752698,2.395691979994592,228.92805839189347,25.553761574074073,2024-07-01 20:07:30+00:00,395.9765741605311,334.36968838504635,2.987427496509491,433.4366801812544,147.0818687638701,30.0,2.395691979994592
2024-06-27 20:22:30+00:00,147.71640274634436,31.16193057264088,2.3875840901667087,224.93520328952923,25.56417824074074,2024-07-01 20:22:30+00:00,394.7681514099968,334.2318154547324,2.988570852298958,431.2186978297162,147.1264842525323,30.0,2.3875840901667087
2024-06-27 20:37:30+00:00,147.72304773479345,31.06313331670949,2.3794073807150817,224.09053849438988,25.57459490740741,2024-07-01 20:37:30+00:00,394.7681514099968,334.09394254909694,2.98971412041702,428.26933778519754,147.18125463424008,30.0,2.3794073807150817
2024-06-27 20:52:30+00:00,147.73067686811692,30.96423257416171,2.3711610325572368,229.35112346777703,25.585011574074073,2024-07-01 20:52:30+00:00,393.56747232691976,333.9560696681667,2.990857300830183,425.20868113522533,147.25055643505013,30.0,2.3711610325572368
2024-06-27 21:07:30+00:00,147.73930063384344,30.865228413721947,2.3628442143483417,257.19221959079084,25.59542824074074,2024-07-01 21:07:30+00:00,392.3745833978545,333.818196811958,2.992000393505417,427.02420701168614,147.35511403776397,30.0,2.3628442143483417
2024-06-27 21:22:30+00:00,147.74892967012983,30.76612091190653,2.35445608227299,256.33383784907403,25.60584490740741,2024-07-01 21:22:30+00:00,392.3745833978545,333.6803239804326,2.9931433984101146,426.6485809682805,147.407610532926,30.0,2.35445608227299
2024-06-27 21:37:30+00:00,147.759574768571,30.66691015330724,2.3459957798348934,251.1938502154754,25.616261574074073,2024-07-01 21:37:30+00:00,391.1895219915915,333.54245117361705,2.9942863155107653,423.149693934335,147.45637589135694,30.0,2.3459957798348934
2024-06-27 21:52:30+00:00,147.77124687691403,30.56759623075471,2.337462437631673,246.46677796327216,25.62667824074074,2024-07-01 21:52:30+00:00,390.0123174323506,333.4045783915129,2.995429144774331,422.8714524207012,147.50825012963415,30.0,2.337462437631673
2024-06-27 22:07:30+00:00,147.78395710191785,30.46817924546699,2.3288551731232165,235.12443219319024,25.63709490740741,2024-07-01 22:07:30+00:00,390.0123174323506,333.2667056340966,2.99657188616818,421.7584863661658,147.55656066277837,30.0,2.3288551731232165
2024-06-27 22:22:30+00:00,147.79771671194493,30.368659307494536,2.320173090421466,261.39285319891127,25.647511574074073,2024-07-01 22:22:30+00:00,388.8429919278073,333.1288329013944,2.9977145396587987,422.42626599888706,147.6366518681413,30.0,2.320173090421466
2024-06-27 22:37:30+00:00,147.81253714002278,30.269036535749915,2.311415280039525,254.59874985440857,25.65792824074074,2024-07-01 22:37:30+00:00,387.681561374838,332.9909601934224,2.9988571052130935,438.3973288814691,147.69186020887645,30.0,2.311415280039525
2024-06-27 22:52:30+00:00,147.828429986862,30.169311058307983,2.3025808186589565,287.19461099238026,25.66834490740741,2024-07-01 22:52:30+00:00,387.681561374838,332.8530875101424,2.999999582798457,423.4279354479688,147.76110468644066,30.0,2.3025808186589565
2024-06-27 23:07:30+00:00,147.84540702352098,30.069483012791835,2.293668768900164,273.447994719882,25.678761574074073,2024-07-01 23:07:30+00:00,386.5280360619114,332.715214851595,3.001141972381318,422.4540901502504,147.8163886437312,30.0,2.293668768900164
2024-06-27 23:22:30+00:00,147.86348019484544,29.96955254643576,2.2846781790591018,253.9134614760009,25.68917824074074,2024-07-01 23:22:30+00:00,385.3824212838261,332.57734221772364,3.002284273928589,423.8939899833055,147.87717432694126,30.0,2.2846781790591018
2024-06-27 23:37:30+00:00,147.88266162241146,29.869519816466084,2.275608082866965,234.51488915634587,25.69959490740741,2024-07-01 23:37:30+00:00,385.3824212838261,332.43946960860586,3.003426487407622,414.8580968280468,147.94620106492388,30.0,2.275608082866965
2024-06-27 23:52:30+00:00,147.9029636076182,29.769384990394688,2.26645749923721,240.07717142059073,25.710011574074073,2024-07-01 23:52:30+00:00,384.24471788186133,332.30159702419553,3.004568612784848,415.44240400667775,148.0126634406224,30.0,2.26645749923721
2024-06-28 00:07:30+00:00,147.92439863517953,29.669148246222107,2.257225431998669,236.3470367278798,25.72042824074074,2024-07-02 00:07:30+00:00,383.1149227202456,332.16372446447906,3.0057106500271624,423.45575959933217,148.08426332213708,30.0,2.257225431998669
2024-06-28 00:22:30+00:00,147.94697937633728,29.568809772739236,2.2479108696325647,229.3628916411073,25.73084490740741,2024-07-02 00:22:30+00:00,383.1149227202456,332.0258519295053,3.006852599101878,,148.1616709582498,30.0,2.2479108696325647
2024-06-28 00:37:30+00:00,147.97071869210538,29.468369769918468,2.238512785012184,232.8394275803382,25.741261574074073,2024-07-02 00:37:30+00:00,381.9930291080769,331.8879794192276,3.00799445997543,430.5175292153589,148.23146754552207,30.0,2.238512785012184
2024-06-28 00:52:30+00:00,147.99562963692466,29.367828449122296,2.2290301351200483,253.95426486003805,25.75167824074074,2024-07-02 00:52:30+00:00,381.9930291080769,331.75010693369074,3.009136232614669,417.8213689482471,148.27991120290585,30.0,2.2290301351200483
2024-06-28 01:07:30+00:00,148.0217254622487,29.267186033386608,2.219461860766206,235.31295914318295,25.76209490740741,2024-07-02 01:07:30+00:00,380.8790271743686,331.6122344728705,3.01027791698693,411.68614357262106,148.37737082858564,30.0,2.219461860766206
2024-06-28 01:22:30+00:00,148.04901961982853,29.16644275789411,2.2098068863188356,258.03588505113703,25.772511574074073,2024-07-02 01:22:30+00:00,379.7729042026923,331.47436203676386,3.011419513058593,410.6844741235393,148.41793315006763,30.0,2.2098068863188356
2024-06-28 01:37:30+00:00,148.07752576568953,29.065598870190723,2.2000641194049595,256.77942201403636,25.78292824074074,2024-07-02 01:37:30+00:00,379.7729042026923,331.3364896253863,3.012561020796501,432.1577629382303,148.4930940544875,30.0,2.2000641194049595
2024-06-28 01:52:30+00:00,148.1072577638531,28.964654630483544,2.190232450611953,233.54263578456005,25.79334490740741,2024-07-02 01:52:30+00:00,378.67464493088846,331.1986172387427,3.0137024401679513,429.0901502504173,148.61353491796754,30.0,2.190232450611953
2024-06-28 02:07:30+00:00,148.1382296900248,28.86361031214891,2.1803107532037043,234.9741478515973,25.803761574074073,2024-07-02 02:07:30+00:00,377.5842318204929,331.0607448768155,3.014843771139342,413.31385642737894,148.69053149540557,30.0,2.1803107532037043
2024-06-28 02:22:30+00:00,148.1704558355835,28.762466201966657,2.1702978828052766,218.42464713917133,25.81417824074074,2024-07-02 02:22:30+00:00,377.5842318204929,330.9228725395907,3.0159850136774757,429.7161936560935,148.81748623854406,30.0,2.1702978828052766
2024-06-28 02:37:30+00:00,148.20395071169568,28.661222600448152,2.160192677088063,213.72568739063095,25.82459490740741,2024-07-02 02:37:30+00:00,376.5016452998357,330.7850002271168,3.017126167749647,432.30383973288815,148.91930455003651,30.0,2.160192677088063
2024-06-28 02:52:30+00:00,148.2387290531651,28.559879822414658,2.149993955475079,217.44052587646075,25.835011574074073,2024-07-02 02:52:30+00:00,375.4268639841951,330.64712793937616,3.018267233322206,421.2020033388981,148.99508723237903,30.0,2.149993955475079
2024-06-28 03:07:30+00:00,148.27480582272833,28.458438197199115,2.1397005188018627,247.9151374209935,25.84542824074074,2024-07-02 03:07:30+00:00,375.4268639841951,330.50925567635477,3.0194082103619775,417.4457429048414,148.98491832297026,30.0,2.1397005188018627
2024-06-28 03:22:30+00:00,148.31219621539535,28.35689806908745,2.1293111489945864,249.4118103816438,25.85584490740741,2024-07-02 03:22:30+00:00,374.35986487590657,330.3713834380719,3.020549098836199,421.5025041736227,149.0645407204525,30.0,2.1293111489945864
2024-06-28 03:37:30+00:00,148.3509156625872,28.25525979781881,2.118824608747709,265.8711341210708,25.866261574074073,2024-07-02 03:37:30+00:00,373.3006235469238,330.2335112245095,3.0216898987112253,405.47579298831386,149.10034181101378,30.0,2.118824608747709
2024-06-28 03:52:30+00:00,148.39097983663396,28.153523758922116,2.1082396411781135,284.6682455254882,25.87667824074074,2024-07-02 03:52:30+00:00,373.3006235469238,330.0956390356394,3.0228306099538576,,149.1317337614786,30.0,2.1082396411781135
2024-06-28 04:07:30+00:00,148.43240465553288,28.05169034411021,2.097554969478506,252.94501252086812,25.88709490740741,2024-07-02 04:07:30+00:00,372.2491143059858,329.9577668715386,3.023971232531311,398.1636060100167,149.31203686679524,30.0,2.097554969478506
2024-06-28 04:22:30+00:00,148.47520628704456,27.94975996192168,2.0867692965886127,213.5042779632721,25.897511574074073,2024-07-02 04:22:30+00:00,371.2053103522557,329.81989473217465,3.0251117664099305,402.2954924874791,149.57185464097873,30.0,2.0867692965886127
2024-06-28 04:37:30+00:00,148.51940115388615,27.847733037983097,2.07588130482178,208.7564877909356,25.90792824074074,2024-07-02 04:37:30+00:00,371.2053103522557,329.6820226175335,3.0262522115564803,397.2334843787265,149.69680491762122,30.0,2.07588130482178
2024-06-28 04:52:30+00:00,148.5650059385409,27.745610015496005,2.0648896555048815,212.4160422409442,25.91834490740741,2024-07-02 04:52:30+00:00,370.1691839170518,329.5441505276194,3.02739256793818,393.90651085141906,149.77702931347045,30.0,2.0648896555048815
2024-06-28 05:07:30+00:00,148.6120375876597,27.64339135591434,2.0537929886351924,231.54316333674404,25.928761574074073,2024-07-02 05:07:30+00:00,370.1691839170518,329.40627846244365,3.028532835521349,392.86906749344143,149.77435505944422,30.0,2.0537929886351924
2024-06-28 05:22:30+00:00,148.66051331768523,27.541077539216328,2.0425899224828714,221.10105990604495,25.93917824074074,2024-07-02 05:22:30+00:00,369.14070639508213,329.268406421992,3.0296730142727246,394.49081803005015,149.93057049050972,30.0,2.0425899224828714
2024-06-28 05:37:30+00:00,148.71045061967666,27.438669064511657,2.0312790532243503,232.0910986533977,25.94959490740741,2024-07-02 05:37:30+00:00,368.1198484664144,329.1305344062831,3.030813104159518,400.73932745051275,149.97075798004977,30.0,2.0312790532243503
2024-06-28 05:52:30+00:00,148.76186726446724,27.336166450644345,2.019858954567351,219.1404278448577,25.960011574074073,2024-07-02 05:52:30+00:00,368.1198484664144,328.992662415299,3.0319531051480086,394.9081803005008,150.1500730215221,30.0,2.019858954567351
2024-06-28 06:07:30+00:00,148.81478130811666,27.23357023663832,2.0083281773514208,224.9936664869465,25.97042824074074,2024-07-02 06:07:30+00:00,367.1065802102604,328.85479044901086,3.0330930172049566,386.4387073694253,150.21894784005474,30.0,2.0083281773514208
2024-06-28 06:22:30+00:00,148.8692110975134,27.130880982240544,1.996685249150816,218.06887448072368,25.98084490740741,2024-07-02 06:22:30+00:00,366.10087121152105,328.7169185074955,3.034232840297526,384.04006677796326,150.371744530084,30.0,1.996685249150816
2024-06-28 06:37:30+00:00,148.9251752755291,27.028099268624427,1.9849286738878231,229.58185517529216,25.991261574074073,2024-07-02 06:37:30+00:00,366.10087121152105,328.5790465907202,3.0353725743919866,391.65275459098496,150.40348692738863,30.0,1.9849286738878231
2024-06-28 06:52:30+00:00,148.98269278706303,26.92522569886628,1.973056931413964,231.10112184379932,26.00167824074074,2024-07-02 06:52:30+00:00,365.1026906609225,328.4411746986705,3.036512219455072,397.5196756498927,150.502121926386,30.0,1.973056931413964
2024-06-28 07:07:30+00:00,149.04178288479568,26.822260898543156,1.9610684770956084,221.4881946100644,26.01209490740741,2024-07-02 07:07:30+00:00,364.1120074494767,328.30330283135066,3.037651775453936,413.7610302885762,150.68024693477997,30.0,1.9610684770956084
2024-06-28 07:22:30+00:00,149.10246513487294,26.71920551649852,1.9489617414115028,219.064712597412,26.022511574074073,2024-07-02 07:22:30+00:00,364.1120074494767,328.1654309887711,3.038791242354847,410.93489148580966,150.81277917922435,30.0,1.9489617414115028
2024-06-28 07:37:30+00:00,149.16475942308742,26.616060225352953,1.936735129514341,219.4981259297272,26.03292824074074,2024-07-02 07:37:30+00:00,363.12879025790966,328.02755917091775,3.0399306201244745,410.6844741235393,150.92536093550083,30.0,1.936735129514341
2024-06-28 07:52:30+00:00,149.22868596125323,26.5128257221702,1.924387020799366,228.3495748728501,26.04334490740741,2024-07-02 07:52:30+00:00,362.1530076416272,327.8896873778088,3.0410699087299853,409.1819699499165,150.97267080861238,30.0,1.924387020799366
2024-06-28 08:07:30+00:00,149.2942652930815,26.40950272926016,1.9119157684848516,258.7542142221472,26.053761574074073,2024-07-02 08:07:30+00:00,362.1530076416272,327.751815609426,3.0422091081376204,412.9382303839733,150.87892651804938,30.0,1.9119157684848516
2024-06-28 08:22:30+00:00,149.36151830089517,26.30609199476146,1.8993196991559536,244.31416702255697,26.06417824074074,2024-07-02 08:22:30+00:00,361.18462811171986,327.61394386578365,3.0433482183140708,414.52420701168614,151.08817773687423,30.0,1.8993196991559536
2024-06-28 08:37:30+00:00,149.43046621221,26.2025942933731,1.886597112318889,239.23140383128825,26.07459490740741,2024-07-02 08:37:30+00:00,360.2236202124512,327.4760721468423,3.0444872392264335,418.0968280467446,151.2432168726029,30.0,1.886597112318889
2024-06-28 08:52:30+00:00,149.5011306061183,26.099010427208555,1.873746279962905,215.86364871685367,26.085011574074073,2024-07-02 08:52:30+00:00,360.2236202124512,327.33820045267043,3.045626170840946,410.1120915812067,151.5649160163439,30.0,1.873746279962905
2024-06-28 09:07:30+00:00,149.57353342047662,25.995341226434487,1.8607654460868437,227.5125208681135,26.09542824074074,2024-07-02 09:07:30+00:00,359.26995259561943,327.2003287832244,3.0467650131242667,408.09682804674463,151.58368809634305,30.0,1.8607654460868437
2024-06-28 09:22:30+00:00,149.6476969587985,25.89158755006576,1.8476528262376235,226.8781302170284,26.10584490740741,2024-07-02 09:22:30+00:00,359.26995259561943,327.0624571385079,3.0479037660435218,403.67278797996664,151.71569757744226,30.0,1.8476528262376235
2024-06-28 09:37:30+00:00,149.72364389712314,25.787750286905148,1.834406607058969,232.09943080988,26.116261574074073,2024-07-02 09:37:30+00:00,358.3235940921397,326.9245855185315,3.0490424295649023,392.9048414023372,151.79621431943062,30.0,1.834406607058969
2024-06-28 09:52:30+00:00,149.80139729156463,25.68383035622827,1.821024945799625,220.85940335341513,26.12667824074074,2024-07-02 09:52:30+00:00,357.3845137811501,326.78671392329477,3.0501810036550556,386.89482470784645,152.03317982031948,30.0,1.821024945799625
2024-06-28 10:07:30+00:00,149.88098058561803,25.579828708679447,1.8075059698414075,221.48514190317195,26.13709490740741,2024-07-02 10:07:30+00:00,357.3845137811501,326.64884235277253,3.0513194882810715,400.26711185308847,152.16008259624004,30.0,1.8075059698414075
2024-06-28 10:22:30+00:00,149.96241761757005,25.475746327254654,1.7938477762294378,230.3839732888147,26.147511574074073,2024-07-02 10:22:30+00:00,356.4526810569119,326.51097080700396,3.052457883409138,406.73344462993873,152.2050802440256,30.0,1.7938477762294378
2024-06-28 10:37:30+00:00,150.04573262851798,25.371584228068475,1.7800484311686096,218.71844019868504,26.15792824074074,2024-07-02 10:37:30+00:00,355.52806569373934,326.3730992859309,3.0535961890058645,405.8192225137134,152.46239637382584,30.0,1.7800484311686096
2024-06-28 10:52:30+00:00,150.13095027001685,25.267343461333333,1.7661059695389745,422.85290298645896,26.16834490740741,2024-07-02 10:52:30+00:00,355.52806569373934,326.23522778961484,3.054734405038357,402.31337944192705,151.40910941985356,30.0,1.7661059695389745
2024-06-28 11:07:30+00:00,150.21809561207525,25.16302511241705,1.7520183944137084,320.7691832065789,26.178761574074073,2024-07-02 11:07:30+00:00,354.6106379091684,326.09735631803704,3.0558725314727675,412.4652198107958,151.94016424579942,30.0,1.7520183944137084
2024-06-28 11:22:30+00:00,150.3071941514082,25.058630302717106,1.7377836765476022,231.3567484268653,26.18917824074074,2024-07-02 11:22:30+00:00,353.7003684255474,325.9594848711826,3.0570105682757087,393.8230383973289,152.7463212867335,30.0,1.7377836765476022
2024-06-28 11:37:30+00:00,150.39827181692087,24.9541601917947,1.7233997546733382,226.6897821154916,26.19959490740741,2024-07-02 11:37:30+00:00,353.7003684255474,325.8216134490549,3.0581485154142314,393.53088480801335,152.9402438946935,30.0,1.7233997546733382
2024-06-28 11:52:30+00:00,150.49135497795066,24.849615978430627,1.7088645349438,223.43743637770265,26.210011574074073,2024-07-02 11:52:30+00:00,352.79722853021065,325.68374205163497,3.059286372854493,398.1636060100167,153.1237613552124,30.0,1.7088645349438
2024-06-28 12:07:30+00:00,150.5864704709476,24.744998895204088,1.6941758858740985,279.9827669772201,26.22042824074074,2024-07-02 12:07:30+00:00,351.90119013437715,325.54587067898075,3.0604241405630694,392.5292153589316,152.72990771425853,30.0,1.6941758858740985
2024-06-28 12:22:30+00:00,150.68364558484865,24.640310218229608,1.6793316439270838,264.92317127184765,26.23084490740741,2024-07-02 12:22:30+00:00,351.90119013437715,325.40799933105177,3.0615618185070144,397.2334843787265,152.99405513164572,30.0,1.6793316439270838
2024-06-28 12:37:30+00:00,150.7829080783544,24.535551265221176,1.664329610744602,247.42925973669196,26.241261574074073,2024-07-02 12:37:30+00:00,351.01222583090004,325.27012800781444,3.062699406652464,387.4791318864775,153.30502120341396,30.0,1.664329610744602
2024-06-28 12:52:30+00:00,150.88428618972824,24.430723396496266,1.6491675526135547,237.50346242242304,26.25167824074074,2024-07-02 12:52:30+00:00,350.13030895097626,325.132256709341,3.0638369049659984,407.3455759599332,153.56220931001508,30.0,1.6491675526135547
2024-06-28 13:07:30+00:00,150.98780864598513,24.32582801618602,1.6338431999552676,228.69217725079855,26.26209490740741,2024-07-02 13:07:30+00:00,350.13030895097626,324.9943854355912,3.0649743134146217,410.6844741235393,153.8212905800924,30.0,1.6338431999552676
2024-06-28 13:22:30+00:00,151.09350467209572,24.220866573676016,1.6183542468434349,228.8348798384905,26.272511574074073,2024-07-02 13:22:30+00:00,349.2554136199163,324.85651418657477,3.0661116319644663,401.41903171953254,153.97760099988585,30.0,1.6183542468434349
2024-06-28 13:37:30+00:00,151.20140400127755,24.11584056466782,1.6026983504637415,222.2626791779402,26.28292824074074,2024-07-02 13:37:30+00:00,349.2554136199163,324.718642962262,3.067248860582074,413.18864774624376,154.22474510625412,30.0,1.6026983504637415
2024-06-28 13:52:30+00:00,151.31153688464266,24.010751532585427,1.5868731306189212,224.1643048491672,26.29334490740741,2024-07-02 13:52:30+00:00,348.387514812062,324.5807717626853,3.068385999234447,408.68113522537567,154.36276820917013,30.0,1.5868731306189212
2024-06-28 14:07:30+00:00,151.42393410108156,23.90560107002537,1.570876169237016,219.38899462788177,26.303761574074073,2024-07-02 14:07:30+00:00,347.5265884049335,324.44290058782536,3.069523047887704,404.8414023372287,154.59631483113859,30.0,1.570876169237016
2024-06-28 14:22:30+00:00,151.53862696793755,23.8003908200506,1.5547050098548651,224.20153808259667,26.31417824074074,2024-07-02 14:22:30+00:00,347.5265884049335,324.30502943769613,3.070660006508356,408.9941569282137,154.69650234612982,30.0,1.5547050098548651
2024-06-28 14:37:30+00:00,151.6556473513622,23.695122477638115,1.5383571571214198,223.14661458161493,26.32459490740741,2024-07-02 14:37:30+00:00,346.6726112326798,324.1671583122714,3.0717968750634226,407.5681691708403,154.88232524803692,30.0,1.5383571571214198
2024-06-28 14:52:30+00:00,151.77502767667903,23.589797791276983,1.5218300763229136,222.57174030207827,26.335011574074073,2024-07-02 14:52:30+00:00,345.8255611389043,324.0292872116047,3.07293365351897,405.8430717863105,155.0640814201816,30.0,1.5218300763229136
2024-06-28 15:07:30+00:00,151.8968009395532,23.484418564407044,1.5051211928847137,226.4575981065489,26.34542824074074,2024-07-02 15:07:30+00:00,345.8255611389043,323.8914161356226,3.074070341841516,402.39287701725095,155.1825587020721,30.0,1.5051211928847137
2024-06-28 15:22:30+00:00,152.0210007170531,23.37898665699327,1.4882278918918457,237.40823268907036,26.35584490740741,2024-07-02 15:22:30+00:00,344.98541702893414,323.7535450843859,3.0752069399980337,404.0484140233723,155.20591647873044,30.0,1.4882278918918457
2024-06-28 15:37:30+00:00,152.14766117857684,23.273503987218433,1.4711475176310271,226.02651630798417,26.366261574074073,2024-07-02 15:37:30+00:00,344.152158921602,323.61567405784655,3.0763434479545992,401.3689482470784,155.5462510576681,30.0,1.4711475176310271
2024-06-28 15:52:30+00:00,152.27681709747915,23.167972533118125,1.4538773731266643,229.51000671770345,26.37667824074074,2024-07-02 15:52:30+00:00,344.152158921602,323.47780305606153,3.0774798656776996,392.4040066777963,155.67633427577766,30.0,1.4538773731266643
2024-06-28 16:07:30+00:00,152.40850386281284,23.062394334260755,1.4364147196851256,221.9629615250223,26.38709490740741,2024-07-02 16:07:30+00:00,343.3257680006118,323.3399320789612,3.078616193134286,375.1252086811352,155.97792969391787,30.0,1.4364147196851256
2024-06-28 16:22:30+00:00,152.54275749062526,22.95677149365842,1.418756776483046,258.19714471802786,26.397511574074073,2024-07-02 16:22:30+00:00,342.50622666556194,323.2020611265987,3.079752430290434,370.4030527068925,155.65798382438854,30.0,1.418756776483046
2024-06-28 16:37:30+00:00,152.67961463645773,22.851106179460576,1.400900720124938,236.62276633896,26.40792824074074,2024-07-02 16:37:30+00:00,342.50622666556194,323.0641901989295,3.080888577112607,372.9966611018364,156.1298727151354,30.0,1.400900720124938
2024-06-28 16:52:30+00:00,152.81911260735797,22.74540062685047,1.3828436842422585,233.1323038397329,26.41834490740741,2024-07-02 16:52:30+00:00,341.693518582707,322.9263192959709,3.082024633567753,377.228714524207,156.3728083389528,30.0,1.3828436842422585
2024-06-28 17:07:30+00:00,152.961289373978,22.63965714010419,1.3645827591272754,235.9547964556312,26.428761574074073,2024-07-02 17:07:30+00:00,341.693518582707,322.7884484177324,3.083160599621888,395.4924874791319,156.52365504604907,30.0,1.3645827591272754
2024-06-28 17:22:30+00:00,153.1061835834209,22.533878094464153,1.3461149913470605,222.58353294137572,26.43917824074074,2024-07-02 17:22:30+00:00,340.88762873554515,322.65057756422743,3.08429647524149,380.63439065108514,156.93682330165984,30.0,1.3461149913470605
2024-06-28 17:37:30+00:00,153.2538345719565,22.428065938199484,1.3274373834002586,215.41040073376575,26.44959490740741,2024-07-02 17:37:30+00:00,340.0885434753276,322.5127067354007,3.0854322603934894,381.3578185865331,157.26813079481101,30.0,1.3274373834002586
2024-06-28 17:52:30+00:00,153.4042823776779,22.322223194813404,1.3085468934140576,216.4221070204727,26.460011574074073,2024-07-02 17:52:30+00:00,340.0885434753276,322.37483593129065,3.0865679550438907,379.9666110183639,157.4556637235716,30.0,1.3085468934140576
2024-06-28 18:07:30+00:00,153.55756775370006,22.2163524651603,1.2894404348412614,220.03705810049715,26.47042824074074,2024-07-02 18:07:30+00:00,339.2962505716006,322.236965151896,3.0877035591591446,382.97161936560934,157.5973373277112,30.0,1.2894404348412614
2024-06-28 18:22:30+00:00,153.71373218151962,22.110456429662825,1.270114876191244,217.52493472026023,26.48084490740741,2024-07-02 18:22:30+00:00,338.5107392628995,322.099094397205,3.088839072706156,393.6560934891486,157.85575125084605,30.0,1.270114876191244
2024-06-28 18:37:30+00:00,153.8728178841859,22.00453785071424,1.2505670408171952,222.2190492926808,26.491261574074073,2024-07-02 18:37:30+00:00,338.5107392628995,321.9612236672271,3.0899744956509188,391.5525876460768,157.9817744306588,30.0,1.2505670408171952
2024-06-28 18:52:30+00:00,154.03486784002334,21.898599574978757,1.2307937067043129,221.6471897607123,26.50167824074074,2024-07-02 18:52:30+00:00,337.7320003077325,321.82335296194634,3.0911098279598956,390.8180300500835,158.2090089938418,30.0,1.2307937067043129
2024-06-28 19:07:30+00:00,154.19992579641192,21.792644535835965,1.210791606312175,235.0717863105175,26.51209490740741,2024-07-02 19:07:30+00:00,336.96002603600795,321.68548228136524,3.092245069599933,391.4381111376103,158.18716231075732,30.0,1.210791606312175
2024-06-28 19:22:30+00:00,154.3680362833586,21.68667575599923,1.1905574264758592,232.3425948008586,26.522511574074073,2024-07-02 19:22:30+00:00,336.96002603600795,321.54761162549323,3.093380220537021,379.1944908180301,158.45419419746543,30.0,1.1905574264758592
2024-06-28 19:37:30+00:00,154.5392446277942,21.580696350011703,1.1700878083158182,214.10684474123536,26.53292824074074,2024-07-02 19:37:30+00:00,336.19481040107854,321.40974099431435,3.094515280737609,380.3561491374513,159.02995331983476,30.0,1.1700878083158182
2024-06-28 19:52:30+00:00,154.71359696779396,21.47470952689527,1.1493793472101437,243.7952142459655,26.54334490740741,2024-07-02 19:52:30+00:00,335.436349032595,321.27187038784575,3.0956502501685423,377.2000953970904,158.70709312781315,30.0,1.1493793472101437
2024-06-28 20:07:30+00:00,154.89114026619188,21.36871859309245,1.1284285928622066,229.92343561107592,26.553761574074073,2024-07-02 20:07:30+00:00,335.436349032595,321.1339998060673,3.0967851287957835,377.5578344860482,159.17821740543116,30.0,1.1284285928622066
2024-06-28 20:22:30+00:00,155.071922325676,21.262726955069,1.1072320493418435,226.68117274108533,26.56417824074074,2024-07-02 20:22:30+00:00,334.6846392903864,320.9961292489924,3.0979199165857425,379.2988313856427,159.47371637677324,30.0,1.1072320493418435
2024-06-28 20:37:30+00:00,155.25599180298545,21.156738122323127,1.0857861752525215,217.3689482470785,26.57459490740741,2024-07-02 20:37:30+00:00,333.939680319608,320.8582587165797,3.0990546135052797,382.4373956594324,159.90204570594835,30.0,1.0857861752525215
2024-06-28 20:52:30+00:00,155.44339822318997,21.05075571043612,1.064087383956115,210.82637729549248,26.585011574074073,2024-07-02 20:52:30+00:00,333.939680319608,320.7203882088965,3.100189219520333,386.5191986644407,160.29104178159184,30.0,1.064087383956115
2024-06-28 21:07:30+00:00,155.6341919945488,20.94478344408772,1.0421320438438872,211.2556014409981,26.59542824074074,2024-07-02 21:07:30+00:00,333.2014731074238,320.5825177258977,3.10132373459728,383.51419031719536,160.52927285208048,30.0,1.0421320438438872
2024-06-28 21:22:30+00:00,155.82842442331255,20.83882516020032,1.019916478692436,200.91297996661103,26.60584490740741,2024-07-02 21:22:30+00:00,333.2014731074238,320.4446472675855,3.102458158702968,378.9172430240878,161.03572250254996,30.0,1.019916478692436
2024-06-28 21:37:30+00:00,156.02614772782238,20.732884811338725,0.9974369681347596,192.34240473569488,26.616261574074073,2024-07-02 21:37:30+00:00,332.47002054151835,320.30677683394003,3.1035924918033535,384.8914858096828,161.528378252325,30.0,0.9974369681347596
2024-06-28 21:52:30+00:00,156.22741505378616,20.62696646895092,0.9746897481694632,187.3901379081868,26.62667824074074,2024-07-02 21:52:30+00:00,331.74532747076444,320.1689064250178,3.1047267338647564,381.88647746243737,161.9396058078099,30.0,0.9746897481694632
2024-06-28 22:07:30+00:00,156.43228048873448,20.521074326816308,0.9516710117846714,181.98159723570296,26.63709490740741,2024-07-02 22:07:30+00:00,331.74532747076444,320.03103604074835,3.105860884854039,387.53478018920424,162.38069065859932,30.0,0.9516710117846714
2024-06-28 22:22:30+00:00,156.64079907648784,20.41521270472207,0.9283769097134752,174.6373657782426,26.647511574074073,2024-07-02 22:22:30+00:00,331.02740076840075,319.89316568118426,3.1069949447370857,381.0726210350584,162.908590989198,30.0,0.9283769097134752
2024-06-28 22:37:30+00:00,156.85302683199964,20.30938605199735,0.9048035512465584,182.32325193151377,26.65792824074074,2024-07-02 22:37:30+00:00,330.31624939810905,319.7552953462804,3.1081289134802947,376.4607679465776,162.92288434487082,30.0,0.9048035512465584
2024-06-28 22:52:30+00:00,157.06902075588326,20.203598951272557,0.8809470051846027,178.32589835518215,26.66834490740741,2024-07-02 22:52:30+00:00,330.31624939810905,319.6174250360533,3.109262791050429,377.87979966611016,163.34268681101676,30.0,0.8809470051846027
2024-06-28 23:07:30+00:00,157.28883884837666,20.097856122469867,0.8568033009453156,178.10303995030478,26.678761574074073,2024-07-02 23:07:30+00:00,329.6118844834139,319.47955475054096,3.110396577413386,386.08096828046746,163.638158065173,30.0,0.8568033009453156
2024-06-28 23:22:30+00:00,157.51254012391314,19.992162426633243,0.8323684297431833,179.80980446493146,26.68917824074074,2024-07-02 23:22:30+00:00,328.9143193808604,319.34168448966903,3.111530272535534,371.4762699737658,163.86871945109723,30.0,0.8323684297431833
2024-06-28 23:37:30+00:00,157.740184625346,19.88652287001061,0.8076383459422607,173.19175369802383,26.69959490740741,2024-07-02 23:37:30+00:00,328.9143193808604,319.20381425348313,3.112663876383645,364.7328881469115,164.4089056377465,30.0,0.8076383459422607
2024-06-28 23:52:30+00:00,157.97183343703017,19.78094260840561,0.7826089685976939,177.55081999410783,26.710011574074073,2024-07-02 23:52:30+00:00,328.2235697574641,319.0659440419631,3.1137973889236052,359.161101836394,164.54473938392738,30.0,0.7826089685976939
2024-06-29 00:07:30+00:00,158.20754869903016,19.67542695138408,0.7572761830764972,174.22049850186994,26.72042824074074,2024-07-03 00:07:30+00:00,327.53965367296104,318.9280738551507,3.1149308101217352,356.42737896494157,164.97526447537575,30.0,0.7572761830764972
2024-06-29 00:22:30+00:00,158.4473936202591,19.569981366968054,0.7316358429089126,185.425774474968,26.73084490740741,2024-07-03 00:22:30+00:00,327.53965367296104,318.79020369297524,3.1160641399448026,370.22815804117977,164.8710787468547,30.0,0.7316358429089126
2024-06-29 00:37:30+00:00,158.6914324909337,19.46461148560883,0.7056837718265708,181.2944054043561,26.741261574074073,2024-07-03 00:37:30+00:00,326.86259166742366,318.6523335554747,3.117197378358686,361.7139677239844,165.32787620719338,30.0,0.7056837718265708
2024-06-29 00:52:30+00:00,158.93973069539376,19.35932310504936,0.6794157659527982,186.2364641458202,26.75167824074074,2024-07-03 00:52:30+00:00,326.1924068548426,318.5144634426324,3.118330525329684,362.6599888703394,165.46462979938858,30.0,0.6794157659527982
2024-06-29 01:07:30+00:00,159.1923547240695,19.254122195171213,0.6528275962309098,177.81573941064568,26.76209490740741,2024-07-03 01:07:30+00:00,326.1924068548426,318.3765933544358,3.11946358082456,371.0628825820812,166.09381447885065,30.0,0.6528275962309098
2024-06-29 01:22:30+00:00,159.44937218474928,19.149014902925813,0.6259150110686894,177.9619729380355,26.772511574074073,2024-07-03 01:22:30+00:00,325.529125023313,318.2387232909229,3.120596544809165,364.9972175848636,166.41260982991906,30.0,0.6259150110686894
2024-06-29 01:37:30+00:00,159.7108518134911,19.044007557386585,0.5986737392210554,168.83565632643553,26.78292824074074,2024-07-03 01:37:30+00:00,325.529125023313,318.1008532520624,3.121729417249759,355.70395102949357,167.12151057277865,30.0,0.5986737392210554
2024-06-29 01:52:30+00:00,159.97686348512946,18.939106674782096,0.5710994928779626,175.58836712289616,26.79334490740741,2024-07-03 01:52:30+00:00,324.87277474249345,317.96298323787084,3.1228621981131353,349.1819699499165,167.1707523744808,30.0,0.5710994928779626
2024-06-29 02:07:30+00:00,160.24747822223915,18.83431896395957,0.5431879710951055,179.94719881973833,26.803761574074073,2024-07-03 02:07:30+00:00,324.2233874790442,317.8251132483277,3.1239948873650905,351.8363939899833,167.3336126844922,30.0,0.5431879710951055
2024-06-29 02:22:30+00:00,160.5227682039167,18.72965133170777,0.5149348634344096,181.23201444690568,26.81417824074074,2024-07-03 02:22:30+00:00,324.2233874790442,317.6872432834165,3.1251274849719093,371.6193656093489,167.62462149068642,30.0,0.5149348634344096
2024-06-29 02:37:30+00:00,160.80280677421229,18.625110888214067,0.4863358538951424,175.99851013309035,26.82459490740741,2024-07-03 02:37:30+00:00,323.58099772077605,317.5493733431826,3.1262599909003215,369.6160267111853,168.18367483922452,30.0,0.4863358538951424
2024-06-29 02:52:30+00:00,161.08766844769983,18.5207049529526,0.4573866252418483,175.61175240186304,26.835011574074073,2024-07-03 02:52:30+00:00,322.9456431102721,317.41150342757635,3.1273924051161552,352.8380634390651,168.55268721502426,30.0,0.4573866252418483
2024-06-29 03:07:30+00:00,161.37742891597864,18.416441060359904,0.4280828635674196,187.2888923399464,26.84542824074074,2024-07-03 03:07:30+00:00,322.9456431102721,317.2736335366394,3.128524727585657,339.89983305509185,168.44059232111206,30.0,0.4280828635674196
2024-06-29 03:22:30+00:00,161.6721650522331,18.312326965718444,0.3984202632248908,194.2303320060022,26.85584490740741,2024-07-03 03:22:30+00:00,322.31736458876566,317.1357636703296,3.12965695827554,348.1636060100167,168.54411935951737,30.0,0.3984202632248908
2024-06-29 03:37:30+00:00,161.97195491372517,18.208370651423333,0.3683945321984413,173.19563613774898,26.866261574074073,2024-07-03 03:37:30+00:00,321.6962065510765,316.9978938286849,3.130789097151608,341.9449081803005,169.74705764776124,30.0,0.3683945321984413
2024-06-29 03:52:30+00:00,162.2768777442285,18.104580333033976,0.3380013977632609,169.47311667305434,26.87667824074074,2024-07-03 03:52:30+00:00,321.6962065510765,316.86002401165916,3.131921144180108,341.3188647746244,170.2927025032197,30.0,0.3380013977632609
2024-06-29 04:07:30+00:00,162.58701397419813,18.000964465598635,0.3072366125995253,144.71979888660087,26.88709490740741,2024-07-03 04:07:30+00:00,321.08221701241933,316.7221542192687,3.1330530993277312,332.85475792988314,172.05565498436653,30.0,0.3072366125995253
2024-06-29 04:22:30+00:00,162.90244521894985,17.89753175027017,0.2760959613792881,140.21819311255192,26.897511574074073,2024-07-03 04:22:30+00:00,320.4754477879025,316.58428445152197,3.1341849625602687,319.19866444073455,172.75931110794752,30.0,0.2760959613792881
2024-06-29 04:37:30+00:00,163.22325427557772,17.79429114080852,0.2445752677442966,179.35339703656547,26.90792824074074,2024-07-03 04:37:30+00:00,320.4754477879025,316.44641470843135,3.135316733843947,333.2220367278798,170.99507299257314,30.0,0.2445752677442966
2024-06-29 04:52:30+00:00,163.54952511829103,17.691251850230245,0.2126704017614107,159.8361610435998,26.91834490740741,2024-07-03 04:52:30+00:00,319.8759546855314,316.3085449899401,3.136448413145455,327.5459098497496,172.34396344452105,30.0,0.2126704017614107
2024-06-29 05:07:30+00:00,163.88134289024526,17.588423357827892,0.1803772879580371,155.41856401395322,26.928761574074073,2024-07-03 05:07:30+00:00,319.28379771351587,316.1706752960859,3.137580000430552,334.1193656093489,173.00131107949662,30.0,0.1803772879580371
2024-06-29 05:22:30+00:00,164.2187938945654,17.48581541602138,0.1476919137985648,148.7789727064487,26.93917824074074,2024-07-03 05:22:30+00:00,319.28379771351587,316.03280562686604,3.1387114956654707,328.9232053422371,173.82452141099355,30.0,0.1476919137985648
2024-06-29 05:37:30+00:00,164.56196558233435,17.383438057410967,0.1146103387373828,147.2765893869809,26.94959490740741,2024-07-03 05:37:30+00:00,318.6990413026544,315.89493598223874,3.1398428988168523,331.7404006677796,174.3450672780136,30.0,0.1146103387373828
2024-06-29 05:52:30+00:00,164.91094653743042,17.281301602111945,0.0811287039075219,164.58438482742554,26.960011574074073,2024-07-03 05:52:30+00:00,318.6990413026544,315.75706636225584,3.14097420985046,324.14023372287147,173.73612105750286,30.0,0.0811287039075219
2024-06-29 06:07:30+00:00,165.26582645936392,17.179416664951425,0.0472432423404444,141.71868808584995,26.97042824074074,2024-07-03 06:07:30+00:00,318.1217545445265,315.6191967669006,3.142105428732511,324.5409015025042,175.5970063735382,30.0,0.0472432423404444
2024-06-29 06:22:30+00:00,165.6266961430742,17.077794162850783,0.0129502898422803,155.2820592460302,26.98084490740741,2024-07-03 06:22:30+00:00,317.55201144616854,315.48132719615967,3.1432365554296493,321.28547579298834,175.13021924879627,30.0,0.0129502898422803
2024-06-29 06:37:30+00:00,165.99364745427093,16.976445322432326,-0.0217537034151122,170.10841675165483,26.991261574074073,2024-07-03 06:37:30+00:00,317.55201144616854,315.3434576500123,3.144367589907595,319.78297161936564,174.73689948195758,30.0,-0.0217537034151122
2024-06-29 06:52:30+00:00,166.36677330286838,16.87538168752687,-0.0568721606785079,181.85735916449897,27.00167824074074,2024-07-03 06:52:30+00:00,316.9898912018318,315.20558812851414,3.145498532132556,321.28547579298834,174.60863009443204,30.0,-0.0568721606785079
2024-06-29 07:07:30+00:00,166.7461676118539,16.77461512680549,-0.0924083656600707,168.68970982766348,27.01209490740741,2024-07-03 07:07:30+00:00,316.4354784823252,315.0677186315796,3.146629382071174,301.00166944908176,175.6995882869236,30.0,-0.0924083656600707
2024-06-29 07:22:30+00:00,167.13192528192073,16.67415784161156,-0.1283654487841805,166.9099662227744,27.022511574074073,2024-07-03 07:22:30+00:00,316.4354784823252,314.9298491593038,3.147760139689165,322.20367278797994,176.24954884554916,30.0,-0.1283654487841805
2024-06-29 07:37:30+00:00,167.52414215270295,16.5740223736472,-0.1647463727289451,202.3968518960172,27.03292824074074,2024-07-03 07:37:30+00:00,315.88886374232203,314.7919797115827,3.1488908049526745,321.5358931552588,175.09964434195993,30.0,-0.1647463727289451
2024-06-29 07:52:30+00:00,167.922914959054,16.47422161278834,-0.2015539171268407,193.8230383973289,27.04334490740741,2024-07-03 07:52:30+00:00,315.35014354586514,314.6541102884902,3.150021377828365,321.03505843071787,175.8923242572455,30.0,-0.2015539171268407
2024-06-29 08:07:30+00:00,168.3283412819344,16.374768805064797,-0.23879066237992,198.14736623295636,27.053761574074073,2024-07-03 08:07:30+00:00,315.35014354586514,314.5162408900053,3.1511518582819193,319.40734557595994,176.18114673286038,30.0,-0.23879066237992
2024-06-29 08:22:30+00:00,168.74051949551273,16.275677560378988,-0.276458972708147,213.8214854214388,27.06417824074074,2024-07-03 08:22:30+00:00,314.8194209101221,314.37837151609625,3.1522822462795212,316.8405676126878,176.07060148884383,30.0,-0.276458972708147
2024-06-29 08:37:30+00:00,169.1595487080211,16.17696186040914,-0.314560978237982,226.7085869445185,27.07459490740741,2024-07-03 08:37:30+00:00,314.29680566723107,314.2405021667939,3.153412541787739,318.9601717147627,176.12268343646923,30.0,-0.314560978237982
2024-06-29 08:52:30+00:00,169.58552869643808,16.07863606653856,-0.3530985561512597,228.62522809333385,27.085011574074073,2024-07-03 08:52:30+00:00,314.29680566723107,314.1026328420768,3.154542744772297,316.5990937276413,176.53940397767863,30.0,-0.3530985561512597
2024-06-29 09:07:30+00:00,170.01855983621877,15.980714927548744,-0.3920733109634423,227.6303643327114,27.09542824074074,2024-07-03 09:07:30+00:00,313.78241484382437,313.9647635419424,3.1556728551993225,315.5258764607679,177.05195365602628,30.0,-0.3920733109634423
2024-06-29 09:22:30+00:00,170.45874302436278,15.883213587348385,-0.4314865537970291,224.30795511899677,27.10584490740741,2024-07-03 09:22:30+00:00,313.27637305752467,313.82689426640644,3.156802873035425,314.7388504650608,177.6459546008073,30.0,-0.4314865537970291
2024-06-29 09:37:30+00:00,170.9061795945072,15.78614759273582,-0.4713392806160643,218.9446743275108,27.116261574074073,2024-07-03 09:37:30+00:00,313.27637305752467,313.68902501543334,3.15793279824627,314.57985531441295,178.3200788085419,30.0,-0.4713392806160643
2024-06-29 09:52:30+00:00,171.3609712269588,15.689532900772544,-0.5116321495611024,215.77823504290097,27.12667824074074,2024-07-03 09:52:30+00:00,312.77881292936456,313.5511557890642,3.159062630797991,314.41291040623264,178.93479917418213,30.0,-0.5116321495611024
2024-06-29 10:07:30+00:00,171.82321984948445,15.593385886266594,-0.552365457158434,212.62675145995595,27.13709490740741,2024-07-03 10:07:30+00:00,312.77881292936456,313.41328658727076,3.160192370657169,314.52420701168614,179.56094468691117,30.0,-0.552365457158434
2024-06-29 10:22:30+00:00,172.29302753105233,15.49772334896189,-0.5935391135410945,216.16647901541327,27.147511574074073,2024-07-03 10:22:30+00:00,312.2898755106908,313.27541741003216,3.1613220177894625,311.1853088480801,179.95458562563027,30.0,-0.5935391135410945
2024-06-29 10:37:30+00:00,172.77049636700625,15.40256252056409,-0.6351526166033061,215.1847281701386,27.15792824074074,2024-07-03 10:37:30+00:00,311.8097107226633,313.1375482573891,3.1624515721609923,313.8564273789649,180.51751213751655,30.0,-0.6351526166033061
2024-06-29 10:52:30+00:00,173.25572835643794,15.307921071399983,-0.6772050251588435,217.6074047463071,27.16834490740741,2024-07-03 10:52:30+00:00,311.8097107226633,312.9996791292992,3.163581033738318,313.7729549248748,180.9661627359729,30.0,-0.6772050251588435
2024-06-29 11:07:30+00:00,173.74882526885784,15.213817117042522,-0.7196949309437942,201.94357651858155,27.178761574074073,2024-07-03 11:07:30+00:00,311.3384778059506,312.8618100257994,3.1647104024870973,,182.11053893979954,30.0,-0.7196949309437942
2024-06-29 11:22:30+00:00,174.24988850317945,15.120269224363003,-0.7626204296803761,173.02869122956866,27.18917824074074,2024-07-03 11:22:30+00:00,310.8763457776474,312.7239409468432,3.165839678373434,310.31719532554257,184.07067371221345,30.0,-0.7626204296803761
2024-06-29 11:37:30+00:00,174.75901893602492,15.027296417332437,-0.8059790910639881,169.88625660146937,27.19959490740741,2024-07-03 11:37:30+00:00,310.8763457776474,312.58607189244617,3.166968861363856,312.5208681135225,184.82396013577088,30.0,-0.8059790910639881
2024-06-29 11:52:30+00:00,175.27631675947725,14.934918182478407,-0.8497679277055087,165.49287572310442,27.210011574074073,2024-07-03 11:52:30+00:00,310.42349389179265,312.44820286261637,3.168097951424031,339.1652754590985,185.672201458187,30.0,-0.8497679277055087
2024-06-29 12:07:30+00:00,175.80188130905225,14.843154473727807,-0.8939833631577829,190.8850874190597,27.22042824074074,2024-07-03 12:07:30+00:00,309.98011209914773,312.3103338573363,3.1692269485200093,339.5659432387312,184.869768013164,30.0,-0.8939833631577829
2024-06-29 12:22:30+00:00,176.33581088078958,14.752025716776073,-0.938621198982954,243.35121642867563,27.23084490740741,2024-07-03 12:22:30+00:00,309.98011209914773,312.17246487662123,3.1703558526183446,322.53756260434056,183.49144113198804,30.0,-0.938621198982954
2024-06-29 12:37:30+00:00,176.87820253522656,14.661552813083636,-0.9836765808178528,329.23416049402726,27.241261574074073,2024-07-03 12:37:30+00:00,309.5464015010934,312.0345959204503,3.1714846636846774,315.85976627712853,182.19862069611892,30.0,-0.9836765808178528
2024-06-29 12:52:30+00:00,177.42915189249965,14.571757142908398,-1.0291439637616928,285.8375609835162,27.25167824074074,2024-07-03 12:52:30+00:00,309.12257479162224,311.8967269888202,3.172613381685071,319.03171953255423,183.59320584230824,30.0,-1.0291439637616928
2024-06-29 13:07:30+00:00,177.98875291336574,14.48266056789173,-1.0750170768700091,272.2615362173201,27.26209490740741,2024-07-03 13:07:30+00:00,309.12257479162224,311.7588580817323,3.1737420065860245,320.3672787979967,184.4975424921752,30.0,-1.0750170768700091
2024-06-29 13:22:30+00:00,178.55709766821516,14.394285432887427,-1.1212888869523314,275.5563479585718,27.272511574074073,2024-07-03 13:22:30+00:00,308.7088566804394,311.6209891991938,3.174870538353174,317.779632721202,185.0246879692711,30.0,-1.1212888869523314
2024-06-29 13:37:30+00:00,179.1342760942281,14.306654566842717,-1.167951561833819,303.9920903771658,27.28292824074074,2024-07-03 13:37:30+00:00,308.3054842891317,311.4831203412022,3.175998976952566,318.2178631051753,185.02980146432478,30.0,-1.167951561833819
2024-06-29 13:52:30+00:00,179.7203757399562,14.219791282811665,-1.2149964331169063,274.126780880756,27.29334490740741,2024-07-03 13:52:30+00:00,308.3054842891317,311.34525150772913,3.1771273223507097,318.36393989983304,186.29438844498938,30.0,-1.2149964331169063
2024-06-29 14:07:30+00:00,180.31548149532583,14.133719377164992,-1.26241395848488,271.07703778141564,27.303761574074073,2024-07-03 14:07:30+00:00,307.91270751123216,311.2073826987967,3.1782555745132046,326.0434056761269,186.99971575667604,30.0,-1.26241395848488
2024-06-29 14:22:30+00:00,180.91967531050267,14.04846312754901,-1.3101936838948611,268.25096844254983,27.31417824074074,2024-07-03 14:22:30+00:00,307.91270751123216,311.0695139143876,3.179383733406093,,187.71062472808833,30.0,-1.3101936838948611
2024-06-29 14:37:30+00:00,181.53303589632247,13.964047287859398,-1.3583242057030258,277.7016710699062,27.32459490740741,2024-07-03 14:37:30+00:00,307.5307893257905,310.9316451545025,3.180511798995872,348.20534223706176,188.127591520898,30.0,-1.3583242057030258
2024-06-29 14:52:30+00:00,182.15563841948244,13.88049708560038,-1.4067931328030594,289.1848874337488,27.335011574074073,2024-07-03 14:52:30+00:00,307.16000605276713,310.79377641913453,3.1816397712481335,349.5826377295492,188.52132590656697,30.0,-1.4067931328030594
2024-06-29 15:07:30+00:00,182.7875541966937,13.7978382232897,-1.4555870488856928,317.00191774287873,27.34542824074074,2024-07-03 15:07:30+00:00,307.16000605276713,310.65590770829516,3.1827676501288824,353.5893155258765,188.62442844428838,30.0,-1.4555870488856928
2024-06-29 15:22:30+00:00,183.4288503364634,13.716096860663338,-1.5046914757661465,320.3517333207167,27.35584490740741,2024-07-03 15:22:30+00:00,306.8006475372123,310.5180390219706,3.1838954356046285,347.9799666110184,189.23382988918667,30.0,-1.5046914757661465
2024-06-29 15:37:30+00:00,184.07958940071623,13.635299610667287,-1.5540908369665465,302.87638931292753,27.366261574074073,2024-07-03 15:37:30+00:00,306.45301724777784,310.3801703601687,3.1850231276409167,354.75792988313856,190.24996926721548,30.0,-1.5540908369665465
2024-06-29 15:52:30+00:00,184.7398290463779,13.55547352946943,-1.6037684225224882,310.3695092360412,27.37667824074074,2024-07-03 15:52:30+00:00,306.45301724777784,310.24230172287145,3.186150726203782,363.10517529215355,190.79061214050984,30.0,-1.6037684225224882
2024-06-29 16:07:30+00:00,185.4096216546223,13.476646104887635,-1.6537063550589082,303.19598812547497,27.38709490740741,2024-07-03 16:07:30+00:00,306.11743227366077,310.1044331100943,3.1872782312596852,365.2754590984975,191.63325524699238,30.0,-1.6537063550589082
2024-06-29 16:22:30+00:00,186.08901394708653,13.398845243288022,-1.7038855573339502,311.2608315446379,27.397511574074073,2024-07-03 16:22:30+00:00,305.7942232026173,309.96656452178667,3.188405642774187,376.62771285475793,192.17993663198163,30.0,-1.7038855573339502
2024-06-29 16:37:30+00:00,186.77804659354996,13.322099254452551,-1.754285721829225,303.64225719909314,27.40792824074074,2024-07-03 16:37:30+00:00,305.7942232026173,309.82869595801793,3.1895329607132923,371.118530884808,193.0506587556478,30.0,-1.754285721829225
2024-06-29 16:52:30+00:00,187.47675380953245,13.24643683463906,-1.804885282540416,302.48037157638964,27.41834490740741,2024-07-03 16:52:30+00:00,305.48373386123563,309.69082741871614,3.1906601850434426,375.4590984974958,193.80202647644938,30.0,-1.804885282540416
2024-06-29 17:07:30+00:00,188.18516294321248,13.17188704781082,-1.8556613892777096,287.4616269834838,27.428761574074073,2024-07-03 17:07:30+00:00,305.18632089726646,309.5529589039326,3.191787315730203,375.8764607679465,194.87052298358984,30.0,-1.8556613892777096
2024-06-29 17:22:30+00:00,188.9032940568373,13.098479304651985,-1.9065898850603735,303.07126663765155,27.43917824074074,2024-07-03 17:22:30+00:00,305.18632089726646,309.4150904136348,3.192914352739554,386.1435726210351,195.27198654564293,30.0,-1.9065898850603735
2024-06-29 17:37:30+00:00,189.6311595011374,13.02624333950602,-1.9576452868550775,308.1236759120952,27.44959490740741,2024-07-03 17:37:30+00:00,304.9023531825039,309.2772219478089,3.1940412960379296,391.7362270450752,195.92219540053262,30.0,-1.9576452868550775
2024-06-29 17:52:30+00:00,190.3687634831332,12.955209185292096,-2.0088007699831314,312.7856265582137,27.460011574074073,2024-07-03 17:52:30+00:00,304.6322110135648,309.1393535065062,3.1951681455908707,388.6477462437395,196.59196909343456,30.0,-2.0088007699831314
2024-06-29 18:07:30+00:00,191.1161016334165,12.885407145920086,-2.0600281569044903,270.9389598911351,27.47042824074074,2024-07-03 18:07:30+00:00,304.6322110135648,309.0014850896649,3.19629490136436,385.2531997774068,198.3299062396937,30.0,-2.0600281569044903
2024-06-29 18:22:30+00:00,191.8731605696316,12.81686776660086,-2.1112979104929517,213.42027972256437,27.48084490740741,2024-07-03 18:22:30+00:00,304.37628508696986,308.8636166973004,3.197421563324805,382.6377295492487,201.06782554463246,30.0,-2.1112979104929517
2024-06-29 18:37:30+00:00,192.63991746105225,12.749621801762018,-2.1625791324120742,200.45836912653775,27.491261574074073,2024-07-03 18:37:30+00:00,304.37628508696986,308.7257483293765,3.1985481314377555,,202.46743189476456,30.0,-2.1625791324120742
2024-06-29 18:52:30+00:00,193.41633959586747,12.683700180563635,-2.2138395670004622,186.63533072920887,27.50167824074074,2024-07-03 18:52:30+00:00,304.134975224267,308.58787998596233,3.1996746056691543,384.8914858096828,204.01206020304812,30.0,-2.2138395670004622
2024-06-29 19:07:30+00:00,194.20238395408091,12.619133969965404,-2.265045611134397,186.2813426908926,27.51209490740741,2024-07-03 19:07:30+00:00,303.90868882264556,308.45001166701513,3.2008009859854263,388.4808013355593,204.85782215327276,30.0,-2.265045611134397
2024-06-29 19:22:30+00:00,194.99799678546492,12.55595433553771,-2.3161623303212755,189.76596860613,27.522511574074073,2024-07-03 19:22:30+00:00,303.90868882264556,308.31214337251316,3.2019272723520573,382.6377295492487,205.4957931820344,30.0,-2.3161623303212755
2024-06-29 19:37:30+00:00,195.8031132005934,12.494192499645198,-2.367153481740739,189.85234290159977,27.53292824074074,2024-07-03 19:37:30+00:00,303.69783900663606,308.17427510251116,3.2030534647350315,385.64273789649417,206.3332848267115,30.0,-2.367153481740739
2024-06-29 19:52:30+00:00,196.6176567736282,12.433879697327663,-2.417981544381287,184.23897156739832,27.54334490740741,2024-07-03 19:52:30+00:00,303.5028424571976,308.03640685693694,3.204179563100727,385.30884808013354,207.50604542137154,30.0,-2.417981544381287
2024-06-29 20:07:30+00:00,197.44153915919043,12.375047129904416,-2.468607756641102,183.8189863364507,27.553761574074073,2024-07-03 20:07:30+00:00,303.5028424571976,307.89853863584136,3.2053055674146527,390.15025041736226,208.39135612129678,30.0,-2.468607756641102
2024-06-29 20:22:30+00:00,198.27465973152837,12.317725916072316,-2.5189921619719255,180.3180057377182,27.56417824074074,2024-07-03 20:22:30+00:00,303.3241168958546,307.7606704391777,3.206431477642752,388.4808013355593,209.47337711144303,30.0,-2.5189921619719255
2024-06-29 20:37:30+00:00,199.11690524406404,12.261947040861168,-2.569093662606171,173.63696776180367,27.57459490740741,2024-07-03 20:37:30+00:00,303.16207820366924,307.6228022669606,3.2075572937513916,380.3839732888147,210.7832019131957,30.0,-2.569093662606171
2024-06-29 20:52:30+00:00,199.96814951405625,12.20774130246037,-2.6188700816894666,174.5141579007083,27.585011574074073,2024-07-03 20:52:30+00:00,303.16207820366924,307.48493411919776,3.208683015706074,389.1485809682805,211.61127774743812,30.0,-2.6188700816894666
2024-06-29 21:07:30+00:00,200.8282531381115,12.155139256867203,-2.6682782341463085,183.81120637956468,27.59542824074074,2024-07-03 21:07:30+00:00,303.01713715784365,307.34706599587093,3.209808643472732,384.5695206296208,211.91516103893295,30.0,-2.6682782341463085
2024-06-29 21:22:30+00:00,201.69706323944544,12.10417116068014,-2.7172740062522243,197.52338039126695,27.60584490740741,2024-07-03 21:22:30+00:00,302.8896957727383,307.2091978969806,3.2109341770177124,386.644407345576,212.04378022622546,30.0,-2.7172740062522243
2024-06-29 21:37:30+00:00,202.5744132489691,12.054866912191224,-2.7658124439604013,195.3780572799326,27.616261574074073,2024-07-03 21:37:30+00:00,302.8896957727383,307.0713298225486,3.212059616306518,386.7875029811591,213.06355993122324,30.0,-2.7658124439604013
2024-06-29 21:52:30+00:00,203.46012272972527,12.00725599068878,-2.8138478502282833,201.6487025301068,27.62667824074074,2024-07-03 21:52:30+00:00,302.7801432371772,306.93346177249873,3.2131849613050556,383.2387312186978,213.6500534473341,30.0,-2.8138478502282833
2024-06-29 22:07:30+00:00,204.35399724117252,11.961367394489498,-2.86133389094348,209.31585004133103,27.63709490740741,2024-07-03 22:07:30+00:00,302.6888514461721,306.79559374691877,3.214310211979673,388.02170283806345,214.19571168116946,30.0,-2.86133389094348
2024-06-29 22:22:30+00:00,205.25582824932465,11.917229577783418,-2.908223709383428,210.4011540269381,27.647511574074073,2024-07-03 22:22:30+00:00,302.6888514461721,306.65772574574305,3.2154353682958567,387.0736942523253,215.0707335370116,30.0,-2.908223709383428
2024-06-29 22:37:30+00:00,206.16539308797616,11.874870386426542,-2.954470049054707,206.69400457072467,27.65792824074074,2024-07-03 22:37:30+00:00,302.61617013270313,306.5198577690119,3.216560430219489,374.6243739565943,216.17973703725428,30.0,-2.954470049054707
2024-06-29 22:52:30+00:00,207.08245497069373,11.834316993101256,-3.0000253843624285,198.3266609397539,27.66834490740741,2024-07-03 22:52:30+00:00,302.61617013270313,306.3819898166818,3.2176853977169397,373.6227045075125,217.54265268385302,30.0,-3.0000253843624285
2024-06-29 23:07:30+00:00,208.00676305654005,11.795595832098916,-3.044842058665024,166.45412256673745,27.678761574074073,2024-07-03 23:07:30+00:00,302.5624216139735,306.2441218887601,3.2188102707536275,370.7846410684474,220.49643914209184,30.0,-3.044842058665024
2024-06-29 23:22:30+00:00,208.93805257488495,11.758732533887748,-3.088872429279371,167.6366760134204,27.68917824074074,2024-07-03 23:22:30+00:00,302.52789517661125,306.10625398524326,3.2199350492954655,371.28547579298834,221.36473594019841,30.0,-3.088872429279371
2024-06-29 23:37:30+00:00,209.8760450080911,11.723751859945644,-3.132069018578752,167.56276642300276,27.69959490740741,2024-07-03 23:37:30+00:00,302.52789517661125,305.96838610614606,3.221059733308796,362.60434056761267,222.33205035940912,30.0,-3.132069018578752
2024-06-29 23:52:30+00:00,210.82044833471736,11.690677638111351,-3.1743846704880623,177.0402031920906,27.710011574074073,2024-07-03 23:52:30+00:00,302.512841136559,305.8305182514468,3.222184322759051,362.60434056761267,222.63098504415677,30.0,-3.1743846704880623
2024-06-30 00:07:30+00:00,211.7709573356899,11.659532698769713,-3.2157727115194996,129.93835380627894,27.72042824074074,2024-07-04 00:07:30+00:00,302.51746462175976,305.6926504211561,3.223308817612096,363.3555926544241,227.8901133464455,30.0,-3.2157727115194996
2024-06-30 00:22:30+00:00,212.727253963115,11.630338812270749,-3.256187115339409,133.55268489553788,27.73084490740741,2024-07-04 00:22:30+00:00,302.51746462175976,305.5547826152455,3.2244332178342847,374.84696716750136,228.4351415619867,30.0,-3.256187115339409
2024-06-30 00:37:30+00:00,213.6890077708925,11.603116627946331,-3.2955826697777515,174.0726453474237,27.741261574074073,2024-07-04 00:37:30+00:00,302.5419191390244,305.4169148337509,3.225557523391021,375.180856983862,225.75833293528115,30.0,-3.2955826697777515
2024-06-30 00:52:30+00:00,214.65587641027616,11.577885615013123,-3.333915145265327,154.3387847059014,27.75167824074074,2024-07-04 00:52:30+00:00,302.5863000003914,305.27904707661077,3.2266817342481895,364.7746243739566,228.2870629299999,30.0,-3.333915145265327
2024-06-30 01:07:30+00:00,215.62750618644748,11.554664005797942,-3.3711414633882857,171.24852099777945,27.76209490740741,2024-07-04 01:07:30+00:00,302.5863000003914,305.141179343898,3.227805850372099,362.8269337785198,227.92818286579748,30.0,-3.3711414633882857
2024-06-30 01:22:30+00:00,216.60353267526924,11.5334687416309,-3.407219864336927,177.78368478208017,27.772511574074073,2024-07-04 01:22:30+00:00,302.65063769851236,305.0033116355325,3.2289298717281576,364.2181413466889,228.46566281373052,30.0,-3.407219864336927
2024-06-30 01:37:30+00:00,217.58358140043663,11.514315421696011,-3.442110072035277,177.26826263837788,27.78292824074074,2024-07-04 01:37:30+00:00,302.7348913346779,304.865443951554,3.2300537982822246,356.98386199220926,229.4925407313539,30.0,-3.442110072035277
2024-06-30 01:52:30+00:00,218.56726856657863,11.49721825524888,-3.4757734555608515,175.52555229589768,27.79334490740741,2024-07-04 01:52:30+00:00,302.7348913346779,304.7275762919486,3.231177630000611,350.9420462675888,230.6055901293983,30.0,-3.4757734555608515
2024-06-30 02:07:30+00:00,219.5542018262233,11.482190017552108,-3.508173185894516,163.50357391769455,27.803761574074073,2024-07-04 02:07:30+00:00,302.8389422165337,304.58970865672285,3.2323013668487115,350.3338898163606,232.4881654551735,30.0,-3.508173185894516
2024-06-30 02:22:30+00:00,220.54398116115405,11.469242009431325,-3.5392743851857893,153.8856022172877,27.81417824074074,2024-07-04 02:22:30+00:00,302.96258775471927,304.4518410458589,3.233425008792375,343.1969949916528,234.2959366465468,30.0,-3.5392743851857893
2024-06-30 02:37:30+00:00,221.53619973695623,11.458384021741823,-3.569044269769513,129.6140817219638,27.82459490740741,2024-07-04 02:37:30+00:00,302.96258775471927,304.3139734593715,3.2345485557978977,348.5094204626759,237.87291187976518,30.0,-3.569044269769513
2024-06-30 02:52:30+00:00,222.53044481582583,11.449624303896371,-3.597452284067263,129.14728430879944,27.835011574074073,2024-07-04 02:52:30+00:00,303.10553579795345,304.1761058972385,3.235672007830653,347.07846410684476,238.93395125529048,30.0,-3.597452284067263
2024-06-30 03:07:30+00:00,223.5262987242121,11.442969537131264,-3.62447022420713,138.8800103732759,27.84542824074074,2024-07-04 03:07:30+00:00,303.10553579795345,304.03823835944144,3.236795364856525,336.0601001669449,238.78571787311532,30.0,-3.62447022420713
2024-06-30 03:22:30+00:00,224.5233398415154,11.438424812769272,-3.650072350738676,140.7588699612623,27.85584490740741,2024-07-04 03:22:30+00:00,303.2673995537981,303.9003708460245,3.237918626841747,343.68391764051194,239.58276239562903,30.0,-3.650072350738676
2024-06-30 03:37:30+00:00,225.52114361125703,11.43599361557732,-3.6742354892800657,140.22788790378786,27.866261574074073,2024-07-04 03:37:30+00:00,303.4476932467569,303.7625033569216,3.239041793751695,335.1585976627713,240.63956960637069,30.0,-3.6742354892800657
2024-06-30 03:52:30+00:00,226.51928357435392,11.435677812315648,-3.696939118342621,133.44182050991134,27.87667824074074,2024-07-04 03:52:30+00:00,303.4476932467569,303.624635892173,3.2401648655522366,329.6118530884808,242.40681420469173,30.0,-3.696939118342621
2024-06-30 04:07:30+00:00,227.5173324111596,11.437477645601543,-3.718165443450145,209.2341604940273,27.88709490740741,2024-07-04 04:07:30+00:00,303.64582866585374,303.48676845180773,3.2412878422095943,332.1965180062008,237.64883036186748,30.0,-3.718165443450145
2024-06-30 04:22:30+00:00,228.51486298981447,11.441391733108665,-3.7378994570236848,202.13689482470784,27.897511574074073,2024-07-04 04:22:30+00:00,303.86111274977696,303.34890103574554,3.242410723689188,325.54257095158596,238.99987849407194,30.0,-3.7378994570236848
2024-06-30 04:37:30+00:00,229.51144941483255,11.447417072116696,-3.756128983584355,194.20717376857868,27.90792824074074,2024-07-04 04:37:30+00:00,303.86111274977696,303.21103364401176,3.243533509956785,323.76182526432945,240.42103805868834,30.0,-3.756128983584355
2024-06-30 04:52:30+00:00,230.50666806683984,11.455549049380512,-3.77284470991687,151.11982754428902,27.91834490740741,2024-07-04 04:52:30+00:00,304.09274634860395,303.0731662765919,3.244656200978654,319.36560934891486,244.5206577157068,30.0,-3.77284470991687
2024-06-30 05:07:30+00:00,231.50009862757503,11.465781456230548,-3.788040200056969,160.22043211177203,27.928761574074073,2024-07-04 05:07:30+00:00,304.33982428671516,302.9352989335366,3.2457787967201956,317.52921535893154,244.71079292970862,30.0,-3.788040200056969
2024-06-30 05:22:30+00:00,232.49132508637385,11.478106508811791,-3.801711895149767,166.78088075595247,27.93917824074074,2024-07-04 05:22:30+00:00,304.33982428671516,302.7974316147983,3.2469012971471725,317.41791875347803,245.1739276050601,30.0,-3.801711895149767
2024-06-30 05:37:30+00:00,233.47993671981752,11.492514873306366,-3.8138590982936975,153.89532716339528,27.94959490740741,2024-07-04 05:37:30+00:00,304.6013368316612,302.6595643203484,3.24802370222584,319.1430161380078,247.2137531397878,30.0,-3.8138590982936975
2024-06-30 05:52:30+00:00,234.4655290370149,11.508995695923652,-3.824483944676023,142.51908520673612,27.960011574074073,2024-07-04 05:52:30+00:00,304.8761726485996,302.5216970502516,3.2491460119215407,319.1569282136895,249.28240808490264,30.0,-3.824483944676023
2024-06-30 06:07:30+00:00,235.44770469087197,11.527536637507207,-3.833591357515221,114.3147965055027,27.97042824074074,2024-07-04 06:07:30+00:00,304.8761726485996,302.38382980443146,3.2502682262000833,320.60577152396854,253.90175194534052,30.0,-3.833591357515221
2024-06-30 06:22:30+00:00,236.42607434438864,11.548123912441255,-3.841188990332756,114.38676110669888,27.98084490740741,2024-07-04 06:22:30+00:00,305.1631232898774,302.2459625829318,3.2513903450277017,316.16980682089195,254.84795771896535,30.0,-3.841188990332756
2024-06-30 06:37:30+00:00,237.40025749002757,11.570742331610886,-3.847287156310467,118.90886104672836,27.991261574074073,2024-07-04 06:37:30+00:00,305.4608892350929,302.108095385745,3.2525123683697403,313.80077907623814,255.0998343922341,30.0,-3.847287156310467
2024-06-30 06:52:30+00:00,238.3698832196024,11.595375349140536,-3.8518987455560247,115.08695722644538,28.00167824074074,2024-07-04 06:52:30+00:00,305.4608892350929,301.97022821283787,3.253634296191955,315.35893155258765,256.63279910551154,30.0,-3.8518987455560247
2024-06-30 07:07:30+00:00,239.3345909388193,11.622005112561476,-3.855039131189907,129.72105612914726,28.01209490740741,2024-07-04 07:07:30+00:00,305.76808745949927,301.83236106425426,3.2547561284606012,315.6371730662215,255.51378605888314,30.0,-3.855039131189907
2024-06-30 07:22:30+00:00,240.2940310232027,11.650612516049833,-3.856726065264379,142.5793798726032,28.022511574074073,2024-07-04 07:22:30+00:00,305.76808745949927,301.6944939399429,3.255877865140997,314.85809682804677,254.99121438120994,30.0,-3.856726065264379
2024-06-30 07:37:30+00:00,241.24786541696216,11.68117725647734,-3.85697956559684,163.07762127818208,28.03292824074074,2024-07-04 07:37:30+00:00,306.0832604691303,301.5566268399435,3.256999506198905,315.0250417362271,254.07626427342106,30.0,-3.85697956559684
2024-06-30 07:52:30+00:00,242.19576816907045,11.713677891841014,-3.855821794623042,154.1968004927306,28.04334490740741,2024-07-04 07:52:30+00:00,306.40488670097653,301.4187597641834,3.2581210516005714,315.42570951585975,255.73893614724508,30.0,-3.855821794623042
2024-06-30 08:07:30+00:00,243.13742590588325,11.748091901699697,-3.853276931437634,172.47580919655735,28.053761574074073,2024-07-04 08:07:30+00:00,306.40488670097653,301.2808927127421,3.2592425013112782,315.8120677319341,255.22250074608579,30.0,-3.853276931437634
2024-06-30 08:22:30+00:00,244.07253824253252,11.784395749348622,-3.849371038186715,181.10572637243305,28.06417824074074,2024-07-04 08:22:30+00:00,306.7313921474692,301.14302568555775,3.2603638552968217,311.3313856427379,255.55885164841945,30.0,-3.849371038186715
2024-06-30 08:37:30+00:00,245.0008181301693,11.822564945292882,-3.84413192198574,193.24440410392725,28.07459490740741,2024-07-04 08:37:30+00:00,307.0611630280923,301.0051586826446,3.2614851135233853,308.0133555926544,255.74306025855412,30.0,-3.84413192198574
2024-06-30 08:52:30+00:00,245.92199213964585,11.86257411165134,-3.8375889935306495,195.49736890919564,28.085011574074073,2024-07-04 08:52:30+00:00,307.0611630280923,300.8672917040098,3.262606275956302,309.4045631608236,256.51706618270293,30.0,-3.8375889935306495
2024-06-30 09:07:30+00:00,246.8358006852866,11.904397047260996,-3.8297731235160537,213.49111263871157,28.09542824074074,2024-07-04 09:07:30+00:00,307.3925592987198,300.72942474963463,3.263727342561291,307.70033388981636,256.51551455859493,30.0,-3.8297731235160537
2024-06-30 09:22:30+00:00,247.74199818704577,11.94800679302566,-3.8207164979709263,221.9430275756036,28.10584490740741,2024-07-04 09:22:30+00:00,307.72392876274455,300.59155781953376,3.2648483133045727,324.5409015025042,257.03065500214814,30.0,-3.8207164979709263
2024-06-30 09:37:30+00:00,248.6403531736391,11.993375697218946,-3.8104524735519143,235.34360120304268,28.116261574074073,2024-07-04 09:37:30+00:00,307.72392876274455,300.4536909136849,3.2659691881514448,328.63105175292156,257.37809424077193,30.0,-3.8104524735519143
2024-06-30 09:52:30+00:00,249.53064833049444,12.040475480505089,-3.7990154337657898,241.86102734825496,28.12667824074074,2024-07-04 09:52:30+00:00,308.0536215284782,300.31582403208404,3.267089967067627,328.86060100166947,258.01069423636034,30.0,-3.7990154337657898
2024-06-30 10:07:30+00:00,250.4126804937367,12.089277300360417,-3.78644064703658,225.9915838775169,28.13709490740741,2024-07-04 10:07:30+00:00,308.38000454558744,300.1779571747168,3.2682106500193537,335.559265442404,259.4635458901505,30.0,-3.78644064703658
2024-06-30 10:22:30+00:00,251.28626059072857,12.139751814488491,-3.7727641274995154,170.78755855227968,28.147511574074073,2024-07-04 10:22:30+00:00,308.38000454558744,300.04009034163346,3.269331236971874,339.70903887431433,263.2289055483414,30.0,-3.7727641274995154
2024-06-30 10:37:30+00:00,252.15121353583137,12.191869243290274,-3.75802249920682,191.10880593870044,28.15792824074074,2024-07-04 10:37:30+00:00,308.7014759500936,299.9022235327573,3.270451727890938,342.07011686143574,262.7928127616108,30.0,-3.75802249920682
2024-06-30 10:52:30+00:00,253.0073780794387,12.245599430897132,-3.742252864494444,189.4458401543025,28.16834490740741,2024-07-04 10:52:30+00:00,309.0164789528409,299.76435674811756,3.2715721227427266,342.07011686143574,263.7100004628075,30.0,-3.742252864494444
2024-06-30 11:07:30+00:00,253.85460661392153,12.30091190458034,-3.725492677109914,170.66696922054558,28.178761574074073,2024-07-04 11:07:30+00:00,309.0164789528409,299.62648998772084,3.272692421492514,339.49439542093967,265.6978506117116,30.0,-3.725492677109914
2024-06-30 11:22:30+00:00,254.69276494416667,12.357775932594128,-3.7077796205473184,163.22544045901745,28.18917824074074,2024-07-04 11:22:30+00:00,309.3235150201131,299.4886232515631,3.273812624106007,339.3155258764608,267.0361633381552,30.0,-3.7077796205473184
2024-06-30 11:37:30+00:00,255.52173202171124,12.41616058003452,-3.689151492097818,218.5615348497496,28.19959490740741,2024-07-04 11:37:30+00:00,309.3235150201131,299.3507565396301,3.274932730549404,339.70903887431433,264.70948349763626,30.0,-3.689151492097818
2024-06-30 11:52:30+00:00,256.3413996464256,12.47603476263784,-3.669646092953473,289.2295838231372,28.210011574074073,2024-07-04 11:52:30+00:00,309.62115611657293,299.21288985191376,3.2760527407879585,338.0634390651085,263.2606482121038,30.0,-3.669646092953473
2024-06-30 12:07:30+00:00,257.1516721424889,12.53736729855132,-3.649301124593407,291.12270450751254,28.22042824074074,2024-07-04 12:07:30+00:00,309.9080558089164,299.0750231884247,3.2771726547874067,335.87228714524207,264.0018666673652,30.0,-3.649301124593407
2024-06-30 12:22:30+00:00,257.9524660089468,12.60012695783976,-3.6281540916960338,263.51671390301664,28.23084490740741,2024-07-04 12:22:30+00:00,309.9080558089164,298.9371565491193,3.278292472513892,332.16471897607124,265.49308808882694,30.0,-3.6281540916960338
2024-06-30 12:37:30+00:00,258.74370954770126,12.664282509600737,-3.60624221173059,233.95412587775996,28.241261574074073,2024-07-04 12:37:30+00:00,310.1829590622684,298.7992899340624,3.2794121939326626,326.7111853088481,267.20585282710374,30.0,-3.60624221173059
2024-06-30 12:52:30+00:00,259.52534247568735,12.729802766866303,-3.5836023312155967,227.0800170827348,28.25167824074074,2024-07-04 12:52:30+00:00,310.44471059887957,298.6614233431774,3.2805318190094503,335.1140790205899,268.2106988162889,30.0,-3.5836023312155967
2024-06-30 13:07:30+00:00,260.29731552088356,12.79665662901984,-3.560270848731354,210.58053955035305,28.26209490740741,2024-07-04 13:07:30+00:00,310.44471059887957,298.5235567765077,3.281651347710386,334.0567612687813,269.6269340307954,30.0,-3.560270848731354
2024-06-30 13:22:30+00:00,261.05959000574586,12.864813121769322,-3.536283644620516,201.93733742283652,28.272511574074073,2024-07-04 13:22:30+00:00,310.6922617284991,298.38569023403096,3.282770780000734,339.73288814691153,270.7499850387638,30.0,-3.536283644620516
2024-06-30 13:37:30+00:00,261.8121374123814,12.934241434701883,-3.51167601593358,197.8589477923647,28.28292824074074,2024-07-04 13:37:30+00:00,310.92467560025057,298.24782371575765,3.283890115846205,339.621591541458,271.6622039486401,30.0,-3.51167601593358
2024-06-30 13:52:30+00:00,262.5549389710621,13.0049109565384,-3.4864826215967506,237.28710412263464,28.29334490740741,2024-07-04 13:52:30+00:00,310.92467560025057,298.1099572216735,3.2850093552129116,340.2893711741792,270.7342847877824,30.0,-3.4864826215967506
2024-06-30 14:07:30+00:00,263.28798522977877,13.07679130822329,-3.4607374318810806,183.47700122772716,28.303761574074073,2024-07-04 14:07:30+00:00,311.14113086536446,297.97209075178483,3.286128498066108,341.9270212258526,273.821427970171,30.0,-3.4607374318810806
2024-06-30 14:22:30+00:00,264.0112755889959,13.149852372971411,-3.434473680310316,191.15191986644408,28.31417824074074,2024-07-04 14:22:30+00:00,311.34092377730866,297.8342243060732,3.287247544371505,340.9432387312187,274.0781420567105,30.0,-3.434473680310316
2024-06-30 14:37:30+00:00,264.72481787895146,13.224064324605,-3.40772382600578,200.01039345731863,28.32459490740741,2024-07-04 14:37:30+00:00,311.34092377730866,297.6963578845242,3.288366494095204,343.57262103505843,274.30344903266274,30.0,-3.40772382600578
2024-06-30 14:52:30+00:00,265.4286279228012,13.299397653272829,-3.3805195201935136,186.9550025235858,28.335011574074073,2024-07-04 14:52:30+00:00,311.52346878952227,297.55849148714407,3.2894853472024552,345.82637729549253,275.6301343355579,30.0,-3.3805195201935136
2024-06-30 15:07:30+00:00,266.1227291076247,13.37582318926052,-3.3528915779097463,180.30439838121904,28.34542824074074,2024-07-04 15:07:30+00:00,311.68829774016905,297.4206251139727,3.290604103658954,349.89565943238733,276.65211615812433,30.0,-3.3528915779097463
2024-06-30 15:22:30+00:00,266.8071519586501,13.45331212449074,-3.324869954791332,186.9866444073456,28.35584490740741,2024-07-04 15:22:30+00:00,311.68829774016905,297.2827587649373,3.2917227634308035,352.80228953016933,276.9129298482849,30.0,-3.324869954791332
2024-06-30 15:37:30+00:00,267.48193372017516,13.531836031928435,-3.2964837286034627,221.17407092235436,28.366261574074073,2024-07-04 15:37:30+00:00,311.8350577374411,297.1448924400589,3.29284132648323,349.08180300500834,275.98509140690425,30.0,-3.2964837286034627
2024-06-30 15:52:30+00:00,268.14711794629864,13.61136688315035,-3.26776108514536,247.4488520002974,28.37667824074074,2024-07-04 15:52:30+00:00,311.8350577374411,297.0070261393483,3.2939597927819264,351.52337228714526,275.7106830907018,30.0,-3.26776108514536
2024-06-30 16:07:30+00:00,268.8027541001067,13.69187706394185,-3.238729308307213,241.55434154199932,28.38709490740741,2024-07-04 16:07:30+00:00,311.9635078776064,296.8691598628052,3.2950781622929854,348.914858096828,276.5128253437714,30.0,-3.238729308307213
2024-06-30 16:22:30+00:00,269.4488971619096,13.773339387959751,-3.20941477399801,252.0114587866938,28.397511574074073,2024-07-04 16:22:30+00:00,312.0735149411305,296.7312936103779,3.29619643498163,346.6889259877574,276.8021267585842,30.0,-3.20941477399801
2024-06-30 16:37:30+00:00,270.08560725089114,13.855727108891733,-3.179842947524272,262.78817484393574,28.40792824074074,2024-07-04 16:37:30+00:00,312.0735149411305,296.593427382121,3.2973146108135514,345.9654980523094,277.1014837163997,30.0,-3.179842947524272
2024-06-30 16:52:30+00:00,270.71294925622607,13.939013930777104,-3.1500383842792345,280.0628498477855,28.41834490740741,2024-07-04 16:52:30+00:00,312.16504821996176,296.4555611780049,3.298432689754824,347.74624373956595,277.2621147313074,30.0,-3.1500383842792345
2024-06-30 17:07:30+00:00,271.3309924805806,14.023174016751202,-3.12002473339801,272.6662083865266,28.428761574074073,2024-07-04 17:07:30+00:00,312.2381736318306,296.3176949980364,3.2995506717706697,347.4680022259321,278.0225689915207,30.0,-3.12002473339801
2024-06-30 17:22:30+00:00,271.9398102975645,14.108181996501072,-3.089824744033134,274.11175488559365,28.43917824074074,2024-07-04 17:22:30+00:00,312.2381736318306,296.1798288421824,3.300668556826762,344.01780745687256,278.56068219063917,30.0,-3.089824744033134
2024-06-30 17:37:30+00:00,272.53947982120974,14.194012972196596,-3.059460274101633,280.3092874088393,28.44959490740741,2024-07-04 17:37:30+00:00,312.2930472756825,296.04196271045737,3.301786344889176,351.97551474680023,278.97899833115923,30.0,-3.059460274101633
2024-06-30 17:52:30+00:00,273.1300815871885,14.280642523021712,-3.028952301236605,286.3835559265442,28.460011574074073,2024-07-04 17:52:30+00:00,312.3299085767889,295.9040966028677,3.302904035923126,350.6469115191987,279.39847109833073,30.0,-3.028952301236605
2024-06-30 18:07:30+00:00,273.71169924986356,14.368046708718548,-2.998320935587464,301.4226898748911,28.47042824074074,2024-07-04 18:07:30+00:00,312.3299085767889,295.7662305194097,3.3040216298942693,350.5286588759043,279.6342197086998,30.0,-2.998320935587464
2024-06-30 18:22:30+00:00,274.28441929048483,14.45620207181618,-2.9675854343846173,326.40651085141906,28.48084490740741,2024-07-04 18:22:30+00:00,312.3490731613375,295.62836446005383,3.305139126768682,341.40233722871454,279.72277475476807,30.0,-2.9675854343846173
2024-06-30 18:37:30+00:00,274.84833073906395,14.54508563879866,-2.9367642179936566,336.74611747871097,28.491261574074073,2024-07-04 18:37:30+00:00,312.3509255891251,295.49049842480696,3.3062565265115755,351.30773511407904,280.0895613371111,30.0,-2.9367642179936566
2024-06-30 18:52:30+00:00,275.4035249100237,14.634674920387642,-2.905874887220785,325.3950382420313,28.50167824074074,2024-07-04 18:52:30+00:00,312.3509255891251,295.352632413694,3.3073738290885712,345.0125208681135,280.7961482696959,30.0,-2.905874887220785
2024-06-30 19:07:30+00:00,275.9500951502999,14.724947910874784,-2.874934241731253,322.73396837867034,28.51209490740741,2024-07-04 19:07:30+00:00,312.33591206004553,295.2147664266567,3.3084910344657676,349.01919866444075,281.35523933957563,30.0,-2.874934241731253
2024-06-30 19:22:30+00:00,276.4881365995549,14.815883086474308,-2.843958299439009,310.6377295492488,28.522511574074073,2024-07-04 19:22:30+00:00,312.3045331960517,295.0769004637597,3.3096081426083512,351.6416249304396,282.0703263863807,30.0,-2.843958299439009
2024-06-30 19:37:30+00:00,277.0177459643196,14.907459403144552,-2.8129623165739215,315.14633764607674,28.53292824074074,2024-07-04 19:37:30+00:00,312.3045331960517,294.93903452492657,3.3107251534819566,353.5893155258765,282.48688986347616,30.0,-2.8129623165739215
2024-06-30 19:52:30+00:00,277.539021303571,14.999656293555184,-2.7819608084100578,314.78654901025516,28.54334490740741,2024-07-04 19:52:30+00:00,312.25733698575124,294.8011686102006,3.3118420670526527,348.9148580968281,282.980968279432,30.0,-2.7819608084100578
2024-06-30 20:07:30+00:00,278.05206182557566,15.092453663339606,-2.7509675704896623,304.09437259245306,28.553761574074073,2024-07-04 20:07:30+00:00,312.25733698575124,294.66330271955917,3.3129588832856287,346.74457429048414,283.65050206378424,30.0,-2.7509675704896623
2024-06-30 20:22:30+00:00,278.5569676979962,15.185831886979887,-2.7199957001193407,297.7331697407326,28.56417824074074,2024-07-04 20:22:30+00:00,312.1949119642905,294.52543685301293,3.3140756021465188,358.3194212576517,284.23920425404134,30.0,-2.7199957001193407
2024-06-30 20:37:30+00:00,279.05383986807465,15.279771802994668,-2.689057618153961,290.6726897770794,28.57459490740741,2024-07-04 20:37:30+00:00,312.117880687106,294.38757101051823,3.315192223601368,356.9838619922092,284.83719118984897,30.0,-2.689057618153961
2024-06-30 20:52:30+00:00,279.54277989316404,15.37425470860108,-2.6581650909220724,293.0931397290057,28.585011574074073,2024-07-04 20:52:30+00:00,312.117880687106,294.2497051921398,3.31630874761537,356.9282136894825,285.24155626127003,30.0,-2.6581650909220724
2024-06-30 21:07:30+00:00,280.0238897836242,15.469262354162549,-2.62732925211336,294.8454947610479,28.59542824074074,2024-07-04 21:07:30+00:00,312.02689354281426,294.11183939780074,3.3174251741541396,363.534462198903,285.6519978463353,30.0,-2.62732925211336
2024-06-30 21:22:30+00:00,280.4972718544536,15.56477693711553,-2.5965606246604445,297.49192883080104,28.60584490740741,2024-07-04 21:22:30+00:00,311.92262293822097,293.97397362755913,3.318541503183722,361.49137451307735,286.03864727295183,30.0,-2.5965606246604445
2024-06-30 21:37:30+00:00,280.9630285863049,15.660781095485431,-2.565869142516846,294.7043522149319,28.616261574074073,2024-07-04 21:37:30+00:00,311.92262293822097,293.8361078813635,3.3196577346693243,359.3767390094602,286.5196167218514,30.0,-2.565869142516846
2024-06-30 21:52:30+00:00,281.4212624973747,15.757257901331718,-2.5352641721660993,292.19010851419034,28.62667824074074,2024-07-04 21:52:30+00:00,311.80575787732545,293.6982421592388,3.320773868576519,357.47078464106846,286.9879566744462,30.0,-2.5352641721660993
2024-06-30 22:07:30+00:00,281.872076022991,15.854190853777826,-2.5047545339292747,309.3683270567225,28.63709490740741,2024-07-04 22:07:30+00:00,311.67699894638014,293.56037646117045,3.3218899048713832,353.7562604340568,287.09388772997795,30.0,-2.5047545339292747
2024-06-30 22:22:30+00:00,282.3155714035515,15.951563871767837,-2.4743485229814723,359.6831372340355,28.647511574074073,2024-07-04 22:22:30+00:00,311.67699894638014,293.42251078716487,3.3230058435190744,350.95993322203674,286.7760058982418,30.0,-2.4743485229814723
2024-06-30 22:37:30+00:00,282.75185058170354,16.049361286836014,-2.4440539299541437,371.73291518252415,28.65792824074074,2024-07-04 22:37:30+00:00,311.5370537085756,293.28464513717466,3.3241216844851773,349.5826377295492,287.03765488202345,30.0,-2.4440539299541437
2024-06-30 22:52:30+00:00,283.1810151068498,16.147567835637183,-2.413878061174119,372.5421634482668,28.66834490740741,2024-07-04 22:52:30+00:00,311.38663250475196,293.14677951125765,3.3252374277357677,346.86382065347004,287.42740494468063,30.0,-2.413878061174119
2024-06-30 23:07:30+00:00,283.60316604593163,16.246168652196914,-2.3838277585275898,367.9452420701169,28.678761574074073,2024-07-04 23:07:30+00:00,311.38663250475196,293.0089139093623,3.3263530732359965,347.85754034501946,287.8720049445088,30.0,-2.3838277585275898
2024-06-30 23:22:30+00:00,284.01840390300043,16.34514926032856,-2.3539094187886076,364.249105188284,28.68917824074074,2024-07-04 23:22:30+00:00,311.22644465063996,292.87104833154297,3.327468620951445,350.584307178631,288.29952710148126,30.0,-2.3539094187886076
2024-06-30 23:37:30+00:00,284.42682854448054,16.44449556585688,-2.324129012513629,344.6247622005668,28.69959490740741,2024-07-04 23:37:30+00:00,311.05719501643307,292.7331827777264,3.3285840708481653,344.6458383019318,288.9188152890438,30.0,-2.324129012513629
2024-06-30 23:52:30+00:00,284.82853913026054,16.54419384866812,-2.2944921024786624,351.3988943959778,28.710011574074073,2024-07-04 23:52:30+00:00,311.05719501643307,292.59531724793396,3.329699422891301,344.26126878130214,289.2015302280337,30.0,-2.2944921024786624
2024-07-01 00:07:30+00:00,285.2236340517768,16.644230754918905,-2.2650038615397388,354.55956005106555,28.72042824074074,2024-07-05 00:07:30+00:00,310.879580970886,292.45745174217615,3.3308146770464484,344.8247078464107,289.5254217090353,30.0,-2.2650038615397388
2024-07-01 00:22:30+00:00,285.61221087534375,16.744593289077773,-2.2356690900057963,331.21739864755136,28.73084490740741,2024-07-05 00:22:30+00:00,310.879580970886,292.319586260453,3.331929833279648,345.28976866205585,290.1825579060977,30.0,-2.2356690900057963
2024-07-01 00:37:30+00:00,285.99436629007647,16.84526880626487,-2.2064922325236935,324.17206972861743,28.741261574074073,2024-07-05 00:37:30+00:00,310.69428966952097,292.18172080272717,3.333044891556037,347.07846410684476,290.6285756099324,30.0,-2.2064922325236935
2024-07-01 00:52:30+00:00,286.37019606182156,16.94624500437148,-2.1774773943694203,315.4982713972106,28.75167824074074,2024-07-05 00:52:30+00:00,310.5019956647783,292.0438553690093,3.3341598518411923,347.7045075125209,291.095260495586,30.0,-2.1774773943694203
2024-07-01 01:07:30+00:00,286.73979499162624,17.04750991626674,-2.1486283572307268,318.1655217712581,28.76209490740741,2024-07-05 01:07:30+00:00,310.5019956647783,291.90598995932856,3.3352747141011467,345.57595993322207,291.38890063897503,30.0,-2.1486283572307268
2024-07-01 01:22:30+00:00,287.1032568775923,17.149051901920878,-2.119948594502277,324.246794302561,28.772511574074073,2024-07-05 01:22:30+00:00,310.3033588149618,291.7681245736186,3.3363894783010433,345.8263772954925,291.62940477098044,30.0,-2.119948594502277
2024-07-01 01:37:30+00:00,287.46067448223255,17.250859640843093,-2.091441285980925,327.74391427573084,28.78292824074074,2024-07-05 01:37:30+00:00,310.0990224684817,291.63025921191905,3.3375041444064575,346.8638206534701,291.9030526720944,30.0,-2.091441285980925
2024-07-01 01:52:30+00:00,287.81213950310314,17.35292212445865,-2.063109332074929,338.0874791318865,28.79334490740741,2024-07-05 01:52:30+00:00,310.0990224684817,291.4923938742445,3.338618712383403,346.5219810795771,292.0841308822561,30.0,-2.063109332074929
2024-07-01 02:07:30+00:00,288.1577425467726,17.45522864852502,-2.034955367507258,347.7967154559925,28.803761574074073,2024-07-05 02:07:30+00:00,309.88961190008575,291.35452856054326,3.3397331821970293,346.8781302170284,292.2768823850056,30.0,-2.034955367507258
2024-07-01 02:22:30+00:00,288.49757310674954,17.55776880574161,-2.006981774478496,364.7126162652039,28.81417824074074,2024-07-05 02:22:30+00:00,309.6757329763874,291.2166632707967,3.340847553812889,347.57929883138564,292.39355331627075,30.0,-2.006981774478496
2024-07-01 02:37:30+00:00,288.83171954459294,17.660532478469218,-1.9791906953261091,389.28700262581685,28.82459490740741,2024-07-05 02:37:30+00:00,309.6757329763874,291.0787980050775,3.341961827197021,347.6905954368392,292.451612910825,30.0,-1.9791906953261091
2024-07-01 02:52:30+00:00,289.16026907289614,17.763509831340084,-1.9515840447467976,374.6832956888933,28.835011574074073,2024-07-05 02:52:30+00:00,309.4579710289596,290.94093276333416,3.3430760023145263,350.75125208681135,292.88986512168736,30.0,-1.9515840447467976
2024-07-01 03:07:30+00:00,289.48330774281914,17.866691304307853,-1.9241635214492576,397.5809228090917,28.84542824074074,2024-07-05 03:07:30+00:00,309.2368899144799,290.80306754554806,3.344190079130982,351.36338341680573,292.96846975577097,30.0,-1.9241635214492576
2024-07-01 03:22:30+00:00,289.80092043308116,17.970067605606474,-1.8969306193896336,380.4161280473942,28.85584490740741,2024-07-05 03:22:30+00:00,309.2368899144799,290.66520235176273,3.3453040576123994,347.5236505286589,293.4123032544201,30.0,-1.8969306193896336
2024-07-01 03:37:30+00:00,290.11319084076433,18.073629704755277,-1.8698866385673385,377.461787804577,28.866261574074073,2024-07-05 03:37:30+00:00,309.013031242817,290.52733718192655,3.3464179377239076,347.72239446696875,293.7215067976872,30.0,-1.8698866385673385
2024-07-01 03:52:30+00:00,290.42020147603284,18.177368825927804,-1.8430326953085443,390.40901502504175,28.87667824074074,2024-07-05 03:52:30+00:00,308.7869137554772,290.3894720360502,3.3475317194310503,349.52698942682247,293.8785086521323,30.0,-1.8430326953085443
2024-07-01 04:07:30+00:00,290.7220336575663,18.281276441308144,-1.816369732151839,389.32476393462093,28.88709490740741,2024-07-05 04:07:30+00:00,308.7869137554772,290.2516069141483,3.348645402699843,349.7078464106845,294.1594927823921,30.0,-1.816369732151839
2024-07-01 04:22:30+00:00,291.01876751005244,18.385344264475943,-1.7898985273362489,394.2077942404007,28.897511574074073,2024-07-05 04:22:30+00:00,308.55903283842434,290.11374181619794,3.3497589874953877,351.72907226329596,294.38349887725906,30.0,-1.7898985273362489
2024-07-01 04:37:30+00:00,291.31048196390276,18.489564244121567,-1.7636197038277897,407.1991570650538,28.90792824074074,2024-07-05 04:37:30+00:00,308.55903283842434,289.9758767421954,3.3508724737832547,352.4763494713411,294.5386353120743,30.0,-1.7636197038277897
2024-07-01 04:52:30+00:00,291.5972547565506,18.593928557843206,-1.7375337379625957,396.1936560934891,28.91834490740741,2024-07-05 04:52:30+00:00,308.3298601549119,289.8380116921405,3.35198586152944,350.6956037840846,294.88499753314784,30.0,-1.7375337379625957
2024-07-01 05:07:30+00:00,291.87916243427026,18.69842960583081,-1.7116409677676652,393.5784446946461,28.928761574074073,2024-07-05 05:07:30+00:00,308.09984338557075,289.7001466660401,3.3530991506990713,344.5742904841402,295.15842922819354,30.0,-1.7116409677676652
2024-07-01 05:22:30+00:00,292.15628035704077,18.80306000513904,-1.6859416007963757,432.2817343794334,28.93917824074074,2024-07-05 05:22:30+00:00,308.09984338557075,289.5622816638609,3.354212341257649,342.7378964941569,295.1143045905529,30.0,-1.6859416007963757
2024-07-01 05:37:30+00:00,292.428682703131,18.90781258368336,-1.6604357217088117,432.0922467678689,28.94959490740741,2024-07-05 05:37:30+00:00,307.8694060645659,289.4244166856611,3.355325433171212,341.8475236505287,295.36031830643583,30.0,-1.6604357217088117
2024-07-01 05:52:30+00:00,292.6964424754544,19.012680374506587,-1.6351232994714753,431.08137217943886,28.960011574074073,2024-07-05 05:52:30+00:00,307.63894750212836,289.28655173136,3.3564384264048535,339.4546466332777,295.6071714160082,30.0,-1.6351232994714753
2024-07-01 06:07:30+00:00,292.95963150929146,19.11765661030085,-1.610004194195673,416.77833099218225,28.97042824074074,2024-07-05 06:07:30+00:00,307.63894750212836,289.1486868009829,3.3575513209241037,340.0111296605454,295.9414867546728,30.0,-1.610004194195673
2024-07-01 06:22:30+00:00,293.2183204803347,19.222734717889203,-1.5850781636971338,394.970537193082,28.98084490740741,2024-07-05 06:22:30+00:00,307.40884278517814,289.01082189454405,3.358664116694978,344.07345575959937,296.3344330238866,30.0,-1.5850781636971338
2024-07-01 06:37:30+00:00,293.4725789137883,19.327908312864395,-1.560344869740912,378.793924834073,28.991261574074073,2024-07-05 06:37:30+00:00,307.17944284905985,288.87295701203567,3.3597768136825397,341.68057874234836,296.69005853394395,30.0,-1.560344869740912
2024-07-01 06:52:30+00:00,293.72247519461814,19.433171194449212,-1.5358038839683366,384.8364147715071,29.00167824074074,2024-07-05 06:52:30+00:00,307.17944284905985,288.7350921534103,3.3608894118523787,344.5186421814135,296.8581987867203,30.0,-1.5358038839683366
2024-07-01 07:07:30+00:00,293.96807657815134,19.53851734046427,-1.5114546935458468,392.06041076212296,29.01209490740741,2024-07-05 07:07:30+00:00,306.9510746146026,288.5972273187259,3.3620019111704487,348.3583750695604,297.0153365787625,30.0,-1.5114546935458468
2024-07-01 07:22:30+00:00,294.20944920100953,19.643940902227683,-1.4872967065844471,376.8420779119545,29.022511574074073,2024-07-05 07:22:30+00:00,306.7240411857861,288.45936250793096,3.3631143116018216,350.75125208681135,297.34782099799264,30.0,-1.4872967065844471
2024-07-01 07:37:30+00:00,294.4466580934218,19.749436199909997,-1.463329257222369,367.97375470745817,29.03292824074074,2024-07-05 07:37:30+00:00,306.7240411857861,288.3214977210508,3.3642266131120815,348.2947770093012,297.627925462779,30.0,-1.463329257222369
2024-07-01 07:52:30+00:00,294.67976719157434,19.85499771779418,-1.4395516105065878,366.9695926414322,29.04334490740741,2024-07-05 07:52:30+00:00,306.4986221042363,288.1836329580851,3.3653388156671844,347.4123539232054,297.83688895004104,30.0,-1.4395516105065878
2024-07-01 08:07:30+00:00,294.9088393499174,19.960620099590543,-1.4159629670484986,364.3592033233684,29.053761574074073,2024-07-05 08:07:30+00:00,306.4986221042363,288.0457682190118,3.366450919232211,344.3596470307656,298.05547462480666,30.0,-1.4159629670484986
2024-07-01 08:22:30+00:00,295.13393635490826,20.066298144123984,-1.3925624673926864,360.3242758683408,29.06417824074074,2024-07-05 08:22:30+00:00,306.27507365758584,287.90790350381224,3.367562923772705,352.7545909849749,298.28231429510424,30.0,-1.3925624673926864
2024-07-01 08:37:30+00:00,295.35511893833666,20.172026800962055,-1.3693491962048172,357.88717630158794,29.07459490740741,2024-07-05 08:37:30+00:00,306.05362923942124,287.7700388125008,3.3686748292546347,366.3884251530328,298.49119861754,30.0,-1.3693491962048172
2024-07-01 08:52:30+00:00,295.57244679095714,20.277801166089368,-1.3463221862635797,353.4015025041736,29.085011574074073,2024-07-05 08:52:30+00:00,306.05362923942124,287.632174145099,3.369786635643107,353.660863343668,298.71415154557997,30.0,-1.3463221862635797
2024-07-01 09:07:30+00:00,295.7859785767954,20.383616477899096,-1.3234804222059326,346.1932678495166,29.09542824074074,2024-07-05 09:07:30+00:00,305.83449975908934,287.4943095015737,3.370898342903622,353.70061213133,298.95819215288884,30.0,-1.3234804222059326
2024-07-01 09:22:30+00:00,295.9957719474993,20.48946811321894,-1.30082284409683,336.10492195163147,29.10584490740741,2024-07-05 09:22:30+00:00,305.6178741000693,287.3564448819104,3.3720099510021613,350.8704984497973,299.22723500748344,30.0,-1.30082284409683
2024-07-01 09:37:30+00:00,296.2018835562549,20.59535158326104,-1.2783483508544649,335.70291571223356,29.116261574074073,2024-07-05 09:37:30+00:00,305.6178741000693,287.2185802861158,3.3731214599038166,354.23324588600053,299.40119642810276,30.0,-1.2783483508544649
2024-07-01 09:52:30+00:00,296.4043690729871,20.701262529980436,-1.2560558034339122,352.9710976627713,29.12667824074074,2024-07-05 09:52:30+00:00,305.4039196259242,287.08071571420055,3.37423286957408,347.72239446696875,299.4128973868255,30.0,-1.2560558034339122
2024-07-01 10:07:30+00:00,296.60328319884223,20.807196722386156,-1.2339440278767069,359.2576775245564,29.13709490740741,2024-07-05 10:07:30+00:00,305.19278273304104,286.94285116615,3.3753441799789465,356.9699499165275,299.52549150284347,30.0,-1.2339440278767069
2024-07-01 10:22:30+00:00,296.79867968057573,20.913150052821617,-1.2120118182266566,393.6317614377539,29.147511574074073,2024-07-05 10:22:30+00:00,305.19278273304104,286.80498664197114,3.376455391083489,354.3763415215836,299.4349654478183,30.0,-1.2120118182266566
2024-07-01 10:37:30+00:00,296.9906113258012,21.01911853362976,-1.1902579392331154,353.67711125448125,29.15792824074074,2024-07-05 10:37:30+00:00,304.98458944945713,286.6671221416453,3.3775665028532207,357.23825423324587,299.8904996393662,30.0,-1.1902579392331154
2024-07-01 10:52:30+00:00,297.1791300177496,21.12509829371901,-1.1686811289501011,367.3047816399577,29.16834490740741,2024-07-05 10:52:30+00:00,304.7794460790558,286.52925766517274,3.3786775152541035,362.60434056761267,299.93847646721105,30.0,-1.1686811289501011
2024-07-01 11:07:30+00:00,297.3642867296905,21.231085575190303,-1.1472801012022598,349.85052607058276,29.178761574074073,2024-07-05 11:07:30+00:00,304.7794460790558,286.3913932125454,3.3797884282512123,368.1254471738612,300.2267014894282,30.0,-1.1472801012022598
2024-07-01 11:22:30+00:00,297.5461315401754,21.337076730244256,-1.1260535478802784,355.5681237436544,29.18917824074074,2024-07-05 11:22:30+00:00,304.57743989031417,286.25352878377413,3.380899241810078,369.19866444073455,300.32847609114907,30.0,-1.1260535478802784
2024-07-01 11:37:30+00:00,297.7247136477311,21.44306821805447,-1.1050001411354162,348.98321349230343,29.19959490740741,2024-07-05 11:37:30+00:00,304.37863984860155,286.1156643788298,3.382009955896613,357.09515859766276,300.52487330552583,30.0,-1.1050001411354162
2024-07-01 11:52:30+00:00,297.9000813851756,21.549056601653184,-1.0841185354689633,345.98749854408504,29.210011574074073,2024-07-05 11:52:30+00:00,304.37863984860155,285.9777999977339,3.383120570475934,357.6585976627713,300.68950226975676,30.0,-1.0841185354689633
2024-07-01 12:07:30+00:00,298.07228223463136,21.65503854507559,-1.063407369671708,340.2675016077379,29.22042824074074,2024-07-05 12:07:30+00:00,304.18309739077614,285.8399356404679,3.3842310855135485,359.5277844025757,300.87302436776963,30.0,-1.063407369671708
2024-07-01 12:22:30+00:00,298.2413628420431,21.76101081053065,-1.0428652686670663,338.20320689521293,29.23084490740741,2024-07-05 12:22:30+00:00,304.18309739077614,285.7020713070464,3.3853415009753896,357.09515859766276,301.0234163187316,30.0,-1.0428652686670663
2024-07-01 12:37:30+00:00,298.4073690311753,21.866970255495737,-1.0224908452807768,343.771395906277,29.241261574074073,2024-07-05 12:37:30+00:00,303.99084724051403,285.5642069974471,3.3864518168265283,361.97829716193655,301.1091608673215,30.0,-1.0224908452807768
2024-07-01 12:52:30+00:00,298.5703458183482,21.972913830144204,-1.0022827018610765,327.249696316169,29.25167824074074,2024-07-05 12:52:30+00:00,303.8019082624522,285.4263427116663,3.387562033032474,354.75792988313856,301.3715704400144,30.0,-1.0022827018610765
2024-07-01 13:07:30+00:00,298.730337426629,22.07883857471769,-0.9822394318330012,331.0264188693218,29.26209490740741,2024-07-05 13:07:30+00:00,303.8019082624522,285.28847844968936,3.388672149559199,356.4830272676684,301.4630595339676,30.0,-0.9822394318330012
2024-07-01 13:22:30+00:00,298.8873872994324,22.1847416168692,-0.9623596211812928,332.6396707691114,29.272511574074073,2024-07-05 13:22:30+00:00,303.61628435283427,285.1506142115669,3.389782166371745,355.7039510294936,301.5704978121744,30.0,-0.9623596211812928
2024-07-01 13:37:30+00:00,299.0415381039044,22.29062016564729,-0.942641851376581,324.0615032836829,29.28292824074074,2024-07-05 13:37:30+00:00,303.4339653639389,285.01274999722233,3.390892083435616,351.8006200810876,301.7583605912295,30.0,-0.942641851376581
2024-07-01 13:52:30+00:00,299.19283177597055,22.396471519460732,-0.9230846961879462,323.7605311177544,29.29334490740741,2024-07-05 13:52:30+00:00,303.4339653639389,284.8748858066848,3.3920019007167586,335.33667223149695,301.8748426557066,30.0,-0.9230846961879462
2024-07-01 14:07:30+00:00,299.34130950557363,22.502293054499273,-0.9036867269178368,324.8293199430958,29.303761574074073,2024-07-05 14:07:30+00:00,303.2549280591528,284.73702163996114,3.3931116181802508,336.7835281023929,301.97729187272944,30.0,-0.9036867269178368
2024-07-01 14:22:30+00:00,299.4870117562294,22.608082224402636,-0.8844465127067959,324.8398493613387,29.31417824074074,2024-07-05 14:22:30+00:00,303.0791370951371,284.59915749703305,3.3942212357915698,335.5036171396772,302.0857173962809,30.0,-0.8844465127067959
2024-07-01 14:37:30+00:00,299.62997828020883,22.713836558713773,-0.8653626213431306,312.8833399375093,29.32459490740741,2024-07-05 14:37:30+00:00,303.0791370951371,284.4612933779153,3.395330753516683,337.5626043405676,302.28939094184864,30.0,-0.8653626213431306
2024-07-01 14:52:30+00:00,299.7702481310919,22.81955366053463,-0.846433620312209,341.0568000931786,29.335011574074073,2024-07-05 14:52:30+00:00,302.9065460271414,284.3234292826001,3.39644017132063,338.7868670005565,302.1745776586087,30.0,-0.846433620312209
2024-07-01 15:07:30+00:00,299.90785967714254,22.92523120466144,-0.8276580777078644,317.01533806343906,29.34542824074074,2024-07-05 15:07:30+00:00,302.73709833315513,284.18556521104006,3.3975494891689255,338.17473567056203,302.45645709410013,30.0,-0.8276580777078644
2024-07-01 15:22:30+00:00,300.042850613926,23.03086693549321,-0.8090345631365334,319.20774105710166,29.35584490740741,2024-07-05 15:22:30+00:00,302.73709833315513,284.04770116329354,3.3986587070274874,346.1880912632165,302.53615099850236,30.0,-0.8090345631365334
2024-07-01 15:37:30+00:00,300.17525797671743,23.136458665050135,-0.7905616485550842,313.02462032189567,29.366261574074073,2024-07-05 15:37:30+00:00,302.570728452264,283.9098371393091,3.399767824861399,347.41235392320533,302.67928503863516,30.0,-0.7905616485550842
2024-07-01 15:52:30+00:00,300.30511815287923,23.242004271065117,-0.7722379090527358,310.0876865974035,29.37667824074074,2024-07-05 15:52:30+00:00,302.4073628323083,283.7719731390979,3.400876842636145,342.90484140233724,302.79399068097956,30.0,-0.7722379090527358
2024-07-01 16:07:30+00:00,300.4324668941531,23.347501695245956,-0.7540619235618977,305.28161823103227,29.38709490740741,2024-07-05 16:07:30+00:00,302.4073628323083,283.6341091626743,3.4019857603176513,330.4674457429049,302.92105705370506,30.0,-0.7540619235618977
2024-07-01 16:22:30+00:00,300.5573393284638,23.452948941354375,-0.7360322755624256,308.9459779243723,29.397511574074073,2024-07-05 16:22:30+00:00,302.2469209817336,283.4962452100163,3.4030945778709745,337.92034342952536,302.97743449516577,30.0,-0.7360322755624256
2024-07-01 16:37:30+00:00,300.679769971717,23.55834407349522,-0.7181475537124449,308.19326709564484,29.40792824074074,2024-07-05 16:37:30+00:00,302.2469209817336,283.3583812811347,3.4042032952616244,341.5692821368948,303.0667217155453,30.0,-0.7181475537124449
2024-07-01 16:52:30+00:00,300.7997927395858,23.66368521454011,-0.7004063524217108,322.48830017241846,29.41834490740741,2024-07-05 16:52:30+00:00,302.0893165203876,283.2205173760151,3.405311912455523,338.7312186978297,303.04363355537515,30.0,-0.7004063524217108
2024-07-01 17:07:30+00:00,300.91744095857644,23.76897054429783,-0.6828072724361163,353.78419285060056,29.428761574074073,2024-07-05 17:07:30+00:00,301.93445822396563,283.0826534946354,3.4064204294177114,340.0667779632721,302.92880481492756,30.0,-0.6828072724361163
2024-07-01 17:22:30+00:00,301.03274737745886,23.874198298065117,-0.6653489213258409,501.82862911053303,29.43917824074074,2024-07-05 17:22:30+00:00,301.93445822396563,282.94478963703557,3.4075288461137134,335.84545671357023,302.4267922784454,30.0,-0.6653489213258409
2024-07-01 17:37:30+00:00,301.1457441782384,23.979366765055815,-0.6480299139662785,467.2846443164028,29.44959490740741,2024-07-05 17:37:30+00:00,301.78225105682975,282.80692580317213,3.4086371625094145,334.3697829716194,302.6171413740913,30.0,-0.6480299139662785
2024-07-01 17:52:30+00:00,301.25646298694767,24.08447428682687,-0.6308488729908993,449.5399308925729,29.460011574074073,2024-07-05 17:52:30+00:00,301.63259718806114,282.66906199305214,3.4097453785698995,343.15525876460765,302.75923927580226,30.0,-0.6308488729908993
2024-07-01 18:07:30+00:00,301.3649348841962,24.18951925588259,-0.6138044291899363,441.6270957432296,29.47042824074074,2024-07-05 18:07:30+00:00,301.63259718806114,282.53119820667183,3.410853494260655,345.07512520868113,302.8674734121377,30.0,-0.6138044291899363
2024-07-01 18:22:30+00:00,301.4711904158909,24.294500114306388,-0.5968952218795789,450.18053344721824,29.48084490740741,2024-07-05 18:22:30+00:00,301.48539698581504,282.3933344440606,3.411961509547583,344.0734557595993,302.9185493679397,30.0,-0.5968952218795789
2024-07-01 18:37:30+00:00,301.57525960302183,24.39941535220401,-0.5801198992792301,351.020832386013,29.491261574074073,2024-07-05 18:37:30+00:00,301.3405499853748,282.25547070516734,3.4130694243957564,345.07512520868113,303.39734923080783,30.0,-0.5801198992792301
2024-07-01 18:52:30+00:00,301.67717195212725,24.504263506543083,-0.5634771188027852,360.28264161198894,29.50167824074074,2024-07-05 18:52:30+00:00,301.3405499853748,282.1176069900173,3.414177238770646,352.3372287145242,303.41918669011676,30.0,-0.5634771188027852
2024-07-01 19:07:30+00:00,301.77695646518237,24.6090431598596,-0.5469655473520562,360.8231618196345,29.51209490740741,2024-07-05 19:07:30+00:00,301.19795582672265,281.9797432985818,3.4152849526381988,352.9632721202004,303.4831987834452,30.0,-0.5469655473520562
2024-07-01 19:22:30+00:00,301.87464164887956,24.71375293880958,-0.5305838616149362,364.61544434522654,29.522511574074073,2024-07-05 19:22:30+00:00,301.0575151579767,281.841879630897,3.4163925659634526,346.9671675013912,303.5303416850561,30.0,-0.5305838616149362
2024-07-01 19:37:30+00:00,301.9702555246028,24.81839151313418,-0.5143307482800912,392.9662277596253,29.53292824074074,2024-07-05 19:37:30+00:00,301.0575151579767,281.7040159869009,3.4175000787118703,345.07512520868113,303.4760948321707,30.0,-0.5143307482800912
2024-07-01 19:52:30+00:00,302.0638256375809,24.92295759441403,-0.4982049042690408,381.9194782001009,29.54334490740741,2024-07-05 19:52:30+00:00,300.91913050168046,281.5661523666376,3.418607490849398,344.19866444073455,303.58195312801354,30.0,-0.4982049042690408
2024-07-01 20:07:30+00:00,302.1553790659799,25.027449934862386,-0.4822050369455804,388.3086596987196,29.553761574074073,2024-07-05 20:07:30+00:00,300.78270708167986,281.4282887700997,3.419714802341069,344.3238731218698,303.61779648250666,30.0,-0.4822050369455804
2024-07-01 20:22:30+00:00,302.24494243000163,25.13186732624743,-0.4663298642906456,377.3964359203323,29.56417824074074,2024-07-05 20:22:30+00:00,300.78270708167986,281.2904251972691,3.4208220131523808,339.42284760314806,303.7180480060133,30.0,-0.4663298642906456
2024-07-01 20:37:30+00:00,302.3325419007156,25.236208598851384,-0.4505781150574847,411.1638723423605,29.57459490740741,2024-07-05 20:37:30+00:00,300.6481536091843,281.15256164814576,3.4219291232492495,345.28976866205585,303.6556857144936,30.0,-0.4505781150574847
2024-07-01 20:52:30+00:00,302.4182032085289,25.340472620274554,-0.4349485289382523,404.4492759249913,29.585011574074073,2024-07-05 20:52:30+00:00,300.6481536091843,281.01469812273706,3.4230361325967027,346.0211463550362,303.7338734989217,30.0,-0.4349485289382523
2024-07-01 21:07:30+00:00,302.5019516518682,25.444658294534012,-0.4194398566729302,421.0480502523661,29.59542824074074,2024-07-05 21:07:30+00:00,300.51538302758445,280.8768346210104,3.424143041160239,340.1224262659989,303.73749663413645,30.0,-0.4194398566729302
2024-07-01 21:22:30+00:00,302.58381210541637,25.548764561052973,-0.4040508601639369,417.09438210971774,29.60584490740741,2024-07-05 21:22:30+00:00,300.3843132166991,280.7389711430095,3.425249848905779,341.00584307178633,303.8025645161288,30.0,-0.4040508601639369
2024-07-01 21:37:30+00:00,302.66380902809715,25.65279039355634,-0.3887803125938899,409.78803842980847,29.616261574074073,2024-07-05 21:37:30+00:00,300.3843132166991,280.60110768866906,3.426356555798345,339.2877017250974,303.8753010695246,30.0,-0.3887803125938899
2024-07-01 21:52:30+00:00,302.74196647136955,25.756734799313183,-0.3736269984818539,437.43448382963857,29.62667824074074,2024-07-05 21:52:30+00:00,300.2548676583488,280.4632442580291,3.427463161803446,343.0091819699499,303.8497538719617,30.0,-0.3736269984818539
2024-07-01 22:07:30+00:00,302.8183080868907,25.8605968181478,-0.3585897137654617,525.0073078996771,29.63709490740741,2024-07-05 22:07:30+00:00,300.126976066516,280.3253808511044,3.428569666886979,351.72907226329596,303.71872085039723,30.0,-0.3585897137654617
2024-07-01 22:22:30+00:00,302.8928571340114,25.96437552142323,-0.343667265876719,607.4271071941608,29.647511574074073,2024-07-05 22:22:30+00:00,300.126976066516,280.18751746784415,3.4296760710139984,358.5420144685587,303.6515846610032,30.0,-0.343667265876719
2024-07-01 22:37:30+00:00,302.96563648766266,26.068070011382428,-0.3288584737595048,657.6174298279233,29.65792824074074,2024-07-05 22:37:30+00:00,300.00057498686584,280.0496541082301,3.4307823741499615,354.7022815804118,303.6484493962552,30.0,-0.3288584737595048
2024-07-01 22:52:30+00:00,303.03666864550536,26.171679420225587,-0.3141621679167248,663.6836588111969,29.66834490740741,2024-07-05 22:52:30+00:00,299.8756083720726,279.9117907723356,3.4318885762608096,353.6449638286032,303.69541228588963,30.0,-0.3141621679167248
2024-07-01 23:07:30+00:00,303.10597573508846,26.275202909195084,-0.2995771904501275,662.7271132821888,29.678761574074073,2024-07-05 23:07:30+00:00,299.8756083720726,279.7739274601096,3.4329946773115645,348.9148580968281,303.74783105160014,30.0,-0.2995771904501275
2024-07-01 23:22:30+00:00,303.173579521035,26.378639667920716,-0.2851023950558596,602.0732228132158,29.68917824074074,2024-07-05 23:22:30+00:00,299.75202814125896,279.636064171534,3.434100677267722,344.5186421814135,303.86047663195103,30.0,-0.2851023950558596
2024-07-01 23:37:30+00:00,303.23950141211003,26.481988913606465,-0.2707366470375349,588.4320820043783,29.69959490740741,2024-07-05 23:37:30+00:00,299.62979473391766,279.498200906653,3.435206576095181,352.3094045631608,303.9222646398683,30.0,-0.2707366470375349
2024-07-01 23:52:30+00:00,303.30376246770436,26.585249890246978,-0.2564788233088571,608.0444151104555,29.710011574074073,2024-07-05 23:52:30+00:00,299.62979473391766,279.3603376654155,3.4363123737589865,352.21202003338897,303.94510919937153,30.0,-0.2564788233088571
2024-07-02 00:07:30+00:00,303.3663834046126,26.68842186788971,-0.2423278123851947,616.1553302196266,29.72042824074074,2024-07-06 00:07:30+00:00,299.5088776709851,279.22247444783267,3.437418070224612,351.58597662771285,303.98016527789116,30.0,-0.2423278123851947
2024-07-02 00:22:30+00:00,303.4273846038116,26.791504142036995,-0.2282825143511452,597.950071825135,29.73084490740741,2024-07-06 00:22:30+00:00,299.38925613830526,279.0846112539197,3.438523665457977,351.47468002225935,304.0401663539355,30.0,-0.2282825143511452
2024-07-02 00:37:30+00:00,303.4867861163772,26.894496032802817,-0.214341840857592,589.6481165106566,29.741261574074073,2024-07-06 00:37:30+00:00,299.38925613830526,278.94674808365454,3.439629159424126,352.4763494713411,304.0882484497813,30.0,-0.214341840857592
2024-07-02 00:52:30+00:00,303.5446076701052,26.9973968843297,-0.2005047150790447,632.1349536048454,29.75167824074074,2024-07-06 00:52:30+00:00,299.2709196106006,278.8088849370485,3.440734552088514,355.9821925431274,304.08705476528513,30.0,-0.2005047150790447
2024-07-02 01:07:30+00:00,303.60086867557027,27.100206064189564,-0.1867700716700761,650.1558822937827,29.76209490740741,2024-07-06 01:07:30+00:00,299.2709196106006,278.67102181405835,3.4418398434170827,355.8152476349471,304.1102217163482,30.0,-0.1867700716700761
2024-07-02 01:22:30+00:00,303.65558823192816,27.20292296259635,-0.1731368567436964,643.9181581705943,29.772511574074073,2024-07-06 01:22:30+00:00,299.1538685372934,278.5331587147497,3.4429450333748526,352.44455044121156,304.15165829374064,30.0,-0.1731368567436964
2024-07-02 01:37:30+00:00,303.70878513306036,27.30554699193153,-0.1596040278046287,605.9398608575901,29.78292824074074,2024-07-06 01:37:30+00:00,299.03811511516056,278.39529563904614,3.4440501219272956,359.09849749582634,304.2166057783557,30.0,-0.1596040278046287
2024-07-02 01:52:30+00:00,303.7604778733043,27.40807758614627,-0.1461705536966758,551.1052792267268,29.79334490740741,2024-07-06 01:52:30+00:00,299.03811511516056,278.2574325870069,3.4451551090403414,359.03589315525875,304.2975797725268,30.0,-0.1461705536966758
2024-07-02 02:07:30+00:00,303.8106846527617,27.510514200008625,-0.1328354145681571,506.56132313545834,29.803761574074073,2024-07-06 02:07:30+00:00,298.923684176898,278.1195695585808,3.446259994679006,361.9365609348915,304.37192241961714,30.0,-0.1328354145681571
2024-07-02 02:22:30+00:00,303.8594233832858,27.612856308769956,-0.1195976017801006,409.8525791573527,29.81417824074074,2024-07-06 02:22:30+00:00,298.81061422929906,277.9817065537936,3.447364778808788,359.9749582637729,304.52457423465046,30.0,-0.1195976017801006
2024-07-02 02:37:30+00:00,303.90671169376014,27.715103407514615,-0.1064561178537783,371.9990834397198,29.82459490740741,2024-07-06 02:37:30+00:00,298.81061422929906,277.84384357263144,3.4484694613955797,361.7904841402338,304.6081572079781,30.0,-0.1064561178537783
2024-07-02 02:52:30+00:00,303.95256693508355,27.817255010519773,-0.093409976415421,380.5564397211955,29.835011574074073,2024-07-06 02:52:30+00:00,298.6989586799623,277.7059806150872,3.449574042404428,369.89426822481914,304.6075848626709,30.0,-0.093409976415421
2024-07-02 03:07:30+00:00,303.99700618574485,27.919310650906212,-0.0804582021017965,384.89342702954536,29.84542824074074,2024-07-06 03:07:30+00:00,298.5887872973301,277.5681176811427,3.4506785218007967,364.21814134668887,304.61436266653743,30.0,-0.0804582021017965
2024-07-02 03:22:30+00:00,304.0400462568521,28.02126988008959,-0.0675998304902781,385.25433545705425,29.85584490740741,2024-07-06 03:22:30+00:00,298.5887872973301,277.4302547708573,3.451782899550616,352.92153589315524,304.62660065001035,30.0,-0.0675998304902781
2024-07-02 03:37:30+00:00,304.08170369686997,28.12313226718755,-0.0548339080334912,361.91339307008275,29.866261574074073,2024-07-06 03:37:30+00:00,298.48018795548165,277.2923918841507,3.452887175618923,353.1997774067891,304.67394443139585,30.0,-0.0548339080334912
2024-07-02 03:52:30+00:00,304.12199479672563,28.224897398654377,-0.0421594919636564,332.36644407345574,29.87667824074074,2024-07-06 03:52:30+00:00,298.37326872254386,277.154529021078,3.4539913499711767,349.638286032276,304.7319185565882,30.0,-0.0421594919636564
2024-07-02 04:07:30+00:00,304.16093559470727,28.326564877820793,-0.0295756502093728,328.6329929727841,29.88709490740741,2024-07-06 04:07:30+00:00,298.37326872254386,277.0166661815961,3.4550954225732986,349.5826377295492,304.7424587063746,30.0,-0.0295756502093728
2024-07-02 04:22:30+00:00,304.19854188072145,28.42813432432035,-0.0170814613245032,339.41783647194086,29.897511574074073,2024-07-06 04:22:30+00:00,298.268160359915,276.87880336571266,3.45619939339033,348.9983305509182,304.72741321935405,30.0,-0.0170814613245032
2024-07-02 04:37:30+00:00,304.23482920121086,28.529605373766696,-0.0046760143865849,328.08945141126685,29.90792824074074,2024-07-06 04:37:30+00:00,298.1650193087842,276.74094057343876,3.4573032623877373,348.7956117338421,304.74664171665194,30.0,-0.0046760143865849
2024-07-02 04:52:30+00:00,304.2698128636369,28.63097767732424,0.0076415910923476,318.4330655258765,29.91834490740741,2024-07-06 04:52:30+00:00,298.1650193087842,276.60307780477535,3.458407029531422,349.1444073455759,304.7607904130525,30.0,0.0076415910923476
2024-07-02 05:07:30+00:00,304.30350794073746,28.73225090121094,0.0198722452468424,317.0982645494429,29.928761574074073,2024-07-06 05:07:30+00:00,298.0640312507327,276.4652150596715,3.459510694786453,346.70283806343906,304.7600793448715,30.0,0.0198722452468424
2024-07-02 05:22:30+00:00,304.3359292748411,28.83342472632264,0.0320168279539233,323.4540698735409,29.93917824074074,2024-07-06 05:22:30+00:00,298.0640312507327,276.3273523381824,3.460614258118279,345.7985531441291,304.7478080466789,30.0,0.0320168279539233
2024-07-02 05:37:30+00:00,304.3670914823296,28.93449884794128,0.0440762089389179,314.91067790148935,29.94959490740741,2024-07-06 05:37:30+00:00,297.9654153405563,276.18948964027953,3.4617177194928224,350.08347245409016,304.75349030891016,30.0,0.0440762089389179
2024-07-02 05:52:30+00:00,304.39700895741584,29.035472975185115,0.0560512478503583,309.28980206959716,29.960011574074073,2024-07-06 05:52:30+00:00,297.86942922186205,276.05162696595596,3.462821078875127,350.0208681135225,304.7531467495311,30.0,0.0560512478503583
2024-07-02 06:07:30+00:00,304.42569587636507,29.136346830723305,0.0679427943661883,309.3450324183717,29.97042824074074,2024-07-06 06:07:30+00:00,297.86942922186205,275.9137643152086,3.4639243362306487,349.89565943238733,304.7445305070292,30.0,0.0679427943661883
2024-07-02 06:22:30+00:00,304.4531662017151,29.237120150492064,0.0797516882995839,305.4390261330492,29.98084490740741,2024-07-06 06:22:30+00:00,297.7763749494301,275.7759016880382,3.465027491525324,354.77879799666107,304.73839993054236,30.0,0.0797516882995839
2024-07-02 06:37:30+00:00,304.47943368561926,29.33779268314885,0.0914787596737186,305.6722444384051,29.991261574074073,2024-07-06 06:37:30+00:00,297.6866059567093,275.6380390844522,3.466130544724188,347.43620319580253,304.7268379786016,30.0,0.0914787596737186
2024-07-02 06:52:30+00:00,304.5045118740507,29.438364189888727,0.1031248288384149,299.20295174187845,30.00167824074074,2024-07-06 06:52:30+00:00,297.6866059567093,275.50017650443306,3.467233495792691,344.3739565943239,304.71887899695554,30.0,0.1031248288384149
2024-07-02 07:07:30+00:00,304.5284141105208,29.538834444105724,0.1146907065680711,317.3772110456468,30.01209490740741,2024-07-06 07:07:30+00:00,297.60053522195545,275.3623139479816,3.468336344696779,343.2148819461006,304.6943538428921,30.0,0.1146907065680711
2024-07-02 07:22:30+00:00,304.5511535394825,29.63920323092249,0.1261771941439167,325.8593043742205,30.022511574074073,2024-07-06 07:22:30+00:00,297.5186448021469,275.2244514151054,3.4694390914014703,353.4223706176962,304.6775985729741,30.0,0.1261771941439167
2024-07-02 07:37:30+00:00,304.5727431101442,29.739470347035233,0.1375850834715375,326.1934447708205,30.03292824074074,2024-07-06 07:37:30+00:00,297.5186448021469,275.0865889057724,3.470541735872253,355.21702838063436,304.6639549453433,30.0,0.1375850834715375
2024-07-02 07:52:30+00:00,304.593195579969,29.83963560037048,0.1489151571766049,321.8566247522554,30.04334490740741,2024-07-06 07:52:30+00:00,297.44149691950196,274.94872642002707,3.4716442780750345,354.09015025041737,304.6500959082678,30.0,0.1489151571766049
2024-07-02 08:07:30+00:00,304.61252351787283,29.93969880967735,0.1601681886917217,306.9909904937982,30.053761574074073,2024-07-06 08:07:30+00:00,297.36974680055346,274.81086395781864,3.47274671797486,354.75792988313856,304.6349555964213,30.0,0.1601681886917217
2024-07-02 08:22:30+00:00,304.6307393078795,30.039659804373972,0.1713449423721574,402.925853433884,30.06417824074074,2024-07-06 08:22:30+00:00,297.36974680055346,274.6730015191589,3.473849055537212,349.74958263772953,304.6194985732463,30.0,0.1713449423721574
2024-07-02 08:37:30+00:00,304.6478551522468,30.139518424213833,0.1824461735893557,328.22281928213687,30.07459490740741,2024-07-06 08:37:30+00:00,297.30415748143946,274.5351391040777,3.4749512907279847,343.2387312186978,304.59931154414477,30.0,0.1824461735893557
2024-07-02 08:52:30+00:00,304.6638830747983,30.23927451896743,0.193472628825932,375.18628608656707,30.085011574074073,2024-07-06 08:52:30+00:00,297.24561680414496,274.39727671252473,3.4760534235122296,338.0634390651085,304.5910516580147,30.0,0.193472628825932
2024-07-02 09:07:30+00:00,304.6788349239362,30.338927948197387,0.2044250457800021,329.2856515244706,30.09542824074074,2024-07-06 09:07:30+00:00,297.24561680414496,274.2594143444968,3.4771554538554517,336.6324827092774,304.5612900112736,30.0,0.2044250457800021
2024-07-02 09:22:30+00:00,304.69272237594566,30.43847858102579,0.2153041534675065,311.7179735356593,30.10584490740741,2024-07-06 09:22:30+00:00,297.1951568352493,274.1215520000386,3.4782573817235405,339.5659432387312,304.5320815969648,30.0,0.2153041534675065
2024-07-02 09:37:30+00:00,304.7055569377981,30.53792629575239,0.2261106723067409,315.64341930428265,30.116261574074073,2024-07-06 09:37:30+00:00,297.1951568352493,273.98368967911426,3.4793592070815307,339.45464663327766,304.51093342929795,30.0,0.2261106723067409
2024-07-02 09:52:30+00:00,304.71734995038804,30.637270979783537,0.236845314236584,328.36367904841404,30.12667824074074,2024-07-06 09:52:30+00:00,297.15397593913156,273.84582738170616,3.4804609298949245,332.3664440734558,304.4957149774555,30.0,0.236845314236584
2024-07-02 10:07:30+00:00,304.72811259124865,30.736512529271774,0.2475087828016165,315.17746969586995,30.13709490740741,2024-07-06 10:07:30+00:00,297.1234637287093,273.70796510787363,3.4815625501296297,334.91533508227997,304.46124598252004,30.0,0.2475087828016165
2024-07-02 10:22:30+00:00,304.7378558774977,30.835650848875268,0.2581017732489277,303.64615474558764,30.147511574074073,2024-07-06 10:22:30+00:00,297.1234637287093,273.5701028575371,3.482664067750691,329.0484140233723,304.4235689371797,30.0,0.2581017732489277
2024-07-02 10:37:30+00:00,304.7465906685677,30.934685851587048,0.2686249726319976,311.33991152569456,30.15792824074074,2024-07-06 10:37:30+00:00,297.10522909492613,273.43224063072273,3.4837654827235753,329.5492487479132,304.40374384258484,30.0,0.2686249726319976
2024-07-02 10:52:30+00:00,304.75432766919505,31.03361745853277,0.2790790599092029,305.02198865813966,30.16834490740741,2024-07-06 10:52:30+00:00,297.10113147662634,273.2943784274462,3.484866795014226,328.297161936561,304.3673392666232,30.0,0.2790790599092029
2024-07-02 11:07:30+00:00,304.7610774317206,31.13244559862268,0.2894647060260427,296.3310944597585,30.178761574074073,2024-07-06 11:07:30+00:00,297.10113147662634,273.1565162476862,3.4859680045876855,329.8622704507513,304.324652668242,30.0,0.2894647060260427
2024-07-02 11:22:30+00:00,304.7668503590086,31.231170208470846,0.2997825740248205,303.357736304996,30.18917824074074,2024-07-06 11:22:30+00:00,297.1133154691506,273.0186540914541,3.4870691114094323,328.23455759599335,304.30336898564786,30.0,0.2997825740248205
2024-07-02 11:37:30+00:00,304.77165670700316,31.32979123216459,0.3100333191365043,299.9495282835734,30.19959490740741,2024-07-06 11:37:30+00:00,297.14424877551664,272.8807919587372,3.4881701154453704,331.1074012242626,304.2653606514045,30.0,0.3100333191365043
2024-07-02 11:52:30+00:00,304.7755065871107,31.42830862098197,0.3202175888666714,302.36386194890315,30.210011574074073,2024-07-06 11:52:30+00:00,297.14424877551664,272.74292984954263,3.4892710166605587,328.9371174179188,304.2360438695267,30.0,0.3202175888666714
2024-07-02 12:07:30+00:00,304.77840996892854,31.52672233329925,0.3303360230996371,302.1222140662453,30.22042824074074,2024-07-06 12:07:30+00:00,297.1967633692892,272.6050677638242,3.4903718150204885,330.7387312186978,304.2013158321069,30.0,0.3303360230996371
2024-07-02 12:22:30+00:00,304.7803766824462,31.625032334361222,0.3403892541872338,299.06243739565946,30.23084490740741,2024-07-06 12:22:30+00:00,297.2740995523384,272.4672057016268,3.4914725104910813,324.5409015025042,304.1598372268032,30.0,0.3403892541872338
2024-07-02 12:37:30+00:00,304.78141642049826,31.723238596063236,0.3503779070376394,295.2451556745029,30.241261574074073,2024-07-06 12:37:30+00:00,297.2740995523384,272.3293436629583,3.492573103037382,323.109945146673,304.11486770677686,30.0,0.3503779070376394
2024-07-02 12:52:30+00:00,304.7815387412472,31.821341096805348,0.3603025992103054,298.58366094027684,30.25167824074074,2024-07-06 12:52:30+00:00,297.3799523409976,272.19148164777204,3.493673592624871,326.0434056761269,304.0849210323376,30.0,0.3603025992103054
