time,longitude,radius,latitude,Vr,Time_days,Times_Earth,Vr_pred_Earth,Lon-L1,Lat-L1,Vr_obs_Earth,SpiralOrigin_Lon_deg,SpiralOrigin_Rs,SpiralOrigin_Lat_deg
2024-12-22 07:07:30+00:00,142.53692558699024,30.66578107547799,2.804180321297186,289.2060243775468,12.085,2024-12-26 07:07:30+00:00,375.95534897724224,151.78989673584903,-2.3452810591256528,404.17362270450747,142.27402389990988,30.0,2.804180321297186
2024-12-22 07:22:30+00:00,142.53798466699396,30.562289471736644,2.7972767386043684,265.48713965011467,12.095416666666669,2024-12-26 07:22:30+00:00,375.95534897724224,151.65269097109112,-2.346549531377841,402.17028380634395,142.29611259471727,30.0,2.7972767386043684
2024-12-22 07:37:30+00:00,142.54005411652997,30.458663715919915,2.790307169517442,265.4123808498034,12.105833333333331,2024-12-26 07:37:30+00:00,374.9659966029097,151.5154852412019,-2.347817926609465,400.8555926544241,142.34270169050075,30.0,2.790307169517442
2024-12-22 07:52:30+00:00,142.5431455806182,30.354903602268266,2.783270729778245,250.06689411722468,12.11625,2024-12-26 07:52:30+00:00,373.9804838830683,151.3782795461597,-2.3490862447765695,398.8647746243739,142.38106780437127,30.0,2.783270729778245
2024-12-22 08:07:30+00:00,142.5472708804967,30.251008928076516,2.776166520314893,263.6663418975024,12.126666666666669,2024-12-26 08:07:30+00:00,373.9804838830683,151.24107388596343,-2.350354485834143,400.542570951586,142.43855230901596,30.0,2.776166520314893
2024-12-22 08:22:30+00:00,142.552442071526,30.14697950739776,2.768993624395073,265.38756594659145,12.137083333333331,2024-12-26 08:22:30+00:00,372.9988534960836,151.1038682605871,-2.351622649737686,400.4531361793466,142.48919426356926,30.0,2.768993624395073
2024-12-22 08:37:30+00:00,142.5586713737251,30.04281515286476,2.7617511107156836,267.6955131938243,12.1475,2024-12-26 08:37:30+00:00,372.0211499710073,150.9666626700525,-2.3528907364431912,396.36060100166947,142.54040612170428,30.0,2.7617511107156836
2024-12-22 08:52:30+00:00,142.56597120212226,29.93851568267776,2.7544380318495234,284.3832436513473,12.157916666666669,2024-12-26 08:52:30+00:00,372.0211499710073,150.82945711431498,-2.354158745905654,397.78797996661103,142.59066168672388,30.0,2.7544380318495234
2024-12-22 09:07:30+00:00,142.57435417053907,29.834080920684148,2.747053423903455,277.58963947998683,12.168333333333331,2024-12-26 09:07:30+00:00,371.0474194419474,150.69225159337742,-2.3554266780805984,396.7237061769616,142.64261355039977,30.0,2.747053423903455
2024-12-22 09:22:30+00:00,142.58383309582354,29.72951069659109,2.7395963061779303,267.7969551500664,12.17875,2024-12-26 09:22:30+00:00,370.07770940420966,150.55504610721798,-2.356694532923985,398.6644407345576,142.6991820663222,30.0,2.7395963061779303
2024-12-22 09:37:30+00:00,142.59442100160092,29.624804846319407,2.7320656808247095,266.56313494066336,12.189166666666669,2024-12-26 09:37:30+00:00,370.07770940420966,150.4178406558354,-2.3579623103908096,399.5826377295492,142.75516190128909,30.0,2.7320656808247095
2024-12-22 09:52:30+00:00,142.60613112266353,29.51996321211669,2.7244605324785125,268.54204643256435,12.199583333333331,2024-12-26 09:52:30+00:00,369.112068474712,150.2806352392035,-2.3592300104365567,397.305032196518,142.81027271074933,30.0,2.7244605324785125
2024-12-22 10:07:30+00:00,142.61897689041564,29.414985638514377,2.7167798287985807,264.34509295103413,12.21,2024-12-26 10:07:30+00:00,368.15054615890017,150.14342985734402,-2.360497633017232,394.82470784641066,142.8717113942627,30.0,2.7167798287985807
2024-12-22 10:22:30+00:00,142.63297197759698,29.30987198183578,2.709022518162343,277.3713709124868,12.220416666666669,2024-12-26 10:22:30+00:00,368.15054615890017,150.0062245102119,-2.3617651780878006,388.0753637014071,142.91711519157488,30.0,2.709022518162343
2024-12-22 10:37:30+00:00,142.6481303017029,29.20462211013449,2.7011875293195855,281.0760286064839,12.230833333333331,2024-12-26 10:37:30+00:00,367.19319262612,149.86901919781008,-2.3630326456037336,387.64607679465774,142.97129131974035,30.0,2.7011875293195855
2024-12-22 10:52:30+00:00,142.66446599022137,29.099235894549786,2.6932737728866067,261.16606209294474,12.24125,2024-12-26 10:52:30+00:00,366.2400584951522,149.7318139201164,-2.364300035521038,386.1992209237618,143.0583456852499,30.0,2.6932737728866067
2024-12-22 11:07:30+00:00,142.68199340404664,28.993713213961005,2.6852801400495476,253.5022379491844,12.251666666666669,2024-12-26 11:07:30+00:00,366.2400584951522,149.59460867712951,-2.365567347794663,382.02559821925433,143.13531794892648,30.0,2.6852801400495476
2024-12-22 11:22:30+00:00,142.7007271424588,28.88805395513691,2.6772055021440173,251.6307565032973,12.262083333333331,2024-12-26 11:22:30+00:00,365.291194631361,149.4574034688231,-2.366834582380086,381.3578185865331,143.20537595213614,30.0,2.6772055021440173
2024-12-22 11:37:30+00:00,142.7206820480489,28.78225801302369,2.6690487102335796,224.31930201128864,12.2725,2024-12-26 11:37:30+00:00,365.291194631361,149.32019829518944,-2.368101739233299,381.4134668892599,143.34063380854874,30.0,2.6690487102335796
2024-12-22 11:52:30+00:00,142.74187321158402,28.67632529117693,2.6608085946857236,232.6752710128718,12.282916666666669,2024-12-26 11:52:30+00:00,364.3466519566813,149.1829931562708,-2.369368818309238,376.6833611574847,143.3915544189831,30.0,2.6608085946857236
2024-12-22 12:07:30+00:00,142.76431597282286,28.570255701021452,2.652483964945716,225.2306638333411,12.293333333333331,2024-12-26 12:07:30+00:00,363.4064812734416,149.04578805195345,-2.3706358195633954,376.19842594800855,143.4892527265787,30.0,2.652483964945716
2024-12-22 12:22:30+00:00,142.78802590539243,28.46404915804933,2.6440736100868745,236.09892456419612,12.30375,2024-12-26 12:22:30+00:00,363.4064812734416,148.90858298230242,-2.3719027429517183,376.5025041736227,143.53096390062836,30.0,2.6440736100868745
2024-12-22 12:37:30+00:00,142.81301891696293,28.357705601375073,2.635576293694643,260.98361081699073,12.314166666666669,2024-12-26 12:37:30+00:00,362.4707331028157,148.771377947287,-2.3731695884291826,379.7161936560935,143.53165172149806,30.0,2.635576293694643
2024-12-22 12:52:30+00:00,142.83931114968385,28.251224972837104,2.62699075854672,258.3647163877781,12.324583333333331,2024-12-26 12:52:30+00:00,361.5394575385016,148.63417294688068,-2.374436355951224,377.7406789092933,143.6122942534838,30.0,2.62699075854672
2024-12-22 13:07:30+00:00,142.8669190210848,28.144607224431297,2.618315724392182,250.4719279213735,12.335,2024-12-26 13:07:30+00:00,361.5394575385016,148.49696798107576,-2.3757030454738213,377.9632721202003,143.7128716895284,30.0,2.618315724392182
2024-12-22 13:22:30+00:00,142.8958592299124,28.03785231879052,2.6095498874664207,247.0046977520674,12.345416666666669,2024-12-26 13:22:30+00:00,360.6127041160438,148.3597630498705,-2.376969656951932,377.35114079020593,143.8030439786812,30.0,2.6095498874664207
2024-12-22 13:37:30+00:00,142.92614876220833,27.930960229431715,2.600691919971614,245.08941621249423,12.355833333333331,2024-12-26 13:37:30+00:00,359.69052169805127,148.22255815325283,-2.378236190340972,375.4590984974958,143.89022980536606,30.0,2.600691919971614
2024-12-22 13:52:30+00:00,142.95780489740773,27.823930941147772,2.5917404695531774,246.6902201343324,12.36625,2024-12-26 13:52:30+00:00,359.69052169805127,148.08535329120045,-2.3795026455969195,377.9076238174736,143.965177194206,30.0,2.5917404695531774
2024-12-22 14:07:30+00:00,142.99084521117751,27.71676444995889,2.582694158940373,225.0326419518913,12.376666666666669,2024-12-26 14:07:30+00:00,358.77295837540765,147.94814846371148,-2.380769022674712,379.847364655378,144.14955442635508,30.0,2.582694158940373
2024-12-22 14:22:30+00:00,143.02528755404904,27.609460758416304,2.573551586801945,217.6728656287611,12.387083333333331,2024-12-26 14:22:30+00:00,357.86006138443315,147.81094367077387,-2.382035321529802,379.0762381747357,144.27947036568327,30.0,2.573551586801945
2024-12-22 14:37:30+00:00,143.06115016886864,27.502019895601297,2.564311321617327,234.08081265385812,12.3975,2024-12-26 14:37:30+00:00,357.86006138443315,147.67373891239413,-2.383301542118128,374.2904841402338,144.27983784837176,30.0,2.564311321617327
2024-12-22 14:52:30+00:00,143.09845157856114,27.394441896865327,2.554971907057701,227.64807016669576,12.407916666666669,2024-12-26 14:52:30+00:00,356.9518770398278,147.5365341884832,-2.384567684394623,372.2871452420701,144.40554326164053,30.0,2.554971907057701
2024-12-22 15:07:30+00:00,143.13721063263492,27.28672681100746,2.545531859429173,229.34722592128256,12.418333333333331,2024-12-26 15:07:30+00:00,356.0484506831138,147.3993294991161,-2.385833748314733,370.7846410684474,144.48825401324297,30.0,2.545531859429173
2024-12-22 15:22:30+00:00,143.17744651398542,27.17887470073573,2.535989667073681,243.32026245292545,12.42875,2024-12-26 15:22:30+00:00,356.0484506831138,147.2621248442412,-2.387099733834372,369.7829716193656,144.50152387915657,30.0,2.535989667073681
2024-12-22 15:37:30+00:00,143.21917874615116,27.070885643281528,2.526343789764389,221.439378130217,12.439166666666669,2024-12-26 15:37:30+00:00,355.1498266461906,147.12492022385655,-2.388365640908492,,144.7297831150197,30.0,2.526343789764389
2024-12-22 15:52:30+00:00,143.26242720094515,26.962759730781933,2.516592658060995,226.6911826931214,12.449583333333331,2024-12-26 15:52:30+00:00,355.1498266461906,146.9877156379498,-2.389631469492509,368.11352253756263,144.79250594915146,30.0,2.516592658060995
2024-12-22 16:07:30+00:00,143.30721209011742,26.85449706835168,2.506734673487741,216.92329180772737,12.46,2024-12-26 16:07:30+00:00,354.25604822952675,146.8505110864983,-2.390897219542378,,144.96318477985514,30.0,2.506734673487741
2024-12-22 16:22:30+00:00,143.35355399470538,26.74609777801578,2.49676820677068,224.41820705191384,12.470416666666669,2024-12-26 16:22:30+00:00,353.3671576944297,146.7133065694999,-2.3921628910129775,,145.0093837103979,30.0,2.49676820677068
2024-12-22 16:37:30+00:00,143.40147391401285,26.637562005443048,2.4866915950516706,218.66087748355295,12.480833333333331,2024-12-26 16:37:30+00:00,353.3671576944297,146.576102086928,-2.393428483859766,,145.15758692224892,30.0,2.4866915950516706
2024-12-22 16:52:30+00:00,143.4509931980811,26.52888990897905,2.4765031450814092,227.66343906510855,12.49125,2024-12-26 16:52:30+00:00,352.483196268767,146.438897638774,-2.394693998038639,,145.19217595730134,30.0,2.4765031450814092
2024-12-22 17:07:30+00:00,143.50213358515532,26.420081664822536,2.4662011310156973,251.45169485374177,12.501666666666669,2024-12-26 17:07:30+00:00,351.60420416545065,146.30169322505057,-2.395959433504528,369.74123539232056,145.12801106069224,30.0,2.4662011310156973
2024-12-22 17:22:30+00:00,143.55491721077203,26.311137467503578,2.455783793678035,223.69020831821152,12.512083333333331,2024-12-26 17:22:30+00:00,351.60420416545065,146.1644888457015,-2.3972247902128556,365.9432387312187,145.43819662574035,30.0,2.455783793678035
2024-12-22 17:37:30+00:00,143.60936661654122,26.20205753052151,2.4452493398138877,223.84778781756884,12.5225,2024-12-26 17:37:30+00:00,350.7302206129452,146.02728450076216,-2.3984900681195005,364.8580968280468,145.54696978999218,30.0,2.4452493398138877
2024-12-22 17:52:30+00:00,143.66550475922236,26.09284208714286,2.434595941336272,235.7223279108592,12.532916666666669,2024-12-26 17:52:30+00:00,349.8612838970166,145.89008019020122,-2.3997552671793954,,145.55841275114872,30.0,2.434595941336272
2024-12-22 18:07:30+00:00,143.72335497722167,25.98349138533464,2.4238217367928296,209.91795664629117,12.543333333333331,2024-12-26 18:07:30+00:00,349.8612838970166,145.7528759139625,-2.401020387347951,,145.90844017271297,30.0,2.4238217367928296
2024-12-22 18:22:30+00:00,143.78294113291025,25.87400570568476,2.4129248236122827,208.69802459351837,12.55375,2024-12-26 18:22:30+00:00,348.99743141290503,145.61567167212488,-2.402285428581055,361.10183639399,146.04071034655078,30.0,2.4129248236122827
2024-12-22 18:37:30+00:00,143.844287497245,25.764385346191123,2.401903263831333,203.0613271114508,12.564166666666669,2024-12-26 18:37:30+00:00,348.13869972707414,145.4784674645697,-2.403550390833624,365.3589315525876,146.22637924186662,30.0,2.401903263831333
2024-12-22 18:52:30+00:00,143.9074187916725,25.654630626889944,2.3907550816058016,209.31285475792987,12.574583333333331,2024-12-26 18:52:30+00:00,348.13869972707414,145.34126329137152,-2.404815274061047,,146.27824685968037,30.0,2.3907550816058016
2024-12-22 19:07:30+00:00,143.9723602021252,25.54474189112911,2.379478262151635,212.48643978615465,12.585,2024-12-26 19:07:30+00:00,347.285124647673,145.20405915247835,-2.406080078219225,364.35726210350583,146.36683853424296,30.0,2.379478262151635
2024-12-22 19:22:30+00:00,144.0391373896295,25.43471950650513,2.368070750881015,305.4664751329735,12.595416666666669,2024-12-26 19:22:30+00:00,346.4367413028266,145.06685504788774,-2.407344803263047,,145.7459002132842,30.0,2.368070750881015
2024-12-22 19:37:30+00:00,144.1077765014711,25.324563865575325,2.35653045248602,219.71419031719532,12.605833333333331,2024-12-26 19:37:30+00:00,346.4367413028266,144.92965097758696,-2.408609449147904,369.6160267111853,146.5379276379669,30.0,2.35653045248602
2024-12-22 19:52:30+00:00,144.1783041485714,25.214275383011092,2.3448552318362013,197.53465077454672,12.61625,2024-12-26 19:52:30+00:00,345.5935842258672,144.79244694155284,-2.409874015829686,365.60934891485806,146.94507809663244,30.0,2.3448552318362013
2024-12-22 20:07:30+00:00,144.2507475136239,25.10385450713979,2.3330429078670227,190.73033525395763,12.626666666666669,2024-12-26 20:07:30+00:00,345.5935842258672,144.65524293975383,-2.4111385032632997,364.6076794657763,147.1823413819104,30.0,2.3330429078670227
2024-12-22 20:22:30+00:00,144.32513429069135,24.993301713019523,2.3210912564663206,211.07225954017852,12.637083333333331,2024-12-26 20:22:30+00:00,344.75568744661143,144.5180389722354,-2.412402911404087,362.60434056761267,147.0340127736824,30.0,2.3210912564663206
2024-12-22 20:37:30+00:00,144.40149269493892,24.882617503079285,2.3089980096182083,194.26330706215785,12.6475,2024-12-26 20:37:30+00:00,343.92308458779314,144.38083503891602,-2.413667240207962,361.6026711185309,147.40982885350869,30.0,2.3089980096182083
2024-12-22 20:52:30+00:00,144.4798514867241,24.771802409511867,2.2967608537825708,195.55460651473385,12.657916666666669,2024-12-26 20:52:30+00:00,343.92308458779314,144.24363113985143,-2.414931489629793,360.6010016694491,147.5330370765307,30.0,2.2967608537825708
2024-12-22 21:07:30+00:00,144.56023998453267,24.66085699516843,2.284377428848737,207.55604347063525,12.668333333333331,2024-12-26 21:07:30+00:00,343.09580896576347,144.10642727497043,-2.416195659624952,360.2253756260434,147.4979263794405,30.0,2.284377428848737
2024-12-22 21:22:30+00:00,144.6426880782662,24.549781854634375,2.271845327072915,199.854659726996,12.67875,2024-12-26 21:22:30+00:00,342.2738936945863,143.96922344430797,-2.417459750149313,347.4540901502504,147.7570484801053,30.0,2.271845327072915
2024-12-22 21:37:30+00:00,144.72722621398788,24.438577612879588,2.2591620935720123,194.88947095734272,12.689166666666669,2024-12-26 21:37:30+00:00,342.2738936945863,143.83201964781773,-2.418723761157753,356.8447412353923,147.98609418677142,30.0,2.2591620935720123
2024-12-22 21:52:30+00:00,144.81388549691735,24.327244934261635,2.246325220352674,186.2513638215924,12.699583333333331,2024-12-26 21:52:30+00:00,341.4573717926663,143.69481588550127,-2.4199876926056336,358.89816360601003,148.29215983648902,30.0,2.246325220352674
2024-12-22 22:07:30+00:00,144.90269762628904,24.215784516705067,2.233332149501353,192.36340723514547,12.71,2024-12-26 22:07:30+00:00,340.6462762910677,143.5576121573207,-2.421251544448811,361.6026711185309,148.33662625769205,30.0,2.233332149501353
2024-12-22 22:22:30+00:00,144.9936949225127,24.104197094156213,2.2201802713468486,207.0088803467965,12.720416666666669,2024-12-26 22:22:30+00:00,340.6462762910677,143.42040846328777,-2.422515316642165,365.8597662771286,148.24623938792286,30.0,2.2201802713468486
2024-12-22 22:37:30+00:00,145.08691034839575,23.992483438238416,2.2068669229481888,194.55632805731068,12.730833333333331,2024-12-26 22:37:30+00:00,339.8406403427015,143.28320480338942,-2.423779009141049,360.26711185308847,148.61320726812338,30.0,2.2068669229481888
2024-12-22 22:52:30+00:00,145.18237752447843,23.880644359572074,2.193389386883907,184.7303645610902,12.74125,2024-12-26 22:52:30+00:00,339.0404973315862,143.1460011776312,-2.42504262190132,355.9265442404007,148.96538037657444,30.0,2.193389386883907
2024-12-22 23:07:30+00:00,145.28013072619913,23.76868070793015,2.179744891065263,186.01957619545715,12.751666666666669,2024-12-26 23:07:30+00:00,339.0404973315862,143.0087975859668,-2.4263061548778353,352.88814691151924,149.1056519565787,30.0,2.179744891065263
2024-12-22 23:22:30+00:00,145.38020496237095,23.65659337797414,2.165930604015149,173.70126681724443,12.762083333333331,2024-12-26 23:22:30+00:00,338.2458809814118,142.87159402836838,-2.427569608025941,352.5876460767946,149.55071170328543,30.0,2.165930604015149
2024-12-22 23:37:30+00:00,145.4826359313205,23.544383306465477,2.1519436369396714,173.1525876460768,12.7725,2024-12-26 23:37:30+00:00,337.4568254626682,142.73439050487056,-2.428832981301478,351.2520868113522,149.74036489478033,30.0,2.1519436369396714
2024-12-22 23:52:30+00:00,145.5874600521259,23.432051474910462,2.1377810416289083,180.29270574173557,12.782916666666669,2024-12-26 23:52:30+00:00,337.4568254626682,142.59718701541223,-2.430096274659316,353.889816360601,149.74772362398437,30.0,2.1377810416289083
2024-12-23 00:07:30+00:00,145.69471448449215,23.319598911127876,2.1234398090014417,190.61649894578613,12.793333333333331,2024-12-27 00:07:30+00:00,336.67336549763405,142.45998356002391,-2.4313594880547846,354.42404006677793,149.69702989978683,30.0,2.1234398090014417
2024-12-23 00:22:30+00:00,145.8044371347184,23.207026690221415,2.108916868413565,177.29161004775403,12.80375,2024-12-27 00:22:30+00:00,336.67336549763405,142.32278013866716,-2.432622621443715,353.5893155258765,150.18007111449478,30.0,2.108916868413565
2024-12-23 00:37:30+00:00,145.91666671836316,23.094335938801215,2.0942090837729377,176.89299517460609,12.814166666666669,2024-12-27 00:37:30+00:00,335.89553646255507,142.18557675132462,-2.433885674780976,352.78797996661103,150.37491318466826,30.0,2.0942090837729377
2024-12-23 00:52:30+00:00,146.03144273274526,22.981527834143613,2.0793132547433486,177.1535235891841,12.824583333333331,2024-12-27 00:52:30+00:00,335.1233744863822,142.04837339799744,-2.4351486480218836,349.5826377295492,150.5558537274951,30.0,2.0793132547433486
2024-12-23 01:07:30+00:00,146.14880549051276,22.86860360672552,2.0642261145015226,173.30389358608434,12.835,2024-12-27 01:07:30+00:00,335.1233744863822,141.9111700786909,-2.4364115411222578,350.08347245409016,150.84813089851917,30.0,2.0642261145015226
2024-12-23 01:22:30+00:00,146.26879613065708,22.755564541919288,2.048944328779468,171.6589137235198,12.845416666666669,2024-12-27 01:22:30+00:00,334.3569165454796,141.7739667933293,-2.4376743540369543,353.9899833055092,151.0883567789499,30.0,2.048944328779468
2024-12-23 01:37:30+00:00,146.39145666502216,22.642411982684255,2.033464492887324,174.02545097860897,12.855833333333331,2024-12-27 01:37:30+00:00,333.59620055375797,141.6367635419718,-2.4389370867212885,355.59265442404006,151.2197312479561,30.0,2.033464492887324
2024-12-23 01:52:30+00:00,146.51682998325916,22.529147331098244,2.017783131092104,182.1968653257047,12.86625,2024-12-27 01:52:30+00:00,333.59620055375797,141.4995603245364,-2.440199739131078,355.42570951585975,151.19955368155703,30.0,2.017783131092104
2024-12-23 02:07:30+00:00,146.64495986872004,22.415772050363575,2.0018966954001156,179.07579564350127,12.876666666666669,2024-12-27 02:07:30+00:00,332.8412654477362,141.36235714109273,-2.4414623112211657,354.67445742904846,151.48159972346514,30.0,2.0018966954001156
2024-12-23 02:22:30+00:00,146.77589101871266,22.302287666852088,1.985801564093372,176.25274511146335,12.887083333333331,2024-12-27 02:22:30+00:00,332.092151266085,141.2251539915254,-2.442724802946863,353.71452420701166,151.7635304481843,30.0,1.985801564093372
2024-12-23 02:37:30+00:00,146.90966907745891,22.188695772488852,1.969494039538928,200.7558529307376,12.8975,2024-12-27 02:37:30+00:00,332.092151266085,141.08795087589775,-2.4439872142639927,353.4223706176962,151.3531630863129,30.0,1.969494039538928
2024-12-23 02:52:30+00:00,147.04634067221338,22.074998027532885,1.952970345818125,193.7155718370023,12.907916666666669,2024-12-27 02:52:30+00:00,331.3488992232619,140.95074779419195,-2.445249545127335,351.41903171953254,151.71835437794056,30.0,1.952970345818125
2024-12-23 03:07:30+00:00,147.1859534105278,21.961196162370367,1.9362266286146732,186.18189849489744,12.918333333333331,2024-12-27 03:07:30+00:00,330.6115517769045,140.81354474635074,-2.4465117954922295,350.70951585976627,152.1168198458038,30.0,1.9362266286146732
2024-12-23 03:22:30+00:00,147.32855591376654,21.847291980151997,1.9192589530267103,191.08740330830267,12.92875,2024-12-27 03:22:30+00:00,330.6115517769045,140.67634173237926,-2.4477739653144974,351.75292153589317,152.2009128050486,30.0,1.9192589530267103
2024-12-23 03:37:30+00:00,147.4741978265502,21.73328735946726,1.902063302792599,192.51226001669448,12.939166666666669,2024-12-27 03:37:30+00:00,329.88015268871595,140.53913875228866,-2.449036054548922,347.57929883138564,152.378121600666,30.0,1.902063302792599
2024-12-23 03:52:30+00:00,147.62292988776227,21.61918425694244,1.88463557593064,204.84928949824513,12.949583333333331,2024-12-27 03:52:30+00:00,329.88015268871595,140.40193580602153,-2.4502980631508127,346.74457429048414,152.2951263113626,30.0,1.88463557593064
2024-12-23 04:07:30+00:00,147.77480392599293,21.504984710107085,1.866971584812636,197.76043075745477,12.96,2024-12-27 04:07:30+00:00,329.15474707864416,140.264732893612,-2.4515599910759662,345.57595993322207,152.6804253242751,30.0,1.866971584812636
2024-12-23 04:22:30+00:00,147.92987288119517,21.390690840361646,1.8490670547311985,196.4870114263071,12.970416666666669,2024-12-27 04:22:30+00:00,328.4353814722329,140.12753001501306,-2.4528218382791867,345.3255425709516,152.93371638495358,30.0,1.8490670547311985
2024-12-23 04:37:30+00:00,148.0881908376537,21.27630485583404,1.830917621833664,202.0732228132158,12.980833333333331,2024-12-27 04:37:30+00:00,328.4353814722329,139.99032717022533,-2.4540836047157675,344.57429048414025,153.01835039197076,30.0,1.830917621833664
2024-12-23 04:52:30+00:00,148.24981303027374,21.161829054749756,1.81251883266206,216.14623594447295,12.99125,2024-12-27 04:52:30+00:00,327.7221038411071,139.85312435922472,-2.4553452903414947,344.57429048414025,152.91945928742462,30.0,1.81251883266206
2024-12-23 05:07:30+00:00,148.41479595274316,21.04726582769266,1.7938661376623883,222.03084435880652,13.001666666666669,2024-12-27 05:07:30+00:00,327.0149636366465,139.7159215819931,-2.4566068951111717,343.0717863105175,153.01960516426408,30.0,1.7938661376623883
2024-12-23 05:22:30+00:00,148.5831973065419,20.932617662093666,1.7749548941777278,228.76527545909852,13.012083333333331,2024-12-27 05:22:30+00:00,327.0149636366465,139.57871883853105,-2.457868418980069,342.37061769616025,153.10968232918776,30.0,1.7749548941777278
2024-12-23 05:37:30+00:00,148.75507605511828,20.817887145280284,1.755780363244425,227.6532810562556,13.0225,2024-12-27 05:37:30+00:00,326.3140118170031,139.44151612881436,-2.4591298619039814,341.23539232053423,153.3612249693827,30.0,1.755780363244425
2024-12-23 05:52:30+00:00,148.93049244449773,20.70307696850003,1.7363377084254874,224.7599209691994,13.032916666666669,2024-12-27 05:52:30+00:00,325.6193008677316,139.304313452854,-2.4603912238376764,344.82470784641066,153.65427205040356,30.0,1.7363377084254874
2024-12-23 06:07:30+00:00,149.10950805234953,20.588189929913742,1.7166219929856603,232.4069527644113,13.043333333333331,2024-12-27 06:07:30+00:00,325.6193008677316,139.16711081059228,-2.4616525047364464,340.0667779632721,153.73431171390027,30.0,1.7166219929856603
2024-12-23 06:22:30+00:00,149.2921858461754,20.47322893785866,1.69662817653054,223.52429145852685,13.05375,2024-12-27 06:22:30+00:00,324.9308848164257,139.029908202063,-2.462913704556066,344.5742904841402,154.15950992884456,30.0,1.69662817653054
2024-12-23 06:37:30+00:00,149.47859016576717,20.358197016555845,1.6763511162964395,225.86093100904608,13.064166666666669,2024-12-27 06:37:30+00:00,324.2488192418952,138.89270562721885,-2.4641748232512906,339.73288814691153,154.35372241152717,30.0,1.6763511162964395
2024-12-23 06:52:30+00:00,149.66878677532387,20.243097309536548,1.6557855642857635,226.55454564191348,13.074583333333331,2024-12-27 06:52:30+00:00,324.2488192418952,138.75550308603124,-2.4654358607774176,339.4824707846411,154.58701248026196,30.0,1.6557855642857635
2024-12-23 07:07:30+00:00,149.86284287615368,20.127933084964344,1.6349261668702784,226.5383679667117,13.085,2024-12-27 07:07:30+00:00,323.57316127857393,138.61830057854834,-2.4666968170901935,339.6661101836394,154.83947553291168,30.0,1.6349261668702784
2024-12-23 07:22:30+00:00,150.06082721550425,20.01270773675903,1.6137674585877348,223.93135846565983,13.095416666666669,2024-12-27 07:22:30+00:00,322.9039696170224,138.48109810467912,-2.467957692144379,340.73455759599335,155.15416062937507,30.0,1.6137674585877348
2024-12-23 07:37:30+00:00,150.26281005861725,19.897424792384808,1.5923038643572642,230.4480069522263,13.105833333333331,2024-12-27 07:37:30+00:00,322.9039696170224,138.34389566448215,-2.469218485895248,,155.26924293573455,30.0,1.5923038643572642
2024-12-23 07:52:30+00:00,150.46886323440836,19.782087917159753,1.5705296972894207,227.56942321709897,13.11625,2024-12-27 07:52:30+00:00,322.24130450158754,138.20669325788927,-2.470479198298548,341.5692821368948,155.59650309440698,30.0,1.5705296972894207
2024-12-23 08:07:30+00:00,150.67906016298704,19.66670092006993,1.5484391577190475,216.36830615127775,13.126666666666669,2024-12-27 08:07:30+00:00,322.24130450158754,138.0694908849256,-2.471739829309043,339.48247078464107,156.13305366733843,30.0,1.5484391577190475
2024-12-23 08:22:30+00:00,150.89347593476188,19.5512677561747,1.526026329131866,229.15373497215717,13.137083333333331,2024-12-27 08:22:30+00:00,321.58522772649764,137.9322885455333,-2.473000378881978,341.0684474123539,156.10069588088567,30.0,1.526026329131866
2024-12-23 08:37:30+00:00,151.11218733448018,19.43579253321188,1.503285177595468,212.8547579298831,13.1475,2024-12-27 08:37:30+00:00,320.9358026319212,137.79508623971685,-2.4742608469731087,339.39899833055097,156.78009571279725,30.0,1.503285177595468
2024-12-23 08:52:30+00:00,151.3352728592466,19.32027951864204,1.48020955169027,231.67632328390457,13.157916666666669,2024-12-27 08:52:30+00:00,320.9358026319212,137.65788396748667,-2.4755212335371852,340.19198664440734,156.59965607605642,30.0,1.48020955169027
2024-12-23 09:07:30+00:00,151.56281275964034,19.20473314541624,1.456793181136389,202.4692316651784,13.168333333333331,2024-12-27 09:07:30+00:00,320.2930941017905,137.52068172879953,-2.476781538529449,338.4927259718578,157.65177960989973,30.0,1.456793181136389
2024-12-23 09:22:30+00:00,151.79488911071252,19.089158015563346,1.4330296737031571,231.23223390335244,13.17875,2024-12-27 09:22:30+00:00,319.6571685655022,137.38347952365962,-2.4780417619056196,337.77724779394225,157.18352889757296,30.0,1.4330296737031571
2024-12-23 09:37:30+00:00,152.03158584698323,18.973558907291377,1.408912514478247,215.5219940210428,13.189166666666669,2024-12-27 09:37:30+00:00,319.6571685655022,137.2462773520339,-2.47930190362048,337.56260434056765,157.8742783086079,30.0,1.408912514478247
2024-12-23 09:52:30+00:00,152.27298878335765,18.857940783062116,1.3844350662082483,197.0370565115087,13.199583333333331,2024-12-27 09:52:30+00:00,319.02809400595487,137.10907521390777,-2.4805619636292184,336.5609348914858,158.73082183320173,30.0,1.3844350662082483
2024-12-23 10:07:30+00:00,152.51918565779724,18.74230879643607,1.359590568446252,200.6328376751951,13.21,2024-12-27 10:07:30+00:00,318.4059399767715,136.97187310928567,-2.4818219418875924,334.1193656093489,158.92709823771855,30.0,1.359590568446252
2024-12-23 10:22:30+00:00,152.77026621285546,18.626668295530948,1.33437213442522,192.42617904841404,13.220416666666669,2024-12-27 10:22:30+00:00,318.4059399767715,136.83467103814883,-2.483081838350331,338.0077907623818,159.5200958469788,30.0,1.33437213442522
2024-12-23 10:37:30+00:00,153.0263222071237,18.51102483343526,1.308772752556652,189.43976394766472,13.230833333333331,2024-12-27 10:37:30+00:00,317.790777631992,136.69746900045354,-2.4843416529726534,335.8931552587646,159.9522731151544,30.0,1.308772752556652
2024-12-23 10:52:30+00:00,153.28744746054076,18.39538417560066,1.2827852860104283,188.25149568346723,13.24125,2024-12-27 10:52:30+00:00,317.1826797720086,136.56026699624775,-2.48560138571027,334.34295253994753,160.3272680977068,30.0,1.2827852860104283
2024-12-23 11:07:30+00:00,153.55373791137504,18.27975230640197,1.256402471786879,189.89039703854252,13.251666666666669,2024-12-27 11:07:30+00:00,317.1826797720086,136.42306502543988,-2.486861036517935,330.6761268781302,160.6023408984342,30.0,1.256402471786879
2024-12-23 11:22:30+00:00,153.8252916627914,18.164135437091232,1.2296169206988428,180.7500690126589,13.262083333333331,2024-12-27 11:22:30+00:00,316.5817209100646,136.28586308807348,-2.4881206053508422,330.8848080133556,161.30338320462792,30.0,1.2296169206988428
2024-12-23 11:37:30+00:00,154.10220901528976,18.048540015603265,1.2024211185230902,176.62383041503284,13.2725,2024-12-27 11:37:30+00:00,315.9879773642469,136.1486611841235,-2.489380092164713,330.6510851419032,161.82974301901845,30.0,1.2024211185230902
2024-12-23 11:52:30+00:00,154.38459252682907,17.932972733571496,1.174807425678111,177.6228863930156,13.282916666666669,2024-12-27 11:52:30+00:00,315.9879773642469,136.01145931355663,-2.490639496914273,321.8936322442165,162.1429651271571,30.0,1.174807425678111
2024-12-23 12:07:30+00:00,154.6725470487554,17.81744053656008,1.1467680787590608,171.9338432270839,13.293333333333331,2024-12-27 12:07:30+00:00,315.4015273805916,135.87425747635805,-2.491898819554701,324.2404006677796,162.7643710998734,30.0,1.1467680787590608
2024-12-23 12:22:30+00:00,154.9661797796002,17.701950632248124,1.118295191274368,175.5338014719734,13.30375,2024-12-27 12:22:30+00:00,315.4015273805916,135.73705567253182,-2.4931580600417327,329.0484140233723,162.96718835476184,30.0,1.118295191274368
2024-12-23 12:37:30+00:00,155.26560030399438,17.586510501185213,1.0893807556837838,172.17455449004154,13.314166666666669,2024-12-27 12:37:30+00:00,314.8224512936792,135.59985390204434,-2.4944172183300295,330.75125208681135,163.49928392723567,30.0,1.0893807556837838
2024-12-23 12:52:30+00:00,155.57092064377807,17.471127905785544,1.0600166450465198,168.5182177819063,13.324583333333331,2024-12-27 12:52:30+00:00,314.2508317319574,135.46265216488092,-2.4956762943748356,327.46243739565944,164.06144242054089,30.0,1.0600166450465198
2024-12-23 13:07:30+00:00,155.88225530262403,17.355810900856284,1.0301946155101531,166.8288292988314,13.335,2024-12-27 13:07:30+00:00,314.2508317319574,135.32545046104534,-2.4969352881318327,332.2680658239924,164.53769514270613,30.0,1.0301946155101531
2024-12-23 13:22:30+00:00,156.1997213027532,17.240567845600285,0.9999063097487176,169.41908388981636,13.345416666666669,2024-12-27 13:22:30+00:00,313.68675387598,135.18824879053312,-2.4981941995556993,336.4059146196041,164.80051003768554,30.0,0.9999063097487176
2024-12-23 13:37:30+00:00,156.5234382465935,17.125407411569228,0.9691432592555806,173.16069418022283,13.355833333333331,2024-12-27 13:37:30+00:00,313.13030577881375,135.05104715327127,-2.4994530286016485,333.6811352253756,165.01433262862955,30.0,0.9691432592555806
2024-12-23 13:52:30+00:00,156.85352833980562,17.010338597771394,0.9378968896743608,176.76152861773514,13.36625,2024-12-27 13:52:30+00:00,313.13030577881375,134.91384554932176,-2.5007117752253736,327.79632721202006,165.24579633556326,30.0,0.9378968896743608
2024-12-23 14:07:30+00:00,157.1901164443808,16.895370740330254,0.9061585247063516,158.89272819039485,13.376666666666669,2024-12-27 14:07:30+00:00,312.5815787590559,134.7766439786071,-2.501970439381523,326.29382303839736,166.608795079581,30.0,0.9061585247063516
2024-12-23 14:22:30+00:00,157.53333012474414,16.780513523800902,0.8739193910674475,173.45727728031568,13.387083333333331,2024-12-27 14:22:30+00:00,312.040667878223,134.63944244112702,-2.503229021025317,330.3839732888147,166.23677778331398,30.0,0.8739193910674475
2024-12-23 14:37:30+00:00,157.88329966612952,16.665776997860988,0.8411706258686706,167.09963760739444,13.3975,2024-12-27 14:37:30+00:00,312.040667878223,134.5022409369143,-2.5044875201124075,344.629938786867,166.99630171782312,30.0,0.8411706258686706
2024-12-23 14:52:30+00:00,158.2401581367255,16.55117158508611,0.8079032818185159,169.31343906510853,13.407916666666669,2024-12-27 14:52:30+00:00,311.50767251574956,134.3650394658623,-2.5057459365974877,344.82470784641066,167.31130678356553,30.0,0.8079032818185159
2024-12-23 15:07:30+00:00,158.6040414110995,16.436708097080047,0.7741083356563584,157.67752455643125,13.418333333333331,2024-12-27 15:07:30+00:00,310.98269705646857,134.22783802805793,-2.5070042704357185,340.17807456872566,168.4275035907098,30.0,0.7741083356563584
2024-12-23 15:22:30+00:00,158.97508818726956,16.322397751797325,0.7397766977900033,141.3679089013466,13.42875,2024-12-27 15:22:30+00:00,310.98269705646857,134.09063662338832,-2.508262521582788,338.56427378964946,170.02422619571186,30.0,0.7397766977900033
2024-12-23 15:37:30+00:00,159.35344005343114,16.20825217909237,0.7048992194360223,144.3685211787087,13.439166666666669,2024-12-27 15:37:30+00:00,310.4658517072705,133.95343525192158,-2.5095206899933435,337.12437395659435,170.2632217825256,30.0,0.7048992194360223
2024-12-23 15:52:30+00:00,159.7392414822602,16.09428344344611,0.6694667054312838,148.3873901379082,13.449583333333331,2024-12-27 15:52:30+00:00,309.9572534616504,133.81623391359872,-2.5107787756225535,335.7262103505843,170.44125852961844,30.0,0.6694667054312838
2024-12-23 16:07:30+00:00,160.13263985309186,15.98050405916524,0.6334699260997879,147.64530030671273,13.46,2024-12-27 16:07:30+00:00,309.9572534616504,133.6790326084234,-2.512036778426091,336.4357262103506,170.97645320655994,30.0,0.6334699260997879
2024-12-23 16:22:30+00:00,160.53378550484186,15.866926997147935,0.5968996280654079,184.07722338787732,13.470416666666669,2024-12-27 16:22:30+00:00,309.4570272330924,133.54183133634697,-2.5132946983585915,333.83416805787425,169.301891868795,30.0,0.5968996280654079
2024-12-23 16:37:30+00:00,160.94283170835746,15.75356571230076,0.559746551426855,162.66020540070025,13.480833333333331,2024-12-27 16:37:30+00:00,309.4570272330924,133.40463009739796,-2.5145525353752305,334.55759599332225,170.94499924964086,30.0,0.559746551426855
2024-12-23 16:52:30+00:00,161.35993469299513,15.640434154858928,0.5220014444468263,150.50665838412857,13.49125,2024-12-27 16:52:30+00:00,308.9653071807016,133.2674288915215,-2.515810289431648,330.7178631051753,172.2556276951138,30.0,0.5220014444468263
2024-12-23 17:07:30+00:00,161.78525366479602,15.527546783113314,0.483655079927843,172.47812502029973,13.501666666666669,2024-12-27 17:07:30+00:00,308.4822382532132,133.1302277187273,-2.5170679604825037,329.73706176961605,171.36772202671287,30.0,0.483655079927843
2024-12-23 17:22:30+00:00,162.21895076769235,15.414918591722252,0.4446982766310505,151.95869084132468,13.512083333333331,2024-12-27 17:22:30+00:00,308.4822382532132,132.99302657899992,-2.518325548482935,326.76683361157484,173.18001130261644,30.0,0.4446982766310505
2024-12-23 17:37:30+00:00,162.66119110429116,15.30256511910402,0.4051219180028337,165.05719649480653,13.5225,2024-12-27 17:37:30+00:00,308.0079779804812,132.85582547229907,-2.519583053388581,325.7651641624931,172.83014650061165,30.0,0.4051219180028337
2024-12-23 17:52:30+00:00,163.11214270986406,15.190502468738842,0.3649169753901511,154.47062934347946,13.532916666666669,2024-12-27 17:52:30+00:00,307.54269854480117,132.71862439866342,-2.5208404751540825,330.8848080133556,174.06087078794894,30.0,0.3649169753901511
2024-12-23 18:07:30+00:00,163.57197650072206,15.078747336493445,0.3240745344093838,165.92634936307593,13.543333333333331,2024-12-27 18:07:30+00:00,307.54269854480117,132.5814233580192,-2.5220978137345837,330.7735114079021,173.8417103445858,30.0,0.3240745344093838
2024-12-23 18:22:30+00:00,164.0408662819562,14.967317012892009,0.2825858188347612,152.73129634662422,13.55375,2024-12-27 18:22:30+00:00,307.0865891679427,132.4442223503553,-2.52335506908571,329.4866444073456,175.2811616385807,30.0,0.2825858188347612
2024-12-23 18:37:30+00:00,164.51898866465743,14.856229417015564,0.240442222151182,149.6385025626368,13.564166666666669,2024-12-27 18:37:30+00:00,306.63985885356544,132.3070213757101,-2.5246122411620933,,176.07638296640093,30.0,0.240442222151182
2024-12-23 18:52:30+00:00,165.0065230090081,14.74550311542001,0.197635339011595,146.5077454672516,13.574583333333331,2024-12-27 18:52:30+00:00,306.63985885356544,132.16982043403897,-2.525869329918862,,176.89719955227645,30.0,0.197635339011595
2024-12-23 19:07:30+00:00,165.50365138594802,14.6351573284869,0.154156997190879,148.71478404344464,13.585,2024-12-27 19:07:30+00:00,306.20273952874305,132.03261952527234,-2.5271263353116535,,177.30259796833525,30.0,0.154156997190879
2024-12-23 19:22:30+00:00,166.0105584496174,14.525211970684913,0.1099992973211905,185.15743293085376,13.595416666666669,2024-12-27 19:22:30+00:00,305.77548963258977,131.8954186494778,-2.528383257295054,,175.55505048610934,30.0,0.1099992973211905
2024-12-23 19:37:30+00:00,166.52743136584445,14.415687657304485,0.0651546507527223,182.15963051259232,13.605833333333331,2024-12-27 19:37:30+00:00,305.77548963258977,131.7582178066105,-2.5296400958242073,,176.29766095316322,30.0,0.0651546507527223
2024-12-23 19:52:30+00:00,167.05445969714137,14.306605726351604,0.0196158222582447,173.99930116084948,13.61625,2024-12-27 19:52:30+00:00,305.35839820442834,131.62101699664458,-2.5308968508547247,,177.35449335701904,30.0,0.0196158222582447
2024-12-23 20:07:30+00:00,167.5918352439214,14.197988274082997,-0.0266240222880904,214.0688436629142,13.626666666666669,2024-12-27 20:07:30+00:00,304.95178952845515,131.4838162195455,-2.53215352234121,312.5208681135225,176.02184696877035,30.0,-0.0266240222880904
2024-12-23 20:22:30+00:00,168.13975193321892,14.089858151441645,-0.0735712693829412,200.221299064332,13.637083333333331,2024-12-27 20:22:30+00:00,304.95178952845515,131.3466154753412,-2.5334101102387874,309.5158597662771,177.2144678615307,30.0,-0.0735712693829412
2024-12-23 20:37:30+00:00,168.69840561508167,13.982239008186774,-0.1212318030144131,207.61060912155796,13.6475,2024-12-27 20:37:30+00:00,304.55602839633957,131.20941476399108,-2.5346666145030454,310.51752921535893,177.50933110236343,30.0,-0.1212318030144131
2024-12-23 20:52:30+00:00,169.26799387904023,13.87515530530189,-0.1696109489848849,213.14205846954223,13.657916666666669,2024-12-27 20:52:30+00:00,304.55602839633957,131.07221408547517,-2.535923035088585,309.5158597662771,177.90763388420757,30.0,-0.1696109489848849
2024-12-23 21:07:30+00:00,169.84871585057832,13.768632327797013,-0.2187134156910038,242.08440786524883,13.668333333333331,2024-12-27 21:07:30+00:00,304.1715260534587,130.9350134397921,-2.5371793719505265,307.6377295492488,177.5056966696935,30.0,-0.2187134156910038
2024-12-23 21:22:30+00:00,170.44077192606764,13.662696227327013,-0.2685432285296094,273.7741196567923,13.67875,2024-12-27 21:22:30+00:00,303.7987468982762,130.79781282691582,-2.5384356250444364,305.6761268781302,177.25563689803474,30.0,-0.2685432285296094
2024-12-23 21:37:30+00:00,171.04436352810262,13.557374015516857,-0.3191036634667312,265.76590036571974,13.689166666666669,2024-12-27 21:37:30+00:00,303.7987468982762,130.66061224684074,-2.539691794324926,,178.10983558358674,30.0,-0.3191036634667312
2024-12-23 21:52:30+00:00,171.65969279442578,13.452693606198348,-0.3703971739193462,246.96587335481615,13.699583333333331,2024-12-27 21:52:30+00:00,303.4382160074144,130.52341169953644,-2.540947879747082,305.008347245409,179.3114225915077,30.0,-0.3703971739193462
2024-12-23 22:07:30+00:00,172.28696225336168,13.348683827622562,-0.4224253145351445,325.9407240798821,13.71,2024-12-27 22:07:30+00:00,303.09052756080854,130.38621118499117,-2.5422038812664955,306.5108514190317,178.12113391285163,30.0,-0.4224253145351445
2024-12-23 22:22:30+00:00,172.92637447096894,13.245374431570054,-0.4751886609587525,245.28039599072383,13.720416666666669,2024-12-27 22:22:30+00:00,303.09052756080854,130.2490107032139,-2.5434597988377265,306.4106844741235,180.72721051493934,30.0,-0.4751886609587525
2024-12-23 22:37:30+00:00,173.57813164875677,13.142796136306387,-0.5286867242202804,206.7095644844968,13.730833333333331,2024-12-27 22:37:30+00:00,302.7563542414392,130.11181025417406,-2.5447156324158864,307.5125208681135,182.89123085261198,30.0,-0.5286867242202804
2024-12-23 22:52:30+00:00,174.24243519957798,13.040980609955392,-0.5829178617138311,210.29806959819763,13.74125,2024-12-27 22:52:30+00:00,302.4364576817989,129.9746098378162,-2.5459713819565186,307.51252086811354,183.45190679288834,30.0,-0.5829178617138311
2024-12-23 23:07:30+00:00,174.9194852794434,12.939960518033445,-0.6378791834477306,205.4492114689531,13.751666666666669,2024-12-27 23:07:30+00:00,302.4364576817989,129.8374094541782,-2.547227047414233,304.5075125208681,184.40246485650266,30.0,-0.6378791834477306
2024-12-23 23:22:30+00:00,175.60948027506353,12.839769518558578,-0.6935664537174677,197.36778125354553,13.762083333333331,2024-12-27 23:22:30+00:00,302.1317000235821,129.70020910320045,-2.5484826287440745,303.08848080133555,185.53872282610544,30.0,-0.6935664537174677
2024-12-23 23:37:30+00:00,176.31261625891548,12.74044227824894,-0.7499739892242364,232.24480663649035,13.7725,2024-12-27 23:37:30+00:00,301.84305664697655,129.56300878491462,-2.549738125901614,299.6661101836394,184.79959107529092,30.0,-0.7499739892242364
2024-12-23 23:52:30+00:00,177.0290863969565,12.64201449666654,-0.8070945529476982,241.41789714248668,13.782916666666669,2024-12-27 23:52:30+00:00,301.84305664697655,129.42580849927128,-2.550993538841417,298.71213927975197,185.24014441302702,30.0,-0.8070945529476982
2024-12-24 00:07:30+00:00,177.75908029525291,12.544522888521923,-0.8649192431829992,232.1671008100401,13.793333333333331,2024-12-28 00:07:30+00:00,301.57163011000483,129.28860824626878,-2.5522488675185526,297.1380872883377,186.3452666033574,30.0,-0.8649192431829992
2024-12-24 00:22:30+00:00,178.50278334040388,12.448005223844676,-0.9234373817679876,232.6246008720035,13.80375,2024-12-28 00:22:30+00:00,301.31866531492807,129.1514080258807,-2.553504111888558,293.8230383973289,187.11946606490375,30.0,-0.9234373817679876
2024-12-24 00:37:30+00:00,179.26037593017625,12.352500300067128,-0.9826363951435244,211.91241065205764,13.814166666666669,2024-12-28 00:37:30+00:00,301.31866531492807,129.01420783808643,-2.554759271906012,292.6544240400668,188.7707161459021,30.0,-0.9826363951435244
2024-12-24 00:52:30+00:00,180.0320327205783,12.258047967228462,-1.0425016970600254,177.57174656172987,13.824583333333331,2024-12-28 00:52:30+00:00,301.08556588576073,128.87700768289886,-2.5560143475259496,291.48580968280464,191.44232571659927,30.0,-1.0425016970600254
2024-12-24 01:07:30+00:00,180.817921767908,12.164689112386808,-1.103016565591008,159.6302236010148,13.835,2024-12-28 01:07:30+00:00,301.08556588576073,128.7398075602623,-2.5572693387039247,290.31719532554257,193.57745607720577,30.0,-1.103016565591008
2024-12-24 01:22:30+00:00,181.61820365609037,12.072465660789364,-1.164162021017239,135.22148564760036,13.845416666666669,2024-12-28 01:22:30+00:00,300.87391169604376,128.6026074701707,-2.558524245394471,290.0548533269735,196.75883977462624,30.0,-1.164162021017239
2024-12-24 01:37:30+00:00,182.43303053961856,11.981420559489743,-1.2259167008617915,134.61380868045796,13.855833333333331,2024-12-28 01:37:30+00:00,300.68547742638395,128.46540741262237,-2.5597790675526486,292.1118530884808,197.71925381750125,30.0,-1.2259167008617915
2024-12-24 01:52:30+00:00,183.26254518556792,11.891597775552569,-1.2882567382716152,148.87950505744868,13.86625,2024-12-28 01:52:30+00:00,300.68547742638395,128.3282073876196,-2.5610338051339694,292.4040066777963,197.15293642173796,30.0,-1.2882567382716152
2024-12-24 02:07:30+00:00,184.1068798773896,11.803042259614957,-1.351155635932697,166.40508632151392,13.876666666666669,2024-12-28 02:07:30+00:00,300.52225195370414,128.19100739508357,-2.5622884580930005,297.4958263772955,196.59512607042882,30.0,-1.351155635932697
2024-12-24 02:22:30+00:00,184.9661553933393,11.715799944655116,-1.4145841501244605,160.79031395367684,13.887083333333331,2024-12-28 02:22:30+00:00,300.3864582751322,128.053807435056,-2.5635430263847403,297.3288814691152,197.9524527593489,30.0,-1.4145841501244605
2024-12-24 02:37:30+00:00,185.8404797958844,11.629917697385,-1.4785101692988234,161.93785759437247,13.8975,2024-12-28 02:37:30+00:00,300.3864582751322,127.91660750751022,-2.564797509964747,300.1669449081803,198.79531744596093,30.0,-1.4785101692988234
2024-12-24 02:52:30+00:00,186.72994730269957,11.545443298202958,-1.5428986055455898,158.52051153216524,13.907916666666669,2024-12-28 02:52:30+00:00,300.28057354525185,127.77940761238168,-2.566051908787513,299.49916527545906,200.0249189168158,30.0,-1.5428986055455898
2024-12-24 03:07:30+00:00,187.6346370239109,11.462425394545615,-1.6077112866668954,148.56994667487885,13.918333333333331,2024-12-28 03:07:30+00:00,300.2073486522756,127.64220774972674,-2.5673062228081,307.3455759599332,201.88386078683368,30.0,-1.6077112866668954
2024-12-24 03:22:30+00:00,188.5546116983809,11.38091345220827,-1.6729068586537168,146.05118563301295,13.92875,2024-12-28 03:22:30+00:00,300.2073486522756,127.50500791947478,-2.5685604519819836,307.5125208681135,203.1133099856092,30.0,-1.6729068586537168
2024-12-24 03:37:30+00:00,189.48991642843487,11.300957712357633,-1.738440699856428,149.73499521856814,13.939166666666669,2024-12-28 03:37:30+00:00,300.1698265731634,127.3678081216341,-2.569814596263713,307.5125208681135,203.75141992597534,30.0,-1.738440699856428
2024-12-24 03:52:30+00:00,190.4405772714612,11.222609113362072,-1.8042648398633152,180.4152551987941,13.949583333333331,2024-12-28 03:52:30+00:00,300.1713585272174,127.23060835615898,-2.571068655608282,307.5125208681135,202.32645483054824,30.0,-1.8042648398633152
2024-12-24 04:07:30+00:00,191.40660001750737,11.145919246167717,-1.870327904550835,160.49273060278458,13.96,2024-12-28 04:07:30+00:00,300.1713585272174,127.0934086230952,-2.5723226299712083,307.5125208681135,204.822482914625,30.0,-1.870327904550835
2024-12-24 04:22:30+00:00,192.38796865139756,11.070940251527151,-1.9365750588133983,149.0814788401381,13.970416666666669,2024-12-28 04:22:30+00:00,300.2156166912354,126.9562089223636,-2.5735765193069797,306.7612687813022,206.88818933527256,30.0,-1.9365750588133983
2024-12-24 04:37:30+00:00,193.3846442110519,10.997724766682287,-2.0029479910060246,110.11945475468823,13.980833333333331,2024-12-28 04:37:30+00:00,300.30660194852345,126.819009253962,-2.5748303235706103,304.3071786310518,213.09120393808965,30.0,-2.0029479910060246
2024-12-24 04:52:30+00:00,194.3965631604416,10.926325802717349,-2.0693848886659376,154.13067085919897,13.99125,2024-12-28 04:52:30+00:00,300.30660194852345,126.68180961789253,-2.576084042717613,305.5091819699499,208.52891865508917,30.0,-2.0693848886659376
2024-12-24 05:07:30+00:00,195.4236363400776,10.856796674600632,-2.1358204692439857,170.19822681815972,14.001666666666669,2024-12-28 05:07:30+00:00,300.4486448245136,126.54461001411956,-2.577337676702468,,208.2684806034574,30.0,-2.1358204692439857
2024-12-24 05:22:30+00:00,196.46574735445336,10.789190867619288,-2.202186001293743,167.10180397750298,14.012083333333331,2024-12-28 05:22:30+00:00,300.4486448245136,126.40741044265545,-2.578591225480151,305.2587646076795,209.5948118197242,30.0,-2.202186001293743
2024-12-24 05:37:30+00:00,197.522751598166,10.7235619418003,-2.268409386307055,166.38993792242735,14.0225,2024-12-28 05:37:30+00:00,300.6463974245865,126.27021090344378,-2.579844689006176,308.5141903171953,210.75303019554474,30.0,-2.268409386307055
2024-12-24 05:52:30+00:00,198.59447476367467,10.659963392643231,-2.3344152369353837,161.82504821952443,14.032916666666669,2024-12-28 05:52:30+00:00,300.9048138537425,126.13301139649266,-2.581098067235024,310.15979012640116,212.24284543276767,30.0,-2.3344152369353837
2024-12-24 06:07:30+00:00,199.68071196540515,10.598448529023626,-2.400125015983381,161.60267111853085,14.043333333333331,2024-12-28 06:07:30+00:00,300.9048138537425,125.9958119217708,-2.5823513601216685,313.5225375626043,213.3913349075819,30.0,-2.400125015983381
2024-12-24 06:22:30+00:00,200.78122644753904,10.539070327633365,-2.4654571800570677,199.7492578421883,14.05375,2024-12-28 06:22:30+00:00,301.2291162915559,125.85861247927976,-2.5836045676215984,309.6410684474123,211.90744716081187,30.0,-2.4654571800570677
2024-12-24 06:37:30+00:00,201.8957488633149,10.481881288005283,-2.5303273819263787,233.11279316660455,14.064166666666669,2024-12-28 06:37:30+00:00,301.62474365981245,125.7214130689694,-2.5848576896892688,310.6010016694491,211.45758086577473,30.0,-2.5303273819263787
2024-12-24 06:52:30+00:00,203.023976254806,10.426933280064496,-2.594648685196839,228.79102711639135,14.074583333333331,2024-12-28 06:52:30+00:00,301.62474365981245,125.58421369086646,-2.586110726279668,306.42737896494157,212.79385448034037,30.0,-2.594648685196839
2024-12-24 07:07:30+00:00,204.165571545417,10.37427738011073,-2.6583318336892674,205.81486944259848,14.085,2024-12-28 07:07:30+00:00,302.0972797083002,125.44701434492885,-2.587363677348265,309.5158597662771,215.05532809019564,30.0,-2.6583318336892674
2024-12-24 07:22:30+00:00,205.32016286981604,10.323963711848313,-2.721285539950984,224.41869134641877,14.095416666666669,2024-12-28 07:22:30+00:00,302.6523574243695,125.30981503115002,-2.588616542849519,312.3539232053422,215.33278557402602,30.0,-2.721285539950984
2024-12-24 07:37:30+00:00,206.48734333876433,10.276041268976613,-2.7834168220428546,288.54900839921265,14.105833333333331,2024-12-28 07:37:30+00:00,302.6523574243695,125.17261574949823,-2.589869322738391,306.1531123300739,214.2936168016119,30.0,-2.7834168220428546
2024-12-24 07:52:30+00:00,207.66667079158947,10.230557750153642,-2.8446313646033508,296.97456926592866,14.11625,2024-12-28 07:52:30+00:00,303.2955370245276,125.03541649996068,-2.5911220169703446,307.51252086811354,215.2689605371394,30.0,-2.8446313646033508
2024-12-24 08:07:30+00:00,208.85766788822855,10.187559375452958,-2.9048339192634467,287.5433165307876,14.126666666666669,2024-12-28 08:07:30+00:00,304.0321554998361,124.89821728253044,-2.592374625499839,307.7128547579299,216.72638554794287,30.0,-2.9048339192634467
2024-12-24 08:22:30+00:00,210.0598223560449,10.147090715484676,-2.9639287326327586,240.00583496766455,14.137083333333331,2024-12-28 08:22:30+00:00,304.0321554998361,124.76101809717592,-2.593627148281822,309.5158597662771,219.50633738598148,30.0,-2.9639287326327586
2024-12-24 08:37:30+00:00,211.2725874531789,10.109194510650378,-3.02182000170696,230.26338395708055,14.1475,2024-12-28 08:37:30+00:00,304.86714684846044,124.62381894388407,-2.594879585271729,308.2637729549249,221.13757973428426,30.0,-3.02182000170696
2024-12-24 08:52:30+00:00,212.495382738276,10.073911497151652,-3.0784123566859947,289.0939089515665,14.157916666666669,2024-12-28 08:52:30+00:00,305.80483381030973,124.48661982266256,-2.5961319364240154,309.372764130694,220.36678986356984,30.0,-3.0784123566859947
2024-12-24 09:07:30+00:00,213.7275949703585,10.041280235980206,-3.133611359329293,277.6804478051655,14.168333333333331,2024-12-28 09:07:30+00:00,305.80483381030973,124.34942073345046,-2.5973842016936226,310.9181969949916,221.93595962095264,30.0,-3.133611359329293
2024-12-24 09:22:30+00:00,214.96857941948272,10.011336938449167,-3.187324023781667,273.2515357310728,14.17875,2024-12-28 09:22:30+00:00,306.8486941569295,124.21222167626384,-2.5986363810359916,309.5158597662771,223.32250107361884,30.0,-3.187324023781667
2024-12-24 09:37:30+00:00,216.21766121460016,9.984115314580697,-3.239459339434897,250.3998573674571,14.189166666666669,2024-12-28 09:37:30+00:00,306.8486941569295,124.0750226510811,-2.5998884744055446,310.51752921535893,225.34638308151216,30.0,-3.239459339434897
2024-12-24 09:52:30+00:00,217.47413717281088,9.959646404903438,-3.289928807917435,308.57691717114955,14.199583333333331,2024-12-28 09:52:30+00:00,308.0011073612563,123.93782365785584,-2.601140481757232,309.57846410684476,224.89084560391535,30.0,-3.289928807917435
2024-12-24 10:07:30+00:00,218.7372776366327,9.937958449414722,-3.3386469700865296,350.46177285767544,14.21,2024-12-28 10:07:30+00:00,309.26309066620024,123.8006246966185,-2.6023924030464656,307.0116861435726,225.27465769687015,30.0,-3.3386469700865296
2024-12-24 10:22:30+00:00,220.00632875777148,9.919076736047456,-3.38553193345707,359.72264789768406,14.220416666666669,2024-12-28 10:22:30+00:00,309.26309066620024,123.66342576731846,-2.6036442382276768,308.23594880356154,226.381401682717,30.0,-3.38553193345707
2024-12-24 10:37:30+00:00,221.28051479833815,9.90302349420046,-3.4305058785667555,379.0007154781779,14.230833333333331,2024-12-28 10:37:30+00:00,310.6340369674674,123.52622686992358,-2.604895987255784,303.70617696160264,227.3361535159512,30.0,-3.4305058785667555
2024-12-24 10:52:30+00:00,222.55904081173313,9.88981776782887,-3.473495550900058,308.91329298831386,14.24125,2024-12-28 10:52:30+00:00,312.11147018049473,123.38902800446432,-2.6061476500862115,303.1051752921536,229.9934878352156,30.0,-3.473495550900058
2024-12-24 11:07:30+00:00,223.84109533518148,9.87947534162093,-3.51443272038289,269.4899265766569,14.251666666666669,2024-12-28 11:07:30+00:00,312.11147018049473,123.25182917087535,-2.6073992266733637,298.1636060100167,232.36750170005695,30.0,-3.51443272038289
2024-12-24 11:22:30+00:00,225.1258534215698,9.872008623111393,-3.5532546132652683,293.7909336072942,14.262083333333331,2024-12-28 11:22:30+00:00,313.6908364142979,123.1146303691682,-2.608650716972152,303.25542570951586,232.94989789586307,30.0,-3.5532546132652683
2024-12-24 11:37:30+00:00,226.4124796428887,9.867426607311389,-3.589904300168698,285.10641379884765,14.2725,2024-12-28 11:37:30+00:00,315.36535078838324,122.97743159932958,-2.6099021209379902,299.93739565943235,234.47668475866448,30.0,-3.589904300168698
2024-12-24 11:52:30+00:00,227.7001311652087,9.865734867691934,-3.6243310396890744,309.7321735967208,14.282916666666669,2024-12-28 11:52:30+00:00,315.36535078838324,122.84023286132305,-2.611153438525287,298.7479131886478,235.1238023068461,30.0,-3.6243310396890744
2024-12-24 12:07:30+00:00,228.9879611946509,9.866935437831396,-3.656490580409373,294.9392972508421,14.293333333333331,2024-12-28 12:07:30+00:00,317.1259195578443,122.70303415514556,-2.6124046696889263,298.4418475236505,236.7835066309181,30.0,-3.656490580409373
2024-12-24 12:22:30+00:00,230.27512211529967,9.871026857388722,-3.6863454011335666,295.8977271940094,14.30375,2024-12-28 12:22:30+00:00,318.96115490810695,122.56583548074008,-2.6136558143843183,298.42594800858575,238.04383825566143,30.0,-3.6863454011335666
2024-12-24 12:37:30+00:00,231.56076877345893,9.878004174750542,-3.713864899129843,317.2693011306269,14.314166666666669,2024-12-28 12:37:30+00:00,318.96115490810695,122.42863683817193,-2.614906872565845,297.0951585976628,238.80366503074686,30.0,-3.713864899129843
2024-12-24 12:52:30+00:00,232.84406181176328,9.887858981387732,-3.739025521626153,313.82713879858244,14.324583333333331,2024-12-28 12:52:30+00:00,320.85749511394556,122.29143822733622,-2.6161578441884097,297.74624373956595,240.1628144709574,30.0,-3.739025521626153
2024-12-24 13:07:30+00:00,234.12417080929345,9.900579428673591,-3.76181083531047,341.54302870375363,14.335,2024-12-28 13:07:30+00:00,322.7994358272128,122.15423964826292,-2.617408729207385,306.12131329994435,240.84476039262387,30.0,-3.76181083531047
2024-12-24 13:22:30+00:00,235.40027744097628,9.916150305566486,-3.782211538490417,323.0084138753059,14.345416666666669,2024-12-28 13:22:30+00:00,322.7994358272128,122.0170411009302,-2.618659527577166,307.5125208681135,242.50099746983244,30.0,-3.782211538490417
2024-12-24 13:37:30+00:00,236.67157845879203,9.93455311450138,-3.800225413431538,311.69650567037013,14.355833333333331,2024-12-28 13:37:30+00:00,324.76986956475946,121.879842585291,-2.6199102392526306,307.0116861435726,244.0232511793507,30.0,-3.800225413431538
2024-12-24 13:52:30+00:00,237.93728857254484,9.955766161917015,-3.815857222335329,320.3591746762403,14.36625,2024-12-28 13:52:30+00:00,324.76986956475946,121.74264410136098,-2.621160864189151,312.02003338898163,245.08260648801357,30.0,-3.815857222335329
2024-12-24 14:07:30+00:00,239.1966431118049,9.979764667833448,-3.829118548186182,344.3457349550839,14.376666666666669,2024-12-28 14:07:30+00:00,326.7505209083595,121.60544564913248,-2.622411402341101,318.19699499165273,245.83627087194466,30.0,-3.829118548186182
2024-12-24 14:22:30+00:00,240.4489005675622,10.006520888156624,-3.84002758521675,312.2658606163021,14.387083333333331,2024-12-28 14:22:30+00:00,328.7224556935124,121.46824722852944,-2.623661853663353,321.9254312743461,247.76084915459737,30.0,-3.84002758521675
2024-12-24 14:37:30+00:00,241.69334483177704,10.036004244311483,-3.8486088813482904,254.65611001834745,14.3975,2024-12-28 14:37:30+00:00,328.7224556935124,121.33104883961094,-2.6249122181112527,331.1074012242626,250.64622208412675,30.0,-3.8486088813482904
2024-12-24 14:52:30+00:00,242.9292873262464,10.068181472591151,-3.854893039047095,238.115305444349,14.407916666666669,2024-12-28 14:52:30+00:00,330.66663485048656,121.19385048228206,-2.626162495639196,332.74207011686144,252.4886485950068,30.0,-3.854893039047095
2024-12-24 15:07:30+00:00,244.15606876627075,10.103016771948472,-3.858916377874347,253.13200340385723,14.418333333333331,2024-12-28 15:07:30+00:00,332.5644787261122,121.05665215658306,-2.627412686202018,333.3333333333333,253.1326184624491,30.0,-3.858916377874347
2024-12-24 15:22:30+00:00,245.37306082789297,10.140471971122832,-3.8607205657534087,298.25357631981444,14.42875,2024-12-28 15:22:30+00:00,332.5644787261122,120.91945386245636,-2.6286627897550887,334.94713411240957,252.97724321987647,30.0,-3.8607205657534087
2024-12-24 15:37:30+00:00,246.57966739945,10.180506689808054,-3.86035222326594,295.8002292978257,14.439166666666669,2024-12-28 15:37:30+00:00,334.39840643508506,120.78225559992347,-2.629912806252744,338.8146911519199,254.23146199287925,30.0,-3.86035222326594
2024-12-24 15:52:30+00:00,247.77532577186247,10.22307851678846,-3.85786250762274,267.32709856232884,14.449583333333331,2024-12-28 15:52:30+00:00,336.15231728836386,120.64505736890813,-2.6311627356498386,341.0684474123539,256.2239300077491,30.0,-3.85786250762274
2024-12-24 16:07:30+00:00,248.95950737714284,10.268143179174263,-3.853306681570946,242.60239557839117,14.46,2024-12-28 16:07:30+00:00,336.15231728836386,120.50785916948368,-2.6324125779017367,341.46911519198665,258.24793352825264,30.0,-3.853306681570946
2024-12-24 16:22:30+00:00,250.13171850611872,10.31565472463878,-3.846743672586061,261.79554921633144,14.470416666666669,2024-12-28 16:22:30+00:00,337.81198724079155,120.370661001526,-2.6336623329627376,341.3466889259878,258.71845187188063,30.0,-3.846743672586061
2024-12-24 16:37:30+00:00,251.2915005536561,10.365565693587904,-3.8382356286109593,305.23071786310516,14.480833333333331,2024-12-28 16:37:30+00:00,339.365361683524,120.23346286508963,-2.6349120007877085,338.9538119087367,258.6376442152732,30.0,-3.8382356286109593
2024-12-24 16:52:30+00:00,252.4384303014444,10.417827299428746,-3.827847473513324,276.81286993473975,14.49125,2024-12-28 16:52:30+00:00,339.365361683524,120.09626476014608,-2.636161581331994,342.07011686143574,260.5171745632269,30.0,-3.827847473513324
2024-12-24 17:07:30+00:00,253.57211970602177,10.472389598997426,-3.8156464697052623,282.56976383564177,14.501666666666669,2024-12-28 17:07:30+00:00,340.80273554279734,119.9590666866438,-2.6374110745498944,341.48580968280464,261.46422144535546,30.0,-3.8156464697052623
2024-12-24 17:22:30+00:00,254.69221579070543,10.52920166522387,-3.8017017882065938,271.81131845924045,14.512083333333331,2024-12-28 17:22:30+00:00,342.1168212205989,119.82186864459372,-2.638660480396263,340.28142141664677,262.8728219262838,30.0,-3.8017017882065938
2024-12-24 17:37:30+00:00,255.7984000460958,10.588211752259848,-3.786084094797625,258.60909735403754,14.5225,2024-12-28 17:37:30+00:00,342.1168212205989,119.68467063398168,-2.639909798826394,340.63916050560454,264.37057465729106,30.0,-3.786084094797625
2024-12-24 17:52:30+00:00,256.89038797605104,10.649367455979853,-3.768865149553609,254.28594583205015,14.532916666666669,2024-12-28 17:52:30+00:00,343.3027132744505,119.54747265475608,-2.641159029794631,340.42451705222993,265.5808340767172,30.0,-3.768865149553609
2024-12-24 18:07:30+00:00,257.9679281909054,10.712615870330987,-3.7501174291871258,228.29431818562,14.543333333333331,2024-12-28 18:07:30+00:00,343.3027132744505,119.41027470692772,-2.642408173255794,341.9031719532554,267.6161546665876,30.0,-3.7501174291871258
2024-12-24 18:22:30+00:00,259.0308016480418,10.777903733488994,-3.729913767265678,262.0639577289009,14.55375,2024-12-28 18:22:30+00:00,344.3577650721067,119.2730767904824,-2.643657229165175,347.72239446696875,267.4073039942581,30.0,-3.729913767265678
2024-12-24 18:37:30+00:00,260.0788205625225,10.84517757022024,-3.708327020558676,273.56856897418027,14.564166666666669,2024-12-28 18:37:30+00:00,345.28139658113474,119.1358789053976,-2.6449061974771055,347.245409015025,268.07497537283086,30.0,-3.708327020558676
2024-12-24 18:52:30+00:00,261.11182733065834,10.91438382586114,-3.6854297582893816,269.210402754591,14.574583333333331,2024-12-28 18:52:30+00:00,345.28139658113474,118.99868105162577,-2.6461550781463687,337.41950870498454,269.20807173497246,30.0,-3.6854297582893816
2024-12-24 19:07:30+00:00,262.1296933722698,10.98546898954972,-3.661293976405812,263.3494215391411,14.585,2024-12-28 19:07:30+00:00,346.07485397437426,118.86148322916708,-2.647403871128294,345.1585976627713,270.3752980881161,30.0,-3.661293976405812
2024-12-24 19:22:30+00:00,263.1323178393898,11.058379714572036,-3.635990838832969,226.43953514757607,14.595416666666669,2024-12-28 19:22:30+00:00,346.7409411758094,118.72428543801354,-2.6486525763771627,345.4328642976389,272.685193689457,30.0,-3.635990838832969
2024-12-24 19:37:30+00:00,264.11962635420974,11.133062925454563,-3.6095904428233103,231.30784316903575,14.605833333333331,2024-12-28 19:37:30+00:00,346.7409411758094,118.58708767814666,-2.649901193847767,345.57595993322207,273.4345715484076,30.0,-3.6095904428233103
2024-12-24 19:52:30+00:00,265.09156965213515,11.209465920136642,-3.58216161089719,260.50483854246727,14.61625,2024-12-28 19:52:30+00:00,347.28374135342057,118.44988994953744,-2.651149723495408,343.57262103505843,273.3290158687654,30.0,-3.58216161089719
2024-12-24 20:07:30+00:00,266.04812223375404,11.287536462553415,-3.55377170693526,258.73802616010505,14.626666666666669,2024-12-28 20:07:30+00:00,347.70834326750446,118.31269225217774,-2.6523981652743656,343.51001669449084,274.30735999482783,30.0,-3.55377170693526
2024-12-24 20:22:30+00:00,266.9892809906434,11.367222867130495,-3.5244864766477875,267.7750855836251,14.637083333333331,2024-12-28 20:22:30+00:00,347.70834326750446,118.17549458601982,-2.653646519139434,345.0125208681135,274.9357955727247,30.0,-3.5244864766477875
2024-12-24 20:37:30+00:00,267.91506383223657,11.448474076825493,-3.4943699110923068,268.1467162619961,14.6475,2024-12-28 20:37:30+00:00,348.02058385067744,118.0382969510638,-2.654894785045888,345.24207011686144,275.81596113286014,30.0,-3.4943699110923068
2024-12-24 20:52:30+00:00,268.8255083339458,11.531239729825426,-3.4634841317691505,347.60503342197467,14.657916666666669,2024-12-28 20:52:30+00:00,348.2268148745928,117.90109934731598,-2.656142962948011,344.1847523650529,274.89316431584035,30.0,-3.4634841317691505
2024-12-24 21:07:30+00:00,269.7206703844813,11.615470222428671,-3.431889296891322,377.30230656536406,14.668333333333331,2024-12-28 21:07:30+00:00,348.2268148745928,117.76390177471394,-2.6573910528005658,344.12910406232606,275.28524958699575,30.0,-3.431889296891322
2024-12-24 21:22:30+00:00,270.60062285720437,11.701116766696012,-3.399643527063128,420.4390129382304,14.67875,2024-12-28 21:22:30+00:00,348.3336983641879,117.62670423328692,-2.658639054558828,345.07512520868113,275.5710171293463,30.0,-3.399643527063128
2024-12-24 21:37:30+00:00,271.46545434586864,11.788131430551704,-3.3668028478749794,378.05144496490914,14.689166666666669,2024-12-28 21:37:30+00:00,348.3480327396147,117.48950672298275,-2.659886968177076,339.2320534223706,276.96684983719365,30.0,-3.3668028478749794
2024-12-24 21:52:30+00:00,272.3152678764971,11.876467190120817,-3.3334211509150156,287.07299690517334,14.699583333333331,2024-12-28 21:52:30+00:00,348.3480327396147,117.35230924378274,-2.6611347936100542,341.9588202559822,279.5250107642986,30.0,-3.3334211509150156
2024-12-24 22:07:30+00:00,273.15017973660787,11.966077951889735,-3.299550167427228,258.40538381089107,14.71,2024-12-28 22:07:30+00:00,348.2766095752067,117.2151117956868,-2.662382530813039,346.9671675013912,281.1201718626704,30.0,-3.299550167427228
2024-12-24 22:22:30+00:00,273.97031826822166,12.056918595895114,-3.265239458333982,270.18428772873887,14.720416666666669,2024-12-28 22:22:30+00:00,348.2766095752067,117.07791437864284,-2.6636301797402706,346.6889259877574,281.554455800962,30.0,-3.265239458333982
2024-12-24 22:37:30+00:00,274.77582278395425,12.14894498621979,-3.2305364139963375,336.57460289566427,14.730833333333331,2024-12-28 22:37:30+00:00,348.12609935771815,116.9407169926611,-2.6648777403465074,345.7637729549249,280.8327423779531,30.0,-3.2305364139963375
2024-12-24 22:52:30+00:00,275.56684246812125,12.242114003163447,-3.195486267201056,261.73405379774965,14.74125,2024-12-28 22:52:30+00:00,347.9029636429315,116.80351963772682,-2.6661252125870067,345.07512520868113,283.31503304014484,30.0,-3.195486267201056
2024-12-24 23:07:30+00:00,276.34353538167994,12.3363835447313,-3.1601321139605028,226.62236413439877,14.751666666666669,2024-12-28 23:07:30+00:00,347.9029636429315,116.66632231380234,-2.667372596415996,343.1274346132443,285.24468543270933,30.0,-3.1601321139605028
2024-12-24 23:22:30+00:00,277.1060674749952,12.431712549374629,-3.124514944414491,241.2791159869624,14.762083333333331,2024-12-28 23:22:30+00:00,347.6133904625869,116.5291250208688,-2.668619891788235,344.6458383019318,285.4213873002334,30.0,-3.124514944414491
2024-12-24 23:37:30+00:00,277.8546116902696,12.52806099039973,-3.0886736796663468,242.69333351069844,14.7725,2024-12-28 23:37:30+00:00,347.2632496255531,116.39192775892592,-2.6698670986589583,343.8230383973289,286.0761393100878,30.0,-3.0886736796663468
2024-12-24 23:52:30+00:00,278.5893470836619,12.625389889599033,-3.052645216147906,238.33691691080463,14.782916666666669,2024-12-28 23:52:30+00:00,347.2632496255531,116.25473052793592,-2.6711142169823936,343.4056761268781,286.9145152078699,30.0,-3.052645216147906
2024-12-25 00:07:30+00:00,279.3104580264834,12.723661305872644,-3.016464474199649,247.40191986644408,14.793333333333331,2024-12-29 00:07:30+00:00,346.8580645954574,116.11753332787978,-2.672361246713276,342.4457429048414,287.2852232474009,30.0,-3.016464474199649
2024-12-25 00:22:30+00:00,280.01813343506495,12.822838342257366,-2.980164451901395,251.7444768518218,14.80375,2024-12-29 00:22:30+00:00,346.4029978305552,115.98033615875724,-2.6736081878068245,337.56260434056765,287.81034461186186,30.0,-2.980164451901395
2024-12-25 00:37:30+00:00,280.7125660654271,12.922885129407511,-2.943776281834597,229.5456829343404,14.814166666666669,2024-12-29 00:37:30+00:00,346.4029978305552,115.84313902053036,-2.674855040217273,336.7835281023929,289.20856858272265,30.0,-2.943776281834597
2024-12-25 00:52:30+00:00,281.3939518463832,13.023766826784524,-2.9073292910417416,209.0182666904387,14.824583333333331,2024-12-29 00:52:30+00:00,345.9028467743959,115.70594191318006,-2.676101803899338,335.7739088957787,290.6692173871567,30.0,-2.9073292910417416
2024-12-25 01:07:30+00:00,282.06248926628405,13.125449602224814,-2.870851062782559,193.67381009164933,14.835,2024-12-29 01:07:30+00:00,345.3620480372062,115.56874483672048,-2.6773484788082365,335.1585976627713,292.0126609911837,30.0,-2.870851062782559
2024-12-25 01:22:30+00:00,282.71837879840825,13.227900628722988,-2.8343675000503294,204.35221493186316,14.845416666666669,2024-12-29 01:22:30+00:00,345.3620480372062,115.43154779108464,-2.6785950648981873,337.5626043405676,292.0913512291637,30.0,-2.8343675000503294
2024-12-25 01:37:30+00:00,283.36182237417546,13.33108806154832,-2.797902889825028,214.03376574446384,14.855833333333331,2024-12-29 01:37:30+00:00,344.78468767133853,115.29435077626788,-2.679841562123873,335.64273789649417,292.2557629147135,30.0,-2.797902889825028
2024-12-25 01:52:30+00:00,283.9930228962945,13.434981030249292,-2.7614799678332727,200.41153861086303,14.86625,2024-12-29 01:52:30+00:00,344.1745157950091,115.15715379226964,-2.6810879704405344,335.14190317195323,293.43229438738115,30.0,-2.7614799678332727
2024-12-25 02:07:30+00:00,284.6121837888393,13.539549614948475,-2.725119983441346,206.39457461527968,14.876666666666669,2024-12-29 02:07:30+00:00,344.1745157950091,115.01995683906657,-2.682334289802357,327.62938230383975,293.7199673010069,30.0,-2.725119983441346
2024-12-25 02:22:30+00:00,285.219508588525,13.6447648338523,-2.688842764018308,210.83588927281903,14.887083333333331,2024-12-29 02:22:30+00:00,343.53496414167546,114.88275991661013,-2.683580520164036,328.2971619365609,294.07844358649106,30.0,-2.688842764018308
2024-12-25 02:37:30+00:00,285.8152005684866,13.750598620950056,-2.652666778777055,210.0153953086532,14.8975,2024-12-29 02:37:30+00:00,343.53496414167546,114.7455630249144,-2.684826661480774,327.7128547579299,294.651196278239,30.0,-2.652666778777055
2024-12-25 02:52:30+00:00,286.3994623959006,13.857023807993638,-2.616609201633457,201.57720714810023,14.907916666666669,2024-12-29 02:52:30+00:00,342.8691653997032,114.60836616395576,-2.686072713706747,325.6051752921536,295.54504642928174,30.0,-2.616609201633457
2024-12-25 03:07:30+00:00,286.9724958217447,13.964014103609172,-2.580685972866944,212.31494774039743,14.918333333333331,2024-12-29 03:07:30+00:00,342.17997345537856,114.47116933368584,-2.6873186767966697,328.1302170283806,295.5979973517463,30.0,-2.580685972866944
2024-12-25 03:22:30+00:00,287.5345014012663,14.071544074135524,-2.5449118593427364,213.93407617346745,14.92875,2024-12-29 03:22:30+00:00,342.17997345537856,114.33397253411847,-2.6885645507056957,326.73205342237065,296.03732118192073,30.0,-2.5449118593427364
2024-12-25 03:37:30+00:00,288.0856782376166,14.179589120496376,-2.50930051343247,213.0766964548758,14.939166666666669,2024-12-29 03:37:30+00:00,341.46998386219946,114.19677576523,-2.6898103353880165,326.488592097941,296.56480378575066,30.0,-2.50930051343247
2024-12-25 03:52:30+00:00,288.62622375778204,14.288125459363416,-2.4738645299612805,218.40664673680945,14.949583333333331,2024-12-29 03:52:30+00:00,340.7415540331483,114.05957902697182,-2.691056030798331,331.1074012242627,296.8416748321777,30.0,-2.4738645299612805
2024-12-25 04:07:30+00:00,289.156333507826,14.397130100514175,-2.438615501613257,249.89665315207887,14.96,2024-12-29 04:07:30+00:00,340.7415540331483,113.92238231937236,-2.692301636891774,334.44629938786863,296.2867239215044,30.0,-2.438615501613257
2024-12-25 04:22:30+00:00,289.67620097095516,14.506580825441908,-2.403564072515818,234.536121752021,14.970416666666669,2024-12-29 04:22:30+00:00,339.99682279394443,113.78518564237883,-2.6935471536225526,330.96828046744577,297.22028980105756,30.0,-2.403564072515818
2024-12-25 04:37:30+00:00,290.1860174115716,14.616456167365524,-2.368719989648051,237.7086811352254,14.980833333333331,2024-12-29 04:37:30+00:00,339.2377290481863,113.64798899595706,-2.694792580945289,331.997774067891,297.5766329864022,30.0,-2.368719989648051
2024-12-25 04:52:30+00:00,290.68597173143576,14.726735388805531,-2.334092152703882,220.41386807469817,14.99125,2024-12-29 04:52:30+00:00,339.2377290481863,113.51079238013531,-2.696037918815175,333.43071786310514,298.5993553929785,30.0,-2.334092152703882
2024-12-25 05:07:30+00:00,291.1762503452696,14.837398459189226,-2.29968866194265,246.48111435726213,15.001666666666669,2024-12-29 05:07:30+00:00,338.46602939401055,113.37359579484624,-2.6972831671863675,328.0467445742905,298.2014607447612,30.0,-2.29968866194265
2024-12-25 05:22:30+00:00,291.6570370894391,14.94842604103486,-2.2655168631954776,285.2296199881158,15.012083333333331,2024-12-29 05:22:30+00:00,337.68331460037757,113.23639924012828,-2.6985283260135113,333.63939899833053,297.68341768021384,30.0,-2.2655168631954776
2024-12-25 05:37:30+00:00,292.1285131056243,15.0597994572354,-2.231583393105757,294.4128671001604,15.0225,2024-12-29 05:37:30+00:00,337.68331460037757,113.09920271587872,-2.69977339525176,335.30884808013354,297.92371942929685,30.0,-2.231583393105757
2024-12-25 05:52:30+00:00,292.59085679284357,15.17150068343322,-2.1978942195043243,307.508347245409,15.032916666666669,2024-12-29 05:52:30+00:00,336.8910249029418,112.9620062221464,-2.701018374855279,340.345019476906,298.09778677235084,30.0,-2.1978942195043243
2024-12-25 06:07:30+00:00,293.0442437223021,15.283512319026142,-2.1644546826237354,294.48114006435844,15.043333333333331,2024-12-29 06:07:30+00:00,336.0904641178526,112.82480975889716,-2.702263264778686,344.629938786867,298.751349835181,30.0,-2.1644546826237354
2024-12-25 06:22:30+00:00,293.48884659696574,15.395817571447395,-2.1312695326522815,270.4113154470049,15.05375,2024-12-29 06:22:30+00:00,336.0904641178526,112.68761332607168,-2.703508064977129,358.3830193179108,299.65652400625083,30.0,-2.1312695326522815
2024-12-25 06:37:30+00:00,293.9248352149806,15.50840023902956,-2.0983429658419217,300.93598620651903,15.064166666666669,2024-12-29 06:37:30+00:00,335.2828125994745,112.5504169237042,-2.704752775404752,361.0461880912632,299.4241865827788,30.0,-2.0983429658419217
2024-12-25 06:52:30+00:00,294.35237641869566,15.62124468448372,-2.0656786602211565,310.7729349713001,15.074583333333331,2024-12-29 06:52:30+00:00,335.2828125994745,112.4132205517604,-2.7059973960161843,359.6549805230941,299.6361885310109,30.0,-2.0656786602211565
2024-12-25 07:07:30+00:00,294.77163410386345,15.734335827032572,-2.0332798067012656,347.194771696904,15.085,2024-12-29 07:07:30+00:00,334.469139087209,112.27602421019556,-2.707241926766548,354.66253279274986,299.4639590706888,30.0,-2.0332798067012656
2024-12-25 07:22:30+00:00,295.182769176882,15.847659115260631,-2.001149141917365,347.1556678786119,15.095416666666669,2024-12-29 07:22:30+00:00,333.6504114992299,112.1388278990147,-2.708486367609975,356.37968041974716,299.83834369719744,30.0,-2.001149141917365
2024-12-25 07:37:30+00:00,295.5859395614118,15.96120051298638,-1.969288977096443,368.2582950751252,15.105833333333331,2024-12-29 07:37:30+00:00,333.6504114992299,112.00163161819796,-2.7097307185010844,343.1719532554257,299.93952122267507,30.0,-1.969288977096443
2024-12-25 07:52:30+00:00,295.9813002175633,16.074946487809342,-1.9377012249887444,372.694801413208,15.11625,2024-12-29 07:52:30+00:00,332.8275067385635,111.86443536770048,-2.7109749793949867,333.13856427378965,300.2482035100995,30.0,-1.9377012249887444
2024-12-25 08:07:30+00:00,296.36900310252446,16.188883981403045,-1.9063874290822784,369.71030148286354,15.126666666666669,2024-12-29 08:07:30+00:00,332.00121958079603,111.7272391475272,-2.712219150245821,364.60767946577624,300.6351566626128,30.0,-1.9063874290822784
2024-12-25 08:22:30+00:00,296.74919722628556,16.303000405037555,-1.8753487861703384,364.0970244525189,15.137083333333331,2024-12-29 08:22:30+00:00,332.00121958079603,111.59004295764367,-2.713463231008177,368.8925987757374,301.0453288161456,30.0,-1.8753487861703384
2024-12-25 08:37:30+00:00,297.12202866421285,16.417283622656704,-1.8445861703168815,355.76161071665626,15.1475,2024-12-29 08:37:30+00:00,331.17227071376266,111.45284679804864,-2.7147072216371644,340.90150250417366,301.4821322938325,30.0,-1.8445861703168815
2024-12-25 08:52:30+00:00,297.48764054045535,16.53172192594324,-1.81410015750144,324.45448296179904,15.157916666666669,2024-12-29 08:52:30+00:00,330.34131399864503,111.31565066870328,-2.7159511220868877,334.80801335559266,302.2281777241398,30.0,-1.81410015750144
2024-12-25 09:07:30+00:00,297.8461730994113,16.646304030553733,-1.78389104406233,291.0362415048703,15.168333333333331,2024-12-29 09:07:30+00:00,330.34131399864503,111.17845456958764,-2.7171949323119544,332.33961364178396,303.0860812342402,30.0,-1.78389104406233
2024-12-25 09:22:30+00:00,298.19776372319734,16.761019059188687,-1.7539588672761988,298.89415692821365,15.17875,2024-12-29 09:22:30+00:00,329.5089430195894,111.04125850070028,-2.7184386522674635,330.6510851419032,303.2560848138248,30.0,-1.7539588672761988
2024-12-25 09:37:30+00:00,298.542546930093,16.87585651993166,-1.724303426173574,311.08824785495204,15.189166666666669,2024-12-29 09:37:30+00:00,328.67569698570924,110.90406246201692,-2.7196822819074744,333.80634390651085,303.3604341206423,30.0,-1.724303426173574
2024-12-25 09:52:30+00:00,298.88065445361195,16.990806302389053,-1.6949242965764946,339.1528033103162,15.199583333333331,2024-12-29 09:52:30+00:00,328.67569698570924,110.7668664534738,-2.720925821186622,327.8797996661102,303.26115996426194,30.0,-1.6949242965764946
2024-12-25 10:07:30+00:00,299.21221527266704,17.105858663189117,-1.6658208481494867,395.3876616065536,15.21,2024-12-29 10:07:30+00:00,327.8420660455207,110.6296704751277,-2.722169270059964,331.0517529215359,302.93646312279094,30.0,-1.6658208481494867
2024-12-25 10:22:30+00:00,299.5373556067964,17.22100420448645,-1.6369922627370523,449.4223440129299,15.220416666666669,2024-12-29 10:22:30+00:00,327.0084960697328,110.49247452688148,-2.723412628481583,335.559265442404,302.7845727327479,30.0,-1.6369922627370523
2024-12-25 10:37:30+00:00,299.85619900667433,17.336233871352007,-1.6084375460845506,441.1335966448145,15.230833333333331,2024-12-29 10:37:30+00:00,327.0084960697328,110.35527860877312,-2.7246558964060563,338.20653470069163,303.1345995175724,30.0,-1.6084375460845506
2024-12-25 10:52:30+00:00,300.16886640097795,17.451538940622076,-1.5801555413746609,427.36689663495383,15.24125,2024-12-29 10:52:30+00:00,326.17539295407073,110.21808272074296,-2.7258990737884754,328.881469115192,303.5220617121536,30.0,-1.5801555413746609
2024-12-25 11:07:30+00:00,300.4754760730354,17.566910997726836,-1.5521449463364714,394.3355204410451,15.251666666666669,2024-12-29 11:07:30+00:00,326.17539295407073,110.08088686281012,-2.727142160582902,327.4207011686144,304.07613849276106,30.0,-1.5521449463364714
2024-12-25 11:22:30+00:00,300.77614376923356,17.682341936497316,-1.5244043215343666,388.7621100784773,15.262083333333331,2024-12-29 11:22:30+00:00,325.34312648959576,109.94369103491069,-2.7283851567438946,332.30383973288815,304.39451794634397,30.0,-1.5244043215343666
2024-12-25 11:37:30+00:00,301.07098273859503,17.797823947436815,-1.4969321021484476,390.8443897724277,15.2725,2024-12-29 11:37:30+00:00,324.5120338438865,109.80649523707218,-2.729628062226523,336.1157484696717,304.63633681571525,30.0,-1.4969321021484476
2024-12-25 11:52:30+00:00,301.36010375204387,17.913349503368,-1.4697266103548243,406.1879932045332,15.282916666666669,2024-12-29 11:52:30+00:00,324.5120338438865,109.66929946919728,-2.730870876984843,339.31552587646075,304.75829756195594,30.0,-1.4697266103548243
2024-12-25 12:07:30+00:00,301.6436151448077,18.028911348595393,-1.4427860656451523,397.35395619840705,15.293333333333331,2024-12-29 12:07:30+00:00,323.6824226925391,109.5321037313675,-2.7321136009734084,339.1366563319819,305.0841452921694,30.0,-1.4427860656451523
2024-12-25 12:22:30+00:00,301.92162289406,18.144502494047025,-1.416108592316621,377.19887756189394,15.30375,2024-12-29 12:22:30+00:00,322.85457403675883,109.39490802347927,-2.7333562341472786,342.4457429048414,305.51099640816267,30.0,-1.416108592316621
2024-12-25 12:37:30+00:00,302.194230672175,18.2601162086632,-1.389692227874437,337.20930232558135,15.314166666666669,2024-12-29 12:37:30+00:00,322.85457403675883,109.25771234556628,-2.734598776460505,345.7762938230384,306.1701129186083,30.0,-1.389692227874437
2024-12-25 12:52:30+00:00,302.4615398220886,18.375746000929656,-1.363534935772357,315.13222426482525,15.324583333333331,2024-12-29 12:52:30+00:00,322.0287447393861,109.12051669756428,-2.735841227867624,337.9382303839733,306.6740555787456,30.0,-1.363534935772357
2024-12-25 13:07:30+00:00,302.7236494756596,18.491385619500733,-1.3376346086472104,308.02112047210466,15.335,2024-12-29 13:07:30+00:00,321.2051698085228,108.9833210794716,-2.737083588323671,352.78797996661103,306.99054298496475,30.0,-1.3376346086472104
2024-12-25 13:22:30+00:00,302.9806565889546,18.60702904323316,-1.3119890762265365,312.3649662537433,15.345416666666669,2024-12-29 13:22:30+00:00,321.2051698085228,108.8461254912926,-2.738325857782703,,307.1459340214666,30.0,-1.3119890762265365
2024-12-25 13:37:30+00:00,303.2326559723473,18.72267047147379,-1.2865961130915,323.270008644183,15.355833333333331,2024-12-29 13:37:30+00:00,320.3840644550159,108.70892993297768,-2.739568036199232,,307.2165714704324,30.0,-1.2865961130915
2024-12-25 13:52:30+00:00,303.47974031494897,18.838304313586345,-1.2614534463469675,324.0801335559265,15.36625,2024-12-29 13:52:30+00:00,319.56562594739165,108.57173440449588,-2.740810123528309,367.1118530884808,307.41294937259534,30.0,-1.2614534463469675
2024-12-25 14:07:30+00:00,303.72200027228513,18.953925186121772,-1.2365587588198494,322.3554408863257,15.376666666666669,2024-12-29 14:07:30+00:00,319.56562594739165,108.43453890585153,-2.7420521197239474,356.76126878130214,307.6352921142815,30.0,-1.2365587588198494
2024-12-25 14:22:30+00:00,303.95952451139533,19.06952790548936,-1.2119096945237149,327.3622704507512,15.387083333333331,2024-12-29 14:22:30+00:00,318.7500352854181,108.29734343702404,-2.7432940247406763,327.21202003338897,307.77263647683316,30.0,-1.2119096945237149
2024-12-25 14:37:30+00:00,304.19239971765427,19.18510747747819,-1.18750386617356,326.8915935160752,15.3975,2024-12-29 14:37:30+00:00,317.93745871128226,108.16014799796775,-2.744535838533509,352.48747913188646,307.9706238503065,30.0,-1.18750386617356
2024-12-25 14:52:30+00:00,304.42071064750866,19.3006590909903,-1.1633388593873215,324.4469949916528,15.407916666666669,2024-12-29 14:52:30+00:00,317.93745871128226,108.0229525887016,-2.745777561056459,348.0801335559265,308.1867298618065,30.0,-1.1633388593873215
2024-12-25 15:07:30+00:00,304.64454019696416,19.41617811406622,-1.1394122355013905,328.5120870742576,15.418333333333331,2024-12-29 15:07:30+00:00,317.12804907539373,107.8857572091757,-2.7470191922640588,365.00834724540897,308.32379979302766,30.0,-1.1394122355013905
2024-12-25 15:22:30+00:00,304.86396944857773,19.531660087815805,-1.115721535403938,321.86456594323874,15.42875,2024-12-29 15:22:30+00:00,317.12804907539373,107.7485618593589,-2.7482607321112873,368.2387312186978,308.578243208357,30.0,-1.115721535403938
2024-12-25 15:37:30+00:00,305.079077671729,19.64710071715042,-1.09226428604861,322.24036397659097,15.439166666666669,2024-12-29 15:37:30+00:00,316.3219470720466,107.61136653927002,-2.7495021805521604,372.787979966611,308.7481080847936,30.0,-1.09226428604861
2024-12-25 15:52:30+00:00,305.2899423772952,19.762495865820664,-1.0690380031629223,302.2095649612098,15.449583333333331,2024-12-29 15:52:30+00:00,315.51928235857434,107.47417124885914,-2.750743537541193,377.2954924874791,309.15855412718554,30.0,-1.0690380031629223
2024-12-25 16:07:30+00:00,305.4966393819189,19.877841552674205,-1.0460401930089,303.9017598500795,15.46,2024-12-29 16:07:30+00:00,315.51928235857434,107.33697598809516,-2.75198480303336,392.93266555370064,309.30036497166225,30.0,-1.0460401930089
2024-12-25 16:22:30+00:00,305.6992428479063,19.993133945977867,-1.0232683554377884,298.4819056403994,15.470416666666669,2024-12-29 16:22:30+00:00,314.7201745701976,107.19978075698202,-2.753225976982682,399.2209237618253,309.5279252305022,30.0,-1.0232683554377884
2024-12-25 16:37:30+00:00,305.8978253002563,20.108369357105374,-1.000719988150327,295.93713099067554,15.480833333333331,2024-12-29 16:37:30+00:00,313.9247342414874,107.0625855554844,-2.754467059343616,401.8363939899833,309.714961832663,30.0,-1.000719988150327
2024-12-25 16:52:30+00:00,306.09245764726603,20.223544234232637,-0.9783925904863492,307.100068742021,15.49125,2024-12-29 16:52:30+00:00,313.9247342414874,106.92539038360016,-2.755708050071167,403.3945464663328,309.7280132235243,30.0,-0.9783925904863492
2024-12-25 17:07:30+00:00,306.28320926217003,20.338655159974092,-0.956283662978418,305.8857786232869,15.501666666666669,2024-12-29 17:07:30+00:00,313.13306364421226,106.78819524130418,-2.756948949119329,405.6761268781302,309.8902210331511,30.0,-0.956283662978418
2024-12-25 17:22:30+00:00,306.4701480059388,20.45369884601696,-0.9343907105034892,315.47131080984525,15.512083333333331,2024-12-29 17:22:30+00:00,312.3452575503227,106.65100012853188,-2.7581897564425537,405.56483027267666,309.92591555826,30.0,-0.9343907105034892
2024-12-25 17:37:30+00:00,306.6533402850336,20.568672129583945,-0.9127112429165506,313.67064432939463,15.5225,2024-12-29 17:37:30+00:00,312.3452575503227,106.51380504532472,-2.7594304719958305,403.61713967723983,310.08708677866474,30.0,-0.9127112429165506
2024-12-25 17:52:30+00:00,306.83285100110595,20.683571965354982,-0.8912427825620565,308.4479320267891,15.532916666666669,2024-12-29 17:52:30+00:00,311.5614039279044,106.37660999164292,-2.760671095733148,401.6138007790762,310.2821975779024,30.0,-0.8912427825620565
2024-12-25 18:07:30+00:00,307.0087436733805,20.798395424882276,-0.8699828602738819,300.20576930543155,15.543333333333331,2024-12-29 18:07:30+00:00,310.7815845771248,106.23941496745098,-2.761911627608929,401.85726210350583,310.5091123919889,30.0,-0.8699828602738819
2024-12-25 18:22:30+00:00,307.18108044701916,20.91313969158786,-0.8489290186390726,301.1790078145807,15.55375,2024-12-29 18:22:30+00:00,310.7815845771248,106.102219972732,-2.76315206757818,392.48747913188646,310.62662932841175,30.0,-0.8489290186390726
2024-12-25 18:37:30+00:00,307.3499221401122,21.02780205709567,-0.8280788125455546,307.7373049570807,15.564166666666669,2024-12-29 18:37:30+00:00,310.005875712466,105.96502500746072,-2.764392415594846,395.0333889816361,310.6794907026695,30.0,-0.8280788125455546
2024-12-25 18:52:30+00:00,307.5153282431913,21.142379916916177,-0.807429812678196,316.2641587240354,15.574583333333331,2024-12-29 18:52:30+00:00,310.005875712466,105.82783007160153,-2.7656326716134,395.6594323873122,310.713754436816,30.0,-0.807429812678196
2024-12-25 19:07:30+00:00,307.67735694730953,21.256870766535613,-0.7869796069871297,305.66836199868,15.585,2024-12-29 19:07:30+00:00,309.23434849689306,105.69063516518116,-2.7668728355887615,394.991652754591,310.9438795691882,30.0,-0.7869796069871297
2024-12-25 19:22:30+00:00,307.8360652115033,21.371272198695255,-0.7667257993829686,300.0409242381921,15.595416666666669,2024-12-29 19:22:30+00:00,308.46706953303203,105.55344028815966,-2.7681129074749027,393.58454567135703,311.1203101297759,30.0,-0.7667257993829686
2024-12-25 19:37:30+00:00,307.99150877843647,21.485581899856232,-0.7466660117025099,293.3228635340851,15.605833333333331,2024-12-29 19:37:30+00:00,308.46706953303203,105.41624544048688,-2.76935288722627,395.2587646076795,311.30646897685324,30.0,-0.7466660117025099
2024-12-25 19:52:30+00:00,308.1437422259501,21.599797647121996,-0.7267978831637035,296.98113456551437,15.61625,2024-12-29 19:52:30+00:00,307.7041013159162,105.27905062217486,-2.770592774797803,390.5954368391764,311.37394769376715,30.0,-0.7267978831637035
2024-12-25 20:07:30+00:00,308.2928189299017,21.71391730463099,-0.7071190755340754,292.157471755251,15.626666666666669,2024-12-29 20:07:30+00:00,306.9455026514065,105.14185583316907,-2.7718325701434527,393.9691151919867,311.5317486733986,30.0,-0.7071190755340754
2024-12-25 20:22:30+00:00,308.4387911376483,21.827938820743448,-0.6876272708929845,299.02651605489666,15.637083333333331,2024-12-29 20:22:30+00:00,306.9455026514065,105.00466107350655,-2.77307227321762,393.0300500834725,311.5597724657775,30.0,-0.6876272708929845
2024-12-25 20:37:30+00:00,308.58171000162326,21.94186022524904,-0.668320171866405,300.2252662734835,15.6475,2024-12-29 20:37:30+00:00,306.19132904398214,104.86746634308275,-2.7743118839752707,376.18252643294375,311.6468959056741,30.0,-0.668320171866405
2024-12-25 20:52:30+00:00,308.72162559746425,22.055679626401023,-0.6491955027838874,315.34264424447247,15.657916666666669,2024-12-29 20:52:30+00:00,305.4416330572385,104.73027164195972,-2.7755514023703314,375.95993322203674,311.59864841897735,30.0,-0.6491955027838874
2024-12-25 21:07:30+00:00,308.8585869739645,22.16939520810123,-0.6302510086162866,321.7088722167468,15.668333333333331,2024-12-29 21:07:30+00:00,305.4416330572385,104.59307697005782,-2.7767908283572007,374.2070116861436,311.63831003245383,30.0,-0.6302510086162866
2024-12-25 21:22:30+00:00,308.9926421092339,22.28300522816712,-0.6114844600327023,302.30539875148594,15.67875,2024-12-29 21:22:30+00:00,304.69646465010527,104.45588232738896,-2.7780301618908227,375.3478018920423,311.90786365413953,30.0,-0.6114844600327023
2024-12-25 21:37:30+00:00,309.123837984355,22.39650801490238,-0.592893650564167,359.6265092984431,15.689166666666669,2024-12-29 21:37:30+00:00,303.95587149151163,104.31868771391308,-2.7792694029250877,375.0695603784085,311.53835714972774,30.0,-0.592893650564167
2024-12-25 21:52:30+00:00,309.25222061208456,22.50990196482532,-0.574476396632308,305.711854387663,15.699583333333331,2024-12-29 21:52:30+00:00,303.95587149151163,104.1814931296088,-2.780508551414449,373.5601001669449,312.0501998318973,30.0,-0.574476396632308
2024-12-25 22:07:30+00:00,309.377835052517,22.62318554044844,-0.5562305383800956,304.58127887564547,15.71,2024-12-29 22:07:30+00:00,303.21989925596785,104.04429857447336,-2.7817476073137817,372.89927657206454,312.14372513126233,30.0,-0.5562305383800956
2024-12-25 22:22:30+00:00,309.5007254498917,22.736357267475103,-0.5381539389843482,293.84382531196616,15.720416666666669,2024-12-29 22:22:30+00:00,302.48859190230604,103.90710404846672,-2.7829865705770036,374.92487479131887,312.3237013328195,30.0,-0.5381539389843482
2024-12-25 22:37:30+00:00,309.62093502609525,22.84941573370556,-0.5202444867857413,295.8884963310944,15.730833333333331,2024-12-29 22:37:30+00:00,302.48859190230604,103.76990955156734,-2.7842254411585285,360.1836393989983,312.380767434569,30.0,-0.5202444867857413
2024-12-25 22:52:30+00:00,309.7385060903944,22.96235958714174,-0.5025000962753637,292.02550227390475,15.74125,2024-12-29 22:52:30+00:00,301.76199193761573,103.63271508374338,-2.7854642190132455,361.3522537562605,312.4906779841278,30.0,-0.5025000962753637
2024-12-25 23:07:30+00:00,309.8534801047661,23.07518753250581,-0.4849187052561626,291.2412159801219,15.751666666666669,2024-12-29 23:07:30+00:00,301.76199193761573,103.49552064501276,-2.7867029040950464,368.1850703553541,312.5688215164919,30.0,-0.4849187052561626
2024-12-25 23:22:30+00:00,309.9658976874058,23.187898329988325,-0.4674982760958605,299.3583683649456,15.762083333333331,2024-12-29 23:22:30+00:00,301.04014066823026,103.3583262353249,-2.78794149635833,373.2470784641068,312.5646146436986,30.0,-0.4674982760958605
2024-12-25 23:37:30+00:00,310.07579863303175,23.300490793361345,-0.4502367957681701,299.91191349065866,15.7725,2024-12-29 23:37:30+00:00,300.32307843945404,103.22113185469138,-2.7891799957579724,372.6925828762222,312.6268460594338,30.0,-0.4502367957681701
2024-12-25 23:52:30+00:00,310.18322196268196,23.412963786586772,-0.4331322738603864,300.0223043804451,15.782916666666669,2024-12-29 23:52:30+00:00,300.32307843945404,103.08393750304296,-2.7904184022478797,370.1168614357262,312.69051890308987,30.0,-0.4331322738603864
2024-12-26 00:07:30+00:00,310.2882058419678,23.525316227103684,-0.416182749340495,309.9619156928214,15.793333333333331,2024-12-30 00:07:30+00:00,299.61084486557394,102.94674318037244,-2.7916567157824193,369.4908180300501,312.6737062095323,30.0,-0.416182749340495
2024-12-26 00:22:30+00:00,310.39078770069244,23.63754707909248,-0.3993862837648205,342.0274100244593,15.80375,2024-12-30 00:22:30+00:00,298.90347905156625,102.8095488866625,-2.792894936316456,370.1168614357262,312.515171261835,30.0,-0.3993862837648205
2024-12-26 00:37:30+00:00,310.4910042200724,23.749655353270015,-0.3827409632994328,305.47775704605715,15.814166666666669,2024-12-30 00:37:30+00:00,298.90347905156625,102.67235462190168,-2.7941330638038906,377.8440257572143,312.82765405083654,30.0,-0.3827409632994328
2024-12-26 00:52:30+00:00,310.5888913508675,23.86164010544919,-0.3662448986253482,310.58993905505156,15.824583333333331,2024-12-30 00:52:30+00:00,298.2010198077905,102.53516038605392,-2.795371098199079,378.742348358375,312.84590521209935,30.0,-0.3662448986253482
2024-12-26 01:07:30+00:00,310.68448434071854,23.97350043434353,-0.3498962241722,307.46444073455757,15.835,2024-12-30 01:07:30+00:00,297.5035058588521,102.39796617910154,-2.796609039456874,368.1691708402894,312.9228936133718,30.0,-0.3498962241722
2024-12-26 01:22:30+00:00,310.777817741396,24.085235480649295,-0.333693098642401,312.406391605056,15.845416666666669,2024-12-30 01:22:30+00:00,297.5035058588521,102.26077200100416,-2.797846887531174,364.69115191986646,312.93997267235517,30.0,-0.333693098642401
2024-12-26 01:37:30+00:00,310.86892538280273,24.196844428544775,-0.3176337077420829,312.40613945415635,15.855833333333331,2024-12-30 01:37:30+00:00,296.8109760477173,102.12357785178364,-2.799084642376301,364.6702838063439,312.9902831342662,30.0,-0.3176337077420829
2024-12-26 01:52:30+00:00,310.95784045318,24.308326499941177,-0.3017162597191525,313.3297476267978,15.86625,2024-12-30 01:52:30+00:00,296.1234695360732,101.98638373142244,-2.800322303947138,370.76079179585025,313.0323126197214,30.0,-0.3017162597191525
2024-12-26 02:07:30+00:00,311.0445954917607,24.419680954595073,-0.2859389867418905,309.06234800783454,15.876666666666669,2024-12-30 02:07:30+00:00,296.1234695360732,101.8491896398363,-2.80155987219753,368.61435726210345,313.10656477825694,30.0,-0.2859389867418905
2024-12-26 02:22:30+00:00,311.129222404291,24.530907088968466,-0.2703001447089996,310.74748445853334,15.887083333333331,2024-12-30 02:22:30+00:00,295.44102600184016,101.71199557704703,-2.8027973470818166,374.2487479131886,313.1391339354457,30.0,-0.2703001447089996
2024-12-26 02:37:30+00:00,311.2117524864318,24.64200423424818,-0.2547980124897436,316.6288821187063,15.8975,2024-12-30 02:37:30+00:00,294.7636858346675,101.57480154302256,-2.8040347285548495,369.61602671118527,313.14425959678664,30.0,-0.2547980124897436
2024-12-26 02:52:30+00:00,311.292216435199,24.752971755307005,-0.2394308919226714,323.7808799360802,15.907916666666669,2024-12-30 02:52:30+00:00,294.7636858346675,101.43760753773664,-2.8052720165704708,367.4457429048414,313.14289700379106,30.0,-0.2394308919226714
2024-12-26 03:07:30+00:00,311.3706443103135,24.863809054203184,-0.2241971111629613,341.2283778285938,15.918333333333331,2024-12-30 03:07:30+00:00,294.0914903301672,101.30041356118198,-2.8065092110830157,366.48580968280464,313.0896023733335,30.0,-0.2241971111629613
2024-12-26 03:22:30+00:00,311.4470656192345,24.97451556282191,-0.2090950196718512,328.94506717545113,15.92875,2024-12-30 03:22:30+00:00,294.0914903301672,101.16321961332638,-2.807746312047327,365.7206455203116,313.1917778932515,30.0,-0.2090950196718512
2024-12-26 03:37:30+00:00,311.5215093055846,25.08509074384912,-0.1941229896717319,332.59514156246803,15.939166666666669,2024-12-30 03:37:30+00:00,293.4244818835727,101.02602569414368,-2.8089833194172145,363.7312186978297,313.2091067733053,30.0,-0.1941229896717319
2024-12-26 03:52:30+00:00,311.59400376235527,25.195534089869582,-0.179279415900898,324.0685695671648,15.949583333333331,2024-12-30 03:52:30+00:00,292.76270418344166,100.88883180364084,-2.810220233147037,365.8955401860243,313.28708371014466,30.0,-0.179279415900898
2024-12-26 04:07:30+00:00,311.66457684447516,25.30584512237317,-0.1645627153880946,318.95961492240633,15.96,2024-12-30 04:07:30+00:00,292.76270418344166,100.75163794175666,-2.811457053191595,364.83027267668336,313.3452798558981,30.0,-0.1645627153880946
2024-12-26 04:22:30+00:00,311.7332559120313,25.41602338735887,-0.1499713251422816,342.2712394673538,15.970416666666669,2024-12-30 04:22:30+00:00,292.1062024059546,100.61444410847938,-2.812693779504709,363.5434056761269,313.2627269151378,30.0,-0.1499713251422816
2024-12-26 04:37:30+00:00,311.80006774565146,25.526068464885455,-0.1355037084069422,336.68358829341423,15.980833333333331,2024-12-30 04:37:30+00:00,291.4550234103008,100.47725030378692,-2.813930412040714,366.27712854757925,313.31759552094667,30.0,-0.1355037084069422
2024-12-26 04:52:30+00:00,311.8650386494966,25.635979958288555,-0.1211583482754757,322.9406734801905,15.99125,2024-12-30 04:52:30+00:00,291.4550234103008,100.34005652767593,-2.815166950754405,363.41819699499166,313.4082778690321,30.0,-0.1211583482754757
2024-12-26 05:07:30+00:00,311.92819443881905,25.74575749575001,-0.1069337490442838,327.5414972090048,16.001666666666665,2024-12-30 05:07:30+00:00,290.80921593557366,100.20286278010572,-2.8164033955996,366.2532792749821,313.4114813844243,30.0,-0.1069337490442838
2024-12-26 05:22:30+00:00,311.9895604491565,25.855400729816196,-0.092828436085632,322.05051232175947,16.012083333333333,2024-12-30 05:22:30+00:00,290.16883079953794,100.06566906108324,-2.817639746530607,365.66499721758487,313.459257470153,30.0,-0.092828436085632
2024-12-26 05:37:30+00:00,312.0491615471606,25.964909336585993,-0.0788409555956866,318.48411425007953,16.0225,2024-12-30 05:37:30+00:00,290.16883079953794,99.9284753705177,-2.8188760035022074,364.9415692821369,313.4960491127127,30.0,-0.0788409555956866
2024-12-26 05:52:30+00:00,312.1070221516493,26.07428301341747,-0.0649698736289139,316.44044421862526,16.032916666666665,2024-12-30 05:52:30+00:00,289.53392109956235,99.79128170845566,-2.8201121664682307,365.38675570395105,313.5237820766233,30.0,-0.0649698736289139
2024-12-26 06:07:30+00:00,312.16316623189323,26.183521479917864,-0.051213776653392,305.5537006121313,16.043333333333333,2024-12-30 06:07:30+00:00,288.904542415945,99.6540880748748,-2.8213482353829655,363.82860322760155,313.58957676315003,30.0,-0.051213776653392
2024-12-26 06:22:30+00:00,312.21761728187397,26.292624481663964,-0.0375712736961553,303.9615381859609,16.05375,2024-12-30 06:22:30+00:00,288.904542415945,99.516894469699,-2.822584210201199,362.9620796565705,313.61050851916525,30.0,-0.0375712736961553
2024-12-26 06:37:30+00:00,312.2703983885456,26.40159178185577,-0.0240409921447509,318.7023768537706,16.064166666666665,2024-12-30 06:37:30+00:00,288.2807530177878,99.37970089294552,-2.8238200908767075,361.2270450751252,313.55981835112937,30.0,-0.0240409921447509
2024-12-26 06:52:30+00:00,312.3215322198541,26.51042316354889,-0.0106215789303254,319.8092800582034,16.074583333333333,2024-12-30 06:52:30+00:00,287.6626140715044,99.24250734457743,-2.8250558773637917,357.3455759599332,313.56762668151697,30.0,-0.0106215789303254
2024-12-26 07:07:30+00:00,312.37104103407535,26.61911842898659,0.0026882997335942,298.3454915130925,16.085,2024-12-30 07:07:30+00:00,287.6626140715044,99.105313824606,-2.8262915696172355,355.8430717863105,313.66517650477067,30.0,0.0026882997335942
2024-12-26 07:22:30+00:00,312.41894668859436,26.727677398832377,0.0158899585928975,299.31381699157384,16.095416666666665,2024-12-30 07:22:30+00:00,287.05018985196745,98.96812033293176,-2.827527167590811,350.4173622704508,313.667475614974,30.0,0.0158899585928975
2024-12-26 07:37:30+00:00,312.4652706637584,26.83609990946984,0.0289846946274172,291.3727808344647,16.105833333333333,2024-12-30 07:37:30+00:00,287.05018985196745,98.83092686963435,-2.828762671238779,351.3713331743382,313.70533164951416,30.0,0.0289846946274172
2024-12-26 07:52:30+00:00,312.5100340413755,26.944385816928808,0.0419737852814797,298.3527232888147,16.11625,2024-12-30 07:52:30+00:00,286.4435479562206,98.69373343460838,-2.8299980805159297,349.98330550918195,313.6796351545099,30.0,0.0419737852814797
2024-12-26 08:07:30+00:00,312.5532575065147,27.052534997025266,0.054858488274744,319.7936898722254,16.126666666666665,2024-12-30 08:07:30+00:00,285.842759519594,98.55654002787092,-2.83123339537603,350.7846410684474,313.60582033606715,30.0,0.054858488274744
2024-12-26 08:22:30+00:00,312.5949613938643,27.160547339266817,0.0676400444400379,325.32903676670423,16.137083333333333,2024-12-30 08:22:30+00:00,285.842759519594,98.41934664937042,-2.832468615773349,348.41402337228715,313.59169951206,30.0,0.0676400444400379
2024-12-26 08:37:30+00:00,312.6351656792568,27.268422748786985,0.0803196768647063,325.8309893921777,16.1475,2024-12-30 08:37:30+00:00,285.2478994339714,98.28215329913246,-2.833703741662618,346.4345337467207,313.59255893129216,30.0,0.0803196768647063
2024-12-26 08:52:30+00:00,312.6738899871266,27.37616114568494,0.0928985911306972,318.35229258065766,16.157916666666665,2024-12-30 08:52:30+00:00,284.6590465678568,98.1449599770867,-2.834938772997629,350.6558549964226,313.61512579140225,30.0,0.0928985911306972
2024-12-26 09:07:30+00:00,312.7111535983809,27.483762464651686,0.1053779755801521,316.77309133900206,16.168333333333333,2024-12-30 09:07:30+00:00,284.6590465678568,98.00776668325432,-2.836173709732609,348.66444073455756,313.6182900440656,30.0,0.1053779755801521
2024-12-26 09:22:30+00:00,312.7469754681585,27.591226652684135,0.1177590022706282,317.6266540212936,16.17875,2024-12-30 09:22:30+00:00,284.0762839877886,97.87057341757348,-2.8374085518223344,355.0918196994992,313.61303602436607,30.0,0.1177590022706282
2024-12-26 09:37:30+00:00,312.78137421983445,27.69855367075567,0.1300428263292004,319.43511559473313,16.189166666666665,2024-12-30 09:37:30+00:00,283.49969918053523,97.7333801800466,-2.8386432992205295,354.4031719532554,313.6041612874502,30.0,0.1300428263292004
2024-12-26 09:52:30+00:00,312.81436812251303,27.8057434984834,0.1422305842110409,317.8980471328182,16.199583333333333,2024-12-30 09:52:30+00:00,283.49969918053523,97.59618697062204,-2.839877951881451,350.4590984974958,313.60262686449227,30.0,0.1422305842110409
2024-12-26 10:07:30+00:00,312.8459751496276,27.912796124830596,0.1543233974297062,321.4384544928967,16.21,2024-12-30 10:07:30+00:00,282.9293842753907,97.45899378931053,-2.8411125097598338,348.1636060100167,313.5875180874664,30.0,0.1543233974297062
2024-12-26 10:22:30+00:00,312.87621296578726,28.019711550905228,0.1663223714680244,318.04946228209803,16.220416666666665,2024-12-30 10:22:30+00:00,282.36543626576236,97.32180063609997,-2.84234697280942,344.449081803005,313.5872677300678,30.0,0.1663223714680244
2024-12-26 10:37:30+00:00,312.9050989336438,28.126489789666365,0.1782285960340613,322.1361153154089,16.230833333333333,2024-12-30 10:37:30+00:00,282.36543626576236,97.184607510895,-2.843581340984439,344.9081803005008,313.5692791100321,30.0,0.1782285960340613
2024-12-26 10:52:30+00:00,312.9326501201649,28.233130865519392,0.1900431452972481,329.27359552742945,16.24125,2024-12-30 10:52:30+00:00,281.8079572291118,97.04741441376451,-2.8448156142396206,,313.54544727489787,30.0,0.1900431452972481
2024-12-26 11:07:30+00:00,312.95888330264074,28.33963481380696,0.2017670781061369,321.45404467887465,16.251666666666665,2024-12-30 11:07:30+00:00,281.25705454416976,96.91022134462358,-2.846049792528691,345.7762938230384,313.5487501475761,30.0,0.2017670781061369
2024-12-26 11:22:30+00:00,312.98381499999584,28.446001675702696,0.2134014399259486,252.33916993438675,16.262083333333333,2024-12-30 11:22:30+00:00,281.25705454416976,96.77302830347853,-2.847283875805875,342.63355592654426,313.6871061268189,30.0,0.2134014399259486
2024-12-26 11:37:30+00:00,313.0074614035438,28.552231512425735,0.2249472580003891,262.0203581845228,16.2725,2024-12-30 11:37:30+00:00,280.71284110419714,96.63583529028192,-2.8485178640258875,340.85380395897926,313.6384671953729,30.0,0.2249472580003891
2024-12-26 11:52:30+00:00,313.02983845008026,28.65832439159915,0.2364055461138123,258.97814186434755,16.282916666666665,2024-12-30 11:52:30+00:00,280.71284110419714,96.49864230506503,-2.8497517571424544,338.8504650608156,313.62147320188325,30.0,0.2364055461138123
2024-12-26 12:07:30+00:00,313.0509618134241,28.76428038979642,0.2477773038803484,239.38340814457305,16.293333333333333,2024-12-30 12:07:30+00:00,280.1754355249141,96.36144934773247,-2.850985555109778,343.07178631051755,313.6404772138105,30.0,0.2477773038803484
2024-12-26 12:22:30+00:00,313.0708469068742,28.87009959286069,0.2590635167382489,252.90600613425477,16.30375,2024-12-30 12:22:30+00:00,279.6449623455516,96.22425641830932,-2.8522192578825627,340.1780745687256,313.58105845464337,30.0,0.2590635167382489
2024-12-26 12:37:30+00:00,313.0895088881172,28.97578209545519,0.2702651561556016,271.12502679563215,16.314166666666665,2024-12-30 12:37:30+00:00,279.6449623455516,96.08706351672508,-2.853452865414532,338.8425153032832,313.52092068602883,30.0,0.2702651561556016
2024-12-26 12:52:30+00:00,313.106962664727,29.081328000880283,0.2813831798583017,271.0602942889311,16.324583333333333,2024-12-30 12:52:30+00:00,279.1215522213175,95.9498706430442,-2.85468637765989,339.7885364496383,313.49400978091563,30.0,0.2813831798583017
2024-12-26 13:07:30+00:00,313.1232229039044,29.186737419767383,0.2924185323538862,250.62782978115277,16.335,2024-12-30 13:07:30+00:00,278.6053421053936,95.81267779716084,-2.8559197945733175,341.5692821368948,313.4937933314738,30.0,0.2924185323538862
2024-12-26 13:22:30+00:00,313.13830404477557,29.29201046805754,0.3033721456331325,248.98862445160535,16.345416666666665,2024-12-30 13:22:30+00:00,278.6053421053936,95.67548497909172,-2.857153116108527,338.2860322760156,313.4630296931112,30.0,0.3033721456331325
2024-12-26 13:37:30+00:00,313.152220249102,29.397147278594822,0.3142449357358166,252.4323938080978,16.355833333333333,2024-12-30 13:37:30+00:00,278.09647541840417,95.5382921887994,-2.8583863422197138,338.6199220923762,313.42495181255,30.0,0.3142449357358166
2024-12-26 13:52:30+00:00,313.16498546990846,29.502147986961297,0.3250378072534421,279.46577629382307,16.36625,2024-12-30 13:52:30+00:00,277.5951022031135,95.40109942629437,-2.8596194728615525,341.68057874234836,313.36842760185067,30.0,0.3250378072534421
2024-12-26 14:07:30+00:00,313.1766134342117,29.607012735830743,0.3357516520537831,284.1363056073848,16.376666666666665,2024-12-30 14:07:30+00:00,277.5951022031135,95.26390669149134,-2.860852507987717,337.72954924874796,313.3345639355794,30.0,0.3357516520537831
2024-12-26 14:22:30+00:00,313.1871176477309,29.711741674831384,0.3463873494939912,276.20742742443633,16.387083333333333,2024-12-30 14:22:30+00:00,277.1013792619321,95.12671398441113,-2.862085447552428,331.5525876460768,313.3063010470608,30.0,0.3463873494939912
2024-12-26 14:37:30+00:00,313.19651139934393,29.816334960293645,0.3569457666172676,267.64762977054784,16.3975,2024-12-30 14:37:30+00:00,276.61547027462467,94.9895213050205,-2.863318291510344,332.491652754591,313.27487824338624,30.0,0.3569457666172676
2024-12-26 14:52:30+00:00,313.20480776510004,29.92079275488768,0.367427758331569,261.3110047225272,16.407916666666665,2024-12-30 14:52:30+00:00,276.61547027462467,94.85232865330684,-2.864551039815138,331.55258764607686,313.23942373230625,30.0,0.367427758331569
2024-12-26 15:07:30+00:00,313.21201961738814,30.025115226428568,0.3778341679158429,264.1224958263773,16.418333333333333,2024-12-30 15:07:30+00:00,276.13754589344,94.71513602923277,-2.8657836924209947,329.26305747674695,313.20116033898285,30.0,0.3778341679158429
2024-12-26 15:22:30+00:00,313.21815963454026,30.129302546278133,0.3881658275946364,260.33486231097135,16.42875,2024-12-30 15:22:30+00:00,275.6677838127059,94.577943432794,-2.867016249282568,333.4307178631052,313.1614386174848,30.0,0.3881658275946364
2024-12-26 15:37:30+00:00,313.2232402569241,30.2333549005228,0.3984235554910417,255.00559184401183,16.439166666666665,2024-12-30 15:37:30+00:00,275.6677838127059,94.4407508639197,-2.868248710353541,337.0617696160267,313.1187353978801,30.0,0.3984235554910417
2024-12-26 15:52:30+00:00,313.2272737482993,30.33727247605107,0.4086081596708854,256.44877384637823,16.449583333333333,2024-12-30 15:52:30+00:00,275.20636880977196,94.30355832265968,-2.869481075588064,341.56928213689486,313.07708080224666,30.0,0.4086081596708854
2024-12-26 16:07:30+00:00,313.2302721799446,30.441055465117586,0.4187204369969064,265.356824480931,16.46,2024-12-30 16:07:30+00:00,275.20636880977196,94.1663658089369,-2.870713344940802,342.2927100723428,313.0404564460064,30.0,0.4187204369969064
2024-12-26 16:22:30+00:00,313.23224743430274,30.54470406501365,0.4287611732954147,269.9645039467073,16.470416666666665,2024-12-30 16:22:30+00:00,274.7534927540303,94.02917332273866,-2.8719455183654103,343.13439065108514,313.0018258208355,30.0,0.4287611732954147
2024-12-26 16:37:30+00:00,313.2332112087787,30.648218477995417,0.4387311435417842,286.3977178793134,16.480833333333333,2024-12-30 16:37:30+00:00,274.3093545806133,93.89198086405656,-2.8731775958160504,345.8263772954925,312.974734678123,30.0,0.4387311435417842
