time,longitude,radius,latitude,Vr,Time_days,Times_Earth,Vr_pred_Earth,Lon-L1,Lat-L1,Vr_obs_Earth
2020-01-26 04:07:30,57.564890390974675,38.99260309814327,-0.5640796784905386,343.0356380992751,20.129803240740742,2020-01-30 04:07:30+00:00,314.98999385172147,46.71790818590931,-5.83911520432916,411.00047698545194
2020-01-26 04:22:30,57.56537283192949,38.935857211960446,-0.5739668180805824,343.8588188869796,20.140219907407406,2020-01-30 04:22:30+00:00,314.1425399057047,46.58076268997923,-5.839910176716354,410.3505843071786
2020-01-26 04:37:30,57.56628838851277,38.879163339319355,-0.5838789461836972,336.4083488476857,20.150636574074074,2020-01-30 04:37:30+00:00,313.301258172286,46.4436171885253,-5.840704948462181,408.347245409015
2020-01-26 04:52:30,57.5676385688315,38.822522016054464,-0.5938160615822383,332.5622770431253,20.161053240740742,2020-01-30 04:52:30+00:00,313.301258172286,46.306471681481376,-5.84149951953941,405.6297532925246
2020-01-26 05:07:30,57.569424882859785,38.76593378154608,-0.6037781617613852,355.1873778127337,20.171469907407406,2020-01-30 05:07:30+00:00,312.4661573285457,46.16932616885454,-5.8422938899208345,404.4677637332061
2020-01-26 05:22:30,57.571648842272296,38.70939917872776,-0.613765242890373,359.0167628957084,20.181886574074074,2020-01-30 05:22:30+00:00,311.6372443617811,46.032180650622024,-5.8430880595792605,405.1303454475408
2020-01-26 05:37:30,57.574311960539376,38.65291875408232,-0.6237772998052522,372.3574466237595,20.192303240740742,2020-01-30 05:37:30+00:00,311.6372443617811,45.89503512673246,-5.843882028487499,405.46365154044616
2020-01-26 05:52:30,57.57741575268198,38.59649305769083,-0.6338143259824777,375.19108401568747,20.202719907407406,2020-01-30 05:52:30+00:00,310.81452467947287,45.75788959719259,-5.844675796618363,406.5406630097782
2020-01-26 06:07:30,57.58096173522121,38.54012264323494,-0.6438763135195377,355.442754678653,20.213136574074074,2020-01-30 06:07:30+00:00,309.99800220824886,45.62074406196547,-5.845469363944657,402.04043776664815
2020-01-26 06:22:30,57.5849514261891,38.48380806801121,-0.6539632531149813,349.9481969488784,20.223553240740742,2020-01-30 06:22:30+00:00,309.99800220824886,45.48359852104349,-5.846262730439218,401.3713331743382
2020-01-26 06:37:30,57.58938634498481,38.427549892945194,-0.6640751340461815,374.76040510651137,20.233969907407406,2020-01-30 06:37:30+00:00,309.18767948284534,45.34645297438967,-5.847055896074885,402.6002934183234
2020-01-26 06:52:30,57.5942680123048,38.371348682616365,-0.6742119441466498,352.9325589692498,20.244386574074074,2020-01-30 06:52:30+00:00,309.18767948284534,45.20930742199626,-5.847848860824482,404.8478232952356
2020-01-26 07:07:30,57.599597949997104,38.31520500527886,-0.684373669782949,363.7207789300357,20.254803240740742,2020-01-30 07:07:30+00:00,308.383557725973,45.07216186382651,-5.8486416246608695,417.85475792988314
2020-01-26 07:22:30,57.605377681060155,38.25911943285888,-0.6945602958358251,370.9896589339321,20.265219907407406,2020-01-30 07:22:30+00:00,307.5856369199086,44.935016299858106,-5.849434187556886,410.24922489864065
2020-01-26 07:37:30,57.61160872954211,38.20309254099452,-0.7047718056732795,370.8649667435143,20.275636574074074,2020-01-30 07:37:30+00:00,307.5856369199086,44.79787073009803,-5.8502265494854155,404.15971062882585
2020-01-26 07:52:30,57.6182926203539,38.14712490903092,-0.7150081811319843,373.4971722897335,20.286053240740742,2020-01-30 07:52:30+00:00,306.79391587055744,44.660725154465744,-5.851018710419308,402.8115642472905
2020-01-26 08:07:30,57.62543087936736,38.091217120041094,-0.7252694024933631,366.69589681482825,20.296469907407406,2020-01-30 08:07:30+00:00,306.0083922646645,44.52357957301192,-5.85181067033145,400.71058601943406
2020-01-26 08:22:30,57.633025033118145,38.035369760861165,-0.7355554484565346,376.3509877455028,20.306886574074074,2020-01-30 08:22:30+00:00,306.0083922646645,44.386433985641425,-5.852602429194722,403.8868199135311
2020-01-26 08:37:30,57.64107660881126,37.97958342208203,-0.7458662961197955,396.1572846171337,20.317303240740742,2020-01-30 08:37:30+00:00,305.2290627207942,44.249288392390504,-5.853393986981989,405.05074595224846
2020-01-26 08:52:30,57.64958713420229,37.92385869807816,-0.7562019209545855,389.9917654494,20.327719907407406,2020-01-30 08:52:30+00:00,304.45592283464384,44.112142793208,-5.85418534366617,407.3734001112966
2020-01-26 09:07:30,57.65855813753693,37.86819618702429,-0.766562296781318,401.1792832864462,20.338136574074074,2020-01-30 09:07:30+00:00,304.45592283464384,43.97499718807152,-5.85497649922016,403.5237300262342
2020-01-26 09:22:30,57.66799114738687,37.81259649090216,-0.7769473957467691,383.6327433873733,20.348553240740742,2020-01-30 09:22:30+00:00,303.68896721920976,43.83785157698817,-5.855767453616857,402.5598219254313
2020-01-26 09:37:30,57.67788769261928,37.7570602155178,-0.7873571883001004,378.3714961764231,20.358969907407406,2020-01-30 09:37:30+00:00,302.9281895402843,43.7007059598922,-5.856558206829195,402.2895301693299
2020-01-26 09:52:30,57.68824930217852,37.70158797053054,-0.7977916431653009,382.8275006054426,20.369386574074074,2020-01-30 09:52:30+00:00,302.9281895402843,43.56356033677611,-5.8573487588300726,402.36505286588766
2020-01-26 10:07:30,57.699077505118865,37.64618036944841,-0.8082507273201789,397.6848334032789,20.379803240740742,2020-01-30 10:07:30+00:00,302.1735825477223,43.42641470764699,-5.858139109592447,404.34056761268783
2020-01-26 10:22:30,57.710373830423194,37.59083802965687,-0.8187344059692276,409.3342002577351,20.390219907407406,2020-01-30 10:22:30+00:00,301.4251381028866,43.28926907243915,-5.858929259089235,406.91893897236133
2020-01-26 10:37:30,57.72213980682831,37.535561572438056,-0.8292426425174848,387.5308467154252,20.400636574074074,2020-01-30 10:37:30+00:00,301.4251381028866,43.15212343115959,-5.859719207293375,403.94705461483426
2020-01-26 10:52:30,57.73437696289807,37.48035162296279,-0.8397753985494695,406.3462610226848,20.411053240740742,2020-01-30 10:52:30+00:00,300.6828472026478,43.01497778377183,-5.860508954177838,405.6840766356627
2020-01-26 11:07:30,57.74708682667513,37.42520881033434,-0.8503326337986244,434.8824981401103,20.421469907407406,2020-01-30 11:07:30+00:00,300.6828472026478,42.87783213026841,-5.861298499715559,406.375705540981
2020-01-26 11:22:30,57.76027092572931,37.3701337675981,-0.8609143061240778,381.7048597181836,20.431886574074074,2020-01-30 11:22:30+00:00,299.94670000029225,42.740686470627445,-5.8620878438794985,410.4190745259193
2020-01-26 11:37:30,57.77393078704972,37.31512713173105,-0.8715203714851427,392.1163997850949,20.442303240740742,2020-01-30 11:37:30+00:00,299.21668582366635,42.60354080479768,-5.862876986642648,424.7719262744304
2020-01-26 11:52:30,57.78806793679183,37.26018954366964,-0.8821507839138798,376.3635114213762,20.452719907407406,2020-01-30 11:52:30+00:00,299.21668582366635,42.46639513278657,-5.863665927977979,430.33097490526535
2020-01-26 12:07:30,57.80268390020391,37.20532164834015,-0.8928054954864194,371.7083773731097,20.463136574074074,2020-01-30 12:07:30+00:00,298.4927931908641,42.32924945455753,-5.864454667858449,416.0267111853088
2020-01-26 12:22:30,57.81778020161584,37.15052409464489,-0.9034844563016804,374.0065114060533,20.473553240740742,2020-01-30 12:22:30+00:00,297.7750098237498,42.19210377010319,-5.865243206257073,411.3522537562604
2020-01-26 12:37:30,57.833358364133474,37.09579753549965,-0.9141876144494824,419.2935055071917,20.483969907407406,2020-01-30 12:37:30+00:00,297.7750098237498,42.05495807940164,-5.866031543146844,406.97829716193655
2020-01-26 12:52:30,57.849419909712154,37.041142627820435,-0.9249149159890836,424.36215961193915,20.494386574074074,2020-01-30 12:52:30+00:00,297.0633226595871,41.91781238241659,-5.866819678500776,403.4009062723587
2020-01-26 13:07:30,57.86596635884355,36.98656003256839,-0.9356663049158244,431.1795389518174,20.504803240740742,2020-01-30 13:07:30+00:00,296.35771786103425,41.78066667912622,-5.86760761229185,399.8735265847119
2020-01-26 13:22:30,57.882999230436376,36.932050414757214,-0.946441723134224,409.1850260936082,20.515219907407406,2020-01-30 13:22:30+00:00,296.35771786103425,41.64352096952306,-5.868395344493103,404.88910088242307
2020-01-26 13:37:30,57.900520041837815,36.8776144434438,-0.9572411104351924,424.91791134416445,20.525636574074074,2020-01-30 13:37:30+00:00,295.6581808247519,41.506375253570944,-5.869182875077564,406.04037031416
2020-01-26 13:52:30,57.918530308525874,36.82325279175934,-0.9680644044646092,392.87806091756664,20.536053240740742,2020-01-30 13:52:30+00:00,294.9646961888568,41.369229531248166,-5.869970204018262,405.27545909849744
2020-01-26 14:07:30,57.9370315441116,36.76896613691309,-0.9789115406965176,392.1479298052657,20.546469907407406,2020-01-30 14:07:30+00:00,294.9646961888568,41.23208380256181,-5.870757331288231,416.12210827569754
2020-01-26 14:22:30,57.956025260035815,36.71475516022288,-0.9897824524012931,389.2855589696169,20.556886574074074,2020-01-30 14:22:30+00:00,294.27724783944575,41.0949380674466,-5.871544256860509,415.6017605099409
2020-01-26 14:37:30,57.97551296555908,36.66062054710591,-1.0006770706222214,389.7321308363401,20.567303240740742,2020-01-30 14:37:30+00:00,293.59581891640573,40.95779232589547,-5.872330980708144,425.30884808013354
2020-01-26 14:52:30,57.9954961675735,36.606562987095025,-1.0115953241446125,361.7621592773978,20.577719907407406,2020-01-30 14:52:30+00:00,293.59581891640573,40.82064657791559,-5.873117502804217,423.84529771841954
2020-01-26 15:07:30,58.015976370449835,36.55258317385987,-1.0225371394661331,332.8567951670722,20.588136574074074,2020-01-30 15:07:30+00:00,292.9203918187152,40.68350082344176,-5.873903823121772,429.48618067148954
2020-01-26 15:22:30,58.036955075842755,36.498681805211795,-1.033502440768456,326.62385226426073,20.598553240740742,2020-01-30 15:22:30+00:00,292.9203918187152,40.54635506249606,-5.874689941633902,437.5626043405676
2020-01-26 15:37:30,58.05843378261969,36.44485958312177,-1.0444911498869676,309.344589773278,20.608969907407406,2020-01-30 15:37:30+00:00,292.25094820943843,40.40920929501296,-5.875475858313652,442.11516548745266
2020-01-26 15:52:30,58.080413986661014,36.3911172137136,-1.0555031862848545,284.89318052543587,20.619386574074074,2020-01-30 15:52:30+00:00,291.58746902060284,40.27206352101459,-5.87626157313415,455.7798350786665
2020-01-26 16:07:30,58.10289718068184,36.33745540729723,-1.066538467018539,314.0240819804283,20.629803240740742,2020-01-30 16:07:30+00:00,291.58746902060284,40.134917740435725,-5.877047086068463,451.3245982361174
2020-01-26 16:22:30,58.125884854112385,36.28387487836422,-1.0775969067115356,294.07239409875496,20.640219907407406,2020-01-30 16:22:30+00:00,290.92993445815,39.99777195328382,-5.877832397089695,450.71309325065585
2020-01-26 16:37:30,58.14937849289407,36.23037634560857,-1.0886784175218325,296.48976799957603,20.650636574074074,2020-01-30 16:37:30+00:00,290.27832400713964,39.86062615953716,-5.878617506170953,450.34798256834983
2020-01-26 16:52:30,58.17337957940109,36.17696053191489,-1.0997829091163172,298.5573605421389,20.661053240740742,2020-01-30 16:52:30+00:00,290.27832400713964,39.7234803591598,-5.879402413285341,447.93968783952096
2020-01-26 17:07:30,58.19788959208805,36.12362816441072,-1.1109102886315287,331.21945031594527,20.671469907407406,2020-01-30 17:07:30+00:00,289.63261643738605,39.58633455213019,-5.880187118405995,448.59614509030206
2020-01-26 17:22:30,58.22291000553942,36.0703799744178,-1.1220604606554578,358.36104268137143,20.681886574074074,2020-01-30 17:22:30+00:00,288.9927898096989,39.449188738441286,-5.880971621506035,439.6613403291199
2020-01-26 17:37:30,58.24844229020042,36.01721669750816,-1.13323332718708,330.82116854810926,20.692303240740742,2020-01-30 17:37:30+00:00,288.9927898096989,39.312042918057,-5.881755922558579,437.09212323569585
2020-01-26 17:52:30,58.27448791206105,35.964139073506274,-1.1444287876065444,347.3759090857857,20.702719907407406,2020-01-30 17:52:30+00:00,288.35882148289926,39.17489709097059,-5.8825400215368,437.3002623419985
2020-01-26 18:07:30,58.30104833278044,35.91114784647129,-1.1556467386500242,318.8961681154846,20.713136574074074,2020-01-30 18:07:30+00:00,287.73068812177763,39.0377512571457,-5.883323918413815,441.48580968280464
2020-01-26 18:22:30,58.32812500920583,35.85824376473096,-1.166887074372986,333.75266915205447,20.723553240740742,2020-01-30 18:22:30+00:00,287.73068812177763,38.90060541657568,-5.884107613162789,444.8843310279036
2020-01-26 18:37:30,58.355719393407874,35.80542758087495,-1.1781496861220488,346.31618894393887,20.733969907407406,2020-01-30 18:37:30+00:00,287.10836570615766,38.763459569224544,-5.88489110575689,442.6544240400668
2020-01-26 18:52:30,58.383832932346365,35.75270005176771,-1.18943446250236,354.9406633795343,20.744386574074074,2020-01-30 18:52:30+00:00,286.4918295412266,38.626313715070694,-5.885674396169271,435.86930598616743
2020-01-26 19:07:30,58.41246706779231,35.7000619385612,-1.2007412893448672,356.85970741433266,20.754803240740742,2020-01-30 19:07:30+00:00,286.4918295412266,38.489167854107606,-5.886457484373132,428.6477462437395
2020-01-26 19:22:30,58.44162323602115,35.64751400668466,-1.2120700496782737,324.1119962795373,20.765219907407406,2020-01-30 19:22:30+00:00,285.88105426929394,38.35202198629886,-5.887240370341605,424.7913188647746
2020-01-26 19:37:30,58.4713028677832,35.595057025865806,-1.2234206236940075,332.901810557278,20.775636574074074,2020-01-30 19:37:30+00:00,285.88105426929394,38.214876111638,-5.888023054047937,426.1388027665156
2020-01-26 19:52:30,58.50150738786385,35.542691770144344,-1.2347928887126598,354.75784638981116,20.786053240740742,2020-01-30 19:52:30+00:00,285.2760138831349,38.077730230103576,-5.888805535465268,430.0500834724541
2020-01-26 20:07:30,58.5322382151262,35.4904190178532,-1.2461867191571097,368.3831364073628,20.796469907407406,2020-01-30 20:07:30+00:00,284.676681741076,37.94058434165984,-5.889587814566857,430.4316718340091
2020-01-26 20:22:30,58.56349676221912,35.4382395516331,-1.2576019865186316,347.79441938948844,20.806886574074074,2020-01-30 20:22:30+00:00,284.676681741076,37.803438446285234,-5.890369891325852,424.98102898770674
2020-01-26 20:37:30,58.595284435302744,35.3861541584486,-1.2690385593215645,350.87165778943745,20.817303240740742,2020-01-30 20:37:30+00:00,284.0830305839797,37.666292543973206,-5.891151765715521,429.85928929167653
2020-01-26 20:52:30,58.62760263393764,35.33416362958156,-1.2804963030940963,374.72348471091067,20.827719907407406,2020-01-30 20:52:30+00:00,283.49503255428385,37.529146634702485,-5.891933437709048,442.4373956594324
2020-01-26 21:07:30,58.66045275080389,35.282268760629876,-1.291975080336402,371.1973485858944,20.838136574074074,2020-01-30 21:07:30+00:00,283.49503255428385,37.39200071842263,-5.892714907279691,417.3384211781541
2020-01-26 21:22:30,58.6938361715644,35.23047035153507,-1.3034747504829869,370.6489983305509,20.848553240740742,2020-01-30 21:22:30+00:00,282.91265921725125,37.2548547951415,-5.893496174400673,413.3555926544241
2020-01-26 21:37:30,58.72775427456045,35.17876920655217,-1.314995169877425,367.3629342227042,20.858969907407406,2020-01-30 21:37:30+00:00,282.33588158458696,37.11770886483794,-5.894277239045226,412.61030288576194
2020-01-26 21:52:30,58.76220843067891,35.12716613427724,-1.3265361917341072,373.4799786280937,20.869386574074074,2020-01-30 21:52:30+00:00,282.33588158458696,36.98056292747623,-5.895058101186616,413.0853008983226
2020-01-26 22:07:30,58.79720000305565,35.07566194763778,-1.3380976661077868,375.2491127790295,20.879803240740742,2020-01-30 22:07:30+00:00,281.7646701405811,36.84341698304965,-5.895838760798083,412.9243183082915
2020-01-26 22:22:30,58.832730346908875,35.0242574638951,-1.349679439861438,372.82950916872034,20.890219907407406,2020-01-30 22:22:30+00:00,281.1989948709365,36.70627103150799,-5.896619217852904,412.15915414579854
2020-01-26 22:37:30,58.868800808751445,34.97295350403347,-1.3612813565282271,367.92232281776614,20.900636574074074,2020-01-30 22:37:30+00:00,281.1989948709365,36.56912507287369,-5.8973994723243495,439.2983014018073
2020-01-26 22:52:30,58.905412723608215,34.92175088945533,-1.3729032557479717,363.8341555338752,20.911053240740742,2020-01-30 22:52:30+00:00,280.6388252944432,36.43197910709658,-5.898179524185674,450.5949068553409
2020-01-26 23:07:30,58.94256742565239,34.87065045557353,-1.3845449754496943,367.4931333198989,20.921469907407406,2020-01-30 23:07:30+00:00,280.0841304976662,36.29483313417016,-5.8989593734101975,450.6770543498424
2020-01-26 23:22:30,58.9802662360314,34.819653037008756,-1.3962063493941923,401.4720434595293,20.931886574074074,2020-01-30 23:22:30+00:00,280.0841304976662,36.157687154058664,-5.899739019971175,448.4829212709013
2020-01-26 23:37:30,59.0185104667575,34.768759472709284,-1.407887207986621,370.6725433246379,20.942303240740742,2020-01-30 23:37:30+00:00,279.5348791728141,36.02054116674107,-5.900518463841931,448.2953069931368
2020-01-26 23:52:30,59.05730142054936,34.717970605963735,-1.419587378240678,418.3732076591768,20.952719907407406,2020-01-30 23:52:30+00:00,279.5348791728141,35.88339517222554,-5.901297704995755,452.212020033389
2020-01-27 00:07:30,59.09664039042624,34.667287284395144,-1.4313066837462696,415.29759412559287,20.963136574074074,2020-01-31 00:07:30+00:00,278.9910396589645,35.74624917044724,-5.902076743405963,450.1483954739381
2020-01-27 00:22:30,59.13652865973392,34.61671035994371,-1.44304494464027,419.1222905662442,20.973553240740742,2020-01-31 00:22:30+00:00,278.4525799868255,35.6091031614143,-5.902855579045853,450.3829133211437
2020-01-27 00:37:30,59.17696750153296,34.56624068890706,-1.454801977563421,471.5417585615102,20.983969907407406,2020-01-31 00:37:30+00:00,278.4525799868255,35.47195714509123,-5.903634211888784,450.6498926782733
2020-01-27 00:52:30,59.21795817868161,34.51587913187168,-1.4665775956420863,428.23381137437946,20.994386574074074,2020-01-31 00:52:30+00:00,277.9194679272205,35.33481112147157,-5.904412641908069,450.6863290669635
2020-01-27 01:07:30,59.259501943397126,34.4656265537676,-1.4783716084422678,407.6590483662378,21.004803240740742,2020-01-31 01:07:30+00:00,277.39167104349264,35.197665090519735,-5.905190869077042,449.4236425789013
2020-01-27 01:22:30,59.30160003701623,34.41548382383346,-1.4901838219431465,418.8321261241855,21.015219907407406,2020-01-31 01:22:30+00:00,277.39167104349264,35.06051905222944,-5.905968893369049,444.2033017992951
2020-01-27 01:37:30,59.34425368978066,34.36545181561483,-1.5020140385038867,427.15156490052624,21.025636574074074,2020-01-31 01:37:30+00:00,276.8691567480343,34.92337300657963,-5.906746714757435,455.751649574688
2020-01-27 01:52:30,59.38746412053885,34.31553140696761,-1.5138620568286747,425.3853947627141,21.036053240740742,2020-01-31 01:52:30+00:00,276.3518923631572,34.786226953535035,-5.907524333215585,457.1545167872381
2020-01-27 02:07:30,59.431232536458104,34.265723480039945,-1.5257276719363924,411.38711222045913,21.046469907407406,2020-01-31 02:07:30+00:00,276.3518923631572,34.649080893060066,-5.90830174871684,488.2661578821846
2020-01-27 02:22:30,59.47556013285028,34.216028921267785,-1.5376106751277328,416.37327092773666,21.056886574074074,2020-01-31 02:22:30+00:00,275.8398451865357,34.51193482519217,-5.90907896123458,506.50157670191055
2020-01-27 02:37:30,59.52044809275246,34.16644862137802,-1.5495108539501516,417.2299752734511,21.067303240740742,2020-01-31 02:37:30+00:00,275.33298256146566,34.374788749852186,-5.9098559707421785,512.4572700532634
2020-01-27 02:52:30,59.56589758676343,34.116983475364165,-1.5614279921686318,406.7787397600652,21.077719907407406,2020-01-31 02:52:30+00:00,275.33298256146566,34.23764266703386,-5.910632777213036,520.5085398741493
2020-01-27 03:07:30,59.61190977272272,34.067634382487306,-1.5733618697318752,408.2168705782456,21.088136574074074,2020-01-31 03:07:30+00:00,274.8312719522033,34.10049657674561,-5.911409380620533,506.8018125447174
2020-01-27 03:22:30,59.6584857954559,34.018402246256784,-1.5853122627420064,401.8166024061266,21.098553240740742,2020-01-31 03:22:30+00:00,274.3346810246642,33.9633504789374,-5.9121857809380565,499.06192861117734
2020-01-27 03:37:30,59.70562678644499,33.96928797443576,-1.5972789434188046,404.0820722709893,21.108969907407406,2020-01-31 03:37:30+00:00,274.3346810246642,33.82620437358852,-5.91296197813905,487.10072342793546
2020-01-27 03:52:30,59.7533338635806,33.9202924790073,-1.6092616800732462,404.6103345535883,21.119386574074074,2020-01-31 03:52:30+00:00,273.84317773278883,33.689058260692754,-5.913737972196886,493.05191191668655
2020-01-27 04:07:30,59.80160813082206,33.871416676191075,-1.6212602370689946,412.09275210129346,21.129803240740742,2020-01-31 04:07:30+00:00,273.84317773278883,33.55191214021479,-5.914513763085013,483.75701927454855
2020-01-27 04:22:30,59.85045067795465,33.82266148639627,-1.6332743747998657,407.4123034358339,21.140219907407406,2020-01-31 04:22:30+00:00,273.3567304109013,33.41476601214843,-5.91528935077684,492.3867822031428
2020-01-27 04:37:30,59.899862580279866,33.774027834248606,-1.6453038496475736,405.7310972945558,21.150636574074074,2020-01-31 04:37:30+00:00,272.87530787242184,33.277619876473054,-5.91606473524581,485.271749211649
2020-01-27 04:52:30,59.94984489828876,33.72551664853547,-1.6573484139616947,403.5652903209108,21.161053240740742,2020-01-31 04:52:30+00:00,272.87530787242184,33.1404737331389,-5.916839916465351,482.4654848027135
2020-01-27 05:07:30,60.00039867742768,33.67712886221563,-1.6694078160222976,405.16744378081165,21.171469907407406,2020-01-31 05:07:30+00:00,272.39887951531966,33.00332758215426,-5.91761489440892,475.1656801740274
2020-01-27 05:22:30,60.05152494765273,33.62886541240954,-1.6814818000079947,383.546030752312,21.181886574074074,2020-01-31 05:22:30+00:00,271.92741543473414,32.86618142349863,-5.918389669049977,476.0016694490818
2020-01-27 05:37:30,60.103224723327514,33.58072724034459,-1.6935701059753645,364.07829002325707,21.192303240740742,2020-01-31 05:37:30+00:00,271.92741543473414,32.7290352571368,-5.919164240361972,475.4904898477519
2020-01-27 05:52:30,60.155499002739866,33.532715291391895,-1.7056724698149508,365.36814464368143,21.202719907407406,2020-01-31 05:52:30+00:00,271.4608865432269,32.59188908306276,-5.919938608318388,473.8024913317067
2020-01-27 06:07:30,60.20834876780122,33.48483051501132,-1.7177886232311317,358.6935548578296,21.213136574074074,2020-01-31 06:07:30+00:00,270.9992646991765,32.45474290124119,-5.920712772892654,473.37228714524207
2020-01-27 06:22:30,60.261774983893,33.437073864732554,-1.7299182937127635,353.73551653549566,21.223553240740742,2020-01-31 06:22:30+00:00,270.9992646991765,32.31759671166632,-5.9214867340583135,472.012276352844
2020-01-27 06:37:30,60.31577859933027,33.38944629815458,-1.7420612044988693,347.4230828157791,21.233969907407406,2020-01-31 06:37:30+00:00,270.5425228438726,32.18045051430286,-5.92226049178882,497.41632880197153
2020-01-27 06:52:30,60.37036054518789,33.34194877691718,-1.754217074551514,296.0802387575191,21.244386574074074,2020-01-31 06:52:30+00:00,270.0906351479253,32.043304309159566,-5.923034046057668,493.1249051449385
2020-01-27 07:07:30,60.42552173491972,33.29458226667575,-1.7663856185295717,290.517788044674,21.254803240740742,2020-01-31 07:07:30+00:00,270.0906351479253,31.906158096171996,-5.92380739683836,487.29363754405495
2020-01-27 07:22:30,60.48126306403655,33.247347737077305,-1.7785665467597498,294.8883219344068,21.265219907407406,2020-01-31 07:22:30+00:00,269.643577167663,31.769011875349,-5.92458054410442,487.3817473567056
2020-01-27 07:37:30,60.53758540978893,33.20024616174093,-1.790759565208845,313.61041627765235,21.275636574074074,2020-01-31 07:37:30+00:00,269.20132601226135,31.631865646655474,-5.925353487829339,486.5907464822323
2020-01-27 07:52:30,60.59448963079426,33.15327851825065,-1.80296437545126,308.43649977602917,21.286053240740742,2020-01-31 07:52:30+00:00,269.20132601226135,31.494719410071017,-5.926126227986664,483.6502395767838
2020-01-27 08:07:30,60.65197656676015,33.10644578809596,-1.815180674651805,330.7027748310939,21.296469907407406,2020-01-31 08:07:30+00:00,268.7638605224197,31.35757316560412,-5.926898764549901,480.51297617240857
2020-01-27 08:22:30,60.710047038161846,33.05974895667129,-1.8274081555321635,296.6737236792504,21.306886574074074,2020-01-31 08:22:30+00:00,268.7638605224197,31.220426913205557,-5.9276710974925955,480.27053636402553
2020-01-27 08:37:30,60.7687018457712,33.0131890132435,-1.8396465063468024,296.4747864762518,21.317303240740742,2020-01-31 08:37:30+00:00,268.3311614614821,31.0832806528692,-5.9284432267882945,479.2827789906254
2020-01-27 08:52:30,60.82794177045586,32.96676695092458,-1.8518954108567225,294.1754160219043,21.327719907407406,2020-01-31 08:52:30+00:00,267.90321171999113,30.946134384560295,-5.929215152410537,477.2477939422847
2020-01-27 09:07:30,60.88776757280295,32.920483766638256,-1.8641545483064392,292.1450312494651,21.338136574074074,2020-01-31 09:07:30+00:00,267.90321171999113,30.808988108258305,-5.92998687433289,512.4905144938534
2020-01-27 09:22:30,60.94817999268464,32.87434046109756,-1.87642359339647,296.696668720354,21.348553240740742,2020-01-31 09:22:30+00:00,267.4799965347614,30.671841823957603,-5.930758392528914,535.9779526724435
2020-01-27 09:37:30,61.009179749025,32.828338038774305,-1.8887022162603968,314.86070534223705,21.358969907407406,2020-01-31 09:37:30+00:00,267.0615037236662,30.534695531637908,-5.9315297069721655,527.4028142141665
2020-01-27 09:52:30,61.070767539433824,32.7824775078507,-1.9009900824455144,307.69529129969317,21.369386574074074,2020-01-31 09:52:30+00:00,267.0615037236662,30.397549231249627,-5.932300817636233,487.5208681135225
2020-01-27 10:07:30,61.1329440396663,32.736759880224916,-1.913286852878861,319.77610031731245,21.379803240740742,2020-01-31 10:07:30+00:00,266.6477239374503,30.26040292281618,-5.933071724494693,481.84010387683173
2020-01-27 10:22:30,61.19570990353909,32.69118617144165,-1.9255921838558117,316.91343771877865,21.390219907407406,2020-01-31 10:22:30+00:00,266.2386509300114,30.123256606302903,-5.933842427521153,484.2404006677796
2020-01-27 10:37:30,61.259065762446305,32.645757400656734,-1.937905727017934,309.55443765941885,21.400636574074074,2020-01-31 10:37:30+00:00,266.2386509300114,29.986110281645768,-5.934612926689188,485.7759565605977
2020-01-27 10:52:30,61.32301222495727,32.60047459063634,-1.9502271293221456,312.8754225284201,21.411053240740742,2020-01-31 10:52:30+00:00,265.83428184873253,29.848963948897335,-5.93538322197241,492.660386358216
2020-01-27 11:07:30,61.38754987649686,32.5553387676951,-1.9625560330291056,356.22111665129097,21.421469907407406,2020-01-31 11:07:30+00:00,265.43461754660143,29.71181760799368,-5.936153313344435,495.9959721228502
2020-01-27 11:22:30,61.45267927900087,32.51035096168077,-1.974892075680115,344.18730478216384,21.431886574074074,2020-01-31 11:22:30+00:00,265.43461754660143,29.574671258900047,-5.936923200778863,492.59877573734
2020-01-27 11:37:30,61.51840097047041,32.46551220590143,-1.9872348900775272,311.4314471773202,21.442303240740742,2020-01-31 11:37:30+00:00,265.03966291802107,29.43752490165465,-5.937692884249345,482.1289450671755
2020-01-27 11:52:30,61.58471546471621,32.42082353709995,-1.9995841042669995,305.0310872495133,21.452719907407406,2020-01-31 11:52:30+00:00,264.6494272603976,29.30037853617905,-5.938462363729477,489.43609719903543
2020-01-27 12:07:30,61.6516232509308,32.376285995407216,-2.0119393415224365,302.42187920728094,21.463136574074074,2020-01-31 12:07:30+00:00,264.6494272603976,29.163232162482043,-5.939231639192931,493.5818957521796
2020-01-27 12:22:30,61.71912479327391,32.33190062431939,-2.024300220322933,321.4416053333629,21.473553240740742,2020-01-31 12:22:30+00:00,264.26392466378854,29.02608578052928,-5.940000710613346,487.91689853459474
2020-01-27 12:37:30,61.78722053056297,32.28766847064478,-2.036666354340397,315.1922371243896,21.483969907407406,2020-01-31 12:37:30+00:00,264.26392466378854,28.88893939031484,-5.940769577964323,485.6347881389617
2020-01-27 12:52:30,61.85591087582786,32.24359058445805,-2.049037352423483,313.1583277407713,21.494386574074074,2020-01-31 12:52:30+00:00,263.88317443111185,28.751792991819077,-5.941538241219599,485.61407058902887
2020-01-27 13:07:30,61.92519621602731,32.199668019057526,-2.0614128185832987,315.58587228714526,21.504803240740742,2020-01-31 13:07:30+00:00,263.5072015316497,28.614646584992453,-5.94230670035279,481.3154198796936
2020-01-27 13:22:30,61.99507691163737,32.15590183091842,-2.0737923519792703,302.8271049398409,21.515219907407406,2020-01-31 13:22:30+00:00,263.5072015316497,28.477500169858857,-5.943074955337569,483.2464882548354
2020-01-27 13:37:30,62.06555329612658,32.11229307965523,-2.086175546903152,306.0412610903739,21.525636574074074,2020-01-31 13:37:30+00:00,263.13603709083856,28.340353746369058,-5.943843006147629,481.6062485094205
2020-01-27 13:52:30,62.13662567585579,32.068842827946426,-2.0985619927752936,309.66836032881343,21.536053240740742,2020-01-31 13:52:30+00:00,262.7697189196171,28.20320731450298,-5.944610852756641,469.7591223467685
2020-01-27 14:07:30,62.20829432940779,32.02555214152728,-2.1109512741205583,310.36259175345145,21.546469907407406,2020-01-31 14:07:30+00:00,262.7697189196171,28.066060874269905,-5.945378495138317,485.1279910962715
2020-01-27 14:22:30,62.28055950740206,31.982422089092225,-2.12334297057183,321.72771907501084,21.556886574074074,2020-01-31 14:22:30+00:00,262.40829208690934,27.928914425606138,-5.946145933266341,484.7709144871081
2020-01-27 14:37:30,62.35342143205743,31.939453742278047,-2.135736656851171,331.8471103585579,21.567303240740742,2020-01-31 14:37:30+00:00,262.0518095391626,27.791767968520865,-5.946913167114426,479.78954823696057
2020-01-27 14:52:30,62.42688029665531,31.89664817560459,-2.148131902761784,335.5192085246051,21.577719907407406,2020-01-31 14:52:30+00:00,262.0518095391626,27.654621502994125,-5.947680196656272,498.2351538278083
2020-01-27 15:07:30,62.500936265354454,31.854006466410063,-2.1605282731853337,356.8438997792019,21.588136574074074,2020-01-31 15:07:30+00:00,261.7003327712308,27.51747502900608,-5.948447021865614,505.11821697130546
2020-01-27 15:22:30,62.57558947284995,31.81152969478407,-2.172925328077279,326.414694409007,21.598553240740742,2020-01-31 15:22:30+00:00,261.35393255331445,27.380328546507677,-5.949213642716153,512.5129183559902
2020-01-27 15:37:30,62.650840023639645,31.7692189435574,-2.1853226224497284,349.4230402341821,21.608969907407406,2020-01-31 15:37:30+00:00,261.35393255331445,27.243182055508168,-5.949980059181652,510.43658622957463
2020-01-27 15:52:30,62.72668799195379,31.727075298198898,-2.1977197063787437,323.8591943875944,21.619386574074074,2020-01-31 15:52:30+00:00,261.0126897191356,27.106035555987837,-5.9507462712358405,509.0070752842039
2020-01-27 16:07:30,62.80313342128456,31.685099846768164,-2.2101161249985988,330.6147005762292,21.629803240740742,2020-01-31 16:07:30+00:00,260.6766960210587,26.968889047926716,-5.951512278852459,483.50955295863474
2020-01-27 16:22:30,62.88017632392599,31.64329367986882,-2.222511418495915,328.6667242770626,21.640219907407406,2020-01-31 16:22:30+00:00,260.6766960210587,26.83174253129054,-5.952278082005264,477.2795929724143
2020-01-27 16:37:30,62.95781668066486,31.60165789057224,-2.2349051221123304,393.3450053029196,21.650636574074074,2020-01-31 16:37:30+00:00,260.3460550584718,26.694596006073933,-5.953043680668009,478.3793094310624
2020-01-27 16:52:30,63.036054440299225,31.56019357436392,-2.247296766142351,371.0816268340875,21.661053240740742,2020-01-31 16:52:30+00:00,260.3460550584718,26.557449472228186,-5.953809074814463,473.3351882767576
2020-01-27 17:07:30,63.114889519293385,31.51890182907628,-2.2596858759354777,449.91901184513864,21.671469907407406,2020-01-31 17:07:30+00:00,260.0208832864452,26.420302929777197,-5.954574264418409,467.20195034051466
2020-01-27 17:22:30,63.19432180146777,31.477783754818716,-2.2720719719004823,372.6748465079542,21.681886574074074,2020-01-31 17:22:30+00:00,259.70131111249947,26.28315637867205,-5.955339249453627,461.44685587089594
2020-01-27 17:37:30,63.27435113744845,31.436840453916513,-2.2844545695075307,407.81516628859094,21.692303240740742,2020-01-31 17:37:30+00:00,259.70131111249947,26.146009818922273,-5.956104029893892,463.0097782017649
2020-01-27 17:52:30,63.35497734427705,31.39607303085463,-2.296833179289413,389.2835479320582,21.702719907407406,2020-01-31 17:52:30+00:00,259.3874840902757,26.008863250464376,-5.956868605713009,466.58716909134273
2020-01-27 18:07:30,63.43620020526341,31.35548259218318,-2.30920730685569,376.08674066993376,21.713136574074074,2020-01-31 18:07:30+00:00,259.07956422004656,25.871716673307823,-5.957632976884762,457.4995362641439
2020-01-27 18:22:30,63.51801946925832,31.315070246465854,-2.321576452894683,396.3106962446948,21.723553240740742,2020-01-31 18:22:30+00:00,259.07956422004656,25.73457008743313,-5.958397143382987,457.7536635132629
2020-01-27 18:37:30,63.6004348504805,31.274837104205226,-2.333940113183343,397.5812817979119,21.733969907407406,2020-01-31 18:37:30+00:00,258.77773136738057,25.597423492805987,-5.959161105181473,455.4555211066063
2020-01-27 18:52:30,63.68344602808413,31.23478427776192,-2.3462977785998627,380.5659857606901,21.744386574074074,2020-01-31 18:52:30+00:00,258.482184812938,25.460276889406742,-5.959924862254048,469.1801150064923
2020-01-27 19:07:30,63.76705264571247,31.194912881292296,-2.358648935131629,368.8126043405676,21.754803240740742,2020-01-31 19:07:30+00:00,258.482184812938,25.32313027723036,-5.960688414574542,472.93107560219414
2020-01-27 19:22:30,63.851254311140515,31.155224030670976,-2.3709930638893044,389.2716481449641,21.765219907407406,2020-01-31 19:22:30+00:00,258.1931449484124,25.185983656257555,-5.961451762116796,479.7784667567639
2020-01-27 19:37:30,63.936050595900895,31.11571884340424,-2.3833296411231624,405.1792580866418,21.775636574074074,2020-01-31 19:37:30+00:00,257.91085513612865,25.048837026453757,-5.962214904854632,474.60582452235207
2020-01-27 19:52:30,64.02144103483461,31.07639843856179,-2.3956581382369997,381.39493137057224,21.786053240740742,2020-01-31 19:52:30+00:00,257.91085513612865,24.911690387814385,-5.962977842761921,474.38323131144506
2020-01-27 20:07:30,64.10742512580015,31.037263936696515,-2.407978021805633,376.8810699711159,21.796469907407406,2020-01-31 20:07:30+00:00,257.6355837528947,24.77454374030527,-5.963740575812507,478.55685401595247
2020-01-27 20:22:30,64.19400232918719,30.998316459758986,-2.4202887535944764,413.6445630606316,21.806886574074074,2020-01-31 20:22:30+00:00,257.6355837528947,24.63739708392148,-5.964503103980253,473.47960887192943
2020-01-27 20:37:30,64.28117206759082,30.95955713102652,-2.4325897905769365,361.01833312688615,21.817303240740742,2020-01-31 20:37:30+00:00,257.36762644253,24.500250418643375,-5.965265427239023,457.60990539788537
2020-01-27 20:52:30,64.368933725485,30.920987074994716,-2.444880584964328,376.62704490813854,21.827719907407406,2020-01-31 20:52:30+00:00,257.1073086062437,24.363103744437165,-5.966027545562703,450.70355354161694
2020-01-27 21:07:30,64.45728664865099,30.88260741733368,-2.4571605842155395,395.3905029888524,21.838136574074074,2020-01-31 21:07:30+00:00,257.1073086062437,24.225957061297947,-5.966789458925152,448.42329808940826
2020-01-27 21:22:30,64.54623014395517,30.844419284766506,-2.4694292310738835,367.0017273775475,21.848553240740742,2020-01-31 21:22:30+00:00,256.85498816595816,24.088810369206207,-5.967551167300298,439.82828523730024
2020-01-27 21:37:30,64.63576347901275,30.80642380499193,-2.4816859635906026,366.8920151573787,21.858969907407406,2020-01-31 21:37:30+00:00,256.611058643045,23.95166366811358,-5.968312670662,437.9521424596549
2020-01-27 21:52:30,64.72588588162692,30.76862210660907,-2.4939302151481972,382.2688361493347,21.869386574074074,2020-01-31 21:52:30+00:00,256.611058643045,23.814516958044265,-5.9690739689841825,439.1557357500596
2020-01-27 22:07:30,64.8165965395641,30.731015319013068,-2.506161414495267,381.2781887823792,21.879803240740742,2020-01-31 22:07:30+00:00,256.3759526041233,23.677370238949816,-5.969835062240743,438.6861700718128
2020-01-27 22:22:30,64.90789460013482,30.693604572312708,-2.518378985775143,368.0789503362008,21.890219907407406,2020-01-31 22:22:30+00:00,256.1501455370097,23.540223510825488,-5.970595950405608,438.9702534527242
2020-01-27 22:37:30,64.9997791698525,30.656390997223312,-2.530582348563262,410.5132293089967,21.900636574074074,2020-01-31 22:37:30+00:00,256.1501455370097,23.403076773637473,-5.9713566334526735,441.7627262368498
2020-01-27 22:52:30,65.09224931401843,30.61937572499799,-2.5427709178941447,400.1033647393485,21.911053240740742,2020-01-31 22:52:30+00:00,255.93416023411052,23.2659300273664,-5.972117111355905,438.29530699313665
2020-01-27 23:07:30,65.18530405641039,30.582559887311017,-2.554944104304923,379.037979966611,21.921469907407406,2020-01-31 23:07:30+00:00,255.7285717781678,23.128783272022115,-5.972877384089227,444.7857540345019
2020-01-27 23:22:30,65.27894237882144,30.545944616177223,-2.5671013138683194,377.0592898642023,21.931886574074074,2020-01-31 23:22:30+00:00,255.7285717781678,22.99163650755633,-5.973637451626562,442.7193470599147
2020-01-27 23:37:30,65.3731632208568,30.509531043842067,-2.579241948236558,388.5959112393413,21.942303240740742,2020-01-31 23:37:30+00:00,255.53401324704978,22.854489733949805,-5.974397313941908,436.01240162175054
2020-01-27 23:52:30,65.46796547954779,30.4733203026819,-2.591365404683398,383.2154198816816,21.952719907407406,2020-01-31 23:52:30+00:00,255.35118228111884,22.717342951212355,-5.975156971009165,430.8658370010624
2020-01-28 00:07:30,65.56334800883833,30.43731352512663,-2.603471076140406,381.5362989241328,21.963136574074074,2020-02-01 00:07:30+00:00,255.35118228111884,22.580196159295696,-5.975916422802317,426.8125447173861
2020-01-28 00:22:30,65.65930961938138,30.401511843533605,-2.6155583512496823,387.9317649549775,21.973553240740742,2020-02-01 00:22:30+00:00,255.18084868964667,22.443049358166284,-5.97667566929535,426.85030606566505
2020-01-28 00:37:30,65.75584907828025,30.365916390085772,-2.627626614411428,383.52711637643887,21.983969907407406,2020-02-01 00:37:30+00:00,255.18084868964667,22.30590254786301,-5.97743471046224,429.5421143501276
2020-01-28 00:52:30,65.85296510858524,30.33052829670361,-2.6396752458267905,384.33994976206486,21.994386574074074,2020-02-01 00:52:30+00:00,255.02386331298433,22.168755728308643,-5.9781935462769535,427.0556748019185
2020-01-28 01:07:30,65.95065638894367,30.295348694940287,-2.6517036215493817,361.251286170325,22.004803240740742,2020-02-01 01:07:30+00:00,254.88116840607645,22.031608899513053,-5.978952176713486,428.72126945582704
2020-01-28 01:22:30,66.04892155346037,30.26037871585247,-2.6637111135444873,353.1607687695164,22.015219907407406,2020-02-01 01:22:30+00:00,254.88116840607645,21.894462061457297,-5.979710601745849,423.9685189601717
2020-01-28 01:37:30,66.14775919120537,30.22561948991698,-2.675697089736644,377.30370289279944,22.025636574074074,2020-02-01 01:37:30+00:00,254.75380986793184,21.757315214107727,-5.980468821348043,424.3785939528844
2020-01-28 01:52:30,66.2471678459865,30.19107214690853,-2.687660914069099,360.7082488485226,22.036053240740742,2020-02-01 01:52:30+00:00,254.6429517124057,21.62016835745978,-5.981226835494047,424.1884622519013
2020-01-28 02:07:30,66.34714601592931,30.156737815800582,-2.699601946559403,364.9663588486357,22.046469907407406,2020-02-01 02:07:30+00:00,254.6429517124057,21.48302149149444,-5.981984644157913,444.19487023827594
2020-01-28 02:22:30,66.44769215331608,30.122617624637986,-2.711519543364449,364.7682623928944,22.056886574074074,2020-02-01 02:22:30+00:00,254.5498932597324,21.34587461617823,-5.982742247313654,438.0157405199141
2020-01-28 02:37:30,66.54880466418558,30.08871270043933,-2.7234130568378014,361.43184377062545,22.067303240740742,2020-02-01 02:37:30+00:00,254.47608962717217,21.208727731492125,-5.9834996449353,434.07193807861586
2020-01-28 02:52:30,66.65048190794818,30.05502416908621,-2.7352818355924273,365.4694828682725,22.077719907407406,2020-02-01 02:52:30+00:00,254.47608962717217,21.07158083744641,-5.984256836996904,435.5115668972096
2020-01-28 03:07:30,66.75272219735231,30.021553155185128,-2.747125224574694,382.6089660979519,22.088136574074074,2020-02-01 03:07:30+00:00,254.42317621211623,20.934433933978234,-5.9850138234725065,435.8803133427507
2020-01-28 03:22:30,66.85552379799098,29.988300781977056,-2.758942565123931,379.8673191878938,22.098553240740742,2020-02-01 03:22:30+00:00,254.39299799261912,20.797287021097855,-5.985770604336128,436.3462914381112
2020-01-28 03:37:30,66.95888492792974,29.955268171218048,-2.770733195041693,368.01692075773536,22.108969907407406,2020-02-01 03:37:30+00:00,254.39299799261912,20.660140098801055,-5.986527179561872,434.5146673026472
2020-01-28 03:52:30,67.06280375782032,29.922456443032143,-2.7824964486753236,364.2418984597986,22.119386574074074,2020-02-01 03:52:30+00:00,254.387644618121,20.5229931670252,-5.987283549123764,433.7380482622552
2020-01-28 04:07:30,67.1672784101532,29.88986671583577,-2.794231656975103,364.4340173206113,22.129803240740742,2020-02-01 04:07:30+00:00,254.40949242487196,20.38584622579514,-5.988039712995902,434.81993799189127
2020-01-28 04:22:30,67.27230695940304,29.857500106181146,-2.8059381475828307,365.15564617364697,22.140219907407406,2020-02-01 04:22:30+00:00,254.40949242487196,20.24869927506292,-5.988795671152353,433.13856427378965
2020-01-28 04:37:30,67.37788743146483,29.825357728654826,-2.8176152449034464,358.3225641850481,22.150636574074074,2020-02-01 04:37:30+00:00,254.46125468135156,20.111552314809625,-5.989551423567219,429.7758168375864
2020-01-28 04:52:30,67.48401780362069,29.793440695752707,-2.829262270184005,308.3822499865367,22.161053240740742,2020-02-01 04:52:30+00:00,254.46125468135156,19.974405345031123,-5.990306970214563,431.6967673395053
2020-01-28 05:07:30,67.59069600416984,29.761750117747457,-2.8408785415992375,316.2334824106694,22.171469907407406,2020-02-01 05:07:30+00:00,254.54604153983928,19.83725836570873,-5.991062311068511,436.32721202003336
2020-01-28 05:22:30,67.69791991229577,29.730287102568234,-2.852463374334095,303.6843120470872,22.181886574074074,2020-02-01 05:22:30+00:00,254.66743132637748,19.700111376809033,-5.9918174461031635,446.0851419031719
2020-01-28 05:37:30,67.80568735770916,29.69905275568564,-2.8640160806645567,306.79865291865536,22.192303240740742,2020-02-01 05:37:30+00:00,254.66743132637748,19.562964378327653,-5.992572375292613,452.70265256909664
2020-01-28 05:52:30,67.91399612057783,29.66804817996703,-2.8755359700522316,307.5331405517132,22.202719907407406,2020-02-01 05:52:30+00:00,254.82955491941044,19.42581737023167,-5.993327098610985,463.5617767504245
2020-01-28 06:07:30,68.02284393123733,29.63727447556179,-2.8870223492292904,278.9878048254412,22.213136574074074,2020-02-01 06:07:30+00:00,255.03719501237563,19.288670352531273,-5.994081616032443,464.9087510523236
2020-01-28 06:22:30,68.13222846996733,29.606732739768688,-2.898474522290994,225.80071005508748,22.223553240740742,2020-02-01 06:22:30+00:00,255.03719501237563,19.151523325178903,-5.994835927531068,448.2470784641068
2020-01-28 06:37:30,68.24214736682565,29.576424066909617,-2.909891790788479,225.05052881112843,22.233969907407406,2020-02-01 06:37:30+00:00,255.29590197641386,19.01437628815564,-5.995590033081031,437.8964941569282
2020-01-28 06:52:30,68.35259820148346,29.54634954819363,-2.921273453825681,230.64639405784703,22.244386574074074,2020-02-01 06:52:30+00:00,255.61212776371073,18.87722924145762,-5.9963439326564805,446.89826960277713
2020-01-28 07:07:30,68.46357850306391,29.51651027158763,-2.9326188081568434,235.3963079047522,22.254803240740742,2020-02-01 07:07:30+00:00,255.61212776371073,18.740082185066097,-5.99709762623154,459.2038012071401
2020-01-28 07:22:30,68.57508574989318,29.486907321686857,-2.943927148283848,245.5995361443508,22.265219907407406,2020-02-01 07:22:30+00:00,255.9933787196249,18.602935118948093,-5.997851113780401,460.59040199273926
2020-01-28 07:37:30,68.68711736938093,29.45754177958398,-2.9551977665574523,262.6251464625499,22.275636574074074,2020-02-01 07:37:30+00:00,256.44838716796073,18.465788043099465,-5.99860439527721,465.5537006121313
2020-01-28 07:52:30,68.79967073792665,29.42841472272809,-2.966429953282846,263.601342149196,22.286053240740742,2020-02-01 07:52:30+00:00,256.44838716796073,18.328640957501836,-5.999357470696155,470.1566102233882
2020-01-28 08:07:30,68.9127431806783,29.399527224795147,-2.97762299682286,243.99829172652096,22.296469907407406,2020-02-01 08:07:30+00:00,256.98730002281815,18.19149386210725,-6.00011034001141,462.40957150806906
2020-01-28 08:22:30,69.02633197152034,29.370880355552167,-2.9887761837054665,225.79718168490152,22.306886574074074,2020-02-01 08:22:30+00:00,257.6218802420661,18.05434675694127,-6.000863003197147,466.7660386358216
2020-01-28 08:37:30,69.14043433287195,29.34247518071739,-2.999888798733828,213.98799894742743,22.317303240740742,2020-02-01 08:37:30+00:00,257.6218802420661,17.91719964197051,-6.001615460227584,464.8516758700398
2020-01-28 08:52:30,69.25504743555074,29.31431276183565,-3.010960125092466,226.5182409611447,22.327719907407406,2020-02-01 08:52:30+00:00,258.36571340946836,17.78005251716224,-6.002367711076918,466.1358674714267
2020-01-28 09:07:30,69.37016839874157,29.28639415612466,-3.0219894444660556,215.42900958962613,22.338136574074074,2020-02-01 09:07:30+00:00,258.36571340946836,17.642905382512414,-6.003119755719343,465.66499721758487
2020-01-28 09:22:30,69.48579428988155,29.258720416351927,-3.032976037148587,240.77527492405585,22.348553240740742,2020-02-01 09:22:30+00:00,259.23440682662505,17.50575823798813,-6.003871594129072,477.0678403399605
2020-01-28 09:37:30,69.60192212461273,29.23129259068265,-3.043919182164194,223.2554761592976,22.358969907407406,2020-02-01 09:37:30+00:00,260.2457619366407,17.368611083585556,-6.004623226280338,472.01685348596874
2020-01-28 09:52:30,69.71854886660333,29.204111722551705,-3.054818157381102,207.8265081468337,22.369386574074074,2020-02-01 09:52:30+00:00,260.2457619366407,17.231463919271707,-6.005374652147357,473.2432842616483
2020-01-28 10:07:30,69.83567142762996,29.17717885051862,-3.0656722396337255,251.11077833056325,22.379803240740742,2020-02-01 10:07:30+00:00,261.41989250149317,17.094316745057373,-6.0061258717043735,469.49678034819937
2020-01-28 10:22:30,69.95328666748102,29.150495008127923,-3.0764807048437173,246.9182404115219,22.390219907407406,2020-02-01 10:22:30+00:00,262.7792507453266,16.95716956089521,-6.006876884925624,475.25876460767944
2020-01-28 10:37:30,70.07139139378185,29.124061223773847,-3.0872428281416373,247.4555652579991,22.400636574074074,2020-02-01 10:37:30+00:00,262.7792507453266,16.82002236676673,-6.0076276917853715,470.16455998092056
2020-01-28 10:52:30,70.1899823622687,29.097878520547276,-3.097957883995536,235.1799072171568,22.411053240740742,2020-02-01 10:52:30+00:00,264.34851210693546,16.682875162668335,-6.008378292257837,466.05453533667225
2020-01-28 11:07:30,70.30905627648492,29.07194791610828,-3.108625146334289,228.0478864683273,22.421469907407406,2020-02-01 11:07:30+00:00,266.1542574689851,16.545727948581753,-6.00912868631732,463.4835837506956
2020-01-28 11:22:30,70.42860978786423,29.046270422550272,-3.119243888675162,231.5960582416876,22.431886574074074,2020-02-01 11:22:30+00:00,266.1542574689851,16.408580724474206,-6.0098788739380575,439.4054192885578
2020-01-28 11:37:30,70.54863949592988,29.020847046224898,-3.1298133842593536,232.42408751881908,22.442303240740742,2020-02-01 11:37:30+00:00,268.2243819483589,16.27143349034195,-6.010628855094338,438.4251530328325
2020-01-28 11:52:30,70.6691419479648,28.99567878763138,-3.1403329061744905,230.26919866444072,22.452719907407406,2020-02-01 11:52:30+00:00,270.58715512490113,16.134286246166784,-6.011378629760434,443.9966081034528
2020-01-28 12:07:30,70.79011363936476,28.970766641252276,-3.150801727497329,245.54442619994913,22.463136574074074,2020-02-01 12:07:30+00:00,270.58715512490113,15.99713899191609,-6.012128197910648,421.6876612536045
2020-01-28 12:22:30,70.91155101352882,28.946111595425783,-3.1612191214202587,248.841670301696,22.473553240740742,2020-02-01 12:22:30+00:00,273.2698640906478,15.85999172758621,-6.012877559519278,438.6954447889339
2020-01-28 12:37:30,71.03345046193374,28.92171463219679,-3.171584361391808,245.4728385463767,22.483969907407406,2020-02-01 12:37:30+00:00,276.29699432729944,15.722844453158952,-6.013626714560597,435.2709060555471
2020-01-28 12:52:30,71.15580832424254,28.897576727173732,-3.181896721252315,226.3355592654424,22.494386574074074,2020-02-01 12:52:30+00:00,276.29699432729944,15.585697168601808,-6.014375663008949,432.26806582399234
2020-01-28 13:07:30,71.2786208882784,28.873698849391403,-3.192155475371064,204.9081834189263,22.504803240740742,2020-02-01 13:07:30+00:00,279.687950736598,15.448549873896448,-6.01512440483861,428.85364496382863
2020-01-28 13:22:30,71.40188439034279,28.85008196114964,-3.202359898793288,212.4985845271835,22.515219907407406,2020-02-01 13:22:30+00:00,279.687950736598,15.311402569068685,-6.015872940023945,410.3028857619842
2020-01-28 13:37:30,71.5255950150915,28.826727017896506,-3.2125092673710127,220.27841406651052,22.525636574074074,2020-02-01 13:37:30+00:00,283.454396571801,15.174255254042327,-6.016621268539256,407.95770728992767
2020-01-28 13:52:30,71.64974889576182,28.803634968062788,-3.2226028579143917,232.46434007659823,22.536053240740742,2020-02-01 13:52:30+00:00,287.59739020331057,15.0371079288281,-6.017369390358886,408.1962000158995
2020-01-28 14:07:30,71.77434211431276,28.780806752927415,-3.232639948332621,236.55657404686565,22.546469907407406,2020-02-01 14:07:30+00:00,287.59739020331057,14.899960593393812,-6.018117305457187,407.2024803243501
2020-01-28 14:22:30,71.89937070159735,28.758243306474075,-3.2426198177789107,235.4620961524914,22.556886574074074,2020-02-01 14:22:30+00:00,292.1046172420735,14.762813247735746,-6.018865013808475,411.7863105175293
2020-01-28 14:37:30,72.0248306373974,28.73594555524997,-3.252541746795004,240.74765992430795,22.567303240740742,2020-02-01 14:37:30+00:00,296.9481240753443,14.625665891850815,-6.019612515387138,393.6322442165513
2020-01-28 14:52:30,72.15071785076695,28.71391441821732,-3.262405017462433,239.51345532512127,22.577719907407406,2020-02-01 14:52:30+00:00,296.9481240753443,14.488518525677282,-6.020359810167534,390.1919866444073
2020-01-28 15:07:30,72.27702822006732,28.692150806616272,-3.2722089135468457,225.170347845726,22.588136574074074,2020-02-01 15:07:30+00:00,302.08302172004556,14.351371149226244,-6.0211068981240174,385.6215385430744
2020-01-28 15:22:30,72.40375757335785,28.67065562381299,-3.281952720653117,245.36506722559616,22.598553240740742,2020-02-01 15:22:30+00:00,307.4476052291579,14.214223762465354,-6.021853779230985,389.2116490447042
2020-01-28 15:37:30,72.53090168834223,28.649429765176492,-3.291635726365434,258.2529966959442,22.608969907407406,2020-02-01 15:37:30+00:00,307.4476052291579,14.077076365405922,-6.022600453462805,432.0057238254234
2020-01-28 15:52:30,72.65845629284215,28.628474117915587,-3.3012572204097386,244.258217311872,22.619386574074074,2020-02-01 15:52:30+00:00,312.9651941891069,13.939928958000843,-6.023346920793863,429.465776293823
2020-01-28 16:07:30,72.78641706497103,28.6077895609506,-3.3108164947986087,246.186398169201,22.629803240740742,2020-02-01 16:07:30+00:00,318.54774487753167,13.802781540247068,-6.024093181198572,427.03315048891005
2020-01-28 16:22:30,72.91477963323985,28.58737696477006,-3.3203128439850036,259.93355755621036,22.640219907407406,2020-02-01 16:22:30+00:00,318.54774487753167,13.66563411212651,-6.0248392346513295,421.4068902716649
2020-01-28 16:37:30,73.0435395771188,28.567237191286154,-3.329745565018134,262.78027514866375,22.650636574074074,2020-02-01 16:37:30+00:00,324.1009581808001,13.528486673592491,-6.025585081126528,425.3756260434057
2020-01-28 16:52:30,73.17269242700834,28.54737109370324,-3.3391139576939968,243.8314271261399,22.661053240740742,2020-02-01 16:52:30+00:00,329.5302918914335,13.391339224685469,-6.0263307205985885,433.9136656331982
2020-01-28 17:07:30,73.30223366480313,28.527779516366305,-3.34841732471467,245.2008036453818,22.671469907407406,2020-02-01 17:07:30+00:00,329.5302918914335,13.254191765329365,-6.027076153041953,428.8055850660191
2020-01-28 17:22:30,73.43215872403506,28.508463294634748,-3.357654971838494,243.57510302933733,22.681886574074074,2020-02-01 17:22:30+00:00,334.74707708841913,13.117044295535766,-6.0278213784310495,431.6161857063359
2020-01-28 17:37:30,73.56246299020047,28.48942325473999,-3.3668262080377205,260.7394630032157,22.692303240740742,2020-02-01 17:37:30+00:00,334.74707708841913,12.979896815286804,-6.028566396740302,436.0870811622064
2020-01-28 17:52:30,73.6931418012216,28.470660213646365,-3.3759303456548992,247.4051204151965,22.702719907407406,2020-02-01 17:52:30+00:00,339.67390615405134,12.842749324550407,-6.029311207944162,416.7183400906272
2020-01-28 18:07:30,73.8241904477303,28.45217497891421,-3.384966700560628,248.20901728150247,22.713136574074074,2020-02-01 18:07:30+00:00,344.2486175609864,12.705601823337943,-6.0300558120170775,417.27120959174385
2020-01-28 18:22:30,73.9556041733844,28.43396834857028,-3.3939345923056843,248.58548425638205,22.723553240740742,2020-02-01 18:22:30+00:00,344.2486175609864,12.56845431158827,-6.0308002089335035,424.7131462490394
2020-01-28 18:37:30,74.08737817531494,28.416041110968383,-3.4028333442824783,243.9938567704165,22.733969907407406,2020-02-01 18:37:30+00:00,348.4264988012972,12.43130678931277,-6.031544398667895,431.01465405305134
2020-01-28 18:52:30,74.2195076045349,28.39839404465366,-3.4116622838801964,246.07120394455876,22.744386574074074,2020-02-01 18:52:30+00:00,352.180671384933,12.294159256508452,-6.032288381194733,433.3147838990911
2020-01-28 19:07:30,74.35198756629437,28.381027918236946,-3.420420742640727,246.4861870752376,22.754803240740742,2020-02-01 19:07:30+00:00,352.180671384933,12.157011713114146,-6.033032156488499,435.8831671018649
2020-01-28 19:22:30,74.48481312051618,28.36394349025674,-3.429108056417689,245.90729171845703,22.765219907407406,2020-02-01 19:22:30+00:00,355.5009162503396,12.019864159155942,-6.033775724523682,432.6841031348544
2020-01-28 19:37:30,74.61797928227426,28.3471415090529,-3.4377235655313876,245.76441088861293,22.775636574074074,2020-02-01 19:37:30+00:00,358.3913818394456,11.882716594601812,-6.034519085274756,435.5433659273392
2020-01-28 19:52:30,74.75148102226107,28.33062271263007,-3.446266614929462,253.3788610822112,22.786053240740742,2020-02-01 19:52:30+00:00,358.3913818394456,11.745569019405236,-6.0352622387162205,439.61821891705034
2020-01-28 20:07:30,74.88531326712659,28.31438782854073,-3.4547365543376656,256.97412667023184,22.796469907407406,2020-02-01 20:07:30+00:00,360.8676743022224,11.608421433592342,-6.036005184822586,434.7510400932772
2020-01-28 20:22:30,75.0194709001267,28.298437573747705,-3.4631327384214283,266.63161977833715,22.806886574074074,2020-02-01 20:22:30+00:00,362.95378243733154,11.47127383711652,-6.03674792356836,433.1292895566685
2020-01-28 20:37:30,75.15394876143422,28.282772654505496,-3.471454526937674,299.6626106675298,22.817303240740742,2020-02-01 20:37:30+00:00,362.95378243733154,11.33412622997516,-6.037490454928069,432.7068924397806
2020-01-28 20:52:30,75.28874164881545,28.267393766231333,-3.4797012848937743,279.03028420635286,22.827719907407406,2020-02-01 20:52:30+00:00,364.6791812638053,11.196978612150575,-6.038232778876212,434.25153032832503
2020-01-28 21:07:30,75.42384431807662,28.2523015933815,-3.487872382702666,292.07555227705086,22.838136574074074,2020-02-01 21:07:30+00:00,366.07633014216765,11.059830983610938,-6.0389748953873434,433.4022312319474
2020-01-28 21:22:30,75.55925148360483,28.23749680933305,-3.495967196334077,308.45504781871597,22.848553240740742,2020-02-01 21:22:30+00:00,366.07633014216765,10.922683344353713,-6.039716804436005,432.87887219439807
2020-01-28 21:37:30,75.6949578188524,28.222980076264133,-3.5039851074703376,289.0425013912076,22.858969907407406,2020-02-01 21:37:30+00:00,367.17866517572327,10.785535694361306,-6.040458505996737,433.4552296154968
2020-01-28 21:52:30,75.83095795707094,28.2087520450267,-3.511925503662148,297.05023277277843,22.869386574074074,2020-02-01 21:52:30+00:00,367.17866517572327,10.648388033616587,-6.0412000000440695,428.7516230754962
2020-01-28 22:07:30,75.96724649166892,28.19481335504268,-3.519787778474756,291.93563718199135,22.879803240740742,2020-02-01 22:07:30+00:00,368.01909736475,10.511240362087468,-6.0419412865525794,429.9312957493257
2020-01-28 22:22:30,76.10381797688699,28.181164634177897,-3.527571331645245,291.515636680058,22.890219907407406,2020-02-01 22:22:30+00:00,368.62897134497393,10.374092679771634,-6.042682365496834,442.64657620250273
2020-01-28 22:37:30,76.24066692849475,28.167806498631975,-3.5352755692298614,282.730426721985,22.900636574074074,2020-02-01 22:37:30+00:00,368.62897134497393,10.236944986637086,-6.043423236851396,446.65182711927287
2020-01-28 22:52:30,76.37778782432437,28.15473955282071,-3.542899903757548,285.6113692505639,22.911053240740742,2020-02-01 22:52:30+00:00,369.03741049151205,10.099797282695732,-6.044163900590854,451.6575244455044
2020-01-28 23:07:30,76.51517510484426,28.141964389276655,-3.5504437543719445,282.7455129606636,22.921469907407406,2020-02-01 23:07:30+00:00,369.27096543445987,9.96264956788688,-6.044904356689772,445.6915371773469
2020-01-28 23:22:30,76.65282317384738,28.1294815885289,-3.557906546984637,277.90077533370624,22.931886574074074,2020-02-01 23:22:30+00:00,369.27096543445987,9.825501842236845,-6.0456446051227735,447.69854519437155
2020-01-28 23:37:30,76.79072639908694,28.11729171900475,-3.5652877144170088,276.81850703553545,22.942303240740742,2020-02-01 23:37:30+00:00,369.3534871369992,9.688354105699604,-6.04638464586442,455.00413146489944
2020-01-28 23:52:30,76.92887911305742,28.105395336914892,-3.5725866965495734,278.26292587716665,22.952719907407406,2020-02-01 23:52:30+00:00,369.3061565122227,9.551206358272358,-6.047124478889337,450.7055919409842
2020-01-29 00:07:30,77.06727561342883,28.093792986161493,-3.5798029404602008,267.84652848834077,22.963136574074074,2020-02-02 00:07:30+00:00,369.3061565122227,9.41405859992374,-6.047864104172145,445.9654980523094
2020-01-29 00:22:30,77.20591016393844,28.08248519822833,-3.586935900569254,273.7891585325092,22.973553240740742,2020-02-02 00:22:30+00:00,369.14761579985236,9.27691083066558,-6.048603521687455,443.52227257068654
2020-01-29 00:37:30,77.34477699507457,28.071472492081977,-3.593985038781704,270.0955018630084,22.983969907407406,2020-02-02 00:37:30+00:00,368.89415995372093,9.139763050451933,-6.049342731409887,446.3550361713968
2020-01-29 00:52:30,77.48387030466057,28.060755374078735,-3.6009498246210003,246.53291661813617,22.994386574074074,2020-02-02 00:52:30+00:00,368.89415995372093,9.002615259280113,-6.050081733314067,445.8118027400165
2020-01-29 01:07:30,77.62318425865485,28.0503343378691,-3.607829735369263,266.6681225815636,23.004803240740742,2020-02-02 01:07:30+00:00,368.5599577398585,8.865467457133482,-6.05082052737465,445.42226462092896
2020-01-29 01:22:30,77.76271299190687,28.040209864300326,-3.614624256202353,259.23987165541826,23.015219907407406,2020-02-02 01:22:30+00:00,368.1572815957988,8.72831964398025,-6.051559113566288,449.7941012799109
2020-01-29 01:37:30,77.90245060891407,28.030382421326717,-3.6213328803249785,259.63559604002006,23.025636574074074,2020-02-02 01:37:30+00:00,368.1572815957988,8.591171819818083,-6.05229749186359,456.72946975117264
2020-01-29 01:52:30,78.04239118442537,28.02085246392581,-3.627955109097708,270.62222567327973,23.036053240740742,2020-02-02 01:52:30+00:00,367.696732537464,8.454023984630167,-6.053035662241267,456.7464292339084
2020-01-29 02:07:30,78.18252876442372,28.011620434004985,-3.634490452171936,266.3819544201576,23.046469907407406,2020-02-02 02:07:30+00:00,367.696732537464,8.316876138384899,-6.053773624673944,456.5996237114768
2020-01-29 02:22:30,78.32285736674757,28.002686760320287,-3.6409384276149,280.80133555926545,23.056886574074074,2020-02-02 02:22:30+00:00,367.18745175742265,8.179728281080203,-6.05451137913632,448.8963086625858
2020-01-29 02:37:30,78.46337098195043,27.994051858394148,-3.6472985620358767,216.52232888146912,23.067303240740742,2020-02-02 02:37:30+00:00,366.6373143705923,8.042580412699058,-6.055248925603066,447.00956620823064
2020-01-29 02:52:30,78.60406357404315,27.9857161304365,-3.653570390709199,221.6950731839888,23.077719907407406,2020-02-02 02:52:30+00:00,366.6373143705923,7.905432533224675,-6.0559862640488795,449.1560007419774
2020-01-29 03:07:30,78.74492908137364,27.977679965265366,-3.65975345769624,293.3340832746819,23.088136574074074,2020-02-02 03:07:30+00:00,366.05310337080084,7.768284642625821,-6.056723394448415,452.6507141532184
2020-01-29 03:22:30,78.8859614173434,27.96994373823367,-3.665847315963576,264.3951805981546,23.098553240740742,2020-02-02 03:22:30+00:00,365.44066356738387,7.63113674090019,-6.057460316776419,451.46076794657773
2020-01-29 03:37:30,79.02715447131607,27.96250781115604,-3.671851527499941,260.346605044355,23.108969907407406,2020-02-02 03:37:30+00:00,365.44066356738387,7.493988828031077,-6.058197031007574,450.1862077822011
2020-01-29 03:52:30,79.16850210937415,27.955372532238464,-3.6777656634303657,259.9834713217119,23.119386574074074,2020-02-02 03:52:30+00:00,364.8050363253078,7.35684090398718,-6.05893353711659,448.5120703818534
2020-01-29 04:07:30,79.30999817525618,27.948538236011693,-3.6835893041277186,260.35795880357114,23.129803240740742,2020-02-02 04:07:30+00:00,364.1505765308084,7.219692968766339,-6.059669835078183,444.3925060285662
2020-01-29 04:22:30,79.45163649112376,27.94200524326453,-3.6893220393219615,258.270832172963,23.140219907407406,2020-02-02 04:22:30+00:00,364.1505765308084,7.082545022351998,-6.060405924867101,443.1115350981795
2020-01-29 04:37:30,79.59341085842743,27.935773860983197,-3.6949634682066694,264.6211305991914,23.150636574074074,2020-02-02 04:37:30+00:00,363.4810534944111,6.945397064712898,-6.0611418064580596,441.30959005750327
2020-01-29 04:52:30,79.73531505879932,27.929844382290096,-3.7005131995424487,262.60141467100823,23.161053240740742,2020-02-02 04:52:30+00:00,362.79973759167024,6.808249095847052,-6.061877479825811,443.5885205501232
2020-01-29 05:07:30,79.8773428549176,27.92421708638672,-3.705970851758596,266.7600629269701,23.171469907407406,2020-02-02 05:07:30+00:00,362.79973759167024,6.671101115752344,-6.062612944945092,442.1443145984047
2020-01-29 05:22:30,80.01948799137665,27.918892238499694,-3.71133605305136,235.42816595256636,23.181886574074074,2020-02-02 05:22:30+00:00,362.109474405064,6.533953124383085,-6.0633482017906415,420.30633065691495
2020-01-29 05:37:30,80.16174419558979,27.913870089827604,-3.716608441479069,250.03584999868897,23.192303240740742,2020-02-02 05:37:30+00:00,361.41274802066215,6.396805121722785,-6.064083250337245,420.7475421999629
2020-01-29 05:52:30,80.3041051786368,27.909150877492888,-3.7217876650551913,235.93857664709353,23.202719907407406,2020-02-02 05:52:30+00:00,361.41274802066215,6.259657107769447,-6.064818090559658,422.3202692317884
2020-01-29 06:07:30,80.44656463621497,27.90473482449395,-3.7268733818376583,240.9352295485885,23.213136574074074,2020-02-02 06:07:30+00:00,360.7117349856804,6.122509082506555,-6.065552722432656,429.6163120870967
2020-01-29 06:22:30,80.58911624950943,27.900622139661703,-3.7318652600162734,219.2646414982017,23.223553240740742,2020-02-02 06:22:30+00:00,360.7117349856804,5.985361045917859,-6.066287145931016,434.4477262674257
2020-01-29 06:37:30,80.7317536861178,27.89681301761906,-3.7367629779954936,223.07053952915876,23.233969907407406,2020-02-02 06:37:30+00:00,360.00835027078,5.848212997986565,-6.067021361029527,445.49911227707554
2020-01-29 06:52:30,80.8744706009069,27.893307638741245,-3.741566224475619,224.24196722894644,23.244386574074074,2020-02-02 06:52:30+00:00,359.30428641827956,5.7110649386820524,-6.067755367702989,447.18976071229827
2020-01-29 07:07:30,81.0172606370971,27.890106169120635,-3.7462746985300814,228.0210052502292,23.254803240740742,2020-02-02 07:07:30+00:00,359.30428641827956,5.573916867987732,-6.068489165926183,440.4451864218142
2020-01-29 07:22:30,81.1601174269394,27.88720876053495,-3.75088810968004,230.21927886346523,23.265219907407406,2020-02-02 07:22:30+00:00,358.60104690276904,5.436768785930901,-6.069222755673936,439.4490818030051
2020-01-29 07:37:30,81.3030345928443,27.88461555041514,-3.7554061779651495,230.0396046545552,23.275636574074074,2020-02-02 07:37:30+00:00,357.8999745884906,5.299620692437051,-6.069956136921047,440.3112330073933
2020-01-29 07:52:30,81.44600574825479,27.882326661819945,-3.759828634011724,225.81208527164964,23.286053240740742,2020-02-02 07:52:30+00:00,357.8999745884906,5.1624725875190896,-6.070689309642338,431.3991332355272
2020-01-29 08:07:30,81.58902449848297,27.880342203410063,-3.764155219097445,226.40730772404277,23.296469907407406,2020-02-02 08:07:30+00:00,357.2022760402472,5.025324471160469,-6.071422273812661,424.57270053263375
2020-01-29 08:22:30,81.73208444184237,27.878662269428332,-3.768385685212304,231.011581803005,23.306886574074074,2020-02-02 08:22:30+00:00,356.5090423319137,4.888176343345191,-6.072155029406806,425.83936189946206
2020-01-29 08:37:30,81.87517917039408,27.87728693967783,-3.7725197951168017,213.6768176165159,23.317303240740742,2020-02-02 08:37:30+00:00,356.5090423319137,4.751028204042381,-6.072887576399655,426.6237379759918
2020-01-29 08:52:30,82.01830227099565,27.876216279510917,-3.7765573223968585,220.3714373666825,23.327719907407406,2020-02-02 08:52:30+00:00,355.82126689828715,4.61388005325022,-6.073619914766032,424.5594509367464
2020-01-29 09:07:30,82.16144732622513,27.8754503398106,-3.7804980515142472,233.74403854090465,23.338136574074074,2020-02-02 09:07:30+00:00,355.1398608909332,4.476731890952743,-6.074352044480793,425.3756260434057
2020-01-29 09:22:30,82.30460791534318,27.8749891569852,-3.784341777855329,242.66555257991945,23.348553240740742,2020-02-02 09:22:30+00:00,355.1398608909332,4.3395837171337535,-6.075083965518807,423.7896494156928
2020-01-29 09:37:30,82.44777761517662,27.874832752958348,-3.788088307774616,251.929160769476,23.358969907407406,2020-02-02 09:37:30+00:00,354.4656664255258,4.202435531762479,-6.07581567785494,424.0122426265998
2020-01-29 09:52:30,82.59095000113304,27.87498113516541,-3.791737458635764,258.16312693463857,23.369386574074074,2020-02-02 09:52:30+00:00,353.79946804553526,4.065287334837367,-6.0765471814640515,425.0814850147071
2020-01-29 10:07:30,82.7341186481096,27.87543429655212,-3.795289058849314,263.50294048589654,23.379803240740742,2020-02-02 10:07:30+00:00,353.79946804553526,3.9281391263424417,-6.0772784763210375,426.07122982749024
2020-01-29 10:22:30,82.87727713147328,27.87619221557564,-3.798742947906615,233.07074290484135,23.390219907407406,2020-02-02 10:22:30+00:00,353.1420026736145,3.790990906261564,-6.078009562400778,430.61186633807665
2020-01-29 10:37:30,83.0204190280537,27.87725485620938,-3.802098976409485,229.37465555006415,23.400636574074074,2020-02-02 10:37:30+00:00,353.1420026736145,3.6538426745642383,-6.078740439678176,427.63865702096086
2020-01-29 10:52:30,83.16353791689473,27.87862216794928,-3.805357006097617,206.57581757709875,23.411053240740742,2020-02-02 10:52:30+00:00,352.49396827638543,3.5166944312634283,-6.079471108128124,424.8509420462675
2020-01-29 11:07:30,83.30662738047513,27.88029408581915,-3.808516909871612,208.9966194015579,23.421469907407406,2020-02-02 11:07:30+00:00,351.85603142937987,3.3795461762996397,-6.080201567725531,424.2932359793795
2020-01-29 11:22:30,83.44968100542779,27.882270530367347,-3.8115785718124777,229.6405467445743,23.431886574074074,2020-02-02 11:22:30+00:00,351.85603142937987,3.24239790970052,-6.080931818445312,422.65680896732647
2020-01-29 11:37:30,83.59269238361665,27.884551407727574,-3.814541887198249,244.10917420507045,23.442303240740742,2020-02-02 11:37:30+00:00,351.22883393561256,3.105249631421008,-6.081661860262393,425.70584674090514
2020-01-29 11:52:30,83.73565511303347,27.8871366096181,-3.8174067625164874,262.30280441562815,23.452719907407406,2020-02-02 11:52:30+00:00,350.61299862276707,2.968101341474431,-6.082391693151703,414.2031591113394
2020-01-29 12:07:30,83.87856279872913,27.890026013358835,-3.8201731154726946,278.4762394688823,23.463136574074074,2020-02-02 12:07:30+00:00,350.61299862276707,2.8309530398156433,-6.083121317088157,413.5437369160241
2020-01-29 12:22:30,84.02140905380371,27.89321948189625,-3.8228408749966176,254.62280884808013,23.473553240740742,2020-02-02 12:22:30+00:00,350.00913441948836,2.6938047264434797,-6.083850732046722,410.75867186050823
2020-01-29 12:37:30,84.16418750025395,27.896716863829575,-3.825409981243198,253.51584618834585,23.483969907407406,2020-02-02 12:37:30+00:00,349.4178407901563,2.556656401327553,-6.084579938002335,409.7437528155391
2020-01-29 12:52:30,84.30689176998985,27.900517993442907,-3.827880385591828,251.5380275117168,23.494386574074074,2020-02-02 12:52:30+00:00,349.4178407901563,2.419508064481101,-6.085308934929943,408.1061027638657
2020-01-29 13:07:30,84.44951550567387,27.904622690735845,-3.830252050640307,247.91151572656383,23.504803240740742,2020-02-02 13:07:30+00:00,348.8397115892087,2.28235971585938,-6.086037722804525,407.4171237777248
2020-01-29 13:22:30,84.59205236176356,27.909030761459647,-3.832524950196474,240.78411936560937,23.515219907407406,2020-02-02 13:22:30+00:00,348.27533838015216,2.1452113554610657,-6.086766301601021,403.42321377379807
2020-01-29 13:37:30,84.73449600532285,27.91374199715695,-3.834699069265984,214.59020848701323,23.525636574074074,2020-02-02 13:37:30+00:00,348.27533838015216,2.008062983256027,-6.087494671294441,403.76222275220607
2020-01-29 13:52:30,84.87684011699879,27.91875617520101,-3.83677440403616,224.00455863131057,23.536053240740742,2020-02-02 13:52:30+00:00,347.72531325046884,1.8709145992430096,-6.088222831859736,401.73437210165093
2020-01-29 14:07:30,85.01907839185127,27.924073058840495,-3.8387509618566993,228.86453678121964,23.546469907407406,2020-02-02 14:07:30+00:00,347.1902311414315,1.7337662034064985,-6.08895078327192,404.79635371121185
2020-01-29 14:22:30,85.16120454038791,27.929692397246928,-3.84062876121729,234.23458837392417,23.556886574074074,2020-02-02 14:22:30+00:00,347.1902311414315,1.5966177957453194,-6.089678525505963,406.1213132999444
2020-01-29 14:37:30,85.30321228937673,27.935613925561697,-3.842407831720591,231.41588581423403,23.567303240740742,2020-02-02 14:37:30+00:00,346.670691701141,1.459469376200199,-6.090406058536896,404.306841368611
2020-01-29 14:52:30,85.44509538270286,27.94183736494998,-3.844088214052912,222.0246491784326,23.577719907407406,2020-02-02 14:52:30+00:00,346.670691701141,1.3223209447993436,-6.091133382339695,399.04867901529
2020-01-29 15:07:30,85.58684758236294,27.948362422655055,-3.8456699599512745,224.28342063392725,23.588136574074074,2020-02-02 15:07:30+00:00,346.1673006597744,1.1851725014978307,-6.091860496889378,396.80949731033206
2020-01-29 15:22:30,85.72846266922976,27.955188792054464,-3.8471531321663446,226.2533051592974,23.598553240740742,2020-02-02 15:22:30+00:00,345.6806707179834,1.0480240462951105,-6.092587402161009,395.2857937832896
2020-01-29 15:37:30,85.86993444402056,27.96231615272147,-3.8485378044228873,207.94203373696325,23.608969907407406,2020-02-02 15:37:30+00:00,345.6806707179834,0.9108755791752629,-6.093314098129574,397.5032461509924
2020-01-29 15:52:30,86.01125672814116,27.96974417048711,-3.849824061376458,206.8293643284495,23.619386574074074,2020-02-02 15:52:30+00:00,345.2114219325942,0.7737271001230789,-6.094040584770117,400.8188250258367
2020-01-29 16:07:30,86.15242336443063,27.977472497502863,-3.8510119985665616,198.16981791357685,23.629803240740742,2020-02-02 16:07:30+00:00,344.7601815782932,0.636578609108455,-6.094766862057692,399.26729734743094
2020-01-29 16:22:30,86.29342821815501,27.98550077231079,-3.852101722367106,202.19115191986643,23.640219907407406,2020-02-02 16:22:30+00:00,344.7601815782932,0.4994301061451826,-6.0954929299673335,401.83374407080584
2020-01-29 16:37:30,86.4342651779117,27.993828619915803,-3.8530933499337583,208.3982312384646,23.650636574074074,2020-02-02 16:37:30+00:00,344.3275834599497,0.3622815911741915,-6.0962187884741095,401.5716429739802
2020-01-29 16:52:30,86.57492815616658,28.00245565185093,-3.8539870091465662,208.2277380937122,23.661053240740742,2020-02-02 16:52:30+00:00,343.9142666478674,0.2251330642236917,-6.096944437553069,403.3874120685473
2020-01-29 17:07:30,86.71541109034861,28.011381466257983,-3.85478283855135,207.7752326228469,23.671469907407406,2020-02-02 17:07:30+00:00,343.9142666478674,0.0879845252492824,-6.097669877179299,395.4781779155735
2020-01-29 17:22:30,86.85570794355908,28.020605647963286,-3.855480987297125,213.8247272997368,23.681886574074074,2020-02-02 17:22:30+00:00,343.52087360789074,359.9508359742648,-6.098395107327848,388.8703394546466
2020-01-29 17:37:30,86.99581270543909,28.03012776855891,-3.856081615070507,208.2058400873258,23.692303240740742,2020-02-02 17:37:30+00:00,343.14804770044384,359.813687411226,-6.099120127973825,394.3742215862417
2020-01-29 17:52:30,87.1357193928574,28.039947386480808,-3.8565848920266976,207.87990126266376,23.702719907407406,2020-02-02 17:52:30+00:00,343.14804770044384,359.676538836132,-6.0998449390923115,391.09627156371727
2020-01-29 18:07:30,87.27542205081286,28.05006404709521,-3.856990998718045,205.3296653521835,23.713136574074074,2020-02-02 18:07:30+00:00,342.7964300279673,359.5393902489676,-6.100569540658391,389.4241725627368
2020-01-29 18:22:30,87.41491475314638,28.06047728278857,-3.857300126019948,227.12742964464587,23.723553240740742,2020-02-02 18:22:30+00:00,342.46665561992904,359.4022416497177,-6.101293932647186,393.02541272491186
2020-01-29 18:37:30,87.55419160333318,28.071186613050234,-3.857512475052647,209.87322341051424,23.733969907407406,2020-02-02 18:37:30+00:00,342.46665561992904,359.26509303835246,-6.102018115033783,395.5931844078757
2020-01-29 18:52:30,87.69324673523934,28.08219154456726,-3.857628257101496,220.24932027892388,23.744386574074074,2020-02-02 18:52:30+00:00,342.159348960207,359.1279444148714,-6.1027420877933185,388.313856427379
2020-01-29 19:07:30,87.83207431381777,28.093491571317227,-3.857647693533828,223.8151057418065,23.754803240740742,2020-02-02 19:07:30+00:00,342.159348960207,358.9907957792595,-6.103465850900899,387.2231496939344
2020-01-29 19:22:30,87.9706685358904,28.105086174660183,-3.8575710157128698,213.34233858232187,23.765219907407406,2020-02-02 19:22:30+00:00,341.87511888555315,358.8536471315014,-6.104189404331663,383.3982563531813
2020-01-29 19:37:30,88.10902363088314,28.116974823441176,-3.857398464909663,207.2681912769767,23.775636574074074,2020-02-02 19:37:30+00:00,341.6145529196298,358.7164984715678,-6.104912748060741,383.83814293664045
2020-01-29 19:52:30,88.24713386149702,28.129156974085383,-3.857130292211713,199.8074309896339,23.786053240740742,2020-02-02 19:52:30+00:00,341.6145529196298,358.5793497994726,-6.1056358820632814,377.35644062856073
2020-01-29 20:07:30,88.38499352449396,28.14163207070308,-3.856766758429557,204.69947759616585,23.796469907407406,2020-02-02 20:07:30+00:00,341.3782111601956,358.44220111517166,-6.106358806314443,379.94806158412166
2020-01-29 20:22:30,88.52259695127769,28.15439954518935,-3.8563081340003182,193.2830759599332,23.806886574074074,2020-02-02 20:22:30+00:00,341.1666199156708,358.30505241866484,-6.1070815207893485,386.53470069162887
2020-01-29 20:37:30,88.65993850854045,28.1674588173292,-3.855754698889528,202.8924175952168,23.817303240740742,2020-02-02 20:37:30+00:00,341.1666199156708,358.167903709937,-6.107804025463202,394.35355221665736
2020-01-29 20:52:30,88.79701259911769,28.180809294907725,-3.855106742489806,196.73357404459625,23.827719907407406,2020-02-02 20:52:30+00:00,340.9802654041361,358.0307549889732,-6.108526320311144,389.4718711079312
2020-01-29 21:07:30,88.93381366249193,28.19445037381702,-3.854364563517667,194.1586672231497,23.838136574074074,2020-02-02 21:07:30+00:00,340.8195880019675,357.8936062557441,-6.109248405308363,384.931114146473
2020-01-29 21:22:30,89.07033617541775,28.208381438166807,-3.853528469907947,198.81715003041245,23.848553240740742,2020-02-02 21:22:30+00:00,340.8195880019675,357.75645751024933,-6.10997028043004,385.1445530911307
2020-01-29 21:37:30,89.20657465267827,28.2226018603972,-3.852598778706135,202.3216989556237,23.858969907407406,2020-02-02 21:37:30+00:00,340.6849777898992,357.6193087524742,-6.110691945651366,379.5214245965498
2020-01-29 21:52:30,89.34252364755183,28.237111001390694,-3.8515758159584905,201.9091250275006,23.869386574074074,2020-02-02 21:52:30+00:00,340.5767725352779,357.4821599824039,-6.111413400947536,380.4674457429049
2020-01-29 22:07:30,89.47817775247714,28.251908210591193,-3.8504599165999953,195.8321160267112,23.879803240740742,2020-02-02 22:07:30+00:00,340.5767725352779,357.3450112000235,-6.112134646293755,377.870524948989
2020-01-29 22:22:30,89.61353159973899,28.26699282611932,-3.849251424340156,204.86081453585433,23.890219907407406,2020-02-02 22:22:30+00:00,340.49525983675625,357.2078624053038,-6.112855681665214,381.0888517900205
2020-01-29 22:37:30,89.74857986183359,28.282364174891903,-3.847950691547919,204.34833249213807,23.900636574074074,2020-02-02 22:37:30+00:00,340.4406860404805,357.07071359825943,-6.113576507037174,371.4709701354109
2020-01-29 22:52:30,89.88331725223482,28.298021572739223,-3.84655807913295,204.156798799032,23.911053240740742,2020-02-02 22:52:30+00:00,340.4406860404805,356.9335647788461,-6.114297122384814,371.702838063439
2020-01-29 23:07:30,90.01773852580303,28.31396432453301,-3.8450739564266616,203.72495826377295,23.921469907407406,2020-02-02 23:07:30+00:00,340.4132758617073,356.7964159470642,-6.115017527683384,376.620293081061
2020-01-29 23:22:30,90.15183847942644,28.33019172430316,-3.843498701060503,207.50605013523833,23.931886574074074,2020-02-02 23:22:30+00:00,340.4132758617073,356.65926710289887,-6.11573772290811,375.7466147282508
2020-01-29 23:37:30,90.2856119524504,28.346703055366092,-3.841832698843512,205.80079633152585,23.942303240740742,2020-02-02 23:37:30+00:00,340.41326862912956,356.52211824633565,-6.116457708034256,377.62938230383975
2020-01-29 23:52:30,90.41905382721446,28.36349759044741,-3.840076343637623,201.05731775180857,23.952719907407406,2020-02-02 23:52:30+00:00,340.44098002761234,356.3849693773454,-6.11717748303706,377.70358004080873
2020-01-30 00:07:30,90.55215902959338,28.380574591811207,-3.838230037231114,208.07527945125935,23.963136574074074,2020-02-03 00:07:30+00:00,340.44098002761234,356.24782049592795,-6.117897047891772,377.1497469327186
2020-01-30 00:22:30,90.6849225294968,28.39793331139332,-3.836294189211145,212.89564596626755,23.973553240740742,2020-02-03 00:22:30+00:00,340.4969026078166,356.1106716020691,-6.118616402573672,377.87979966611016
2020-01-30 00:37:30,90.8173393411908,28.415572990920538,-3.834269216835319,215.51230640953816,23.983969907407406,2020-02-03 00:37:30+00:00,340.5818648179872,355.97352269575424,-6.1193355470580135,380.01165964438087
2020-01-30 00:52:30,90.949404523881,28.43349286204487,-3.832155544901201,204.47451178320455,23.994386574074074,2020-02-03 00:52:30+00:00,340.5818648179872,355.8363737769688,-6.120054481320082,384.4555741049898
2020-01-30 01:07:30,91.08111318214888,28.451692146480585,-3.829953605614485,211.00298743519895,24.004803240740742,2020-02-03 01:07:30+00:00,340.6972778301887,355.69922484569867,-6.120773205335156,386.00577682380685
2020-01-30 01:22:30,91.21246046628622,28.470170056129486,-3.827663838456615,214.4362300925816,24.015219907407406,2020-02-03 01:22:30+00:00,340.8455132886708,355.5620759019146,-6.121491719078547,385.5155417759758
2020-01-30 01:37:30,91.3434415728012,28.488925793219625,-3.825286690050808,213.2512903678646,24.025636574074074,2020-02-03 01:37:30+00:00,340.8455132886708,355.4249269456171,-6.1222100225255245,383.72371460852264
2020-01-30 01:52:30,91.47405174481064,28.507958550438396,-3.8228226140269497,217.61831612973015,24.036053240740742,2020-02-03 01:52:30+00:00,341.03047509098025,355.2877779768061,-6.122928115651404,380.5257439648091
2020-01-30 02:07:30,91.60428627234974,28.52726751106751,-3.820272070886303,207.72120200333885,24.046469907407406,2020-02-03 02:07:30+00:00,341.2584567916002,355.1506289954384,-6.123645998431493,382.5871401831335
2020-01-30 02:22:30,91.73414049278438,28.54685184911846,-3.8176355278645113,211.99415045748083,24.056886574074074,2020-02-03 02:22:30+00:00,341.2584567916002,355.0134800015142,-6.12436367084112,388.08596337811696
2020-01-30 02:37:30,91.86360979118972,28.56671072946941,-3.814913458793769,210.3603162894229,24.067303240740742,2020-02-03 02:37:30+00:00,341.539416164744,354.8763309950048,-6.125081132855599,384.6410684474123
2020-01-30 02:52:30,91.9926896006991,28.58684330801072,-3.81210634396428,215.774459637855,24.077719907407406,2020-02-03 02:52:30+00:00,341.88885324148345,354.7391819759251,-6.12579838445026,385.9978270662745
2020-01-30 03:07:30,92.12137540269804,28.607248731766884,-3.8092146699863614,222.11868375587215,24.088136574074074,2020-02-03 03:07:30+00:00,341.88885324148345,354.6020329442317,-6.126515425600451,385.12335373771094
2020-01-30 03:22:30,92.24966272739428,28.62792613905602,-3.8062389296487793,221.31113201937987,24.098553240740742,2020-02-03 03:22:30+00:00,342.3305507058126,354.46488389992527,-6.127232256281503,382.92392082041505
2020-01-30 03:37:30,92.37754715385904,28.6488746596132,-3.8031796217804614,215.66076182879385,24.108969907407406,2020-02-03 03:37:30+00:00,342.3305507058126,354.3277348429914,-6.127948876468789,381.7529215358932
2020-01-30 03:52:30,92.5050243104551,28.670093414740094,-3.8000372511080345,213.40399373633056,24.119386574074074,2020-02-03 03:52:30+00:00,342.90052630911777,354.1905857734162,-6.128665286137627,381.6300977820176
2020-01-30 04:07:30,92.63208987500929,28.691581517437605,-3.7968123281164936,223.2480327985667,24.129803240740742,2020-02-03 04:07:30+00:00,343.65264880286844,354.05343669118554,-6.129381485263421,380.1388557648991
2020-01-30 04:22:30,92.75873957519056,28.713338072555448,-3.793505368905762,212.64739582866693,24.140219907407406,2020-02-03 04:22:30+00:00,343.65264880286844,353.91628759627093,-6.130097473821534,381.9092426771893
2020-01-30 04:37:30,92.88496918876564,28.735362176934675,-3.790116895048902,212.19539024989967,24.150636574074074,2020-02-03 04:37:30+00:00,344.66645631708843,353.7791384886874,-6.1308132517873295,381.44791583856687
2020-01-30 04:52:30,93.01077454364363,28.75765291954193,-3.786647433451108,214.3418685705606,24.161053240740742,2020-02-03 04:52:30+00:00,346.0577237558968,353.6419893684066,-6.131528819136195,381.49778249945194
2020-01-30 05:07:30,93.13615151823446,28.78020938161196,-3.783097516207562,219.7144049606487,24.171469907407406,2020-02-03 05:07:30+00:00,346.0577237558968,353.50484023539974,-6.132244175843536,382.9292206587699
2020-01-30 05:22:30,93.26109604165086,28.803030636797367,-3.779467680459285,212.46273106738224,24.181886574074074,2020-02-03 05:22:30+00:00,347.99210896044775,353.36769108966774,-6.132959321884743,382.23301462032686
2020-01-30 05:37:30,93.3856040938878,28.826115751312912,-3.775758468251306,211.6385189786595,24.192303240740742,2020-02-03 05:37:30+00:00,350.70147953485287,353.23054193118224,-6.133674257235224,381.0239287701725
2020-01-30 05:52:30,93.50967170592422,28.849463784062845,-3.771970426391771,210.8630663508949,24.202719907407406,2020-02-03 05:52:30+00:00,350.70147953485287,353.09339275995825,-6.1343889818704,382.5264329437952
2020-01-30 06:07:30,93.633294960026,28.873073786805698,-3.768104106306486,200.6573455759599,24.213136574074074,2020-02-03 06:07:30+00:00,354.5007822924466,352.95624357596756,-6.135103495765638,380.798685640088
2020-01-30 06:22:30,93.7564699897931,28.896944804283184,-3.764160063898996,203.02386591162457,24.223553240740742,2020-02-03 06:22:30+00:00,359.799847290099,352.8190943791965,-6.135817798896421,380.394674885493
2020-01-30 06:37:30,93.87919298022956,28.921075874361968,-3.760138859408573,214.3805567418566,24.233969907407406,2020-02-03 06:37:30+00:00,359.799847290099,352.6819451696166,-6.136531891238169,381.12238345961214
2020-01-30 06:52:30,94.00146016805078,28.94546602818785,-3.7560410572664553,211.0804829755018,24.244386574074074,2020-02-03 06:52:30+00:00,367.09870076279896,352.5447959472288,-6.137245772766312,383.1491639504995
2020-01-30 07:07:30,94.12326784166518,28.97011429032444,-3.7518672259552983,204.8727045075125,24.254803240740742,2020-02-03 07:07:30+00:00,376.94744400866546,352.40764671201936,-6.137959443456296,387.48055876603456
2020-01-30 07:22:30,94.24461234131648,28.99501967889527,-3.7476179378678376,197.70936056217727,24.265219907407406,2020-02-03 07:22:30+00:00,376.94744400866546,352.2704974639749,-6.138672903283575,386.30097782017646
2020-01-30 07:37:30,94.36549005916784,29.020181205726335,-3.7432937691664385,206.9107427107194,24.275636574074074,2020-02-03 07:37:30+00:00,389.84702962711674,352.13334820308125,-6.1393861522236,385.39990893914097
2020-01-30 07:52:30,94.48589743926694,29.045597876490195,-3.738895299642387,200.3183600574601,24.286053240740742,2020-02-03 07:52:30+00:00,389.84702962711674,351.9961989293256,-6.140099190251856,385.5711900787026
2020-01-30 08:07:30,94.60583097785056,29.071268690850687,-3.734423112575655,199.79653589315524,24.296469907407406,2020-02-03 08:07:30+00:00,406.0766603104019,351.8590496426791,-6.140812017343792,385.57781487664624
2020-01-30 08:22:30,94.72528722308508,29.09719264260295,-3.7298777945960784,202.9195946732927,24.306886574074074,2020-02-03 08:22:30+00:00,425.47249152823065,351.7219003431432,-6.141524633474893,387.2061902111986
2020-01-30 08:37:30,94.84426277538888,29.12336871981842,-3.725259935544467,201.47532709554685,24.317303240740742,2020-02-03 08:37:30+00:00,425.47249152823065,351.58475103071885,-6.14223703862068,386.5442404006678
2020-01-30 08:52:30,94.96275428722444,29.149795904983407,-3.7205701283347543,209.22985337319304,24.327719907407406,2020-02-03 08:52:30+00:00,447.25069661444064,351.4476017053636,-6.1429492327565915,386.67009117760375
2020-01-30 09:07:30,95.0807584632384,29.176473175144004,-3.715808968816648,202.19115191986643,24.338136574074074,2020-02-03 09:07:30+00:00,470.0174711243531,351.31045236707837,-6.143661215858146,386.2562961060457
2020-01-30 09:22:30,95.19827206029495,29.20339950204985,-3.710977055638128,201.26826364354028,24.348553240740742,2020-02-03 09:22:30+00:00,470.0174711243531,351.17330301585,-6.144372987900866,384.7951714395788
2020-01-30 09:37:30,95.31529188726267,29.230573852286327,-3.7060749901116,208.93737624723377,24.358969907407406,2020-02-03 09:37:30+00:00,492.05233011483966,351.0361536516651,-6.145084548860262,383.6102498873784
2020-01-30 09:52:30,95.43181480526084,29.25799518742802,-3.701103376076442,198.50267241267747,24.369386574074074,2020-02-03 09:52:30+00:00,511.77278184487045,350.8990042745102,-6.145795898711834,380.30421072157304
2020-01-30 10:07:30,95.54783772741372,29.285662464163487,-3.69606281976816,200.70111064737523,24.379803240740742,2020-02-03 10:07:30+00:00,511.77278184487045,350.76185488435755,-6.146507037431119,378.48000635980605
2020-01-30 10:22:30,95.6633576188695,29.313574634449218,-3.690953929682179,201.48050368184695,24.390219907407406,2020-02-03 10:22:30+00:00,528.136551131745,350.6247054812084,-6.147217964993664,381.6082359488035
2020-01-30 10:37:30,95.77837149682,29.34173064564188,-3.6857773164431977,200.15270929585483,24.400636574074074,2020-02-03 10:37:30+00:00,540.7831578132703,350.48755606506415,-6.1479286813749905,383.65264859421785
2020-01-30 10:52:30,95.8928764302623,29.37012944063205,-3.68053359267514,200.3411936560935,24.411053240740742,2020-02-03 10:52:30+00:00,540.7831578132703,350.35040663588245,-6.148639186550651,382.74093185612384
2020-01-30 11:07:30,96.00686954008016,29.398769957981457,-3.675223372869198,206.81147405578687,24.421469907407406,2020-02-03 11:07:30+00:00,549.9133267759623,350.2132571936793,-6.14934948049619,379.1430161380078
2020-01-30 11:22:30,96.12034799897044,29.42765113204517,-3.669847273253764,204.30825569497551,24.431886574074074,2020-02-03 11:22:30+00:00,549.9133267759623,350.0761077384124,-6.150059563187193,376.52569096642554
2020-01-30 11:37:30,96.23330903107848,29.45677189314747,-3.664405911671703,208.0288853515549,24.442303240740742,2020-02-03 11:37:30+00:00,556.0488026649199,349.93895827006867,-6.1507694345991855,375.76648912208174
2020-01-30 11:52:30,96.34574991225868,29.486131167718593,-3.658899907447797,200.00681874762031,24.452719907407406,2020-02-03 11:52:30+00:00,559.8124704696799,349.8018087886641,-6.151479094707778,375.4548178588245
2020-01-30 12:07:30,96.4576679696806,29.515727878405915,-3.653329881266592,204.65763352357283,24.463136574074074,2020-02-03 12:07:30+00:00,559.8124704696799,349.6646592941712,-6.152188543488539,372.5494872406392
2020-01-30 12:22:30,96.56906058181468,29.545560944212593,-3.647696455047694,211.11739428651163,24.473553240740742,2020-02-03 12:22:30+00:00,561.7896988565145,349.5275097865768,-6.152897780917064,373.7631502239181
2020-01-30 12:37:30,96.67992517823072,29.5756292806304,-3.642000251822861,209.17148736265867,24.483969907407406,2020-02-03 12:37:30+00:00,562.4670787476571,349.39036026585364,-6.153606806968935,374.5594509367464
2020-01-30 12:52:30,96.79025923957212,29.60593179978639,-3.636241895611523,209.83646987403245,24.494386574074074,2020-02-03 12:52:30+00:00,562.4670787476571,349.25321073201764,-6.154315621619737,374.4494792908816
2020-01-30 13:07:30,96.90006029308222,29.636467412440776,-3.63042201026292,209.5496693455501,24.504803240740742,2020-02-03 13:07:30+00:00,562.2208042218917,349.116061185027,-6.155024224845119,374.67074754219993
2020-01-30 13:22:30,97.0093259227738,29.66723502345384,-3.6245412219092903,207.00285024626717,24.515219907407406,2020-02-03 13:22:30+00:00,561.3289124670258,348.9789116248834,-6.155732616620672,373.71015184036895
2020-01-30 13:37:30,97.11805376337104,29.698233534583935,-3.618600157383611,240.84851060757455,24.525636574074074,2020-02-03 13:37:30+00:00,561.3289124670258,348.8417620515738,-6.156440796921992,371.95325542570953
2020-01-30 13:52:30,97.22624149773849,29.72946184575573,-3.612599443476286,232.83386497336832,24.536053240740742,2020-02-03 13:52:30+00:00,559.9911602539096,348.7046124650855,-6.157148765724761,368.8740493414951
2020-01-30 14:07:30,97.33388685888166,29.760918854169407,-3.60653970737901,235.50353364634984,24.546469907407406,2020-02-03 14:07:30+00:00,558.3485648542362,348.5674628654061,-6.157856523004584,367.9836764978668
2020-01-30 14:22:30,97.44098762960296,29.792603454423425,-3.6004215765725975,233.0427765539048,24.556886574074074,2020-02-03 14:22:30+00:00,558.3485648542362,348.43031325252224,-6.158564068737084,367.4271934705991
2020-01-30 14:37:30,97.54754164250284,29.824514538651293,-3.594245678712748,223.2999073760808,24.567303240740742,2020-02-03 14:37:30+00:00,556.4996416334382,348.2931636264217,-6.159271402897945,366.7302647269258
2020-01-30 14:52:30,97.6535467796332,29.85665099663656,-3.588012641522014,222.4578532526889,24.577719907407406,2020-02-03 14:52:30+00:00,554.5128279023579,348.1560139870914,-6.159978525462802,366.1287330736412
2020-01-30 15:07:30,97.75900097228704,29.88901171595017,-3.5817230926777177,218.83825558692945,24.588136574074074,2020-02-03 15:07:30+00:00,554.5128279023579,348.0188643345046,-6.160685436407315,365.7577443887961
2020-01-30 15:22:30,97.8639022007464,29.92159558205162,-3.5753776597093547,219.38827643774107,24.598553240740742,2020-02-03 15:22:30+00:00,552.4355595304335,347.881714668663,-6.161392135707173,365.2940085327398
2020-01-30 15:37:30,97.96824849409306,29.95440147843953,-3.5689769698866636,217.69471082294777,24.608969907407406,2020-02-03 15:37:30+00:00,552.4355595304335,347.74456498956863,-6.16209862333802,366.0200863873651
2020-01-30 15:52:30,98.0720379299691,29.987428286753563,-3.562521650119689,267.7085296731111,24.619386574074074,2020-02-03 15:52:30+00:00,550.3007238737747,347.60741529717995,-6.162804899275562,366.9347903070775
2020-01-30 16:07:30,98.17526863420775,30.02067488690058,-3.556012326854099,270.6136884805509,24.629803240740742,2020-02-03 16:07:30+00:00,548.1311737282958,347.47026559151334,-6.163510963495479,366.99790656384977
2020-01-30 16:22:30,98.27793878069696,30.05414015717142,-3.549449625971165,271.5818353586727,24.640219907407406,2020-02-03 16:22:30+00:00,548.1311737282958,347.3331158725274,-6.1642168159734645,368.0848552300973
2020-01-30 16:37:30,98.3800465911171,30.087822974370894,-3.5428341726849095,297.92331221369614,24.650636574074074,2020-02-03 16:37:30+00:00,545.9428558537772,347.1959661402242,-6.164922456685231,359.68147971486866
2020-01-30 16:52:30,98.48159033449907,30.121722213914246,-3.536166591449131,307.98752288760835,24.661053240740742,2020-02-03 16:52:30+00:00,543.74696939641,347.0588163945916,-6.165627885606483,354.58356520126137
2020-01-30 17:07:30,98.58256832709992,30.15583674995553,-3.529447505857256,214.5009123733354,24.671469907407406,2020-02-03 17:07:30+00:00,543.74696939641,346.921666635617,-6.166333102712924,353.8675570395103
2020-01-30 17:22:30,98.68297893216209,30.19016545551347,-3.522677538546754,214.8504872461855,24.681886574074074,2020-02-03 17:22:30+00:00,541.5514534468335,346.78451686327344,-6.1670381079802805,352.52086811352257
2020-01-30 17:37:30,98.78282055941926,30.224707202560257,-3.515857311109406,208.98043603327605,24.692303240740742,2020-02-03 17:37:30+00:00,539.3620144351705,346.64736707759243,-6.167742901384296,352.6989426822482
2020-01-30 17:52:30,98.88209166496009,30.259460862150114,-3.50898744399772,208.85955759599332,24.702719907407406,2020-02-03 17:52:30+00:00,539.3620144351705,346.51021727850355,-6.168447482900705,355.7542994938654
2020-01-30 18:07:30,98.98079075086278,30.294425304528733,-3.502068556434495,218.98919757366,24.713136574074074,2020-02-03 18:07:30+00:00,537.1828399108214,346.37306746603815,-6.169151852505246,356.1713967723984
2020-01-30 18:22:30,99.07891636486808,30.32959939923404,-3.495101266326917,232.88000374307012,24.723553240740742,2020-02-03 18:22:30+00:00,535.0171001787528,346.23591764015487,-6.169856010173657,354.08220049288497
2020-01-30 18:37:30,99.17646710010531,30.36498201521826,-3.488086190177164,223.36507386925004,24.733969907407406,2020-02-03 18:37:30+00:00,535.0171001787528,346.0987678008709,-6.170559955881715,354.34056761268783
2020-01-30 18:52:30,99.27344159480457,30.400572020953856,-3.4810239429976,221.88167294327755,24.744386574074074,2020-02-03 18:52:30+00:00,532.8673082713136,345.96161794814486,-6.171263689605162,353.7907093833639
2020-01-30 19:07:30,99.36983853182684,30.43636828452008,-3.473915138231971,219.112656158896,24.754803240740742,2020-02-03 19:07:30+00:00,530.7355878536431,345.8244680819793,-6.171967211319793,352.6247449452792
2020-01-30 19:22:30,99.4656566385382,30.47236967374118,-3.466760387665998,223.20298232271907,24.765219907407406,2020-02-03 19:22:30+00:00,530.7355878536431,345.68731820237656,-6.172670521001368,352.72462651427594
2020-01-30 19:37:30,99.56089468628352,30.50857505625749,-3.4595603013556073,226.18398234784073,24.775636574074074,2020-02-03 19:37:30+00:00,528.6238849885714,345.55016830929566,-6.173373618625673,361.1232395873464
2020-01-30 19:52:30,99.65555149017732,30.54498329964989,-3.452315487542496,215.10179529013,24.786053240740742,2020-02-03 19:52:30+00:00,528.6238849885714,345.41301840273917,-6.174076504168504,362.9475051010943
2020-01-30 20:07:30,99.74962590871468,30.58159327153709,-3.4450265525798596,216.03069317477056,24.796469907407406,2020-02-03 20:07:30+00:00,526.5341512256772,345.2758684826952,-6.174779177605655,363.01507804011976
2020-01-30 20:22:30,99.84311684339946,30.61840383966447,-3.4376941008582316,217.8027265437049,24.806886574074074,2020-02-03 20:22:30+00:00,524.4685209451574,345.1387185491517,-6.175481638912919,362.3075496197366
2020-01-30 20:37:30,99.9360232384629,30.65541387201608,-3.430318734730678,225.8883834374571,24.817303240740742,2020-02-03 20:37:30+00:00,524.4685209451574,345.001568602097,-6.176183888066132,359.9199724408406
2020-01-30 20:52:30,100.02834408044112,30.692622236904324,-3.4229010544418745,221.4732219297119,24.827719907407406,2020-02-03 20:52:30+00:00,522.4295045568107,344.8644186415191,-6.176885925041097,359.1170469300686
2020-01-30 21:07:30,100.1200783978176,30.73002780306875,-3.4154416580579423,221.43932991081337,24.838136574074074,2020-02-03 21:07:30+00:00,520.4202207630163,344.72726866740635,-6.177587749813642,359.40853803958976
2020-01-30 21:22:30,100.21122526076005,30.767629439772183,-3.4079411413975502,227.01100473578413,24.848553240740742,2020-02-03 21:22:30+00:00,520.4202207630163,344.59011867974687,-6.178289362359595,357.8590580260029
2020-01-30 21:37:30,100.3017837806304,30.805426016889367,-3.400400097966572,244.19867984724135,24.858969907407406,2020-02-03 21:37:30+00:00,518.4446957876057,344.45296867852886,-6.178990762654782,355.56403529692335
2020-01-30 21:52:30,100.39175310970296,30.843416405008245,-3.392819118890511,246.4796428877188,24.869386574074074,2020-02-03 21:52:30+00:00,516.5082658036793,344.3158186637263,-6.1796919506750845,356.29753292524583
2020-01-30 22:07:30,100.48113244077504,30.881599475512985,-3.385198792853394,238.90478659142343,24.879803240740742,2020-02-03 22:07:30+00:00,516.5082658036793,344.17866863535664,-6.180392926396328,362.24262659988864
2020-01-30 22:22:30,100.56992100675085,30.919974100676455,-3.377539706034598,232.90758473680967,24.890219907407406,2020-02-03 22:22:30+00:00,514.6181317603753,344.041518593379,-6.181093689794367,364.82232291915096
2020-01-30 22:37:30,100.6581180803342,30.958539153741707,-3.3698424420504014,257.1847886846503,24.900636574074074,2020-02-03 22:37:30+00:00,512.7841349095124,343.9043685378109,-6.181794240845095,363.2906696345761
2020-01-30 22:52:30,100.74572297358668,30.99729350902201,-3.362107581892668,266.461068320939,24.911053240740742,2020-02-03 22:52:30+00:00,512.7841349095124,343.7672184686118,-6.182494579524351,359.050798950632
2020-01-30 23:07:30,100.83273503765284,31.036236041983948,-3.3543357038722768,240.8389128698171,24.921469907407406,2020-02-03 23:07:30+00:00,511.01984860492445,343.63006838579923,-6.183194705808029,363.20905212391017
2020-01-30 23:22:30,100.9191536622162,31.07536562931718,-3.3465273835663387,240.65506002066937,24.931886574074074,2020-02-03 23:22:30+00:00,509.34411989574124,343.49291828934724,-6.183894619672021,359.0295995972123
2020-01-30 23:37:30,101.00497827527086,31.1146811490371,-3.3386831937609274,241.4584029980784,24.942303240740742,2020-02-03 23:37:30+00:00,509.34411989574124,343.3557681792298,-6.18459432109223,356.0378408458542
2020-01-30 23:52:30,101.09020834267686,31.15418148055241,-3.3308037044009104,233.515273853859,24.952719907407406,2020-02-03 23:52:30+00:00,507.7832456505934,343.2186180554646,-6.185293810044524,356.0389110055219
2020-01-31 00:07:30,101.17484336773236,31.193865504756552,-3.3228894825374224,225.85327397514376,24.963136574074074,2020-02-04 00:07:30+00:00,507.7832456505934,343.0814679180111,-6.1859930865048165,355.21239102207386
2020-01-31 00:22:30,101.25888289084952,31.23373210409349,-3.314941092281108,234.3724097810366,24.973553240740742,2020-02-04 00:22:30+00:00,506.3740339744572,342.94431776687276,-6.186692150449056,358.2478734398601
2020-01-31 00:37:30,101.34232648916252,31.273780162654823,-3.306959094750766,230.6323931639802,24.983969907407406,2020-02-04 00:37:30+00:00,505.1680802235396,342.807167602038,-6.187391001853117,362.9289556668521
2020-01-31 00:52:30,101.42517377608873,31.31400856623416,-3.2989440480309655,231.95019180904345,24.994386574074074,2020-02-04 00:52:30+00:00,505.1680802235396,342.6700174235104,-6.188089640692957,363.3834168057874
2020-01-31 01:07:30,101.50742440098816,31.354416202423604,-3.2908965071239265,221.22575719054976,25.004803240740742,2020-02-04 01:07:30+00:00,504.23766569519756,342.53286723123483,-6.188788066944498,360.60577152396854
2020-01-31 01:22:30,101.5890780487434,31.39500196067068,-3.2828170239087635,237.82663319225856,25.015219907407406,2020-02-04 01:22:30+00:00,503.683731107199,342.3957170252586,-6.189486280583699,360.740122426266
2020-01-31 01:37:30,101.67013443939211,31.43576473236449,-3.2747061470979513,265.7678931535143,25.025636574074074,2020-02-04 01:37:30+00:00,503.683731107199,342.25856680552675,-6.190184281586467,359.8351750271616
2020-01-31 01:52:30,101.75059332760998,31.476703410885303,-3.2665644222008456,251.0207043220931,25.036053240740742,2020-02-04 01:52:30+00:00,503.6463046022946,342.1214165720427,-6.1908820699288025,360.3345643412421
2020-01-31 02:07:30,101.83045450256506,31.51781689171512,-3.258392391476634,253.9820790564278,25.046469907407406,2020-02-04 02:07:30+00:00,504.3174058593257,341.98426632479544,-6.1915796455866445,361.91801150064913
2020-01-31 02:22:30,101.90971778732928,31.559104072460197,-3.250190593906457,258.2070486202144,25.056886574074074,2020-02-04 02:22:30+00:00,504.3174058593257,341.84711606377385,-6.192277008535954,363.9702534527242
2020-01-31 02:37:30,101.98838303846289,31.600563852948422,-3.241959565151266,250.5985670562048,25.067303240740742,2020-02-04 02:37:30+00:00,505.9554896489601,341.70996578896717,-6.192974158752721,362.4824442854493
2020-01-31 02:52:30,102.06645014581063,31.6421951352956,-3.2336998375170825,232.89350837590155,25.077719907407406,2020-02-04 02:52:30+00:00,508.8984304808464,341.57281550036413,-6.193671096212934,356.5943238731218
2020-01-31 03:07:30,102.1439190319521,31.683996823954477,-3.2254119399252534,231.034950231578,25.088136574074074,2020-02-04 03:07:30+00:00,508.8984304808464,341.4356651979542,-6.19436782089257,356.8762752736041
2020-01-31 03:22:30,102.22078965177728,31.725967825784792,-3.2170963978789584,233.41002195457045,25.098553240740742,2020-02-04 03:22:30+00:00,513.5682761244361,341.29851488172613,-6.195064332767616,357.3396738672198
2020-01-31 03:37:30,102.29706199216652,31.768107050114875,-3.2087537334331446,226.31038939167615,25.108969907407406,2020-02-04 03:37:30+00:00,520.4553023877307,341.1613645516692,-6.195760631814095,353.6727879799666
2020-01-31 03:52:30,102.37273607171284,31.81041340882666,-3.2003844651603197,220.3750436774469,25.119386574074074,2020-02-04 03:52:30+00:00,520.4553023877307,341.02421420777284,-6.196456718007994,354.02390227098067
2020-01-31 04:07:30,102.44781194003346,31.85288581636957,-3.191989108132016,227.04867241399356,25.129803240740742,2020-02-04 04:07:30+00:00,530.0628903677667,340.887063850026,-6.197152591325342,353.84226235645264
2020-01-31 04:22:30,102.5222896776548,31.895523189860825,-3.1835681738838577,219.6406154961111,25.140219907407406,2020-02-04 04:22:30+00:00,530.0628903677667,340.74991347841797,-6.19784825174217,354.4955878845695
2020-01-31 04:37:30,102.59616939546568,31.938324449121325,-3.1751221703943964,207.91910127991096,25.150636574074074,2020-02-04 04:37:30+00:00,542.7943199182203,340.6127630929236,-6.1985436992344995,352.5097384529772
2020-01-31 04:52:30,102.66945123436808,31.98128851674519,-3.1666516020587347,207.31192814898213,25.161053240740742,2020-02-04 04:52:30+00:00,558.779311458945,340.4756126935759,-6.199238933778374,355.53170628295834
2020-01-31 05:07:30,102.74213536495142,32.02441431814968,-3.15815696966668,207.11163993492724,25.171469907407406,2020-02-04 05:07:30+00:00,558.779311458945,340.3384622803062,-6.19993395534983,357.7174078008802
2020-01-31 05:22:30,102.8142219869231,32.06770078161122,-3.149638770384195,210.36093747977895,25.181886574074074,2020-02-04 05:22:30+00:00,577.6825022369344,340.20131185314716,-6.2006287639249305,357.25256379680417
2020-01-31 05:37:30,102.88571132891563,32.11114683835508,-3.141097497726419,215.1700978079408,25.192303240740742,2020-02-04 05:37:30+00:00,598.5950322768073,340.0641614120887,-6.20132335947971,353.3555926544241
2020-01-31 05:52:30,102.9566036479902,32.15475142257719,-3.1325336415440415,216.4376027228844,25.202719907407406,2020-02-04 05:52:30+00:00,598.5950322768073,339.92701095707633,-6.20201774199025,352.58764607679467
2020-01-31 06:07:30,103.02689922926696,32.19851347150872,-3.1239476880020276,213.34012760285228,25.213136574074074,2020-02-04 06:07:30+00:00,620.1268514362455,339.7898604881434,-6.202711911432632,352.72676683361163
2020-01-31 06:22:30,103.09659838555751,32.242431925460025,-3.115340119564927,212.7296301329088,25.223553240740742,2020-02-04 06:22:30+00:00,640.7270647025258,339.6527100052649,-6.203405867782912,353.45518884750936
2020-01-31 06:37:30,103.16570145694082,32.286505727869795,-3.106711414979368,209.18237571879055,25.233969907407406,2020-02-04 06:37:30+00:00,640.7270647025258,339.51555950843067,-6.204099611017194,359.27869199989397
2020-01-31 06:52:30,103.23420881047694,32.33073382536047,-3.0980620492590294,206.4137142996345,25.244386574074074,2020-02-04 06:52:30+00:00,659.0969184953634,339.3784089976155,-6.204793141111546,357.0858838805416
2020-01-31 07:07:30,103.30212083964368,32.37511516776812,-3.08939249367354,207.45123922147187,25.254803240740742,2020-02-04 07:07:30+00:00,674.4789746689103,339.24125847285285,-6.205486458042099,358.41958820255985
2020-01-31 07:22:30,103.3694379641418,32.41964870819927,-3.08070321573436,209.51230086319575,25.265219907407406,2020-02-04 07:22:30+00:00,674.4789746689103,339.10410793407414,-6.20617956178494,355.508338813848
2020-01-31 07:37:30,103.43616062944184,32.4643334030796,-3.071994679181146,212.1249950314015,25.275636574074074,2020-02-04 07:37:30+00:00,686.7018258780217,338.96695738131314,-6.206872452316191,351.46143042637203
2020-01-31 07:52:30,103.5022893063427,32.509168212174494,-3.06326734397702,211.4798336743164,25.286053240740742,2020-02-04 07:52:30+00:00,696.029493997082,338.8298068145447,-6.207565129611955,348.39884656245255
2020-01-31 08:07:30,103.56782449077473,32.554152098662385,-3.0545216662916994,209.9064946197501,25.296469907407406,2020-02-04 08:07:30+00:00,696.029493997082,338.69265623375907,-6.208257593648384,347.73829398203355
2020-01-31 08:22:30,103.6327667031378,32.59928402913728,-3.0457580985021826,215.07163101292852,25.306886574074074,2020-02-04 08:22:30+00:00,702.9483043332858,338.55550563894576,-6.2089498444016,351.7579804725047
2020-01-31 08:37:30,103.69711648825698,32.644562973690775,-3.0369770891750623,223.3435934891486,25.317303240740742,2020-02-04 08:37:30+00:00,702.9483043332858,338.4183550300949,-6.209641881847727,352.93478548904267
2020-01-31 08:52:30,103.76087441476268,32.68998790591723,-3.028179083068226,216.46035207475688,25.327719907407406,2020-02-04 08:52:30+00:00,707.9932210921955,338.281204407182,-6.210333705962942,352.3279539974031
2020-01-31 09:07:30,103.8240410748224,32.73555780296111,-3.0193645211224274,215.59550154650515,25.338136574074074,2020-02-04 09:07:30+00:00,711.6469687686775,338.14405377022604,-6.2110253167234015,352.5619622447669
2020-01-31 09:22:30,103.88661708381822,32.78127164556396,-3.0105338404552677,221.6364810533386,25.348553240740742,2020-02-04 09:22:30+00:00,711.6469687686775,338.00690311920255,-6.211716714105236,353.06463152873835
2020-01-31 09:37:30,103.94860307988112,32.827128418083255,-3.001687474360221,212.02728182664325,25.358969907407406,2020-02-04 09:37:30+00:00,714.3002067672468,337.8697524541017,-6.212407898084638,352.89371174179195
2020-01-31 09:52:30,104.0099997235938,32.87312710854474,-2.992825852300875,211.00170062195548,25.369386574074074,2020-02-04 09:52:30+00:00,716.2482926494172,337.73260177491335,-6.213098868637766,351.8456687071044
2020-01-31 10:07:30,104.07080769759295,32.91926670864468,-2.9839493999145583,213.41111571715967,25.379803240740742,2020-02-04 10:07:30+00:00,716.2482926494172,337.5954510816279,-6.21378962574083,351.34314767035966
2020-01-31 10:22:30,104.13102770628306,32.965546213827594,-2.9750585390030646,214.91700137054295,25.390219907407406,2020-02-04 10:22:30+00:00,717.7045246061275,337.4583003742356,-6.214480169369991,352.6803932480059
2020-01-31 10:37:30,104.19066047532736,33.01196462327643,-2.966153687539936,218.00000719590125,25.400636574074074,2020-02-04 10:37:30+00:00,718.817890120618,337.3211496527265,-6.215170499501466,352.8733073641254
2020-01-31 10:52:30,104.2497067515441,33.058520939966435,-2.957235259666715,217.1616214643775,25.411053240740742,2020-02-04 10:52:30+00:00,718.817890120618,337.18399891709095,-6.2158606161114385,350.73270265256906
2020-01-31 11:07:30,104.30816730229114,33.105214170682295,-2.948303665695927,217.39199407531348,25.421469907407406,2020-02-04 11:07:30+00:00,719.6896829479973,337.04684816731947,-6.21655051917614,350.0834724540902
2020-01-31 11:22:30,104.3660429152616,33.15204332603442,-2.9393593121129564,216.92793495022013,25.431886574074074,2020-02-04 11:22:30+00:00,720.387034510243,336.9096974034022,-6.21724020867177,351.8483186262819
2020-01-31 11:37:30,104.42333439817806,33.19900742052334,-2.930402601579521,223.03700207710529,25.442303240740742,2020-02-04 11:37:30+00:00,720.387034510243,336.77254662532965,-6.217929684574572,351.03876831756634
2020-01-31 11:52:30,104.48004257826337,33.24610547254845,-2.921433932936889,220.00020474557755,25.452719907407406,2020-02-04 11:52:30+00:00,720.9531653870209,336.6353958331069,-6.2186189468607616,351.73437210165093
2020-01-31 12:07:30,104.53616830212609,33.29333650443739,-2.9124537012096763,220.35336672231497,25.463136574074074,2020-02-04 12:07:30+00:00,721.4148363800019,336.49824502669526,-6.219307995506581,352.83938839865385
2020-01-31 12:22:30,104.59171243525816,33.340699542464684,-2.9034622976122852,222.1150062591224,25.473553240740742,2020-02-04 12:22:30+00:00,721.4148363800019,336.3610942061143,-6.2199968304882844,354.1086996846596
2020-01-31 12:37:30,104.64667586176196,33.38819361687014,-2.8944601095549523,219.16649276572065,25.483969907407406,2020-02-04 12:37:30+00:00,721.787632898214,336.22394337131095,-6.220685451782112,356.04314068420916
2020-01-31 12:52:30,104.70105948399431,33.435817761890576,-2.8854475206500396,227.59178015613156,25.494386574074074,2020-02-04 12:52:30+00:00,721.787632898214,336.0867925223341,-6.2213738593643235,351.0758671860508
2020-01-31 13:07:30,104.7548642222968,33.483571015795974,-2.8764249107149262,220.22846176945757,25.504803240740742,2020-02-04 13:07:30+00:00,722.0796608395993,335.94964165913075,-6.222062053211196,351.9861144235101
2020-01-31 13:22:30,104.80809101462302,33.531452420879646,-2.867392655787189,224.4279578014097,25.515219907407406,2020-02-04 13:22:30+00:00,722.2941143478772,335.81249078170606,-6.222750033298998,353.1306386064316
2020-01-31 13:37:30,104.86074081612269,33.57946102349019,-2.8583511281302534,227.35823411826732,25.525636574074074,2020-02-04 13:37:30+00:00,722.2941143478772,335.6753398900655,-6.223437799604,354.86392665023715
2020-01-31 13:52:30,104.91281459898752,33.62759587406634,-2.849300696239516,226.89624826907897,25.536053240740742,2020-02-04 13:52:30+00:00,722.4310573588265,335.53818898417046,-6.224125352102501,355.93328948921607
2020-01-31 14:07:30,104.96431335205249,33.67585602713909,-2.840241724855745,230.84872720684345,25.546469907407406,2020-02-04 14:07:30+00:00,722.4886625102829,335.4010380640265,-6.224812690770803,354.85597689270475
2020-01-31 14:22:30,105.01523808042838,33.724240541359535,-2.831174574972717,230.84370770316204,25.556886574074074,2020-02-04 14:22:30+00:00,722.4886625102829,335.263887129639,-6.225499815585194,355.23821754205727
2020-01-31 14:37:30,105.06558980528536,33.77274847950751,-2.82209960385055,229.14820247798616,25.567303240740742,2020-02-04 14:37:30+00:00,722.4640762402402,335.12673618098427,-6.226186726521979,357.6533279371343
2020-01-31 14:52:30,105.11536956347597,33.821378908514085,-2.813017165025063,228.47587301411227,25.577719907407406,2020-02-04 14:52:30+00:00,722.3540248850668,334.9895852180389,-6.226873423557487,360.4208071653814
2020-01-31 15:07:30,105.16457840723912,33.87013089947546,-2.8039276083208877,223.97704976310516,25.588136574074074,2020-02-04 15:07:30+00:00,722.3540248850668,334.8524342408227,-6.2275599066680245,362.5301428306437
2020-01-31 15:22:30,105.2132174038726,33.91900352766867,-2.7948312798631423,224.53629434069703,25.598553240740742,2020-02-04 15:22:30+00:00,722.1552388797602,334.7152832492976,-6.22824617582993,361.1998834035562
2020-01-31 15:37:30,105.26128763550696,33.96799587256302,-2.7857285220910946,231.150109250712,25.608969907407406,2020-02-04 15:37:30+00:00,721.8647465417894,334.57813224348394,-6.2289322310195505,359.4947808637291
2020-01-31 15:52:30,105.3087901987444,34.017107017842314,-2.7766196737703255,224.8348185943709,25.619386574074074,2020-02-04 15:52:30+00:00,721.8647465417894,334.4409812233582,-6.229618072213212,358.93751490579535
2020-01-31 16:07:30,105.35572620430978,34.06633605139319,-2.7675050700103045,222.96862434067853,25.629803240740742,2020-02-04 16:07:30+00:00,721.4800719395276,334.30383018891166,-6.2303036993872825,361.2890170486163
2020-01-31 16:22:30,105.4020967768896,34.11568206535826,-2.758385042271934,228.81552146770443,25.640219907407406,2020-02-04 16:22:30+00:00,720.9993603628478,334.1666791401352,-6.230989112518099,359.803375997032
2020-01-31 16:37:30,105.4479030547252,34.165144156105264,-2.7492599183898485,223.34311555891523,25.650636574074074,2020-02-04 16:37:30+00:00,720.9993603628478,334.02952807703485,-6.231674311582043,359.28399183824894
2020-01-31 16:52:30,105.49314618934191,34.21472142426174,-2.7401300225831973,219.96642277886212,25.661053240740742,2020-02-04 16:52:30+00:00,720.4214479751435,333.89237699957266,-6.23235929655547,362.9037814346662
2020-01-31 17:07:30,105.53782734539716,34.26441297472833,-2.7309956754707696,219.95396535754497,25.671469907407406,2020-02-04 17:07:30+00:00,720.4214479751435,333.75522590773994,-6.233044067414766,364.425038882468
2020-01-31 17:22:30,105.58194770017244,34.31421791666823,-2.7218571940905556,217.91270738698867,25.681886574074074,2020-02-04 17:22:30+00:00,719.7458879265465,333.618074801572,-6.233728624136341,363.14969393433506
2020-01-31 17:37:30,105.62550844347132,34.36413536352827,-2.7127148919141937,229.1622308089983,25.692303240740742,2020-02-04 17:37:30+00:00,718.9729425577756,333.4809236810161,-6.234412966696553,361.1680843734266
2020-01-31 17:52:30,105.6685107772251,34.41416443304885,-2.7035690788629494,234.0093788054693,25.702719907407406,2020-02-04 17:52:30+00:00,718.9729425577756,333.3437725460787,-6.235097095071828,360.1140790205898
2020-01-31 18:07:30,105.71095591530292,34.4643042472571,-2.6944200613280285,232.30461005823045,25.713136574074074,2020-02-04 18:07:30+00:00,718.1035496464173,333.2066213967509,-6.235781009238554,373.2172668733603
2020-01-31 18:22:30,105.75284508326428,34.51455393250598,-2.685268142182121,230.56284283329356,25.723553240740742,2020-02-04 18:22:30+00:00,717.1392694986298,333.06947023303906,-6.236464709173158,370.2281580411797
2020-01-31 18:37:30,105.7941795179254,34.5649126194315,-2.6761136208055905,233.7903455772987,25.733969907407406,2020-02-04 18:37:30+00:00,717.1392694986298,332.9323190549054,-6.237148194852048,373.1483689747463
2020-01-31 18:52:30,105.83496046728138,34.6153794430016,-2.666956793097534,236.5998055082576,25.744386574074074,2020-02-04 18:52:30+00:00,716.0822187950923,332.7951678623709,-6.2378314662516665,369.1202509232559
2020-01-31 19:07:30,105.87518919015504,34.66595354249741,-2.657797951498301,234.68191755785355,25.754803240740742,2020-02-04 19:07:30+00:00,714.9349963066263,332.65801665541255,-6.23851452334845,362.86032276015584
2020-01-31 19:22:30,105.9148669559647,34.716634061532034,-2.6486373850057023,245.93523928770173,25.765219907407406,2020-02-04 19:22:30+00:00,714.9349963066263,332.5208654340074,-6.239197366118844,368.0275206151667
2020-01-31 19:37:30,105.9539950444024,34.76742014803532,-2.6394753791971106,251.84025555637655,25.775636574074074,2020-02-04 19:37:30+00:00,713.700604829849,332.3837141981763,-6.239879994539262,367.66303627739353
2020-01-31 19:52:30,105.99257474526716,34.81831095427245,-2.630312216247243,258.5152687726746,25.786053240740742,2020-02-04 19:52:30+00:00,712.382372935388,332.2465629478967,-6.240562408586213,366.6538247506528
2020-01-31 20:07:30,106.0306073581785,34.86930563684821,-2.621148174946026,285.6141414318521,25.796469907407406,2020-02-04 20:07:30+00:00,712.382372935388,332.1094116831602,-6.241244608236121,366.4715918472179
2020-01-31 20:22:30,106.06809419232174,34.92040335669398,-2.611983530722239,284.33237713512665,25.806886574074074,2020-02-04 20:22:30+00:00,710.9838793781913,331.972260403944,-6.241926593465471,366.33542676948355
2020-01-31 20:37:30,106.10503656620692,34.97160327908119,-2.6028185556611767,286.739072080207,25.817303240740742,2020-02-04 20:37:30+00:00,709.5088823116848,331.8351091102842,-6.242608364250761,367.3808198849935
2020-01-31 20:52:30,106.1414358074216,35.02290457362155,-2.5936535185252514,290.7920238665278,25.827719907407406,2020-02-04 20:52:30+00:00,709.5088823116848,331.69795780212866,-6.243289920568446,365.56165036966377
2020-01-31 21:07:30,106.1772932524048,35.07430641425813,-2.584488684776056,296.9337492970905,25.838136574074074,2020-02-04 21:07:30+00:00,707.9612547974855,331.560806479484,-6.243971262395027,357.4846967167502
2020-01-31 21:22:30,106.21261024618464,35.12580797927061,-2.5753243165947706,296.67599561096455,25.848553240740742,2020-02-04 21:22:30+00:00,707.9612547974855,331.42365514235684,-6.244652389707019,349.40138325781066
2020-01-31 21:37:30,106.2473881421936,35.17740845129219,-2.566160672899338,315.23946793174247,25.858969907407406,2020-02-04 21:37:30+00:00,706.3449275286524,331.2865037907101,-6.245333302480913,348.1020556145765
2020-01-31 21:52:30,106.2816283020222,35.22910701727568,-2.5569980093720424,291.8091793399101,25.869386574074074,2020-02-04 21:52:30+00:00,704.6638391989288,331.14935242456505,-6.246014000693227,345.5240215173437
2020-01-31 22:07:30,106.31533209510606,35.28090286850891,-2.5478365784779875,293.0247348386107,25.879803240740742,2020-02-04 22:07:30+00:00,704.6638391989288,331.0122010438849,-6.24669448432048,346.5312557966982
2020-01-31 22:22:30,106.34850089867643,35.3327952006291,-2.538676629483189,315.2361891030505,25.890219907407406,2020-02-04 22:22:30+00:00,702.9218945575888,330.8750496486907,-6.247374753339214,350.2636669581578
2020-01-31 22:37:30,106.3811360973208,35.384783213579595,-2.529518408484093,308.82971160152306,25.900636574074074,2020-02-04 22:37:30+00:00,701.1229298874446,330.7378982389605,-6.2480548077259455,353.00368338765674
2020-01-31 22:52:30,106.4132390829526,35.43686611164831,-2.5203621584219857,301.95973450791746,25.911053240740742,2020-02-04 22:52:30+00:00,701.1229298874446,330.60074681467177,-6.2487346474572325,352.6247449452792
2020-01-31 23:07:30,106.44481125450632,35.48904310343481,-2.5112081191102296,271.43458574368134,25.921469907407406,2020-02-04 23:07:30+00:00,699.2706854253858,330.46359537586056,-6.249414272509594,357.3659803375997
2020-01-31 23:22:30,106.47585401772552,35.54131340187152,-2.5020565272517423,282.31826631644293,25.931886574074074,2020-02-04 23:22:30+00:00,697.3687841003501,330.32644392246124,-6.250093682859653,352.0295730980206
2020-01-31 23:37:30,106.50636878495018,35.59367622419493,-2.492907616466183,275.7473174637566,25.942303240740742,2020-02-04 23:37:30+00:00,697.3687841003501,330.1892924545096,-6.250772878483913,346.031746031746
2020-01-31 23:52:30,106.53635697498564,35.64613079196217,-2.4837616173081214,273.45169228152497,25.952719907407406,2020-02-04 23:52:30+00:00,695.4207158810599,330.0521409719984,-6.251451859358958,343.64471088177265
2020-02-01 00:07:30,106.56582001274516,35.69867633102751,-2.474618757293058,260.49254117244726,25.963136574074074,2020-02-05 00:07:30+00:00,693.4298269930016,329.91498947489083,-6.252130625461382,343.2089196279514
2020-02-01 00:22:30,106.59475932914768,35.75131207154578,-2.4654792609186567,249.9116526177509,25.973553240740742,2020-02-05 00:22:30+00:00,693.4298269930016,329.77783796320864,-6.25280917676776,347.31286150317874
2020-02-01 00:37:30,106.62317636099353,35.80403724796965,-2.4563433496863505,252.64933373020497,25.983969907407406,2020-02-05 00:37:30+00:00,691.3993132693539,329.6406864369154,-6.253487513254681,347.43620319580253
2020-02-01 00:52:30,106.6510725505697,35.856851099042615,-2.447211242124865,246.0358411806625,25.994386574074074,2020-02-05 00:52:30+00:00,689.3322169334579,329.5035348960184,-6.254165634898767,350.2967909478761
2020-02-01 01:07:30,106.67844934563446,35.9097528677846,-2.438083153814044,255.6357310171807,26.004803240740742,2020-02-05 01:07:30+00:00,689.3322169334579,329.36638334052446,-6.254843541676597,355.39656040490763
2020-02-01 01:22:30,106.70530819913084,35.96274180149147,-2.4289592974071192,257.2742204749852,26.015219907407406,2020-02-05 01:22:30+00:00,687.2314261620361,329.22923177041235,-6.255521233564802,366.4679227283568
2020-02-01 01:37:30,106.73165056901384,36.01581715172849,-2.419839882653085,254.24138052161504,26.025636574074074,2020-02-05 01:37:30+00:00,687.2314261620361,329.0920801856745,-6.256198710540006,364.83027267668336
2020-02-01 01:52:30,106.7574779180866,36.06897817431512,-2.410725116421339,254.42211972024725,26.036053240740742,2020-02-05 01:52:30+00:00,685.0996768414223,328.9549285863038,-6.256875972578823,364.3188382754326
2020-02-01 02:07:30,106.78279171380692,36.122224129329325,-2.401615202722679,259.42541561934723,26.046469907407406,2020-02-05 02:07:30+00:00,682.9395559977679,328.8177769722932,-6.2575530196579185,367.819381508864
2020-02-01 02:22:30,106.80759342807724,36.1755542810895,-2.3925103427342616,263.29331955375363,26.056886574074074,2020-02-05 02:22:30+00:00,682.9395559977679,328.6806253436355,-6.2582298517539,369.260937541405
2020-02-01 02:37:30,106.8318845371095,36.228967898149484,-2.383410734821746,264.69910465930343,26.067303240740742,2020-02-05 02:37:30+00:00,680.7535064522763,328.54347370033844,-6.2589064688434455,360.3598590242998
2020-02-01 02:52:30,106.85566652122868,36.2824642532805,-2.3743165745644648,278.0406127845659,26.077719907407406,2020-02-05 02:52:30+00:00,678.5438323208014,328.40632204236556,-6.259582870903208,360.1419031719533
2020-02-01 03:07:30,106.87894086464578,36.33604262347491,-2.3652280547762943,276.66069271908964,26.088136574074074,2020-02-05 03:07:30+00:00,678.5438323208014,328.2691703697393,-6.260259057909833,361.59339640140973
2020-02-01 03:22:30,106.90170905545784,36.389702289946186,-2.356145365527185,274.76599103344284,26.098553240740742,2020-02-05 03:22:30+00:00,676.3127050415717,328.1320186824383,-6.260935029840023,359.1620955560855
2020-02-01 03:37:30,106.92397258526697,36.44344253807997,-2.3470686941734256,276.4187389959025,26.108969907407406,2020-02-05 03:37:30+00:00,674.0621696740063,327.99486698045547,-6.26161078667044,358.1120048565792
2020-02-01 03:52:30,106.9457329491076,36.49726265746531,-2.3379982253733127,275.9886549266699,26.119386574074074,2020-02-05 03:52:30+00:00,674.0621696740063,327.8577152637695,-6.262286328377783,359.4058881204123
2020-02-01 04:07:30,106.9669916453342,36.55116194185657,-2.328934141115785,271.23093675875447,26.129803240740742,2020-02-05 04:07:30+00:00,671.7941512648813,327.7205635324173,-6.262961654938732,361.7166176431619
2020-02-01 04:22:30,106.98775017537784,36.60513968918561,-2.3198766207392203,268.4203174645915,26.140219907407406,2020-02-05 04:22:30+00:00,669.5104611251895,327.5834117863487,-6.26363676633,363.0773511407902
2020-02-01 04:37:30,107.0080100436129,36.65919520152773,-2.31082584095899,265.71972112990085,26.150636574074074,2020-02-05 04:37:30+00:00,669.5104611251895,327.4462600255712,-6.264311662528294,365.278109017675
2020-02-01 04:52:30,107.02777275724397,36.71332778510823,-2.3017819758873945,265.1397824414367,26.161053240740742,2020-02-05 04:52:30+00:00,667.212802901971,327.30910825009283,-6.264986343510335,364.7729380617528
2020-02-01 05:07:30,107.04703982608676,36.76753675027984,-2.292745197059048,264.75717426852543,26.171469907407406,2020-02-05 05:07:30+00:00,664.9027783644004,327.1719564598928,-6.265660809252831,363.89436940355137
2020-02-01 05:22:30,107.06581276245232,36.82182141152236,-2.2837156734519373,265.4302723454435,26.181886574074074,2020-02-05 05:22:30+00:00,664.9027783644004,327.03480465494965,-6.266335059732536,363.64310888517895
2020-02-01 05:37:30,107.08409308098318,36.87618108741022,-2.2746935715137524,265.56004610501543,26.192303240740742,2020-02-05 05:37:30+00:00,662.5818928528929,326.8976528352861,-6.267009094926171,367.5384900760526
2020-02-01 05:52:30,107.10188229851325,36.93061510062565,-2.265679055181553,264.19842101792636,26.202719907407406,2020-02-05 05:52:30+00:00,662.5818928528929,326.7605010008812,-6.267682914810481,359.2793544796884
2020-02-01 06:07:30,107.11918193394428,36.98512277792431,-2.256672285907675,257.88446276844667,26.213136574074074,2020-02-05 06:07:30+00:00,660.2515603643642,326.62334915172846,-6.26835651936224,354.4704136523837
2020-02-01 06:22:30,107.13599350807743,37.03970345015104,-2.2476734226784205,255.48425616768688,26.223553240740742,2020-02-05 06:22:30+00:00,657.9131082665384,326.4861972878216,-6.2690299085581795,356.18530884808007
2020-02-01 06:37:30,107.15231854344655,37.09435645218831,-2.238682622043494,268.1801084661817,26.233969907407406,2020-02-05 06:37:30+00:00,657.9131082665384,326.3490454091689,-6.269703082375095,356.6599603327483
2020-02-01 06:52:30,107.1681585642514,37.149081122970806,-2.2297000381340792,278.1080078032864,26.244386574074074,2020-02-05 06:52:30+00:00,655.5677816498097,326.2118935157348,-6.270376040789744,368.3699022179824
2020-02-01 07:07:30,107.1835150961424,37.2038768054561,-2.2207258226884568,275.4188114450009,26.254803240740742,2020-02-05 07:07:30+00:00,653.2167473371165,326.0747416075424,-6.27104878377891,367.9942761745766
2020-02-01 07:22:30,107.19838966619552,37.2587428466486,-2.2117601250690755,273.25579308015654,26.265219907407406,2020-02-05 07:22:30+00:00,653.2167473371165,325.9375896845709,-6.271721311319393,367.9439277102048
2020-02-01 07:37:30,107.21278380264428,37.31367859752221,-2.2028030922948503,270.72289178900974,26.275636574074074,2020-02-05 07:37:30+00:00,650.8610975809988,325.8004377467996,-6.27239362338799,372.4819143016137
2020-02-01 07:52:30,107.2266990348508,37.36868341305863,-2.193854869056316,270.5614634042484,26.286053240740742,2020-02-05 07:52:30+00:00,648.5018534829231,325.6632857942661,-6.273065719961501,369.9165275459098
2020-02-01 08:07:30,107.240136893106,37.42375665220938,-2.1849155977409773,270.9589907911034,26.296469907407406,2020-02-05 08:07:30+00:00,648.5018534829231,325.5261338269208,-6.273737601016735,368.25264329437954
2020-02-01 08:22:30,107.25309890865306,37.47889767790307,-2.175985418453632,265.95205125313447,26.306886574074074,2020-02-05 08:22:30+00:00,646.1399681734453,325.38898184478666,-6.274409266530511,352.44455044121156
2020-02-01 08:37:30,107.26558661336422,37.53410585700115,-2.167064469042453,256.6149884716588,26.317303240740742,2020-02-05 08:37:30+00:00,643.7763297932082,325.2518298478287,-6.275080716479677,351.1509080791218
2020-02-01 08:52:30,107.2776015397306,37.58938056030673,-2.1581528851184424,253.95851705592747,26.327719907407406,2020-02-05 08:52:30+00:00,643.7763297932082,325.1146778360701,-6.275751950841035,354.04245170522296
2020-02-01 09:07:30,107.28914522071334,37.64472116252501,-2.14925080008098,243.79577521675913,26.338136574074074,2020-02-05 09:07:30+00:00,641.4117643144688,324.9775258094906,-6.276422969591445,354.3683917640512
2020-02-01 09:22:30,107.30021918970031,37.70012704229776,-2.140358345132861,248.0006359806026,26.348553240740742,2020-02-05 09:22:30+00:00,639.0470382411158,324.84037376808425,-6.277093772707754,358.8838540424517
2020-02-01 09:37:30,107.31082498028525,37.75559758212824,-2.131475649311237,247.50574120992687,26.358969907407406,2020-02-05 09:37:30+00:00,639.0470382411158,324.70322171184534,-6.277764360166823,357.1640564962768
2020-02-01 09:52:30,107.32096412618564,37.811132168399155,-2.1226028395047947,246.28364937645097,26.369386574074074,2020-02-05 09:52:30+00:00,636.6828612222788,324.56606964076815,-6.278434731945517,352.212020033389
2020-02-01 10:07:30,107.3306381612186,37.86673019136091,-2.113740040474875,244.1722480589342,26.379803240740742,2020-02-05 10:07:30+00:00,636.6828612222788,324.4289175548615,-6.279104888020696,359.14354612184326
2020-02-01 10:22:30,107.3398486190392,37.92239104509997,-2.1048873748802652,238.6207152789867,26.390219907407406,2020-02-05 10:22:30+00:00,634.3198886108689,324.291765454091,-6.279774828369247,357.9335930254127
2020-02-01 10:37:30,107.3485970331589,37.97811412753362,-2.096044963296232,245.6767184879931,26.400636574074074,2020-02-05 10:37:30+00:00,631.958723994004,324.1546133384797,-6.280444552968052,357.9325330577417
2020-02-01 10:52:30,107.35688493680004,38.03389884038896,-2.0872129242381687,248.7697466937686,26.411053240740742,2020-02-05 10:52:30+00:00,631.958723994004,324.01746120800806,-6.281114061794022,357.4884066035986
2020-02-01 11:07:30,107.36471386279231,38.08974458919408,-2.0783913741811286,253.80449724408405,26.421469907407406,2020-02-05 11:07:30+00:00,629.5999217174466,323.88030906267005,-6.281783354824033,353.3147838990911
2020-02-01 11:22:30,107.37208534345734,38.14565078325551,-2.0695804275820393,253.5269042636285,26.431886574074074,2020-02-05 11:22:30+00:00,627.2439894211342,323.7431569024607,-6.2824524320350195,349.8608792431831
2020-02-01 11:37:30,107.37900091053908,38.20161683564393,-2.0607801969015687,256.3083592267015,26.442303240740742,2020-02-05 11:37:30+00:00,627.2439894211342,323.6060047273744,-6.283121293403871,357.4528976866206
2020-02-01 11:52:30,107.38546209506706,38.25764216317667,-2.0519907926254244,259.0352691917315,26.452719907407406,2020-02-05 11:52:30+00:00,624.891390597783,323.46885253742033,-6.2837899389075345,354.84140233722877
2020-02-01 12:07:30,107.39147042729152,38.31372618641252,-2.0432123232831176,260.40435335774674,26.463136574074074,2020-02-05 12:07:30+00:00,622.542547181548,323.3317003325789,-6.284458368522925,358.1736757028911
2020-02-01 12:22:30,107.39702743658712,38.36986832961832,-2.0344448954718732,258.205536359048,26.473553240740742,2020-02-05 12:22:30+00:00,622.542547181548,323.1945481128301,-6.285126582227006,360.2114635503617
2020-02-01 12:37:30,107.40213465135912,38.42606802076797,-2.0256886138746655,256.90516953111404,26.483969907407406,2020-02-05 12:37:30+00:00,620.1978421689656,323.0573958782125,-6.285794579996707,356.57842435805713
2020-02-01 12:52:30,107.40679359892512,38.48232469151741,-2.0169435812827903,255.01604950486367,26.494386574074074,2020-02-05 12:52:30+00:00,617.8576222700121,322.9202436286771,-6.286462361808963,355.0083472454091
2020-02-01 13:07:30,107.41100580547769,38.538637777193294,-2.0082098986147336,253.09436030951056,26.504803240740742,2020-02-05 13:07:30+00:00,617.8576222700121,322.7830913642482,-6.287129927640757,356.9096642552402
2020-02-01 13:22:30,107.41477279598264,38.59500671676344,-1.99948766493953,254.01245970925115,26.515219907407406,2020-02-05 13:22:30+00:00,615.5222005831528,322.64593908489155,-6.287797277469074,358.5022656808967
2020-02-01 13:37:30,107.41809609398882,38.65143095283429,-1.990776977494393,253.19114976295543,26.525636574074074,2020-02-05 13:37:30+00:00,613.1918592848376,322.50878679063123,-6.288464411270865,362.57651641624926
2020-02-01 13:52:30,107.42097722176808,38.70790993164461,-1.9820779317028387,253.16433448929843,26.536053240740742,2020-02-05 13:52:30+00:00,613.1918592848376,322.3716344814477,-6.289131329023126,355.53700612131325
2020-02-01 14:07:30,107.42341770001345,38.76444310302015,-1.9733906212000072,244.23555628428335,26.546469907407406,2020-02-05 14:07:30+00:00,610.8668523210437,322.23448215733595,-6.289798030702842,354.0994249675385
2020-02-01 14:22:30,107.42541904786624,38.82102992036594,-1.9647151378504863,248.8753240062937,26.556886574074074,2020-02-05 14:22:30+00:00,610.8668523210437,322.09732981829137,-6.290464516287022,363.6457588043565
2020-02-01 14:37:30,107.42698278283775,38.877669840663295,-1.9560515717663287,244.2719611455451,26.567303240740742,2020-02-05 14:37:30+00:00,608.5474080862173,321.9601774643236,-6.291130785752655,360.13869269294975
2020-02-01 14:52:30,107.42811042066296,38.93436232444717,-1.9474000113273136,245.5119304907712,26.577719907407406,2020-02-05 14:52:30+00:00,606.2337320733517,321.8230250954133,-6.291796839076789,369.21079291696987
2020-02-01 15:07:30,107.42880347532818,38.99110683577843,-1.9387605432019148,243.43210907067336,26.588136574074074,2020-02-05 15:07:30+00:00,606.2337320733517,321.6858727115412,-6.2924626762364095,346.672062865719
2020-02-01 15:22:30,107.42906345890287,39.04790284223804,-1.9301332523656551,247.46328626807392,26.598553240740742,2020-02-05 15:22:30+00:00,603.9260094779187,321.54872031273163,-6.293128297208562,347.7740678909293
