time,longitude,radius,latitude,Vr,Time_days,Times_Earth,Vr_pred_Earth,Lon-L1,Lat-L1,Vr_obs_Earth
2020-09-24 07:52:30,196.8799353393491,36.2462487594498,1.176543208802663,320.44276808711527,16.808344907407406,2020-09-28 07:52:30+00:00,320.36431346646503,88.16915503031876,6.829002298428997,634.3820898077993
2020-09-24 08:07:30,196.88100485400287,36.17213324231187,1.1669550131383204,324.90288178244606,16.818761574074074,2020-09-28 08:07:30+00:00,320.3766509829741,88.03168684476418,6.8285658391719295,625.0131986359032
2020-09-24 08:22:30,196.8826845775216,36.09801978756474,1.157319523077294,330.0497137162898,16.82917824074074,2020-09-28 08:22:30+00:00,320.3766509829741,87.89421869611428,6.8281291587931285,624.7746243739565
2020-09-24 08:37:30,196.8849782584595,36.02390891094172,1.147636464988221,331.27965461870787,16.839594907407406,2020-09-28 08:37:30+00:00,320.37976909561,87.75675058437679,6.827692257302091,625.1344833982563
2020-09-24 08:52:30,196.88788967177413,35.94980113448946,1.1379055640218805,331.23059165300106,16.850011574074074,2020-09-28 08:52:30+00:00,320.3739888448669,87.61928250957412,6.827255134708321,631.6002861912712
2020-09-24 09:07:30,196.89142261906852,35.875696986642716,1.128126544121573,329.5197004263183,16.86042824074074,2020-09-28 09:07:30+00:00,320.3739888448669,87.48181447171397,6.826817791021342,633.8295306993136
2020-09-24 09:22:30,196.89558092876425,35.801597002276544,1.1182991280310126,335.10920450285016,16.870844907407406,2020-09-28 09:22:30+00:00,320.3596986203887,87.34434647077501,6.826380226250678,630.4952698942682
2020-09-24 09:37:30,196.9003684562171,35.727501722815866,1.1084230373099242,330.42879507350125,16.881261574074074,2020-09-28 09:37:30+00:00,320.3373492886769,87.20687850679413,6.82594244040586,626.0434056761268
2020-09-24 09:52:30,196.90578908380175,35.653411696289155,1.098497992343259,340.3378181774158,16.89167824074074,2020-09-28 09:52:30+00:00,320.3373492886769,87.0694105797501,6.825504433496442,616.1327079524075
2020-09-24 10:07:30,196.91184672126928,35.57932747740608,1.088523712353605,371.3100226618377,16.902094907407406,2020-09-28 10:07:30+00:00,320.3074491045804,86.93194268969438,6.8250662055319715,617.0840289371173
2020-09-24 10:22:30,196.9185453056908,35.5052496276455,1.07849991541577,347.7670320871418,16.912511574074074,2020-09-28 10:22:30+00:00,320.2705584605403,86.79447483657655,6.824627756522016,614.9481940800806
2020-09-24 10:37:30,196.92588880169316,35.43117871532971,1.0684263184698377,339.3564037152898,16.92292824074074,2020-09-28 10:37:30+00:00,320.2705584605403,86.6570070204627,6.8241890864761565,610.6559365323973
2020-09-24 10:52:30,196.9338812016283,35.35711531570239,1.0583026373355957,339.64879784219846,16.933344907407406,2020-09-28 10:52:30+00:00,320.2272845204674,86.51953924133161,6.823750195403967,604.7313704659281
2020-09-24 11:07:30,196.94252652574545,35.283060011006555,1.0481285867269434,339.22566228430173,16.943761574074074,2020-09-28 11:07:30+00:00,320.17827577792616,86.38207149917659,6.823311083315048,604.928849670085
2020-09-24 11:22:30,196.9518288222284,35.20901339057063,1.0379038802687164,338.2654491828697,16.95417824074074,2020-09-28 11:22:30+00:00,320.17827577792616,86.24460379404913,6.822871750219004,605.1845668707105
2020-09-24 11:37:30,196.9617921674536,35.13497605090162,1.0276282305143698,320.60713488895914,16.964594907407406,2020-09-28 11:37:30+00:00,320.12421657124844,86.10713612591358,6.822432196125445,610.5890770331506
2020-09-24 11:52:30,196.97242066614555,35.06094859574369,1.0173013489599765,315.55767549089757,16.975011574074074,2020-09-28 11:52:30+00:00,320.12421657124844,85.96966849480681,6.821992421043999,614.8989055833798
2020-09-24 12:07:30,196.98371845141733,34.9869316361779,1.0069229460644695,315.0817901528837,16.98542824074074,2020-09-28 12:07:30+00:00,320.0658215815501,85.83220090070779,6.821552424984299,618.8647746243739
2020-09-24 12:22:30,196.99568968499088,34.91292579071328,0.9964927312688656,339.9077211865968,16.995844907407406,2020-09-28 12:22:30+00:00,320.0038303335794,85.69473334365352,6.821112207955983,608.9989726467188
2020-09-24 12:37:30,197.0083385573599,34.83893168535652,0.9860104130139732,364.7559957780771,17.006261574074074,2020-09-28 12:37:30+00:00,320.0038303335794,85.55726582365193,6.820671769968708,609.8676365370856
2020-09-24 12:52:30,197.02166928786383,34.764949953717,0.9754756987631028,387.98773149046855,17.01667824074074,2020-09-28 12:52:30+00:00,319.93900171405,85.41979834068184,6.820231111032138,615.9246892969765
2020-09-24 13:07:30,197.03568612487967,34.690981237064534,0.9648882950188618,373.1271799322961,17.027094907407406,2020-09-28 13:07:30+00:00,319.8721085177502,85.28233089478036,6.81979023115594,604.8414023372287
2020-09-24 13:22:30,197.05039334597183,34.617026184452826,0.9542479073502927,422.4446762775836,17.037511574074074,2020-09-28 13:22:30+00:00,319.8721085177502,85.14486348595551,6.819349130349797,610.9898263487579
2020-09-24 13:37:30,197.0657952579457,34.543085452807425,0.9435542404154774,368.70212423501624,17.04792824074074,2020-09-28 13:37:30+00:00,319.80393202837064,85.00739611418616,6.818907808623404,613.5318122797255
2020-09-24 13:52:30,197.08189619707977,34.46915970698523,0.9328069979807836,359.99556182608853,17.058344907407406,2020-09-28 13:52:30+00:00,319.73525663874517,84.86992877949487,6.818466265986459,618.6872300394838
2020-09-24 14:07:30,197.09870052918663,34.39524961989204,0.9220058829495446,356.90732246619973,17.068761574074074,2020-09-28 14:07:30+00:00,319.73525663874517,84.73246148190421,6.818024502448677,623.149693934335
2020-09-24 14:22:30,197.1162126497745,34.32135587257484,0.9111505973873486,332.6255444778157,17.07917824074074,2020-09-28 14:22:30+00:00,319.6668645140861,84.59499422140767,6.817582518019778,625.1106341256592
2020-09-24 14:37:30,197.13443698423285,34.247479154289316,0.9002408425451118,336.2183492450742,17.089594907407406,2020-09-28 14:37:30+00:00,319.5995303018808,84.45752699802787,6.817140312709486,619.1463887624154
2020-09-24 14:52:30,197.15337798782645,34.17362016263433,0.889276318892382,333.69922839921475,17.100011574074074,2020-09-28 14:52:30+00:00,319.5995303018808,84.32005981174372,6.816697886527552,620.8548639266502
2020-09-24 15:07:30,197.17304014594956,34.09977960361497,0.8782567261412919,347.4856610646819,17.11042824074074,2020-09-28 15:07:30+00:00,319.5340158933949,84.18259266259243,6.816255239483718,618.8462251901317
2020-09-24 15:22:30,197.1934279741184,34.0259581917705,0.8671817632808189,329.9188732390566,17.120844907407406,2020-09-28 15:22:30+00:00,319.4710652442403,84.04512555056749,6.81581237158775,597.3256709901118
2020-09-24 15:37:30,197.21454601824732,33.95215665023432,0.8560511286018576,335.94032898875804,17.131261574074074,2020-09-28 15:37:30+00:00,319.4710652442403,83.90765847567711,6.815369282849413,598.8735434478339
2020-09-24 15:52:30,197.2363988545804,33.878375710862,0.8448645197336901,330.11876484070734,17.14167824074074,2020-09-28 15:52:30+00:00,319.411399265232,83.77019143794378,6.814925973278485,601.4839547393805
2020-09-24 16:07:30,197.2589910899991,33.80461611430977,0.8336216336734719,301.27327324318554,17.152094907407406,2020-09-28 16:07:30+00:00,319.411399265232,83.63272443734665,6.814482442884762,598.3120014839548
2020-09-24 16:22:30,197.28232736197987,33.73087861015643,0.8223221668237071,379.3397283829184,17.162511574074074,2020-09-28 16:22:30+00:00,319.3557107998476,83.4952574739229,6.814038691678037,601.4940726126035
2020-09-24 16:37:30,197.30641233876267,33.657163956984704,0.8109658150243123,310.8823552974657,17.17292824074074,2020-09-28 16:37:30+00:00,319.3046597111489,83.35779054766616,6.813594719668119,611.309855049421
2020-09-24 16:52:30,197.33125071941387,33.58347292251313,0.7995522735938114,310.88542826806656,17.183344907407406,2020-09-28 16:52:30+00:00,319.3046597111489,83.22032365859906,6.813150526864833,617.4067890929326
2020-09-24 17:07:30,197.3568472340323,33.50980628366083,0.7880812373607143,305.63705597676943,17.193761574074074,2020-09-28 17:07:30+00:00,319.2588681092697,83.08285680671523,6.812706113277996,619.6067519940642
2020-09-24 17:22:30,197.3832066436799,33.436164826678834,0.7765524007068939,311.60066995890605,17.20417824074074,2020-09-28 17:22:30+00:00,319.21891576099324,82.94538999202287,6.812261478917455,624.2862683597241
2020-09-24 17:37:30,197.4103337406146,33.36254934725801,0.76496545760803,312.6330831455777,17.214594907407406,2020-09-28 17:37:30+00:00,319.21891576099324,82.8079232145302,6.811816623793056,609.8437872644885
2020-09-24 17:52:30,197.4382333483656,33.28896065059836,0.7533201016692925,326.54092026846877,17.225011574074074,2020-09-28 17:52:30+00:00,319.1853357363368,82.67045647425991,6.811371547914653,588.1552587646078
2020-09-24 18:07:30,197.46691032171077,33.21539955157374,0.7416160261773331,334.5812663516463,17.23542824074074,2020-09-28 18:07:30+00:00,319.15861036482437,82.53298977120572,6.810926251292115,596.1337679200784
2020-09-24 18:22:30,197.4963695468199,33.14186687480214,0.7298529241383622,338.36265309083166,17.245844907407406,2020-09-28 18:22:30+00:00,319.15861036482437,82.3955231053758,6.810480733935322,594.6948618067149
2020-09-24 18:37:30,197.52661594140392,33.068363454766995,0.7180304883258767,336.9478833022819,17.256261574074074,2020-09-28 18:37:30+00:00,319.13916759859745,82.25805647677838,6.8100349958541555,602.8658875904285
2020-09-24 18:52:30,197.55765445464615,32.99489013592572,0.7061484113273255,347.3627285789612,17.26667824074074,2020-09-28 18:52:30+00:00,319.1273779145598,82.12058988543626,6.809589037058514,603.4634443649469
2020-09-24 19:07:30,197.58949006736935,32.92144777282262,0.6942063855928121,330.1409659593529,17.277094907407406,2020-09-28 19:07:30+00:00,319.1273779145598,81.98312333134318,6.809142857558305,604.7968836950473
2020-09-24 19:22:30,197.6221277920762,32.84803723020354,0.682204103485912,332.08625815210615,17.287511574074074,2020-09-28 19:22:30+00:00,319.123551939741,81.84565681450734,6.808696457363446,611.850438561624
2020-09-24 19:37:30,197.65557267299903,32.7746593831273,0.6701412573345672,304.57117220715463,17.29792824074074,2020-09-28 19:37:30+00:00,319.1279390634182,81.7081903349516,6.808249836483858,610.8328695974773
2020-09-24 19:52:30,197.68982978610367,32.70131511707606,0.6580175394838295,297.9862047808646,17.308344907407406,2020-09-28 19:52:30+00:00,319.1279390634182,81.57072389265518,6.807802994929478,593.9873333863317
2020-09-24 20:07:30,197.7249042391875,32.62800532809706,0.6458326423550166,269.9355576631657,17.318761574074074,2020-09-28 20:07:30+00:00,319.14072742319416,81.43325748767003,6.807355932710253,613.6553346486569
2020-09-24 20:22:30,197.76080117196375,32.554730922884296,0.6335862584964899,254.98975008135608,17.32917824074074,2020-09-28 20:22:30+00:00,319.14072742319416,81.29579111996077,6.806908649836135,608.121472295095
2020-09-24 20:37:30,197.7975257559905,32.481492818909786,0.6212780806439719,261.6695969842687,17.339594907407406,2020-09-28 20:37:30+00:00,319.1620458477535,81.15832478955025,6.806461146317091,605.1752921535893
2020-09-24 20:52:30,197.83508319476965,32.408291944555266,0.6089078017826581,266.85275006480197,17.350011574074074,2020-09-28 20:52:30+00:00,319.1919686510783,81.0208584964759,6.806013422163097,603.2017648461722
2020-09-24 21:07:30,197.8734787237085,32.33512923922108,0.5964751152072715,268.1499256283186,17.36042824074074,2020-09-28 21:07:30+00:00,319.1919686510783,80.88339224070245,6.805565477384137,584.461281623218
2020-09-24 21:22:30,197.91271761024944,32.26200565344846,0.5839797145857859,275.8979333620597,17.370844907407406,2020-09-28 21:22:30+00:00,319.23052467394456,80.74592602225285,6.805117311990203,585.4238545724355
2020-09-24 21:37:30,197.95280515373616,32.188922149046334,0.5714212940255654,259.7780914343778,17.381261574074074,2020-09-28 21:37:30+00:00,319.2777127759024,80.60845984114988,6.804668925991294,589.7209635106129
2020-09-24 21:52:30,197.9937466854892,32.11587969920291,0.5587995481387021,250.46378225541943,17.39167824074074,2020-09-28 21:52:30+00:00,319.2777127759024,80.47099369738744,6.804220319397436,594.8989055833798
2020-09-24 22:07:30,198.03554756881945,32.04287928863594,0.5461141721159809,254.54852861796417,17.402094907407406,2020-09-28 22:07:30+00:00,319.3335272848012,80.33352759097393,6.803771492218643,595.4034501947691
2020-09-24 22:22:30,198.0782131989498,31.969921913687656,0.5333648617925625,256.9765285978283,17.412511574074074,2020-09-28 22:22:30+00:00,319.3979990192299,80.19606152193228,6.803322444464952,591.3154921502168
2020-09-24 22:37:30,198.12174900305956,31.897008582470487,0.520551313724931,253.03998111778523,17.42292824074074,2020-09-28 22:37:30+00:00,319.3979990192299,80.05859549025628,6.802873176146404,601.1182658928902
2020-09-24 22:52:30,198.16616044019904,31.82414031498855,0.5076732252649203,258.21712952126745,17.433344907407406,2020-09-28 22:52:30+00:00,319.4712609107162,79.92112949595443,6.802423687273053,595.5852346503431
2020-09-24 23:07:30,198.21145300129712,31.7513181432712,0.4947302946382823,254.44370887214055,17.443761574074074,2020-09-28 23:07:30+00:00,319.5536527743665,79.78366353904966,6.801973977854956,597.7926173251716
2020-09-24 23:22:30,198.2576322090937,31.678543111488647,0.4817222210218223,253.7605621547731,17.45417824074074,2020-09-28 23:22:30+00:00,319.5536527743665,79.64619761952132,6.801524047902195,624.8552782776488
2020-09-24 23:37:30,198.30470361810123,31.60581627609897,0.4686487046278746,241.49822732732233,17.464594907407406,2020-09-28 23:37:30+00:00,319.64588871418647,79.50873173742146,6.801073897424848,623.8267482841774
2020-09-24 23:52:30,198.3526728144843,31.53313870598401,0.4555094467895345,253.3577048731694,17.475011574074074,2020-09-28 23:52:30+00:00,319.7493251101741,79.371265892715,6.800623526433001,625.0119246362985
2020-09-25 00:07:30,198.40154541607257,31.46051148255018,0.442304150041002,240.89719896325263,17.48542824074074,2020-09-29 00:07:30+00:00,319.7493251101741,79.23380008543933,6.800172934936763,622.5261799969647
2020-09-25 00:22:30,198.45132707220895,31.38793569990388,0.4290325182140883,262.5467574613394,17.495844907407406,2020-09-29 00:22:30+00:00,319.8663905121063,79.09633431558849,6.799722122946242,630.6733444629939
2020-09-25 00:37:30,198.50202346369144,31.31541246495732,0.4156942565238622,249.12290756527273,17.506261574074074,2020-09-29 00:37:30+00:00,319.8663905121063,78.95886858317095,6.7992710904715565,627.245409015025
2020-09-25 00:52:30,198.55364030267003,31.242942897564458,0.4022890716621011,252.45655440545335,17.51667824074074,2020-09-29 00:52:30+00:00,320.0012764997841,78.82140288820976,6.798819837522847,630.5376686011077
2020-09-25 01:07:30,198.60618333250864,31.170528130676683,0.3888166718972199,252.80296741647055,17.527094907407406,2020-09-29 01:07:30+00:00,320.1610493165783,78.68393723068426,6.798368364110243,638.9976560260367
2020-09-25 01:22:30,198.65965832773213,31.098169310459813,0.3752767671687964,250.87305390718907,17.537511574074074,2020-09-29 01:22:30+00:00,320.1610493165783,78.54647161064668,6.7979166702439,647.2666083684447
2020-09-25 01:37:30,198.7140710937116,31.025867596460714,0.361669069193721,232.3384268437727,17.54792824074074,2020-09-29 01:37:30+00:00,320.3574394406418,78.4090060280619,6.797464755933981,643.2053422370618
2020-09-25 01:52:30,198.76942746679745,30.953624161703104,0.3479932915621757,264.87886827622964,17.558344907407406,2020-09-29 01:52:30+00:00,320.60972113335606,78.27154048296747,6.797012621190651,651.1036913374143
2020-09-25 02:07:30,198.825733313896,30.881440192865224,0.3342491498508397,255.6307691280082,17.568761574074074,2020-09-29 02:07:30+00:00,320.60972113335606,78.13407497535744,6.796560266024091,644.2589501020219
2020-09-25 02:22:30,198.88299453246248,30.809316890404432,0.3204363617288854,261.8731175391758,17.57917824074074,2020-09-29 02:22:30+00:00,320.949337322279,77.99660950525497,6.796107690444492,656.1199883403557
2020-09-25 02:37:30,198.94121705024412,30.737255468703747,0.3065546470709794,271.30525795342686,17.589594907407406,2020-09-29 02:37:30+00:00,321.4272993753197,77.85914407263941,6.795654894462047,659.0348994355672
2020-09-25 02:52:30,199.0004068250815,30.665257156216047,0.2926037280720053,257.8444773776812,17.600011574074074,2020-09-29 02:52:30+00:00,321.4272993753197,77.72167867756302,6.795201878086973,652.1981079577072
2020-09-25 03:07:30,199.06056984477544,30.593323195590784,0.2785833293617102,251.57182450871483,17.61042824074074,2020-09-29 03:07:30+00:00,322.12594545363277,77.58421331999077,6.794748641329489,657.5546138150479
2020-09-25 03:22:30,199.12171212679732,30.521454843846307,0.2644931781306112,246.87036446041088,17.620844907407406,2020-09-29 03:22:30+00:00,323.1774047546398,77.4467479999603,6.794295184199821,649.4872406391605
2020-09-25 03:37:30,199.1838397180196,30.449653372496343,0.2503330042498633,226.7950583321162,17.631261574074074,2020-09-29 03:37:30+00:00,323.1774047546398,77.30928271746565,6.793841506708203,646.1509923947319
2020-09-25 03:52:30,199.24695869454425,30.37792006769805,0.2361025403982541,227.3193690955245,17.64167824074074,2020-09-29 03:52:30+00:00,324.7920126758739,77.17181747253005,6.793387608864891,645.3374672072503
2020-09-25 04:07:30,199.3110751614257,30.30625623040229,0.2218015221927483,218.32337654557568,17.652094907407406,2020-09-29 04:07:30+00:00,327.30053948328634,77.03435226513291,6.792933490680138,639.9077828126242
2020-09-25 04:22:30,199.3761952523308,30.23466317649106,0.2074296883193074,216.64101334181623,17.662511574074074,2020-09-29 04:22:30+00:00,327.30053948328634,76.89688709531202,6.792479152164214,637.0475008204558
2020-09-25 04:37:30,199.4423251292392,30.163142236955803,0.1929867806749593,216.66410671901392,17.67292824074074,2020-09-29 04:37:30+00:00,331.2131196833932,76.75942196306151,6.792024593327395,635.2280255452209
2020-09-25 04:52:30,199.50947098224853,30.091694758000944,0.1784725444981971,223.9476277368889,17.683344907407406,2020-09-29 04:52:30+00:00,331.2131196833932,76.62195686840452,6.7915698141799705,644.0431021399303
2020-09-25 05:07:30,199.5776390291206,30.020322101225112,0.1638867285179565,229.1762500559661,17.693761574074074,2020-09-29 05:07:30+00:00,337.29186488830226,76.48449181133513,6.791114814732235,641.4102869862469
2020-09-25 05:22:30,199.64683551498229,29.9490256437553,0.1492290850963088,217.9428492547256,17.70417824074074,2020-09-29 05:22:30+00:00,346.6164017234905,76.34702679186205,6.790659594994496,645.8701009619207
2020-09-25 05:37:30,199.71706671197924,29.87780677840952,0.1344993703809468,216.51732567681975,17.714594907407406,2020-09-29 05:37:30+00:00,346.6164017234905,76.20956181000842,6.790204154977075,651.8911991366082
2020-09-25 05:52:30,199.7883389188084,29.80666691384357,0.1196973444564909,222.2748508496072,17.725011574074074,2020-09-29 05:52:30+00:00,360.5819974238069,76.07209686576853,6.789748494690289,654.6088719294061
2020-09-25 06:07:30,199.86065846045128,29.73560747468613,0.1048227714982163,218.65418138636565,17.73542824074074,2020-09-29 06:07:30+00:00,380.70742338994825,75.93463195913631,6.789292614144482,653.7292794387953
2020-09-25 06:22:30,199.93403168767065,29.66462990171853,0.0898754199376279,215.12931004319512,17.745844907407406,2020-09-29 06:22:30+00:00,380.70742338994825,75.79716709016427,6.788836513349999,650.3034157458197
2020-09-25 06:37:30,200.0084649765371,29.593735652005048,0.074855062621575,216.5167297027791,17.756261574074074,2020-09-29 06:37:30+00:00,408.0932279471071,75.659702258832,6.788380192317193,646.4106844741235
2020-09-25 06:52:30,200.08396472806612,29.522926199061743,0.0597614769831136,227.64204521857536,17.76667824074074,2020-09-29 06:52:30+00:00,442.5142243087491,75.52223746516265,6.787923651056435,650.1046718075098
2020-09-25 07:07:30,200.16053736771408,29.45220303298913,0.0445944452085307,245.3370006358775,17.777094907407406,2020-09-29 07:07:30+00:00,442.5142243087491,75.38477270913589,6.787466889578095,653.6171396772398
2020-09-25 07:22:30,200.23818934476313,29.38156766064848,0.0293537544172115,246.7266232250884,17.787511574074074,2020-09-29 07:22:30+00:00,481.60532887606325,75.2473079907897,6.787009907892554,646.0476455468107
2020-09-25 07:37:30,200.31692713201355,29.311021605794412,0.0140391968356922,241.0159233334045,17.79792824074074,2020-09-29 07:37:30+00:00,521.0685918651342,75.10984331011804,6.78655270601022,660.2531997774067
2020-09-25 07:52:30,200.39675722503037,29.24056640924799,-0.0013494300147954,241.30535972891388,17.808344907407406,2020-09-29 07:52:30+00:00,521.0685918651342,74.97237866714434,6.786095283941486,657.4316983332009
2020-09-25 08:07:30,200.47768614173137,29.17020362901719,-0.0168123231391978,243.90778185332556,17.818761574074074,2020-09-29 08:07:30+00:00,556.3055767312716,74.83491406184824,6.785637641696775,656.4114794498768
2020-09-25 08:22:30,200.55972042176185,29.09993484048918,-0.0323496738692913,224.28435235050912,17.82917824074074,2020-09-29 08:22:30+00:00,556.3055767312716,74.69744949428218,6.785179779286505,658.5512891856798
2020-09-25 08:37:30,200.64286662574912,29.029761636580517,-0.0479616676696477,223.74939642161925,17.839594907407406,2020-09-29 08:37:30+00:00,584.3682895761477,74.5599849644112,6.784721696721112,670.8349895328192
2020-09-25 08:52:30,200.72713133489304,28.95968562785727,-0.0636484839459397,234.02817911728116,17.850011574074074,2020-09-29 08:52:30+00:00,604.6694647674657,74.42252047227329,6.7842633940110435,675.2643294379521
2020-09-25 09:07:30,200.8125211501297,28.889708442720284,-0.0794102958346969,237.51495369148992,17.86042824074074,2020-09-29 09:07:30+00:00,604.6694647674657,74.28505601787714,6.78380487116675,662.1883032567506
2020-09-25 09:22:30,200.8990426915509,28.819831727549747,-0.095247269998187,237.0943081584849,17.870844907407406,2020-09-29 09:22:30+00:00,618.296447991791,74.14759160120249,6.783346128198698,661.6397699870155
2020-09-25 09:37:30,200.9867025976443,28.750057146842163,-0.1111595664161023,237.92032742974504,17.881261574074074,2020-09-29 09:37:30+00:00,626.9330879403975,74.01012722228722,6.7828871651173515,660.0630680764237
2020-09-25 09:52:30,201.0755075245713,28.68038638338911,-0.1271473381634552,231.66158818502623,17.89167824074074,2020-09-29 09:52:30+00:00,626.9330879403975,73.87266288112566,6.782427981933204,659.8961231682434
2020-09-25 10:07:30,201.16546414533863,28.610821138428307,-0.1432107311911312,234.44461869983004,17.902094907407406,2020-09-29 10:07:30+00:00,632.1460127296735,73.73519857774117,6.781968578656749,654.6307337626203
2020-09-25 10:22:30,201.2565791491377,28.541363131773434,-0.1593498841054217,232.41627602226103,17.912511574074074,2020-09-29 10:22:30+00:00,635.1249887095034,73.59773431214248,6.781508955298481,669.2728621777036
2020-09-25 10:37:30,201.3488592403988,28.472014101990467,-0.1755649279333841,230.98973066478072,17.92292824074074,2020-09-29 10:37:30+00:00,635.1249887095034,73.46027008430944,6.781049111868916,669.9870153960304
2020-09-25 10:52:30,201.44231113806927,28.402775806512413,-0.1918559858973294,220.46212721794805,17.933344907407406,2020-09-29 10:52:30+00:00,636.6823211002105,73.32280589427995,6.780589048378579,661.2449320295731
2020-09-25 11:07:30,201.53694157461396,28.33365002183776,-0.2082231731654399,225.91669350595416,17.943761574074074,2020-09-29 11:07:30+00:00,637.3400865495045,73.1853417420483,6.780128764838002,632.294565015767
2020-09-25 11:22:30,201.6327572951393,28.26463854366636,-0.2246665966134217,231.19952576009385,17.95417824074074,2020-09-29 11:22:30+00:00,637.3400865495045,73.04787762760886,6.779668261257722,667.343721016509
2020-09-25 11:37:30,201.72976505423603,28.195743186537097,-0.2411863545693154,229.62406795930573,17.964594907407406,2020-09-29 11:37:30+00:00,637.4221679541679,72.91041355101403,6.779207537648297,647.7419075081847
2020-09-25 11:52:30,201.8279716118859,28.12696578274797,-0.2577825365439039,225.06093969235212,17.975011574074074,2020-09-29 11:52:30+00:00,637.1253218784453,72.77294951225828,6.778746594020282,640.3741685878581
2020-09-25 12:07:30,201.92738375527065,28.05830818939876,-0.2744552230797725,225.8469777146254,17.98542824074074,2020-09-29 12:07:30+00:00,637.1253218784453,72.63548551132132,6.778285430384257,641.0246032950541
2020-09-25 12:22:30,202.02800827048893,27.989772280415274,-0.2912044853644752,225.68856301045608,17.995844907407406,2020-09-29 12:22:30+00:00,636.5676185496609,72.4980215482411,6.777824046750794,636.8243368577258
2020-09-25 12:37:30,202.1298519512412,27.921359949671547,-0.3080303850028131,235.57110586058928,18.006261574074074,2020-09-29 12:37:30+00:00,636.5676185496609,72.36055762301206,6.777362443130485,638.3433668909462
2020-09-25 12:52:30,202.23292159774195,27.85307311110508,-0.3249329737522584,230.01779776965145,18.01667824074074,2020-09-29 12:52:30+00:00,635.8194689997523,72.22309373565759,6.776900619533939,651.7423218591833
2020-09-25 13:07:30,202.3372240156425,27.784913698867204,-0.3419122932447795,231.3041772886768,18.027094907407406,2020-09-29 13:07:30+00:00,634.9228386823094,72.08562988615759,6.776438575971756,684.4926729734743
2020-09-25 13:22:30,202.44276601484353,27.71688366747211,-0.3589683747037749,237.21657876906625,18.037511574074074,2020-09-29 13:22:30+00:00,634.9228386823094,71.94816607456448,6.7759763124545636,675.4257095158598
2020-09-25 13:37:30,202.54955440819697,27.64898499192099,-0.3761012386616729,232.45239702252593,18.04792824074074,2020-09-29 13:37:30+00:00,633.9029178614132,71.81070230084369,6.775513828992991,664.1995919124466
2020-09-25 13:52:30,202.65759601040952,27.581219667850544,-0.3933108946662647,233.77616247541152,18.058344907407406,2020-09-29 13:52:30+00:00,632.7751272459709,71.67323856504773,6.775051125597672,659.3433500278242
2020-09-25 14:07:30,202.7668976366427,27.51358971166568,-0.4105973409859734,236.895047424789,18.068761574074074,2020-09-29 14:07:30+00:00,632.7751272459709,71.53577486714188,6.774588202279266,645.1890717333122
2020-09-25 14:22:30,202.8774661012673,27.44609716067584,-0.4279605643079086,245.7817973516312,18.07917824074074,2020-09-29 14:22:30+00:00,631.5492889856416,71.39831120716423,6.774125059048425,654.4936004451864
2020-09-25 14:37:30,202.98930821644376,27.378744073221178,-0.4454005394345249,245.12619797640664,18.089594907407406,2020-09-29 14:37:30+00:00,630.2320915973808,71.2608475851092,6.773661695915823,658.9554018602432
2020-09-25 14:52:30,203.10243079072984,27.31153252881061,-0.4629172289700786,231.19043533838385,18.100011574074074,2020-09-29 14:52:30+00:00,630.2320915973808,71.1233840009857,6.773198112892137,645.9452623058634
2020-09-25 15:07:30,203.21684062768855,27.24446462824534,-0.4805105830065714,223.64000248940064,18.11042824074074,2020-09-29 15:07:30+00:00,628.8285334127805,70.98592045481726,6.772734309988055,631.7778307761613
2020-09-25 15:22:30,203.33254452437703,27.177542493740685,-0.4981805388041306,231.29764077079372,18.120844907407406,2020-09-29 15:22:30+00:00,627.3427562472884,70.84845694659833,6.772270287214279,637.3147164466029
2020-09-25 15:37:30,203.44954926981003,27.1107682690485,-0.5159270204656624,229.17837483599155,18.131261574074074,2020-09-29 15:37:30+00:00,627.3427562472884,70.7109934763525,6.771806044581513,638.3893791239367
2020-09-25 15:52:30,203.5678616433965,27.04414411960283,-0.5337499385998143,217.77957968240796,18.14167824074074,2020-09-29 15:52:30+00:00,625.7785158977931,70.57353004407405,6.771341582100477,628.9428249361471
2020-09-25 16:07:30,203.68748841337023,26.977672232594067,-0.5516491899972875,218.14452246755113,18.152094907407406,2020-09-29 16:07:30+00:00,624.1394370312842,70.43606664977216,6.7708768997819,627.6015581524763
2020-09-25 16:22:30,203.80843633510972,26.91135481710877,-0.5696246572838803,236.67795078986777,18.162511574074074,2020-09-29 16:22:30+00:00,624.1394370312842,70.29860329347028,6.770411997636518,631.1407902058987
2020-09-25 16:37:30,203.93071214941412,26.845194104240743,-0.5876762085760059,217.3649100589591,18.17292824074074,2020-09-29 16:37:30+00:00,622.4291408396421,70.1611399751629,6.769946875675083,628.0770981939596
2020-09-25 16:52:30,204.0543225808343,26.779192347195316,-0.6058036971319701,221.26205173998005,18.183344907407406,2020-09-29 16:52:30+00:00,622.4291408396421,70.02367669485905,6.76948153390835,622.545512361873
2020-09-25 17:07:30,204.17927433578072,26.71335182139051,-0.6240069609982357,252.97105947996215,18.193761574074074,2020-09-29 17:07:30+00:00,620.6512984951056,69.88621345258227,6.769015972347088,614.1624930439622
2020-09-25 17:22:30,204.3055741008228,26.64767482456552,-0.6422858226490008,238.75263473631347,18.20417824074074,2020-09-29 17:22:30+00:00,618.8096423074487,69.74875024832708,6.768550191002067,615.0091422211623
2020-09-25 17:37:30,204.43322854066855,26.582163676871893,-0.6606400886236299,234.4139315913536,18.214594907407406,2020-09-29 17:37:30+00:00,618.8096423074487,69.61128708211703,6.768084189884083,612.8825820812465
2020-09-25 17:52:30,204.56224429634077,26.516820720970443,-0.6790695491578406,245.6535240821548,18.225011574074074,2020-09-29 17:52:30+00:00,616.9079538015986,69.47382395393211,6.76761796900393,609.9239473196068
2020-09-25 18:07:30,204.6926279831351,26.45164832212084,-0.6975739778104406,240.60761318934885,18.23542824074074,2020-09-29 18:07:30+00:00,614.950040283272,69.33636086382499,6.767151528372412,608.9816360601002
2020-09-25 18:22:30,204.8243861886395,26.38664886826053,-0.7161531310885,217.94554137694135,18.245844907407406,2020-09-29 18:22:30+00:00,614.950040283272,69.19889781177565,6.766684868000348,605.1297617240856
2020-09-25 18:37:30,204.9575254705888,26.32182477009703,-0.7348067480621098,220.4209685453819,18.256261574074074,2020-09-29 18:37:30+00:00,612.9397068128822,69.06143479777855,6.766217987898565,600.9331792303411
2020-09-25 18:52:30,205.09205235485567,26.25717846116705,-0.7535345499835537,208.2593269831723,18.26667824074074,2020-09-29 18:52:30+00:00,610.8807276633904,68.92397182188651,6.765750888077894,596.8592342548936
2020-09-25 19:07:30,205.2279733331075,26.192712397935654,-0.7723362398895235,202.1656916733357,18.277094907407406,2020-09-29 19:07:30+00:00,610.8807276633904,68.78650888407938,6.765283568549187,598.9188329755943
2020-09-25 19:22:30,205.36529486071117,26.128429059831692,-0.7912115022160162,211.49839509362187,18.287511574074074,2020-09-29 19:22:30+00:00,608.7768195833664,68.64904598436638,6.7648160293232955,597.2454090150251
2020-09-25 19:37:30,205.50402335444363,26.064330949326433,-0.8101600023950397,218.8976260374327,18.29792824074074,2020-09-29 19:37:30+00:00,606.6316180981194,68.51158312277104,6.764348270411086,594.3980708588388
2020-09-25 19:52:30,205.64416519001344,26.000420591986625,-0.8291813864542856,166.60543188063113,18.308344907407406,2020-09-29 19:52:30+00:00,606.6316180981194,68.37412029928788,6.763880291823438,593.8280973339404
2020-09-25 20:07:30,205.78572669984095,25.93670053652532,-0.84827528061124,248.66638195442016,18.318761574074074,2020-09-29 20:07:30+00:00,604.4486574053451,68.23665751392618,6.763412093571231,590.4311418501735
2020-09-25 20:22:30,205.9287141705773,25.873173354841754,-0.8674412908655731,241.05155804421116,18.32917824074074,2020-09-29 20:22:30+00:00,602.2313540037974,68.09919476670937,6.762943675665366,589.4571761015835
2020-09-25 20:37:30,206.0731338405348,25.809841642063507,-0.8866790025859997,249.6758162829522,18.339594907407406,2020-09-29 20:37:30+00:00,602.2313540037974,67.96173205764676,6.762475038116733,591.6262553992102
2020-09-25 20:52:30,206.21899189712863,25.746708016589256,-0.9059879800915228,265.7814905516977,18.350011574074074,2020-09-29 20:52:30+00:00,599.9829939400844,67.82426938671826,6.762006180936265,606.9880777727188
2020-09-25 21:07:30,206.36629447439017,25.68377512009787,-0.9253677662378974,306.9883915052219,18.36042824074074,2020-09-29 21:07:30+00:00,599.9829939400844,67.68680675396207,6.761537104134879,604.9897978111667
2020-09-25 21:22:30,206.5150476502163,25.621045617564707,-0.9448178819972726,316.6444723046842,18.370844907407406,2020-09-29 21:22:30+00:00,597.7067234113534,67.54934415938745,6.761067807723502,604.0295078692408
2020-09-25 21:37:30,206.66525744363,25.558522197300142,-0.9643378260261662,314.11655084054814,18.381261574074074,2020-09-29 21:37:30+00:00,595.4055423833352,67.41188160297428,6.760598291713087,587.5145444427582
2020-09-25 21:52:30,206.81692981206797,25.49620757092599,-0.983927074247964,318.14113015856515,18.39167824074074,2020-09-29 21:52:30+00:00,595.4055423833352,67.2744190847609,6.760128556114588,586.7742533852717
2020-09-25 22:07:30,206.97007064850084,25.43410447339512,-1.0035850794172023,324.32854757929886,18.402094907407406,2020-09-29 22:07:30+00:00,593.0823008499056,67.13695660475645,6.759658600938961,595.8542014468559
2020-09-25 22:22:30,207.12468577854168,25.3722156629762,-1.023311270690842,333.0193179108037,18.412511574074074,2020-09-29 22:22:30+00:00,590.7396973561717,66.99949416295549,6.759188426197186,601.3700082147494
2020-09-25 22:37:30,207.2807809575107,25.310543921225538,-1.0431050531995278,361.4900803665023,18.42292824074074,2020-09-29 22:37:30+00:00,590.7396973561717,66.8620317593672,6.758718031900246,597.4958263772954
2020-09-25 22:52:30,207.43836186744397,25.249092052975005,-1.0629658076085111,349.84189335166457,18.433344907407406,2020-09-29 22:52:30+00:00,588.3802794213442,66.72456939401528,6.7582474180591285,605.4482338288682
2020-09-25 23:07:30,207.5974341140118,25.187862886292432,-1.0828928896855672,352.60792278629026,18.443761574074074,2020-09-29 23:07:30+00:00,586.0064455230614,66.58710706689442,6.757776584684845,608.9003558118751
2020-09-25 23:22:30,207.7580032233517,25.12685927244657,-1.102885629861424,384.1699274812434,18.45417824074074,2020-09-29 23:22:30+00:00,586.0064455230614,66.44964477802827,6.757305531788398,622.042690197949
2020-09-25 23:37:30,207.9200746390455,25.06608408583513,-1.1229433328006424,352.5449392398183,18.464594907407406,2020-09-29 23:37:30+00:00,583.6204483363509,66.31218252739693,6.756834259380818,620.8415541053271
2020-09-25 23:52:30,208.0836537186801,25.005540223958192,-1.1430652769531795,350.18285988969944,18.475011574074074,2020-09-29 23:52:30+00:00,581.224398954595,66.17472031505321,6.7563627674731315,624.0400667779633
2020-09-26 00:07:30,208.24874573064312,24.94523060731967,-1.1632507141269235,359.548664115939,18.48542824074074,2020-09-30 00:07:30+00:00,581.224398954595,66.03725814097727,6.755891056076382,623.0662214802448
2020-09-26 00:22:30,208.41535585078623,24.885158179373253,-1.183498869042651,367.031953385344,18.495844907407406,2020-09-30 00:22:30+00:00,578.8202718544242,65.89979600517827,6.755419125201628,603.4641068447412
2020-09-26 00:37:30,208.5834891589919,24.8253259064099,-1.2038089389059212,360.8727724502077,18.506261574074074,2020-09-30 00:37:30+00:00,576.4099103998271,65.76233390767993,6.75494697485992,595.9721228502531
2020-09-26 00:52:30,208.7531506356789,24.765736777474523,-1.2241800929664202,363.6216002026724,18.51667824074074,2020-09-30 00:52:30+00:00,576.4099103998271,65.62487184847691,6.754474605062339,597.9831706042057
2020-09-26 01:07:30,208.9243451583312,24.706393804252937,-1.244611472086451,366.92202057192094,18.527094907407406,2020-09-30 01:07:30+00:00,573.9950327119939,65.4874098275785,6.754002015819965,609.2561676868855
2020-09-26 01:22:30,209.09707749786625,24.647300020950933,-1.265102188308407,361.2452126092507,18.537511574074074,2020-09-30 01:22:30+00:00,573.9950327119939,65.34994784500836,6.753529207143878,611.3708031905027
2020-09-26 01:37:30,209.27135231494705,24.58845848417663,-1.285651324421634,354.76569476258874,18.54792824074074,2020-09-30 01:37:30+00:00,571.57723775996,65.21248590076125,6.753056179045196,613.236346291438
2020-09-26 01:52:30,209.4471741564624,24.52987227276419,-1.3062579335464877,367.3086791864521,18.558344907407406,2020-09-30 01:52:30+00:00,569.1580115527094,65.07502399486094,6.75258293153502,629.5104635672247
2020-09-26 02:07:30,209.6245474515639,24.471544487660573,-1.326921038697635,362.1889195170245,18.568761574074074,2020-09-30 02:07:30+00:00,569.1580115527094,64.93756212730199,6.752109464624469,617.8154066300978
2020-09-26 02:22:30,209.80347650788408,24.41347825175084,-1.347639632365995,360.0864185407051,18.57917824074074,2020-09-30 02:22:30+00:00,566.7387333359873,64.8001002980938,6.75163577832468,619.9355828738134
2020-09-26 02:37:30,209.98396550782417,24.35567670966259,-1.3684126761096806,373.97988896222387,18.589594907407406,2020-09-30 02:37:30+00:00,564.3206817167486,64.6626385072601,6.751161872646785,613.9862734186607
2020-09-26 02:52:30,210.16601850449197,24.298143027594435,-1.389239100135971,379.38717577285104,18.600011574074074,2020-09-30 02:52:30+00:00,564.3206817167486,64.5251767547955,6.750687747601944,612.8123592230437
2020-09-26 03:07:30,210.349639417782,24.24088039310754,-1.4101178028968635,378.76460767946577,18.61042824074074,2020-09-30 03:07:30+00:00,561.9050406550681,64.38771504072392,6.750213403201304,616.5616937319776
2020-09-26 03:22:30,210.53483203030876,24.18389201491531,-1.4310476506863516,339.28531989112855,18.620844907407406,2020-09-30 03:22:30+00:00,559.4929052777253,64.25025336505458,6.74973883945605,632.1673688952486
2020-09-26 03:37:30,210.72159998339112,24.127181122655475,-1.4520274772454536,277.0664285436968,18.631261574074074,2020-09-30 03:37:30+00:00,559.4929052777253,64.1127917277676,6.74926405637735,624.7550631523919
2020-09-26 03:52:30,210.9099467728689,24.070750966641015,-1.4730560833767206,299.725222972139,18.64167824074074,2020-09-30 03:52:30+00:00,557.0852874797522,63.97533012890142,6.748789053976396,620.5949309455152
2020-09-26 04:07:30,211.09987574497444,24.01460481761773,-1.4941322365589775,254.78510696121447,18.652094907407406,2020-09-30 04:07:30+00:00,554.6831212902921,63.83786856845068,6.748313832264389,642.886291968095
2020-09-26 04:22:30,211.2913900920024,23.958745966492245,-1.515254670574229,245.37783465308593,18.662511574074074,2020-09-30 04:22:30+00:00,554.6831212902921,63.70040704643923,6.747838391252536,632.7953997403079
2020-09-26 04:37:30,211.4844928481664,23.90317772404589,-1.5364220851448125,228.17098264549443,18.67292824074074,2020-09-30 04:37:30+00:00,552.2872679873719,63.56294556286184,6.747362730952056,636.0322760155815
2020-09-26 04:52:30,211.67918688524333,23.84790342063384,-1.5576331455784929,225.14956834672577,18.683344907407406,2020-09-30 04:52:30+00:00,549.8985209529146,63.42548411774226,6.746886851374181,630.5085194901555
2020-09-26 05:07:30,211.87547490816675,23.792926405882593,-1.5788864824184363,213.14205846954223,18.693761574074074,2020-09-30 05:07:30+00:00,549.8985209529146,63.2880227110753,6.746410752530148,620.4229271007234
2020-09-26 05:22:30,212.07335945059063,23.73825004836661,-1.6001806911064425,202.0799906458884,18.70417824074074,2020-09-30 05:22:30+00:00,547.5176102647,63.15056134288481,6.7459344344312,617.8498555794048
2020-09-26 05:37:30,212.27284287059751,23.68387773524961,-1.621514331663418,207.1747486120278,18.714594907407406,2020-09-30 05:37:30+00:00,547.5176102647,63.01310001316543,6.745457897088601,622.3653178578053
2020-09-26 05:52:30,212.4739273460379,23.629812871939727,-1.6428859283716657,204.51595720493947,18.725011574074074,2020-09-30 05:52:30+00:00,545.145207026241,62.875638721926585,6.744981140513612,609.3640916679313
2020-09-26 06:07:30,212.67661487013635,23.57605888171198,-1.664293969475262,176.6199479753077,18.73542824074074,2020-09-30 06:07:30+00:00,542.7819274388473,62.73817746919199,6.744504164717521,614.1161194583566
2020-09-26 06:22:30,212.88090724685313,23.522619205322663,-1.6857369068907675,186.5599605048622,18.745844907407406,2020-09-30 06:22:30+00:00,542.7819274388473,62.60071625495659,6.744026969711604,623.8714355575792
2020-09-26 06:37:30,213.0868060863339,23.46949730060028,-1.707213155934335,196.1990915091043,18.756261574074074,2020-09-30 06:37:30+00:00,540.4283366226566,62.46325507924409,6.743549555507166,631.6731589686514
2020-09-26 06:52:30,213.2943128003093,23.416696642019264,-1.728721095063003,186.76653046906972,18.76667824074074,2020-09-30 06:52:30+00:00,538.0849521952679,62.3257939420493,6.743071922115516,620.2661000657662
2020-09-26 07:07:30,213.5034285973753,23.364220720272375,-1.750259065627083,190.0066001475327,18.777094907407406,2020-09-30 07:07:30+00:00,538.0849521952679,62.18833284338159,6.742594069547963,607.4194169770129
2020-09-26 07:22:30,213.71415447843833,23.31207304180397,-1.771825371644956,191.19414328680097,18.787511574074074,2020-09-30 07:22:30+00:00,535.7522476179195,62.05087178327933,6.742115997815837,617.5375626043405
2020-09-26 07:37:30,213.92649123186885,23.260257128347217,-1.7934182795876028,186.4192258415188,18.79792824074074,2020-09-30 07:37:30+00:00,533.4306553200304,61.91341076170821,6.741637706930473,620.915812067732
2020-09-26 07:52:30,214.14043942889012,23.20877651642553,-1.8150360181882903,197.6718655606296,18.808344907407406,2020-09-30 07:52:30+00:00,533.4306553200304,61.77594977869206,6.741159196903222,625.3756260434058
2020-09-26 08:07:30,214.35599941887205,23.15763475684442,-1.8366767782663465,191.91518938828008,18.818761574074074,2020-09-30 08:07:30+00:00,531.1205696134389,61.6384888342694,6.740680467745439,618.6570209608607
2020-09-26 08:22:30,214.57317132449452,23.10683541417267,-1.8583387125677355,263.1401172496797,18.82917824074074,2020-09-30 08:22:30+00:00,528.8223494079164,61.50102792842044,6.740201519468487,635.666852161009
2020-09-26 08:37:30,214.79195503707024,23.056382066190345,-1.8800199356323448,289.8800205270782,18.839594907407406,2020-09-30 08:37:30+00:00,528.8223494079164,61.363567061154555,6.739722352083743,613.8193285104804
2020-09-26 08:52:30,215.01235021164928,23.006278303344807,-1.901718523670231,291.65275459098496,18.850011574074074,2020-09-30 08:52:30+00:00,526.5363207395468,61.22610623249554,6.739242965602591,613.7133317433818
2020-09-26 09:07:30,215.23435626240575,22.956527728148835,-1.9234325144762927,359.333015343032,18.86042824074074,2020-09-30 09:07:30+00:00,524.2627791234164,61.08864544242372,6.738763360036431,630.0779076238174
2020-09-26 09:22:30,215.45797235785827,22.90713395458306,-1.9451599073585608,458.5355437356835,18.870844907407406,2020-09-30 09:22:30+00:00,524.2627791234164,60.95118469099209,6.738283535396664,634.2296684951108
2020-09-26 09:37:30,215.68319741601937,22.85810060749543,-1.96689866308168,446.8420129528462,18.881261574074074,2020-09-30 09:37:30+00:00,522.0019917417764,60.81372397818097,6.737803491694708,630.0405437634153
2020-09-26 09:52:30,215.91003009956324,22.809431321971513,-1.988646703839764,435.27584734247,18.89167824074074,2020-09-30 09:52:30+00:00,522.0019917417764,60.67626330399954,6.737323228941985,625.2683043167184
2020-09-26 10:07:30,216.13846881136212,22.761129742637287,-2.0104019132754125,408.3537413198392,18.902094907407406,2020-09-30 10:07:30+00:00,519.7541994784665,60.53880266847188,6.7368427471499315,621.661101836394
2020-09-26 10:22:30,216.36851168943969,22.713199523039833,-2.032162136481308,399.3710447645301,18.912511574074074,2020-09-30 10:22:30+00:00,517.5196188099499,60.40134207159281,6.736362046329994,620.0890372843629
2020-09-26 10:37:30,216.6001566024384,22.66564432491684,-2.053925180069767,391.2668974880313,18.92292824074074,2020-09-30 10:37:30+00:00,517.5196188099499,60.26388151338613,6.73588112649362,620.9181969949916
2020-09-26 10:52:30,216.83340114486015,22.618467817505028,-2.0756888122431754,388.0537329657957,18.933344907407406,2020-09-30 10:52:30+00:00,515.2984435628211,60.12642099384676,6.73539998765228,624.7767443092986
2020-09-26 11:07:30,217.0682426324542,22.57167367680518,-2.097450762903686,376.9044386558661,18.943761574074074,2020-09-30 11:07:30+00:00,513.0908465471423,59.9889605129986,6.73491862981745,635.7845085724884
2020-09-26 11:22:30,217.30467809757735,22.525265584816676,-2.119208723797633,375.4125092207943,18.95417824074074,2020-09-30 11:22:30+00:00,513.0908465471423,59.851500070836465,6.7344370530006055,641.587831571137
2020-09-26 11:37:30,217.5427042845606,22.47924722879853,-2.1409603486678233,376.6472005872304,18.964594907407406,2020-09-30 11:37:30+00:00,510.89698107443064,59.71403966736974,6.733955257213245,658.6586109123672
2020-09-26 11:52:30,217.78231764514052,22.43362230046442,-2.1627032534585244,343.7512132624141,18.975011574074074,2020-09-30 11:52:30+00:00,508.71698236860243,59.57657930262239,6.733473242466874,647.6905954368391
2020-09-26 12:07:30,218.0235143340301,22.38839449517558,-2.1844350165435484,365.4261642296175,18.98542824074074,2020-09-30 12:07:30+00:00,508.71698236860243,59.43911897658921,6.732991008773003,632.8987465882291
2020-09-26 12:22:30,218.2662902044109,22.343567511118984,-2.2061531789849664,360.379702605117,18.995844907407406,2020-09-30 12:22:30+00:00,506.5509688776543,59.301658689294214,6.732508556143151,621.5637173066222
2020-09-26 12:37:30,218.5106408036104,22.29914504845858,-2.2278552448274804,357.4946571133471,19.006261574074074,2020-09-30 12:37:30+00:00,504.3990434933553,59.164198440746695,6.732025884588859,634.7245409015025
2020-09-26 12:52:30,218.75656136862085,22.25513080848485,-2.2495386814192284,347.2259968163994,19.01667824074074,2020-09-30 12:52:30+00:00,504.3990434933553,59.02673823092711,6.731542994121664,653.3110740122427
2020-09-26 13:07:30,219.00404682203228,22.21152849271198,-2.271200919781373,337.21182515606426,19.027094907407406,2020-09-30 13:07:30+00:00,502.2612946857363,58.889278059873774,6.731059884753123,642.5809397428762
2020-09-26 13:22:30,219.25309176761888,22.168341801997936,-2.292839354994045,336.33575338742867,19.037511574074074,2020-09-30 13:22:30+00:00,500.1377975586926,58.75181792759617,6.730576556494792,644.9545538861065
2020-09-26 13:37:30,219.50369048649029,22.125574435597485,-2.3144513466409817,332.67118348999304,19.04792824074074,2020-09-30 13:37:30+00:00,500.1377975586926,58.614357834089226,6.730093009358249,652.7141194920828
2020-09-26 13:52:30,219.75583693291105,22.08323009025251,-2.3360342192627006,326.7344799471988,19.058344907407406,2020-09-30 13:52:30+00:00,498.0286148325695,58.47689777936226,6.729609243355075,647.3567056204785
2020-09-26 14:07:30,220.0095247301559,22.041312459235375,-2.3575852628605105,329.2580144587528,19.068761574074074,2020-09-30 14:07:30+00:00,498.0286148325695,58.339437763453816,6.729125258496857,651.574172442286
2020-09-26 14:22:30,220.264747167111,21.999825231352116,-2.3791017334500433,316.3154276735736,19.07917824074074,2020-09-30 14:22:30+00:00,495.93379775917856,58.201977786329614,6.7286410547952045,647.9465776293823
2020-09-26 14:37:30,220.5214971942743,21.958772089962057,-2.4005808536350357,345.3724334714564,19.089594907407406,2020-09-30 14:37:30+00:00,493.8533869742966,58.06451784802824,6.7281566322617214,643.3314783899091
2020-09-26 14:52:30,220.7797674200972,21.918156711977964,-2.4220198132193804,330.3645610901891,19.100011574074074,2020-09-30 14:52:30+00:00,493.8533869742966,57.92705794854459,6.727671990908034,650.1603201102366
2020-09-26 15:07:30,221.03955010757736,21.877982766829273,-2.443415769870698,215.5265260518503,19.11042824074074,2020-09-30 15:07:30+00:00,491.7874132923208,57.78959808790253,6.727187130745767,645.6037840845854
2020-09-26 15:22:30,221.3008371707452,21.838253915428716,-2.4647658498105316,212.60628178747524,19.120844907407406,2020-09-30 15:22:30+00:00,489.735898447412,57.65213826609697,6.72670205178657,654.7287807721865
2020-09-26 15:37:30,221.56362017157187,21.798973809101877,-2.4860671485561197,209.2319884632624,19.131261574074074,2020-09-30 15:37:30+00:00,489.735898447412,57.51467848315199,6.726216754042086,660.1743646818773
2020-09-26 15:52:30,221.82789031666255,21.76014608851953,-2.507316731691467,217.544745117832,19.14167824074074,2020-09-30 15:52:30+00:00,487.69885578512685,57.37721873906235,6.725731237523982,658.3856692370882
2020-09-26 16:07:30,222.09363845430948,21.721774382605663,-2.528511635684415,209.46584125293128,19.152094907407406,2020-09-30 16:07:30+00:00,485.6762909082407,57.23975903385207,6.725245502243922,655.6254726538533
2020-09-26 16:22:30,222.36085507165916,21.68386230743915,-2.5496488687388386,202.741002445937,19.162511574074074,2020-09-30 16:22:30+00:00,485.6762909082407,57.10229936751602,6.724759548213591,650.3338898163606
2020-09-26 16:37:30,222.6295302919638,21.64641346512098,-2.570725411698311,195.7932481502894,19.17292824074074,2020-09-30 16:37:30+00:00,483.6682022801805,56.9648397400782,6.724273375444676,645.6263083975938
2020-09-26 16:52:30,222.89965387217208,21.60943144263487,-2.591738218985977,203.17195325542568,19.183344907407406,2020-09-30 16:52:30+00:00,481.67458178922993,56.82738015153355,6.723786983948878,636.4978668150621
2020-09-26 17:07:30,223.17121520031884,21.572919810728937,-2.6126842195680005,213.2425638060841,19.193761574074074,2020-09-30 17:07:30+00:00,481.67458178922993,56.689920601905975,6.723300373737908,649.261997509076
2020-09-26 17:22:30,223.4442032934579,21.536882122723455,-2.63356031798893,248.37908141476103,19.20417824074074,2020-09-30 17:22:30+00:00,479.6954152764241,56.552461091175886,6.72281354482348,641.7733259135597
2020-09-26 17:37:30,223.71860679567152,21.50132191334247,-2.654363395430451,190.08334253587367,19.214594907407406,2020-09-30 17:37:30+00:00,477.73068302983336,56.415001619396335,6.72232649721733,632.7689005485332
2020-09-26 17:52:30,223.9944139761214,21.466242697542224,-2.6750903108035367,217.66510074931085,19.225011574074074,2020-09-30 17:52:30+00:00,477.73068302983336,56.27754218653309,6.721839230931196,631.328308122966
2020-09-26 18:07:30,224.2716127273899,21.431647969298176,-2.695737901900506,222.5771876603678,19.23542824074074,2020-09-30 18:07:30+00:00,475.78036024772973,56.14008279263937,6.721351745976823,633.9878633701672
2020-09-26 18:22:30,224.550190563929,21.397541200414757,-2.7163029865663546,244.21710602942892,19.245844907407406,2020-09-30 18:22:30+00:00,475.78036024772973,56.002623437695426,6.720864042365968,623.5670562047858
2020-09-26 18:37:30,224.83013462101204,21.36392583928866,-2.7367823639322597,288.2547436388793,19.256261574074074,2020-09-30 18:37:30+00:00,473.8444174729382,55.86516412171072,6.720376120110408,622.9668495110899
2020-09-26 18:52:30,225.11143165351265,21.33080530968555,-2.7571728156768596,277.7807974531196,19.26667824074074,2020-09-30 18:52:30+00:00,471.9228210005044,55.727704844709294,6.7198879792219115,630.9832627027953
2020-09-26 19:07:30,225.39406803500313,21.298183009516457,-2.777471107318981,268.12001844838676,19.277094907407406,2020-09-30 19:07:30+00:00,471.9228210005044,55.59024560670059,6.719399619712272,633.2462936803504
2020-09-26 19:22:30,225.6780297572176,21.266062309586832,-2.7976739895640734,268.44741235392326,19.287511574074074,2020-09-30 19:22:30+00:00,470.0155332606498,55.452786407679525,6.71891104159329,633.092190688184
2020-09-26 19:37:30,225.96330242959468,21.23444655234262,-2.817778199682897,265.2280389494813,19.29792824074074,2020-09-30 19:37:30+00:00,468.1225131788333,55.31532724765558,6.718422244876764,629.0669634576146
2020-09-26 19:52:30,226.24987127899175,21.203339050623537,-2.837780462923604,287.8790231781652,19.308344907407406,2020-09-30 19:52:30+00:00,468.1225131788333,55.17786812663814,6.717933229574521,626.6873360362509
2020-09-26 20:07:30,226.537721149864,21.172743086394828,-2.857677493968018,303.4045068629298,19.318761574074074,2020-09-30 20:07:30+00:00,466.2437165146097,55.04040904465124,6.717443995698383,622.9827490261547
2020-09-26 20:22:30,226.8268365045826,21.142661909478225,-2.87746599842187,323.9624179834608,19.32917824074074,2020-09-30 20:22:30+00:00,464.37909618084547,54.90295000170444,6.716954543260189,621.9031719532554
2020-09-26 20:37:30,227.11720142371144,21.113098736295377,-2.8971426743308757,277.9496307074696,19.339594907407406,2020-09-30 20:37:30+00:00,464.37909618084547,54.765490997792504,6.7164648722717875,620.8792431830828
2020-09-26 20:52:30,227.40879960696185,21.084056748586775,-2.916704213744487,296.43980277206197,19.350011574074074,2020-09-30 20:52:30+00:00,462.5286025447384,54.62803203293963,6.715974982745032,614.6911519198665
2020-09-26 21:07:30,227.7016143741902,21.05553909213839,-2.936147304307033,293.4735583949904,19.36042824074074,2020-09-30 21:07:30+00:00,460.69218371198275,54.49057310712605,6.715484874691794,612.3404327077114
2020-09-26 21:22:30,227.99562866665028,21.027548875512803,-2.9554686308770086,287.78196218503706,19.370844907407406,2020-09-30 21:22:30+00:00,460.69218371198275,54.353114220404976,6.714994548123942,610.24458754008
2020-09-26 21:37:30,228.29082504844328,21.00008916877522,-2.9746648771808046,263.1818270398784,19.381261574074074,2020-09-30 21:37:30+00:00,458.86978579532405,54.21565537275663,6.714504003053367,608.8221109256168
2020-09-26 21:52:30,228.5871857083716,20.973163002221728,-2.9937327274958165,258.00753193306673,19.39167824074074,2020-09-30 21:52:30+00:00,457.06135316865664,54.07819656420519,6.7140132394919645,608.2953069931367
2020-09-26 22:07:30,228.88469246199492,20.94677336510801,-3.012668868362479,253.01702578227005,19.402094907407406,2020-09-30 22:07:30+00:00,457.06135316865664,53.94073779474556,6.7135222574516416,609.4655113019053
2020-09-26 22:22:30,229.18332675408067,20.920923204379186,-3.031469990324478,248.62449088298916,19.412511574074074,2020-09-30 22:22:30+00:00,455.2668287077366,53.80327906440177,6.713031056944311,606.381005379336
2020-09-26 22:37:30,229.48306966094168,20.895615423419983,-3.050132789684257,238.6263928252514,19.42292824074074,2020-09-30 22:37:30+00:00,455.2668287077366,53.66582037315412,6.7125396379819025,603.8516575244456
2020-09-26 22:52:30,229.78390189335968,20.87085288079749,-3.0686539702895956,245.3076788161852,19.433344907407406,2020-09-30 22:52:30+00:00,453.4861540185028,53.52836172105579,6.712048000576347,600.8026846090286
2020-09-26 23:07:30,230.0858037999029,20.846638389005225,-3.087030245347022,253.93485266141244,19.443761574074074,2020-09-30 23:07:30+00:00,451.7192696539329,53.39090310807258,6.7115561447395935,598.592892916766
2020-09-26 23:22:30,230.3887553702552,20.82297471322364,-3.105258339249737,258.7113412107078,19.45417824074074,2020-09-30 23:22:30+00:00,451.7192696539329,53.2534445342577,6.711064070483591,603.3852717492117
2020-09-26 23:37:30,230.69273623879724,20.79986457009656,-3.1233349894165565,266.5100749310867,19.464594907407406,2020-09-30 23:37:30+00:00,449.9661153202915,53.11598599959148,6.7105717778203084,597.6548215279433
2020-09-26 23:52:30,230.9977256887126,20.77731062650352,-3.1412569481617196,268.80988417791,19.475011574074074,2020-09-30 23:52:30+00:00,448.2266300735698,52.978527504083395,6.7100792667617215,596.118530884808
2020-09-27 00:07:30,231.30370265618757,20.75531549835362,-3.1590209845672574,261.10053721182516,19.48542824074074,2020-10-01 00:07:30+00:00,448.2266300735698,52.841069047757465,6.709586537319811,599.2512773814943
2020-09-27 00:22:30,231.61064573495852,20.733881749384416,-3.1766238863771044,310.91118141130164,19.495844907407406,2020-10-01 00:22:30+00:00,446.50075250685944,52.70361063062325,6.7090935895065735,596.5498052309405
2020-09-27 00:37:30,231.9185331811466,20.713011889979384,-3.194062461895821,320.94576231704,19.506261574074074,2020-10-01 00:37:30+00:00,444.78842092934946,52.56615225267563,6.708600423334011,595.1714395787852
2020-09-27 00:52:30,232.22734291830096,20.692708376000265,-3.2113335418964915,347.4428847040788,19.51667824074074,2020-10-01 00:52:30+00:00,444.78842092934946,52.42869391392406,6.7081070388141395,587.2114900495535
2020-09-27 01:07:30,232.53705254278708,20.672973607635456,-3.228433981534303,313.6195985557324,19.527094907407406,2020-10-01 01:07:30+00:00,443.08957353759087,52.29123561439268,6.707613435958983,585.6798367649786
2020-09-27 01:22:30,232.8476393295269,20.65380992825716,-3.2453606622722733,305.11552977400726,19.537511574074074,2020-10-01 01:22:30+00:00,441.40414857962116,52.15377735407628,6.70711961478057,585.9302541272491
2020-09-27 01:37:30,233.15908023775052,20.635219623312345,-3.262110493793196,308.2981439654326,19.54792824074074,2020-10-01 01:37:30+00:00,441.40414857962116,52.016319132999065,6.706625575290951,582.7583008718234
2020-09-27 01:52:30,233.47135191734907,20.617204919217617,-3.278680415926919,340.52084212987927,19.558344907407406,2020-10-01 01:52:30+00:00,439.73208451250684,51.878860951155815,6.706131317502175,579.6088719294062
2020-09-27 02:07:30,233.78443071520095,20.599767982290093,-3.2950674005607534,315.44434522654035,19.568761574074074,2020-10-01 02:07:30+00:00,438.07332015381314,51.741402808570726,6.7056368414263,579.827490261547
2020-09-27 02:22:30,234.0982926820677,20.582910917679605,-3.311268453560134,299.0570221202004,19.57917824074074,2020-10-01 02:22:30+00:00,438.07332015381314,51.60394470523864,6.705142147075407,576.2715637173065
2020-09-27 02:37:30,234.41291357946943,20.566635768344575,-3.3272806166671587,277.27996272857865,19.589594907407406,2020-10-01 02:37:30+00:00,436.42779482748034,51.46648664118366,6.704647234461573,571.2589163757779
2020-09-27 02:52:30,234.72826888694956,20.550944514039735,-3.3431009693961373,286.82961185308847,19.600011574074074,2020-10-01 02:52:30+00:00,436.42779482748034,51.329028616400635,6.704152103596892,564.7984736465538
2020-09-27 03:07:30,235.04433380981808,20.53583907032842,-3.358726630921437,269.1399245656341,19.61042824074074,2020-10-01 03:07:30+00:00,434.79544850454414,51.191570630913674,6.703656754493466,562.669926067255
2020-09-27 03:22:30,235.36108328652844,20.52132128762989,-3.3741547619357606,275.85275069343845,19.620844907407406,2020-10-01 03:22:30+00:00,433.1762219391076,51.054112684717744,6.703161187163404,560.4757929883139
2020-09-27 03:37:30,235.67849199693777,20.507392950286828,-3.3893825665047244,307.72605505299526,19.631261574074074,2020-10-01 03:37:30+00:00,433.1762219391076,50.91665477783678,6.70266540161883,558.6029626096405
2020-09-27 03:52:30,235.996534370622,20.494055775658403,-3.4044072938990517,300.2358015629161,19.64167824074074,2020-10-01 03:52:30+00:00,431.5700567999367,50.77919691026585,6.702169397871879,556.4989267827331
2020-09-27 04:07:30,236.31518459517332,20.481311413251035,-3.4192262403982014,308.94125868695886,19.652094907407406,2020-10-01 04:07:30+00:00,429.97689579802284,50.64173908202896,6.701673175934686,556.594323873122
2020-09-27 04:22:30,236.6344166250585,20.469161443870625,-3.433836751077963,313.4445866327147,19.662511574074074,2020-10-01 04:22:30+00:00,429.97689579802284,50.50428129313559,6.701176735819408,555.9737609821083
2020-09-27 04:37:30,236.95420419045192,20.457607378814355,-3.4482362215608373,307.8580580036495,19.67292824074074,2020-10-01 04:37:30+00:00,428.39668281042225,50.36682354358067,6.7006800775382,555.6827516760738
2020-09-27 04:52:30,237.27452080663647,20.446650659082874,-3.462422099751919,311.2424728633325,19.683344907407406,2020-10-01 04:52:30+00:00,426.82936300065677,50.22936583335916,6.700183201103235,554.8135781858653
2020-09-27 05:07:30,237.59533978305328,20.43629265464204,-3.476391887523112,308.51419031719536,19.693761574074074,2020-10-01 05:07:30+00:00,426.82936300065677,50.0919081625242,6.699686106526695,552.2829053713862
2020-09-27 05:22:30,237.91663423303007,20.426534663701492,-3.490143142380177,311.2580630493104,19.70417824074074,2020-10-01 05:22:30+00:00,425.27488293592745,49.95445053107072,6.699188793820769,545.5928230552605
2020-09-27 05:37:30,238.2383770836479,20.417377912038106,-3.5036734790851525,313.20029506541914,19.714594907407406,2020-10-01 05:37:30+00:00,423.73319070136796,49.8169929389792,6.698691262997653,546.5120438826616
2020-09-27 05:52:30,238.56054108528363,20.40882355235566,-3.51698057123547,342.25914786641806,19.725011574074074,2020-10-01 05:52:30+00:00,423.73319070136796,49.67953538628812,6.698193514069563,546.7127752603545
2020-09-27 06:07:30,238.8830988222933,20.40087266366889,-3.530062152819112,319.95185774740844,19.73542824074074,2020-10-01 06:07:30+00:00,422.2042360115354,49.54207787300706,6.697695547048717,540.2244481543313
2020-09-27 06:22:30,239.2060227228506,20.39352625074061,-3.54291601970402,281.9017428528741,19.745844907407406,2020-10-01 06:22:30+00:00,420.68797031930677,49.40462039913091,6.697197361947345,538.5414437167359
2020-09-27 06:37:30,239.5292850695467,20.38678524354543,-3.5555400310983662,268.8744807236868,19.756261574074074,2020-10-01 06:37:30+00:00,420.68797031930677,49.26716296468372,6.696698958777679,532.0772716432149
2020-09-27 06:52:30,239.8528580099512,20.380650496774624,-3.5679321109565025,269.10999525798513,19.76667824074074,2020-10-01 06:52:30+00:00,419.1843469223259,49.129705569675025,6.6962003375519785,568.9429472401092
2020-09-27 07:07:30,240.176713567458,20.375122789381336,-3.5800902493375117,266.42077881740886,19.777094907407406,2020-10-01 07:07:30+00:00,419.1843469223259,48.992248214099675,6.695701498282496,533.7481661354784
2020-09-27 07:22:30,240.50082365189283,20.370202824162643,-3.5920125037092707,256.762567963467,19.787511574074074,2020-10-01 07:22:30+00:00,417.693321067113,48.85479089796726,6.695202440981499,532.7152396851897
2020-09-27 07:37:30,240.8251600705165,20.365891227385394,-3.6036970002003583,281.5894708234655,19.79792824074074,2020-10-01 07:37:30+00:00,416.21485005092495,48.71733362130183,6.694703165661271,535.4201446855872
2020-09-27 07:52:30,241.14969453943837,20.362188548446515,-3.6151419348050737,283.3789129742827,19.808344907407406,2020-10-01 07:52:30+00:00,416.21485005092495,48.579876384098206,6.694203672334104,536.8948247078465
2020-09-27 08:07:30,241.4743986941824,20.359095259579927,-3.6263455745134543,284.32659082967734,19.818761574074074,2020-10-01 08:07:30+00:00,414.7488933214236,48.442419186380576,6.693703961012281,535.6705620478575
2020-09-27 08:22:30,241.79924410149093,20.356611755601293,-3.63730625840281,285.3627641399739,19.82917824074074,2020-10-01 08:22:30+00:00,413.29541257418197,48.304962028143805,6.693204031708124,534.6344436494687
2020-09-27 08:37:30,242.124202270184,20.354738353694714,-3.648022398652941,289.0126955779011,19.839594907407406,2020-10-01 08:37:30+00:00,413.29541257418197,48.16750490941197,6.69270388443394,541.9270212258526
2020-09-27 08:52:30,242.44924466295836,20.35347529324208,-3.658492481515855,305.02198865813966,19.850011574074074,2020-10-01 08:52:30+00:00,411.8543718480275,48.03004783018002,6.692203519202064,545.6965312557967
2020-09-27 09:07:30,242.7743427074135,20.352822735692666,-3.668715068205197,333.17932989090343,19.86042824074074,2020-10-01 09:07:30+00:00,410.42573761819204,47.89259079047188,6.691702936024834,564.4168852849988
2020-09-27 09:22:30,243.09946780773805,20.352780764477338,-3.678688795736533,310.8215378419285,19.870844907407406,2020-10-01 09:22:30+00:00,410.42573761819204,47.75513379029717,6.691202134914595,563.8610647375255
2020-09-27 09:37:30,243.42459135611708,20.35334938496222,-3.688412377694891,376.705468017472,19.881261574074074,2020-10-01 09:37:30+00:00,409.0094788872076,47.61767682963625,6.690701115883698,556.9494130429022
2020-09-27 09:52:30,243.7496847442332,20.354528524446327,-3.697884604940276,275.20965552184896,19.89167824074074,2020-10-01 09:52:30+00:00,407.6055672734532,47.48021990854223,6.690199878944514,569.6067519940642
2020-09-27 10:07:30,244.07471937480236,20.356318032200218,-3.7071043462419433,274.9699110921303,19.902094907407406,2020-10-01 10:07:30+00:00,407.6055672734532,47.34276302699551,6.689698424109418,565.2489599067228
2020-09-27 10:22:30,244.39966667291816,20.358717679549155,-3.7160705488495855,290.52701324516215,19.912511574074074,2020-10-01 10:22:30+00:00,406.21397709722777,47.20530618500557,6.689196751390798,566.2214802448525
2020-09-27 10:37:30,244.7244980976971,20.36172715999423,-3.724782238993992,288.52350817253557,19.92292824074074,2020-10-01 10:37:30+00:00,404.83468546418715,47.06784938259648,6.688694860801055,567.3185467843231
2020-09-27 10:52:30,245.04918515357875,20.365346089380814,-3.7332385223199904,295.20406903854024,19.933344907407406,2020-10-01 10:52:30+00:00,404.83468546418715,46.93039261977767,6.688192752352586,551.5117788907438
2020-09-27 11:07:30,245.3736994017783,20.369574006102773,-3.7414385842482063,289.86294987770316,19.943761574074074,2020-10-01 11:07:30+00:00,403.46767234595035,46.79293589654417,6.68769042605781,538.4808013355592
2020-09-27 11:22:30,245.6980124715229,20.374410371348453,-3.7493816902695425,309.5743229636944,19.95417824074074,2020-10-01 11:22:30+00:00,403.46767234595035,46.6554792129053,6.687187881929153,545.7853035482418
2020-09-27 11:37:30,246.02209607140875,20.37985456928674,-3.757067186169683,317.48244480099777,19.964594907407406,2020-10-01 11:37:30+00:00,402.11292065764377,46.518022568885264,6.68668511997905,551.9198664440734
2020-09-27 11:52:30,246.34592200045316,20.385905907571225,-3.76449449818187,325.22172370617693,19.975011574074074,2020-10-01 11:52:30+00:00,400.7704163321112,46.38056596449345,6.686182140219944,555.0441211543048
2020-09-27 12:07:30,246.66946215934368,20.39256361769353,-3.7716631330728823,332.491652754591,19.98542824074074,2020-10-01 12:07:30+00:00,400.7704163321112,46.24310939971022,6.68567894266429,541.0777221294751
2020-09-27 12:22:30,246.99268855463245,20.399826855018784,-3.7785726784938807,330.2001390124916,19.995844907407406,2020-10-01 12:22:30+00:00,399.4401483904844,46.105652874588806,6.685175527324556,534.2385457243554
2020-09-27 12:37:30,247.31557332233152,20.407694699802025,-3.7852228022952383,323.7263142851575,20.006261574074074,2020-10-01 12:37:30+00:00,398.1221090087642,45.96819638910949,6.68467189421321,535.0120571322575
2020-09-27 12:52:30,247.63808874052333,20.41616615787074,-3.7916132522952615,339.8034933057071,20.01667824074074,2020-10-01 12:52:30+00:00,398.1221090087642,45.83073994328179,6.6841680433427415,533.7149216948883
2020-09-27 13:07:30,247.96020722476524,20.425240160383225,-3.797743856854389,331.81389271975036,20.027094907407406,2020-10-01 13:07:30+00:00,396.8162935800223,45.69328353714424,6.683663974725644,542.3344462993879
2020-09-27 13:22:30,248.28190134592475,20.43491556473257,-3.8036145242546935,309.0227899211865,20.037511574074074,2020-10-01 13:22:30+00:00,395.52270077179315,45.55582717066274,6.683159688374414,539.997880064658
2020-09-27 13:37:30,248.60314384032057,20.44519115515027,-3.8092252423733783,289.1161014141598,20.04792824074074,2020-10-01 13:37:30+00:00,395.52270077179315,45.41837084389037,6.682655184301579,545.9840474865516
2020-09-27 13:52:30,248.9239076200105,20.456065643343965,-3.814576078291648,286.5982863787246,20.058344907407406,2020-10-01 13:52:30+00:00,394.24133257818016,45.280914556792915,6.682150462519647,535.3766248590956
2020-09-27 14:07:30,249.24416578270024,20.46753766917198,-3.819667177837656,281.19130843071787,20.068761574074074,2020-10-01 14:07:30+00:00,392.9721943661568,45.14345830940898,6.681645523041164,534.5443463974349
2020-09-27 14:22:30,249.56389162162415,20.47960580135377,-3.8244987650660014,269.45296424273016,20.07917824074074,2020-10-01 14:22:30+00:00,392.9721943661568,45.00600210174808,6.68114036587866,533.326588084518
2020-09-27 14:37:30,249.88305863502995,20.492268538212674,-3.829071141673691,267.7029809734772,20.089594907407406,2020-10-01 14:37:30+00:00,391.7152949154978,44.86854593381964,6.680634991044697,538.6490712033283
2020-09-27 14:52:30,250.2016405356573,20.50552430845032,-3.833384686354473,262.9089987852647,20.100011574074074,2020-10-01 14:52:30+00:00,390.47064645173094,44.73108980560397,6.680129398551836,538.4259961889344
2020-09-27 15:07:30,250.51961125988907,20.5193714719562,-3.837439854093208,271.73920573015886,20.11042824074074,2020-10-01 15:07:30+00:00,390.47064645173094,44.59363371713973,6.679623588412647,535.4386941198294
2020-09-27 15:22:30,250.83694497672087,20.53380832064594,-3.841237175400992,273.83828690862725,20.120844907407406,2020-10-01 15:22:30+00:00,389.23826467145267,44.45617766843636,6.679117560639709,531.7144736176456
2020-09-27 15:37:30,251.15361609671396,20.548833079336436,-3.844777255494488,278.7914240269215,20.131261574074074,2020-10-01 15:37:30+00:00,389.23826467145267,44.3187216595033,6.678611315245619,541.6885284998808
2020-09-27 15:52:30,251.46959928021525,20.56444390663752,-3.848060773416004,347.0437123096317,20.14167824074074,2020-10-01 15:52:30+00:00,388.0181687593047,44.18126569032087,6.678104852242976,533.3492328483982
2020-09-27 16:07:30,251.78486944593175,20.580638895886324,-3.8510884811031625,349.66213530487323,20.152094907407406,2020-10-01 16:07:30+00:00,386.81038139586406,44.04380976094222,6.677598171644398,524.0506664546732
2020-09-27 16:22:30,252.099401778716,20.59741607609085,-3.853861202402238,368.90733567804045,20.162511574074074,2020-10-01 16:22:30+00:00,386.81038139586406,43.90635387134774,6.677091273462491,523.1237247263958
2020-09-27 16:37:30,252.41317173768277,20.614773412926404,-3.8563798320360143,338.9969014505369,20.17292824074074,2020-10-01 16:37:30+00:00,385.61492875565233,43.768898021546846,6.676584157709898,526.3309219068818
2020-09-27 16:52:30,252.7261550635976,20.632708809731568,-3.858645334517837,354.6434918412408,20.183344907407406,2020-10-01 16:52:30+00:00,384.4318404944258,43.63144221156352,6.676076824399258,525.3173278215014
2020-09-27 17:07:30,253.0383277861426,20.651220108538105,-3.8606587430210255,327.3802794684053,20.193761574074074,2020-10-01 17:07:30+00:00,384.4318404944258,43.49398644139277,6.675569273543218,520.3487293637544
2020-09-27 17:22:30,253.34966623105083,20.67030509112684,-3.8624211582035297,327.88109884827503,20.20417824074074,2020-10-01 17:22:30+00:00,383.26114972486647,43.356530711073,6.675061505154441,526.9019794896257
2020-09-27 17:37:30,253.6601470269333,20.68996148010516,-3.8639337469893937,317.4473668825474,20.214594907407406,2020-10-01 17:37:30+00:00,382.1028929797526,43.2190750205701,6.674553519245595,532.9792077705266
2020-09-27 17:52:30,253.96974711169577,20.7101869399979,-3.865197741308569,310.0555188880693,20.225011574074074,2020-10-01 17:52:30+00:00,382.1028929797526,43.08161936992255,6.674045315829358,530.4899700559133
2020-09-27 18:07:30,254.27844373868825,20.730979078358832,-3.8662144367984186,290.1606438746809,20.23542824074074,2020-10-01 18:07:30+00:00,380.9571101616492,42.94416375913983,6.6735368949184295,518.3049189726986
2020-09-27 18:22:30,254.58621448291427,20.75233544691462,-3.866985191469241,279.5395426486004,20.245844907407406,2020-10-01 18:22:30+00:00,379.8238444781258,42.80670818821683,6.673028256525493,528.0705938468876
2020-09-27 18:37:30,254.8930372465773,20.774253542708664,-3.8675114243338817,283.5582001130289,20.256261574074074,2020-10-01 18:37:30+00:00,379.8238444781258,42.66925265717752,6.672519400663271,522.0287781222672
2020-09-27 18:52:30,255.1988902645124,20.7967308092687,-3.867794614005542,269.9149745700198,20.26667824074074,2020-10-01 18:52:30+00:00,378.7031423614791,42.53179716601685,6.672010327344474,527.7406789092933
2020-09-27 19:07:30,255.50375210935155,20.81976463778984,-3.867836297265247,255.3555536789591,20.277094907407406,2020-10-01 19:07:30+00:00,377.5950533719124,42.39434171475872,6.671501036581831,514.6355036171396
2020-09-27 19:22:30,255.80760169633976,20.84335236832765,-3.8676380676009825,268.240035475793,20.287511574074074,2020-10-01 19:22:30+00:00,377.5950533719124,42.25688630339811,6.6709915283880825,536.0508254498237
2020-09-27 19:37:30,256.1104182879671,20.86749129101146,-3.867201573721398,259.0543253022222,20.29792824074074,2020-10-01 19:37:30+00:00,376.4996300831066,42.11943093194433,6.670481802775978,522.1029758592364
2020-09-27 19:52:30,256.41218149816785,20.892178647254028,-3.866528518044772,270.72640447257055,20.308344907407406,2020-10-01 19:52:30+00:00,376.4996300831066,41.981975600435995,6.669971859758278,523.9547393804489
2020-09-27 20:07:30,256.71287129656525,20.91741163100064,-3.8656206551672176,302.452294328529,20.318761574074074,2020-10-01 20:07:30+00:00,375.4169279491059,41.84452030885341,6.669461699347745,533.5022656808968
2020-09-27 20:22:30,257.01246801186215,20.94318738994373,-3.864479790311187,364.316496486392,20.32917824074074,2020-10-01 20:22:30+00:00,374.34700515143965,41.707065057205945,6.668951321557159,521.1574846967168
2020-09-27 20:37:30,257.3109523356045,20.96950302679025,-3.86310777775643,322.9312148002832,20.339594907407406,2020-10-01 20:37:30+00:00,374.34700515143965,41.569609845532206,6.668440726399299,504.2499403768186
2020-09-27 20:52:30,257.60830532522846,20.99635560050684,-3.861506519255923,344.15886943355207,20.350011574074074,2020-10-01 20:52:30+00:00,373.2899224254089,41.43215467379794,6.667929913886975,523.1960675199407
2020-09-27 21:07:30,257.90450840688885,21.023742127576593,-3.8596779624393553,349.28917988313856,20.36042824074074,2020-10-01 21:07:30+00:00,372.2457428644824,41.29469954204159,6.667418884032988,530.13608539485
2020-09-27 21:22:30,258.19954337827056,21.05165958327408,-3.857624099204265,396.73486819117136,20.370844907407406,2020-10-01 21:22:30+00:00,372.2457428644824,41.15724445027268,6.666907636850151,531.4450009274717
2020-09-27 21:37:30,258.4933924108696,21.080104902929655,-3.855346964099577,408.4472824357067,20.381261574074074,2020-10-01 21:37:30+00:00,371.21453170178216,41.019789398485955,6.666396172351294,534.2051567427194
2020-09-27 21:52:30,258.7860380520429,21.109074983201246,-3.852848632701467,407.40663752168007,20.39167824074074,2020-10-01 21:52:30+00:00,370.19635606767736,40.882334386690914,6.665884490549255,548.2099795956223
2020-09-27 22:07:30,259.07746322683454,21.1385666833401,-3.850131219985127,426.7777024207012,20.402094907407406,2020-10-01 22:07:30+00:00,370.19635606767736,40.74487941491152,6.665372591456872,535.1140790205899
2020-09-27 22:22:30,259.3676512395944,21.168576826475192,-3.84719687869264,436.645064608994,20.412511574074074,2020-10-01 22:22:30+00:00,369.19128472256915,40.60742448315707,6.664860475087011,510.3552216657392
2020-09-27 22:37:30,259.6565857752264,21.19910220088276,-3.8440477977003384,437.4579100761156,20.42292824074074,2020-10-01 22:37:30+00:00,368.1993877640229,40.46996959142249,6.664348141452534,514.91533508228
2020-09-27 22:52:30,259.94425090025675,21.230139561253672,-3.8406862003873656,440.0,20.433344907407406,2020-10-01 22:52:30+00:00,368.1993877640229,40.332514739731714,6.663835590566305,513.4694187281833
2020-09-27 23:07:30,260.2306310636952,21.261685629972128,-3.8371143430054793,444.83905467445743,20.443761574074074,2020-10-01 23:07:30+00:00,367.2207363074999,40.19505992809415,6.663322822441222,507.1925431274346
2020-09-27 23:22:30,260.5157110973699,21.293737098365167,-3.8333345130564673,432.0231882533882,20.45417824074074,2020-10-01 23:22:30+00:00,366.2554021400525,40.05760515650464,6.662809837090178,514.1850173569707
2020-09-27 23:37:30,260.7994762165037,21.32629062798661,-3.829349027670769,438.8325549066862,20.464594907407406,2020-10-01 23:37:30+00:00,366.2554021400525,39.92015042497248,6.662296634526072,496.5201261361529
2020-09-27 23:52:30,261.08191201957186,21.359342851855928,-3.8251602319989586,412.8935823271344,20.475011574074074,2020-10-01 23:52:30+00:00,365.30345734648364,39.78269573352182,6.661783214761817,506.15841216842887
2020-09-28 00:07:30,261.36300448829513,21.39289037572352,-3.820770497608963,402.37880254379866,20.48542824074074,2020-10-02 00:07:30+00:00,365.30345734648364,39.64524108216181,6.661269577810348,500.3153403821184
2020-09-28 00:22:30,261.6427399870141,21.426929779294007,-3.816182220897956,387.196108096828,20.495844907407406,2020-10-02 00:22:30+00:00,364.3649739076252,39.50778647087285,6.660755723684589,497.7051699923152
2020-09-28 00:37:30,261.9211052622838,21.46145761748549,-3.8113978215121014,372.0364030842584,20.506261574074074,2020-10-02 00:37:30+00:00,363.4400232705713,39.37033189972246,6.6602416523974854,502.70393676069807
2020-09-28 00:52:30,262.19808744204033,21.4964704216498,-3.806419740783411,348.8566215009512,20.51667824074074,2020-10-02 00:52:30+00:00,363.4400232705713,39.23287736864733,6.659727363961987,504.7814733958307
2020-09-28 01:07:30,262.4736740343721,21.531964700787142,-3.8012504401822,345.0809715284229,20.527094907407406,2020-10-02 01:07:30+00:00,362.52867589090476,39.095422877714995,6.659212858391065,505.1090441741528
2020-09-28 01:22:30,262.74785292638967,21.56793694275486,-3.795892399785304,356.9748029661839,20.537511574074074,2020-10-02 01:22:30+00:00,361.63100074718176,38.957968426905744,6.658698135697687,505.8708959376739
2020-09-28 01:37:30,263.0206123826902,21.604383615472827,-3.7903481167607462,346.6867606841493,20.54792824074074,2020-10-02 01:37:30+00:00,361.63100074718176,38.82051401625801,6.6581831958948365,508.3657948432572
2020-09-28 01:52:30,263.2919410438834,21.641301168110328,-3.7846201038736926,346.5074735454032,20.558344907407406,2020-10-02 01:52:30+00:00,360.7470648281951,38.68305964573748,6.6576680389955,515.0199827996156
2020-09-28 02:07:30,263.56182792447186,21.678686032254415,-3.7787108880123257,373.8129440540435,20.568761574074074,2020-10-02 02:07:30+00:00,359.87693259380933,38.54560531538268,6.6571526650126875,520.3142804144474
2020-09-28 02:22:30,263.8302624110999,21.71653462308189,-3.772623008733603,417.0179871770721,20.57917824074074,2020-10-02 02:22:30+00:00,359.87693259380933,38.40815102518838,6.656637073959406,522.2314969393434
2020-09-28 02:37:30,264.09723426004126,21.754843340498343,-3.766359016833984,417.73110222463794,20.589594907407406,2020-10-02 02:37:30+00:00,359.02066541046577,38.27069677516391,6.656121265848681,517.7226594588866
2020-09-28 02:52:30,264.36273359525376,21.79360857029375,-3.759921472938531,461.89531572228225,20.600011574074074,2020-10-02 02:52:30+00:00,358.17832096277664,38.13324256534776,6.65560524069354,508.2823223891672
2020-09-28 03:07:30,264.6267509053169,21.832826685237816,-3.753312946121772,476.3468525974663,20.61042824074074,2020-10-02 03:07:30+00:00,358.17832096277664,37.99578839572011,6.6550889985070265,505.85102154384293
2020-09-28 03:22:30,264.88927704121494,21.872494046212378,-3.746536012545593,472.37094249170144,20.620844907407406,2020-10-02 03:22:30+00:00,357.3499526429763,37.858334266304965,6.654572539302186,519.0502689667965
2020-09-28 03:37:30,265.15030321318426,21.91260700329278,-3.739593254127517,470.9522355677101,20.631261574074074,2020-10-02 03:37:30+00:00,357.3499526429763,37.720880177096994,6.654055863092087,519.6160267111853
2020-09-28 03:52:30,265.40982098778414,21.953161896823357,-3.732487257235334,494.5752648707638,20.64167824074074,2020-10-02 03:52:30+00:00,356.5356089203593,37.58342612812011,6.653538969889794,526.3832578106368
2020-09-28 04:07:30,265.66782228489626,21.994155058487888,-3.7252206114056103,481.290522964631,20.652094907407406,2020-10-02 04:07:30+00:00,355.73533269322076,37.445972119369145,6.6530218597083834,512.3623547663615
2020-09-28 04:22:30,265.92429937426425,22.0355828123441,-3.7177959080944336,488.0819524109573,20.662511574074074,2020-10-02 04:22:30+00:00,355.73533269322076,37.30851815086795,6.652504532560952,501.2242626599889
2020-09-28 04:37:30,266.1792448721154,22.07744147585231,-3.7102157394534703,502.0382808556897,20.67292824074074,2020-10-02 04:37:30+00:00,354.94916062620575,37.17106422262581,6.651986988460599,491.82711927286215
2020-09-28 04:52:30,266.4326517378493,22.11972736089966,-3.702482697133072,393.29362166516177,20.683344907407406,2020-10-02 04:52:30+00:00,354.17712247638207,37.033610334623,6.651469227420425,494.9598537244614
2020-09-28 05:07:30,266.6845132701592,22.162436774781582,-3.694599371118956,346.6397484179058,20.693761574074074,2020-10-02 05:07:30+00:00,354.17712247638207,36.89615648691244,6.650951249453564,496.4570580597291
2020-09-28 05:22:30,266.93482310337635,22.205566021172043,-3.68656834859692,351.7234606697437,20.70417824074074,2020-10-02 05:22:30+00:00,353.41924041175537,36.75870267947438,6.65043305457313,499.5892625274929
2020-09-28 05:37:30,267.1835752036288,22.249111401100148,-3.678392212843051,355.8676225081017,20.714594907407406,2020-10-02 05:37:30+00:00,352.67552832635516,36.62124891231802,6.649914642792265,492.54144112240937
2020-09-28 05:52:30,267.43076386494226,22.29306921387988,-3.670073542149299,367.5055133040664,20.725011574074074,2020-10-02 05:52:30+00:00,352.67552832635516,36.48379518546742,6.649396014124124,505.3183877891725
2020-09-28 06:07:30,267.6763837051783,22.33743575803515,-3.661614908776525,367.7763847657899,20.73542824074074,2020-10-02 06:07:30+00:00,351.94599115641734,36.34634149893168,6.648877168581858,504.5711105811272
2020-09-28 06:22:30,267.9204296618373,22.3822073322003,-3.653018877939312,341.79923738006926,20.745844907407406,2020-10-02 06:22:30+00:00,351.23062420257196,36.208887852720224,6.6483581061786365,500.0927471712112
2020-09-28 06:37:30,268.16289698789336,22.427380235997827,-3.6442880068223062,343.54131886477467,20.756261574074074,2020-10-02 06:37:30+00:00,351.23062420257196,36.071434246813226,6.647838826927638,505.0639955481358
2020-09-28 06:52:30,268.40378124757626,22.47295077092088,-3.635424843621619,355.3315188089098,20.76667824074074,2020-10-02 06:52:30+00:00,350.5294124633065,35.933980681248975,6.6473193308420475,509.6920793915786
2020-09-28 07:07:30,268.64307831203365,22.51891524117481,-3.626431926622177,352.99848706176965,20.777094907407406,2020-10-02 07:07:30+00:00,349.8423299853048,35.796527156051404,6.646799617935059,522.0393777989772
2020-09-28 07:22:30,268.880784354824,22.5652699545007,-3.6173117833051656,338.05759274536683,20.787511574074074,2020-10-02 07:22:30+00:00,349.8423299853048,35.65907367118613,6.646279688219887,509.9517714709702
2020-09-28 07:37:30,269.1168958474206,22.612011222976346,-3.608066929486203,334.0329119961841,20.79792824074074,2020-10-02 07:37:30+00:00,349.1693392365509,35.52162022669148,6.645759541709743,513.3092190688184
2020-09-28 07:52:30,269.351409554998,22.65913536383669,-3.598699868476821,342.0993322203673,20.808344907407406,2020-10-02 07:52:30+00:00,349.1693392365509,35.38416682256229,6.6452391784178495,511.4264514932294
2020-09-28 08:07:30,269.58432253144036,22.706638700211307,-3.589213090288704,352.1877547851069,20.818761574074074,2020-10-02 08:07:30+00:00,348.51039050833145,35.24671345882227,6.644718598357449,519.3656093489149
2020-09-28 08:22:30,269.81563211502646,22.754517561893728,-3.5796090708578543,328.7619443560279,20.82917824074074,2020-10-02 08:22:30+00:00,347.86542135245196,35.109260135480675,6.644197801541784,520.3116304952699
2020-09-28 08:37:30,270.0453359237021,22.80276828607493,-3.569890271302482,316.82886110998004,20.839594907407406,2020-10-02 08:37:30+00:00,347.86542135245196,34.971806852546834,6.643676787984109,518.1227972546837
2020-09-28 08:52:30,270.27343185033067,22.85138721804343,-3.560059137212771,358.81088943618903,20.850011574074074,2020-10-02 08:52:30+00:00,347.2343560601028,34.834353610000896,6.64315555769769,518.4010387683176
2020-09-28 09:07:30,270.49991805807934,22.90037071189545,-3.5501180979642992,314.06996156384673,20.86042824074074,2020-10-02 09:07:30+00:00,346.61710518885485,34.696900407895725,6.6426341106958,517.6924503802634
2020-09-28 09:22:30,270.7247929756716,22.94971513121257,-3.5400695660641466,269.42959407053263,20.870844907407406,2020-10-02 09:22:30+00:00,346.61710518885485,34.55944724621144,6.642112446991727,519.8717439118107
2020-09-28 09:37:30,270.9480552926266,22.999416849704545,-3.529915936527828,288.6869061604732,20.881261574074074,2020-10-02 09:37:30+00:00,346.0135651442266,34.4219941249428,6.64159056659876,528.6588759042849
2020-09-28 09:52:30,271.169703954341,23.049472251843493,-3.5196595862836544,337.37479131886477,20.89167824074074,2020-10-02 09:52:30+00:00,345.4236178221362,34.284541044142706,6.641068469530205,536.1952460449955
2020-09-28 10:07:30,271.38973815766605,23.099877733514056,-3.5093028735978367,339.19957386824996,20.902094907407406,2020-10-02 10:07:30+00:00,345.4236178221362,34.14708800380575,6.640546155799377,520.0519384158783
2020-09-28 10:22:30,271.6081573456993,23.15062970257961,-3.4988481375401013,310.922203672788,20.912511574074074,2020-10-02 10:22:30+00:00,344.8471303183311,34.00963500394125,6.640023625419599,518.5865331107401
2020-09-28 10:37:30,271.82496120337834,23.201724579488797,-3.4882976974655886,335.27084700181234,20.92292824074074,2020-10-02 10:37:30+00:00,344.2839547105673,33.87218204452926,6.639500878404201,522.8714524207012
2020-09-28 10:52:30,272.0401496524097,23.2531587978264,-3.477653852529966,355.8927655041151,20.933344907407406,2020-10-02 10:52:30+00:00,344.2839547105673,33.73472912562276,6.638977914766529,510.9494660412857
2020-09-28 11:07:30,272.25372284653264,23.304928804855695,-3.4669188812310106,274.7821890651085,20.943761574074074,2020-10-02 11:07:30+00:00,343.7339279188846,33.59727624718713,6.638454734519938,517.6590613986274
2020-09-28 11:22:30,272.46568116694175,23.35703106206544,-3.456095040969298,276.88170296798165,20.95417824074074,2020-10-02 11:22:30+00:00,343.1968716488002,33.45982340927546,6.637931337677782,507.5024029948904
2020-09-28 11:37:30,272.6760252172345,23.409462045661822,-3.4451845676435418,283.9176405119644,20.964594907407406,2020-10-02 11:37:30+00:00,343.1968716488002,33.32237061186764,6.63740772425344,498.5213450989745
2020-09-28 11:52:30,272.88475581889,23.462218247070705,-3.4341896752644487,328.1032589984605,20.975011574074074,2020-10-02 11:52:30+00:00,342.6725924216155,33.18491785497303,6.636883894260288,509.97453668572206
2020-09-28 12:07:30,273.0918740063479,23.51529617340688,-3.4231125555973345,354.11865303961883,20.98542824074074,2020-10-02 12:07:30+00:00,342.6725924216155,33.04746513861532,6.636359847711718,487.4993676329236
2020-09-28 12:22:30,273.29738102250644,23.568692347945294,-3.4119553778234364,339.1824916527546,20.995844907407406,2020-10-02 12:22:30+00:00,342.1608816953055,32.910012462789155,6.635835584621137,500.9190401510935
2020-09-28 12:37:30,273.5012783137879,23.62240331053926,-3.400720288232907,275.3267641190602,21.006261574074074,2020-10-02 12:37:30+00:00,341.66151607864464,32.77255982751821,6.635311105001954,507.3873121869783
2020-09-28 12:52:30,273.7035675256608,23.67642561807445,-3.3894094099299967,349.2926807837624,21.01667824074074,2020-10-02 12:52:30+00:00,341.66151607864464,32.63510723281181,6.634786408867585,507.69801521053614
2020-09-28 13:07:30,273.9042504978264,23.730755844837383,-3.378024842574991,295.62079448279883,21.027094907407406,2020-10-02 13:07:30+00:00,341.1742576403231,32.49765467867896,6.634261496231463,508.85073005273335
2020-09-28 13:22:30,274.10332925978344,23.785390582946288,-3.366568662131163,283.8187915531734,21.037511574074074,2020-10-02 13:22:30+00:00,340.6988543138359,32.36020216511442,6.633736367107028,506.4273789649415
2020-09-28 13:37:30,274.3008060261335,23.840326442709035,-3.355042920645321,317.96388289425465,21.04792824074074,2020-10-02 13:37:30+00:00,340.6988543138359,32.22274969212731,6.633211021507724,505.68937647401754
2020-09-28 13:52:30,274.49668319208786,23.89556005297956,-3.343449646046275,314.95536916365984,21.058344907407406,2020-10-02 13:52:30+00:00,340.2350403978963,32.0852972597413,6.632685459447024,500.88109812650714
2020-09-28 14:07:30,274.6909633289564,23.95108806150946,-3.3317908419616846,327.3744178039924,21.068761574074074,2020-10-02 14:07:30+00:00,339.78253715105166,31.947844867965635,6.6321596809383845,499.90195299043376
2020-09-28 14:22:30,274.8836491796395,24.00690713527175,-3.320068487555639,330.929326655537,21.07917824074074,2020-10-02 14:22:30+00:00,339.78253715105166,31.81039251678027,6.631633685995288,503.8476826456793
2020-09-28 14:37:30,275.07474365424997,24.063013960776377,-3.3082845373861685,342.88384478578314,21.089594907407406,2020-10-02 14:37:30+00:00,339.341053478079,31.672940206252655,6.63110747463122,505.9702679068288
2020-09-28 14:52:30,275.2642498257241,24.119405244378893,-3.296440921278106,317.5880289779602,21.100011574074074,2020-10-02 14:52:30+00:00,338.91028670462816,31.535487936319132,6.6305810468596835,499.80920581922254
2020-09-28 15:07:30,275.4521709254142,24.176077712537925,-3.2845395442226115,305.46470007798115,21.11042824074074,2020-10-02 15:07:30+00:00,338.91028670462816,31.39803570704703,6.630054402694182,502.74531626785387
2020-09-28 15:22:30,275.6385103388763,24.23302811211483,-3.2725822862815277,348.9453888777014,21.120844907407406,2020-10-02 15:22:30+00:00,338.489923435486,31.260583518430895,6.629527542148234,495.59583432705296
2020-09-28 15:37:30,275.82327160163504,24.29025321062367,-3.260571002517151,319.24838650798443,21.131261574074074,2020-10-02 15:37:30+00:00,338.07964049077003,31.123131370465355,6.629000465235377,493.9528844370247
2020-09-28 15:52:30,276.0064583948856,24.34774979645688,-3.2485075229400175,319.2558717620591,21.14167824074074,2020-10-02 15:52:30+00:00,338.07964049077003,30.98567926315958,6.62847317196913,497.1115880965631
2020-09-28 16:07:30,276.1880745414311,24.405514679138467,-3.2363936524640473,347.40964353476437,21.152094907407406,2020-10-02 16:07:30+00:00,337.67910591335107,30.848227196537117,6.627945662363051,494.6206640697458
2020-09-28 16:22:30,276.36812400155657,24.463544689519733,-3.224231170886965,311.2629060829581,21.162511574074074,2020-10-02 16:22:30+00:00,337.67910591335107,30.710775170607175,6.6274179364307,485.4312743461324
2020-09-28 16:37:30,276.5466108689629,24.52183667999365,-3.2120218328774692,281.1849899319719,21.17292824074074,2020-10-02 16:37:30+00:00,337.28798003986685,30.57332318536431,6.626889994185631,479.4750510109441
2020-09-28 16:52:30,276.7235393668135,24.58038752468328,-3.1997673679816137,290.71672304427943,21.183344907407406,2020-10-02 16:52:30+00:00,336.9059166268443,30.43587124083207,6.62636183564143,484.8914858096827
2020-09-28 17:07:30,276.89891384375704,24.63919411962196,-3.187469480640289,315.42344152835324,21.193761574074074,2020-10-02 17:07:30+00:00,336.9059166268443,30.298419337005065,6.625833460811677,483.00076847656146
2020-09-28 17:22:30,277.0727387700382,24.698253382911577,-3.175129850223041,335.3940822503177,21.20417824074074,2020-10-02 17:22:30+00:00,336.53256402271484,30.160967473907032,6.625304869709966,485.6983861992209
2020-09-28 17:37:30,277.2450187337214,24.75756225488909,-3.1627501310699087,342.8383735664206,21.214594907407406,2020-10-02 17:37:30+00:00,336.1675663758996,30.02351565153232,6.624776062349909,483.3426080504544
2020-09-28 17:52:30,277.4157584368963,24.81711769826443,-3.1503319525498035,343.8718909395844,21.225011574074074,2020-10-02 17:52:30+00:00,336.1675663758996,29.886063869919266,6.624247038745111,480.17992951214984
2020-09-28 18:07:30,277.58496269188413,24.87691669824484,-3.137876919130276,337.8246619559439,21.23542824074074,2020-10-02 18:07:30+00:00,335.81056486867305,29.748612129033145,6.623717798909205,468.4500622731007
2020-09-28 18:22:30,277.7526364176696,24.93695626266694,-3.1253866104558425,308.3766626051758,21.245844907407406,2020-10-02 18:22:30+00:00,335.46119896619246,29.611160428912253,6.623188342855817,468.20626970877385
2020-09-28 18:37:30,277.91878463630775,24.9972334221093,-3.1128625814374153,352.19562648690254,21.256261574074074,2020-10-02 18:37:30+00:00,335.46119896619246,29.473708769565636,6.622658670598598,472.4593899886054
2020-09-28 18:52:30,278.08341246930075,25.057745229977467,-3.1003063623575193,314.81806958772216,21.26667824074074,2020-10-02 18:52:30+00:00,335.1191076699208,29.336257151002293,6.6221287821511945,479.7347430903357
2020-09-28 19:07:30,278.2465251341632,25.11848876261134,-3.0877194589773027,341.17268022722897,21.277094907407406,2020-10-02 19:07:30+00:00,334.7839307646648,29.19880557320215,6.621598677527279,485.8017330471421
2020-09-28 19:22:30,278.4081279409079,25.179461119338796,-3.075103352662299,369.1925055626463,21.287511574074074,2020-10-02 19:22:30+00:00,334.7839307646648,29.06135403621804,6.621068356740512,482.1254797882511
2020-09-28 19:37:30,278.5682262888423,25.240659422581057,-3.062459500505314,337.5726911296947,21.29792824074074,2020-10-02 19:37:30+00:00,334.45531004860806,28.92390254002972,6.620537819804586,485.48007362698513
2020-09-28 19:52:30,278.72682566308686,25.30208081789028,-3.0497893354690224,342.6554016966323,21.308344907407406,2020-10-02 19:52:30+00:00,334.13289053603194,28.786451084660957,6.62000706673319,480.0673079471076
2020-09-28 20:07:30,278.88393163144735,25.363722474004067,-3.0370942665319087,349.81193981245946,21.318761574074074,2020-10-02 20:07:30+00:00,334.13289053603194,28.648999670106083,6.619476097540018,476.97087738823967
2020-09-28 20:22:30,279.03954984113005,25.42558158290298,-3.0243756788395797,365.3812799842499,21.32917824074074,2020-10-02 20:22:30+00:00,333.8163216228767,28.511548296388742,6.618944912238792,466.9411982934521
2020-09-28 20:37:30,279.19368601563554,25.48765535982207,-3.0116349338709862,360.19663989714036,21.339594907407406,2020-10-02 20:37:30+00:00,333.8163216228767,28.374096963488828,6.618413510843236,463.57818586533114
2020-09-28 20:52:30,279.3463459517455,25.549941043297903,-2.9988733696022236,393.5732574819224,21.350011574074074,2020-10-02 20:52:30+00:00,333.5052582058985,28.236645671473532,6.617881893367068,464.1916421549143
2020-09-28 21:07:30,279.49753551634,25.61243589517413,-2.9860923006850735,367.15893796468026,21.36042824074074,2020-10-02 21:07:30+00:00,333.19936174690105,28.099194420293703,6.617350059824032,474.4667037655352
2020-09-28 21:22:30,279.64726064361327,25.675137200617815,-2.9732930186259425,379.0267131010352,21.370844907407406,2020-10-02 21:22:30+00:00,333.19936174690105,27.96174320998744,6.616818010227884,469.28213689482465
2020-09-28 21:37:30,279.79552733209135,25.73804226812213,-2.960476791974203,364.72506192022985,21.381261574074074,2020-10-02 21:37:30+00:00,332.898301274357,27.82429204054914,6.616285744592379,478.4919309961046
2020-09-28 21:52:30,279.9423416417265,25.801148429491587,-2.9476448665159127,371.0271274521403,21.39167824074074,2020-10-02 21:52:30+00:00,332.60175431565904,27.68684091201691,6.6157532629312925,463.0815669212998
2020-09-28 22:07:30,280.0877096912232,25.86445303984847,-2.934798465468747,365.4975980375455,21.402094907407406,2020-10-02 22:07:30+00:00,332.60175431565904,27.549389824370643,6.6152205652583955,461.7353709173408
2020-09-28 22:22:30,280.2316376552672,25.927953477604746,-2.9219387896862408,370.93882894900634,21.412511574074074,2020-10-02 22:22:30+00:00,332.30940775424335,27.411938777619262,6.61468765158748,459.5836365452392
2020-09-28 22:37:30,280.37413176178666,25.99164714443266,-2.9090670178658975,370.9038812973611,21.42292824074074,2020-10-02 22:37:30+00:00,332.02095860687166,27.274487771786347,6.614154521932346,461.718605082545
2020-09-28 22:52:30,280.5151982894213,26.055531465243472,-2.8961843067586277,372.5784762029585,21.433344907407406,2020-10-02 22:52:30+00:00,332.02095860687166,27.13703680686629,6.613621176306803,461.88765788098016
2020-09-28 23:07:30,280.6548435649129,26.11960388813977,-2.883291791386065,362.9729305738644,21.443761574074074,2020-10-02 23:07:30+00:00,331.73611471744795,26.999585882882585,6.613087614724665,477.39751437581145
2020-09-28 23:22:30,280.79307396058067,26.18386188437885,-2.870390585257466,374.5566050945123,21.45417824074074,2020-10-02 23:22:30+00:00,331.4545953648313,26.86213499984416,6.612553837199758,471.3879192593716
2020-09-28 23:37:30,280.9298958919034,26.248302948307636,-2.8574817805958252,385.4599805517787,21.464594907407406,2020-10-02 23:37:30+00:00,331.4545953648313,26.72468415774545,6.61201984374593,468.8793491798499
2020-09-28 23:52:30,281.0653158151387,26.312924597346345,-2.8445664485548847,382.4246712763333,21.475011574074074,2020-10-02 23:52:30+00:00,331.1761317831908,26.58723335659536,6.611485634377014,465.1270636245594
2020-09-29 00:07:30,281.1993402249108,26.377724371875924,-2.831645639457382,402.5018188550307,21.48542824074074,2020-10-03 00:07:30+00:00,330.90046759450325,26.44978259643197,6.610951209106875,464.9044704136524
2020-09-29 00:22:30,281.3319756519601,26.44269983520945,-2.818720383018634,553.4286743639165,21.495844907407406,2020-10-03 00:22:30+00:00,330.90046759450325,26.312331877235103,6.610416567949378,472.8385693327262
2020-09-29 00:37:30,281.46322866090725,26.50784857350811,-2.8057916885817007,604.6229695497135,21.506261574074074,2020-10-03 00:37:30+00:00,330.6273591538004,26.17488119901353,6.609881710918399,482.6509791451361
2020-09-29 00:52:30,281.5931058480555,26.573168195703627,-2.7928605453527644,570.3645026448598,21.51667824074074,2020-10-03 00:52:30+00:00,330.6273591538004,26.03743056180541,6.609346638027819,475.9527988242512
2020-09-29 01:07:30,281.7216138392646,26.63865633343289,-2.7799279226345055,441.0959993970832,21.527094907407406,2020-10-03 01:07:30+00:00,330.3565758087201,25.89997996557599,6.608811349291542,445.88759042849193
2020-09-29 01:22:30,281.8487592878971,26.704310640935688,-2.7669947700685156,377.4846452907894,21.537511574074074,2020-10-03 01:22:30+00:00,330.0879000757896,25.762529410363225,6.608275844723464,454.49293796539206
2020-09-29 01:37:30,281.9745488726279,26.770128794962975,-2.7540620178742947,376.9169026847599,21.54792824074074,2020-10-03 01:37:30+00:00,330.0879000757896,25.62507889617605,6.60774012433751,452.89371174179183
2020-09-29 01:52:30,282.0989892956984,26.836108494706306,-2.741130577086586,369.54898156926544,21.558344907407406,2020-10-03 01:52:30+00:00,329.821127736652,25.48762842302324,6.60720418814759,453.0089832260116
2020-09-29 02:07:30,282.222087280791,26.90224746168248,-2.7282013398003495,391.6185509831127,21.568761574074074,2020-10-03 02:07:30+00:00,329.5560678581476,25.35017799089924,6.606668036167648,454.5454545454545
2020-09-29 02:22:30,282.34384957127565,26.968543439646172,-2.715275179410095,369.0195921267462,21.57917824074074,2020-10-03 02:22:30+00:00,329.5560678581476,25.212727599812823,6.606131668411629,461.1892837268463
2020-09-29 02:37:30,282.46428292818,27.03499419445998,-2.7023529508587396,363.2100109110347,21.589594907407406,2020-10-03 02:37:30+00:00,329.29254274074947,25.07527724978758,6.605595084893479,456.99060724102463
2020-09-29 02:52:30,282.58339412294976,27.101597512870736,-2.68943549260154,367.93561577986657,21.600011574074074,2020-10-03 02:52:30+00:00,329.0303878003475,24.93782694081759,6.605058285627166,451.9258287622227
2020-09-29 03:07:30,282.701189947159,27.16835120468005,-2.676523623309711,356.82163884286456,21.61042824074074,2020-10-03 03:07:30+00:00,329.0303878003475,24.80037667294099,6.604521270626654,476.7744220164921
2020-09-29 03:22:30,282.8176772102521,27.235253102583453,-2.6636181423639576,354.8279390381819,21.620844907407406,2020-10-03 03:22:30+00:00,328.7694513887636,24.662926446137348,6.603984039905938,474.4097305032196
2020-09-29 03:37:30,282.93286272700294,27.30230105986033,-2.650719833316077,351.38709045134857,21.631261574074074,2020-10-03 03:37:30+00:00,328.5095945586623,24.525476260430224,6.603446593478998,477.48098682990167
2020-09-29 03:52:30,283.0467533214363,27.369492951334284,-2.637829462482169,357.4861328019818,21.64167824074074,2020-10-03 03:52:30+00:00,328.5095945586623,24.38802611579929,6.602908931359848,473.4696716750139
2020-09-29 04:07:30,283.1593558252669,27.436826673272,-2.6249477791817077,341.65839791351345,21.652094907407406,2020-10-03 04:07:30+00:00,328.250690778708,24.25057601229695,6.602371053562488,462.6149402443225
2020-09-29 04:22:30,283.27067707642647,27.5043001432464,-2.612075515982417,347.36439092035107,21.662511574074074,2020-10-03 04:22:30+00:00,327.9926256049114,24.113125949903004,6.601832960100947,436.8762752736041
2020-09-29 04:37:30,283.3807239175042,27.571911300014477,-2.599213388940589,353.81210431259325,21.67292824074074,2020-10-03 04:37:30+00:00,327.9926256049114,23.97567592862624,6.601294650989245,437.7851975514747
2020-09-29 04:52:30,283.4895031943564,27.6396581033844,-2.5863620978432045,353.81835990091014,21.683344907407406,2020-10-03 04:52:30+00:00,327.7352963141029,23.83822594850452,6.600756126241433,452.0033388981636
2020-09-29 05:07:30,283.59702175464804,27.707538534083582,-2.573522326448084,383.3584820855272,21.693761574074074,2020-10-03 05:07:30+00:00,327.7352963141029,23.70077600951762,6.600217385871557,452.1398097358031
2020-09-29 05:22:30,283.70328644657997,27.775550593636392,-2.560694742720437,353.2931863035483,21.70417824074074,2020-10-03 05:22:30+00:00,327.47861150539876,23.563326111674264,6.5996784298936735,446.72602485624185
2020-09-29 05:37:30,283.80830411746825,27.843692304203415,-2.547879999076033,360.4457355132262,21.714594907407406,2020-10-03 05:37:30+00:00,327.22249067536234,23.425876254997807,6.599139258321853,441.5215835917005
2020-09-29 05:52:30,283.9120816125359,27.911961708477055,-2.5350787326119737,365.5812534101806,21.725011574074074,2020-10-03 05:52:30+00:00,327.22249067536234,23.288426439496977,6.598599871170174,434.8835360521504
2020-09-29 06:07:30,284.01462577358257,27.980356869510192,-2.522291565347744,359.4286115640204,21.73542824074074,2020-10-03 06:07:30+00:00,326.9668637723527,23.150976665166116,6.598060268452723,434.0753107030235
2020-09-29 06:22:30,284.11594343791114,28.04887587059731,-2.509519104455429,338.54886927074,21.745844907407406,2020-10-03 06:22:30+00:00,326.7116707352726,23.013526932028345,6.597520450183605,444.9664785224051
2020-09-29 06:37:30,284.21604143695424,28.117516815115607,-2.4967619424961502,365.73030818766256,21.756261574074074,2020-10-03 06:37:30+00:00,326.7116707352726,22.87607724007804,6.596980416376924,442.48747913188646
2020-09-29 06:52:30,284.31492659531926,28.18627782639665,-2.484020657647446,343.8363878523028,21.76667824074074,2020-10-03 06:52:30+00:00,326.4568610216117,22.738627589338453,6.596440167046792,444.97442827993746
2020-09-29 07:07:30,284.4126057295864,28.2551570475814,-2.4712958139336623,338.1023097572981,21.777094907407406,2020-10-03 07:07:30+00:00,326.20239312932233,22.601177979818267,6.59589970220734,439.037284362827
2020-09-29 07:22:30,284.5090856472947,28.32415264145841,-2.4585879614559096,353.22424844193796,21.787511574074074,2020-10-03 07:22:30+00:00,326.20239312932233,22.463728411497147,6.595359021872707,447.2302322051905
2020-09-29 07:37:30,284.6043731458489,28.393262790331733,-2.4458976366160803,357.545349980604,21.79792824074074,2020-10-03 07:37:30+00:00,325.9482341166812,22.326278884427484,6.594818126057034,443.9807085883881
2020-09-29 07:52:30,284.69847501155624,28.462485695862306,-2.4332253623427147,370.26348517690775,21.808344907407406,2020-10-03 07:52:30+00:00,325.69435912388525,22.18882939858887,6.594277014774479,443.7422158624161
2020-09-29 08:07:30,284.7913980186176,28.531819578928637,-2.4205716483115944,366.49244218400173,21.818761574074074,2020-10-03 08:07:30+00:00,325.69435912388525,22.05137995400453,6.593735688039209,436.8113522537563
2020-09-29 08:22:30,284.88314892828805,28.60126267947233,-2.40793699116703,363.9758347203861,21.82917824074074,2020-10-03 08:22:30+00:00,325.4407508997141,21.91393055066874,6.593194145865398,436.4162493043962
2020-09-29 08:37:30,284.97373448780314,28.670813256346175,-2.3953218747405947,362.31729050793575,21.839594907407406,2020-10-03 08:37:30+00:00,325.1873993361708,21.776481188604595,6.592652388267231,442.8491930996104
2020-09-29 08:52:30,285.0631614296659,28.74046958716497,-2.3827267702673782,348.0089928551267,21.850011574074074,2020-10-03 08:52:30+00:00,325.1873993361708,21.639031867820883,6.592110415258899,430.55091819699504
2020-09-29 09:07:30,285.1514364707036,28.810229968155102,-2.370152136599907,350.08504404541856,21.86042824074074,2020-10-03 09:07:30+00:00,324.9343010135937,21.501582588311724,6.591568226854607,431.69038344330494
2020-09-29 09:22:30,285.2385663112434,28.880092714000256,-2.3575984204205036,352.5465865071271,21.870844907407406,2020-10-03 09:22:30+00:00,324.9343010135937,21.364133350100293,6.5910258230685725,443.1392387986712
2020-09-29 09:37:30,285.3245576344052,28.95005615768939,-2.345066056451783,353.9494823492482,21.881261574074074,2020-10-03 09:37:30+00:00,324.68145875832164,21.226684153180734,6.590483203915015,434.6662426795982
2020-09-29 09:52:30,285.40941710521145,29.020118650355872,-2.3325554676657942,374.18911324798233,21.89167824074074,2020-10-03 09:52:30+00:00,324.42888121459634,21.089234997576277,6.589940369408172,437.74147388504656
2020-09-29 10:07:30,285.493151369991,29.090278561142743,-2.3200670654859876,390.4802197210405,21.902094907407406,2020-10-03 10:07:30+00:00,324.42888121459634,20.951785883280973,6.589397319562277,439.9117576913905
2020-09-29 10:22:30,285.575767055569,29.16053427703473,-2.307601249993872,401.85451629909494,21.912511574074074,2020-10-03 10:22:30+00:00,324.1765824320047,20.81433681031804,6.588854054391592,428.54757929883135
2020-09-29 10:37:30,285.65727076858667,29.2308842027084,-2.295158410129081,379.1336076951953,21.92292824074074,2020-10-03 10:37:30+00:00,323.92458146939924,20.676887778696067,6.588310573910367,421.3331743381827
2020-09-29 10:52:30,285.7376690949131,29.301326760373517,-2.2827389238892097,375.4895870392743,21.933344907407406,2020-10-03 10:52:30+00:00,323.92458146939924,20.53943878840927,6.587766878132885,415.6590951248714
2020-09-29 11:07:30,285.8169685989672,29.371860389637668,-2.2703431585232936,361.66469658962586,21.943761574074074,2020-10-03 11:07:30+00:00,323.6729020159027,20.401989839480617,6.5872229670734175,415.0382913321144
2020-09-29 11:22:30,285.89517582307934,29.442483547324564,-2.257971470730006,350.98533537654174,21.95417824074074,2020-10-03 11:22:30+00:00,323.42157202928337,20.264540931904357,6.586678840746264,407.1600816175107
2020-09-29 11:37:30,285.9722972869587,29.513194707196114,-2.2456242068497083,365.41699482526246,21.964594907407406,2020-10-03 11:37:30+00:00,323.42157202928337,20.12709206570346,6.58613449916572,423.6589602198951
2020-09-29 11:52:30,286.048339487122,29.583992360039648,-2.233301703048358,352.2412433999525,21.975011574074074,2020-10-03 11:52:30+00:00,323.1706233917035,19.98964324088674,6.5855899423460915,425.5107719214563
2020-09-29 12:07:30,286.12330889627674,29.65487501345199,-2.221004285510915,344.41000680394274,21.98542824074074,2020-10-03 12:07:30+00:00,322.92009158258355,19.852194457448025,6.585045170301706,426.07122982749024
2020-09-29 12:22:30,286.1972119629422,29.725841191654546,-2.2087322706228436,351.4956883784803,21.995844907407406,2020-10-03 12:22:30+00:00,322.92009158258355,19.71474571539605,6.5845001830468854,425.7921933381032
2020-09-29 12:37:30,286.27005511079676,29.796889435322296,-2.196485965155348,463.0538018477908,22.006261574074074,2020-10-03 12:37:30+00:00,322.6700153680933,19.57729701476838,6.583954980595969,430.8662585791133
2020-09-29 12:52:30,286.3418447383381,29.868018301452626,-2.184265666441987,393.36642458572334,22.01667824074074,2020-10-03 12:52:30+00:00,322.4204365065754,19.439848355544527,6.583409562963311,409.3648143731616
2020-09-29 13:07:30,286.412587218318,29.939226363198937,-2.172071662558243,406.452757813696,22.027094907407406,2020-10-03 13:07:30+00:00,322.4204365065754,19.30239973771847,6.5828639301632625,405.32368762752736
2020-09-29 13:22:30,286.48228889741193,30.010512209719792,-2.159904232497704,394.19667899702296,22.037511574074074,2020-10-03 13:22:30+00:00,322.1713994690326,19.16495116135703,6.582318082210195,407.39194954553886
2020-09-29 13:37:30,286.5509560956715,30.081874446032952,-2.147763646343214,372.3955613277276,22.04792824074074,2020-10-03 13:37:30+00:00,322.1713994690326,19.02750262642498,6.581772019118486,407.8427007976256
2020-09-29 13:52:30,286.61859510626107,30.15331169285457,-2.135650165439651,381.76186715014865,22.058344907407406,2020-10-03 13:52:30+00:00,321.92295117366046,18.890054132916415,6.581225740902513,404.2531202798314
2020-09-29 14:07:30,286.6852121949893,30.224822586474502,-2.123564042557338,381.1799192880523,22.068761574074074,2020-10-03 14:07:30+00:00,321.6751407332832,18.752605680883487,6.580679247576683,409.7384529771842
2020-09-29 14:22:30,286.75081359998774,30.296405778568683,-2.1115055220646255,366.0269312080948,22.07917824074074,2020-10-03 14:22:30+00:00,321.6751407332832,18.61515727030549,6.5801325391554,406.4209580069346
2020-09-29 14:37:30,286.81540553132874,30.36805993607568,-2.099474840086987,369.1165464339559,22.089594907407406,2020-10-03 14:37:30+00:00,321.4280192144561,18.47770890122021,6.579585615653077,407.3005273339163
2020-09-29 14:52:30,286.8789941707459,30.43978374104437,-2.087472224668585,365.64300117878656,22.100011574074074,2020-10-03 14:52:30+00:00,321.1816394069218,18.340260573592364,6.5790384770841355,406.0378408458542
2020-09-29 15:07:30,286.94158567128835,30.51157589047399,-2.075497895933171,366.3091263216472,22.11042824074074,2020-10-03 15:07:30+00:00,321.1816394069218,18.202812287459643,6.578491123463015,406.2299599862204
2020-09-29 15:22:30,287.00318615703435,30.58343509618492,-2.063552066237509,372.9809504271899,22.120844907407406,2020-10-03 15:22:30+00:00,320.9360556020611,18.065364042815897,6.57794355480416,405.68540159525134
2020-09-29 15:37:30,287.0638017228452,30.65536008466269,-2.0516349403269,364.81453562400446,22.131261574074074,2020-10-03 15:37:30+00:00,320.6913233789529,17.927915839684193,6.577395771122024,411.22704507512526
2020-09-29 15:52:30,287.1234384340164,30.727349596903917,-2.03974671548864,347.8542577447497,22.14167824074074,2020-10-03 15:52:30+00:00,320.6913233789529,17.79046767807299,6.576847772431069,419.2880389875382
2020-09-29 16:07:30,287.18210232612483,30.79940238828815,-2.0278875816984776,349.74002265173976,22.152094907407406,2020-10-03 16:07:30+00:00,320.44749939665076,17.653019557990746,6.576299558745768,414.12610761525616
2020-09-29 16:22:30,287.2397994047596,30.87151722842243,-2.0160577217698674,349.17887627238656,22.162511574074074,2020-10-03 16:22:30+00:00,320.2046411912997,17.515571479431333,6.5757511300806035,414.9786681506214
2020-09-29 16:37:30,287.2965356452462,30.943692900991923,-2.0042573114995332,349.73644683406184,22.17292824074074,2020-10-03 16:37:30+00:00,320.2046411912997,17.378123442417753,6.575202486450069,414.9693934335002
2020-09-29 16:52:30,287.3523169925676,31.015928203649,-1.9924865198055572,347.4021909659482,22.183344907407406,2020-10-03 16:52:30+00:00,319.9628069767533,17.240675446943925,6.574653627868662,420.9608606937488
2020-09-29 17:07:30,287.40714936104337,31.088221947824476,-1.980745508874962,349.4894114656734,22.193761574074074,2020-10-03 17:07:30+00:00,319.72205544740206,17.103227493018284,6.574104554350896,407.4436229694995
2020-09-29 17:22:30,287.46103863420535,31.160572958623096,-1.969034434296474,344.1124521790952,22.20417824074074,2020-10-03 17:22:30+00:00,319.72205544740206,16.965779580678323,6.573555265911299,411.34165407955055
2020-09-29 17:37:30,287.51399066460885,31.232980074653153,-1.9573534452009065,341.5751543269791,22.214594907407406,2020-10-03 17:37:30+00:00,319.4824455819958,16.82833170988874,6.573005762564397,396.6907809311816
2020-09-29 17:52:30,287.5660112736903,31.305442147920974,-1.9457026843903713,337.10918567235717,22.225011574074074,2020-10-03 17:52:30+00:00,319.4824455819958,16.690883880716175,6.572456044324725,391.0565227760553
2020-09-29 18:07:30,287.61710625168337,31.37795804366969,-1.9340822884730653,333.84994829675696,22.23542824074074,2020-10-03 18:07:30+00:00,319.24403644733195,16.55343609309633,6.571906111206836,394.24967538490074
2020-09-29 18:22:30,287.66728135735895,31.450526640248093,-1.922492387991822,332.02612292602964,22.245844907407406,2020-10-03 18:22:30+00:00,319.0068870007824,16.415988347095745,6.571355963225291,399.088427802952
2020-09-29 18:37:30,287.7165423179742,31.523146828970535,-1.910933107552783,337.4607285107725,22.256261574074074,2020-10-03 18:37:30+00:00,319.0068870007824,16.278540642693653,6.570805600394657,404.27648774894186
2020-09-29 18:52:30,287.7648948292307,31.595817513987676,-1.8994045659491543,336.79839186393457,22.26667824074074,2020-10-03 18:52:30+00:00,318.771055890753,16.141092979898467,6.570255022729515,397.9625132797087
2020-09-29 19:07:30,287.81234455502755,31.66853761214673,-1.8879068762854896,334.7498393797114,22.277094907407406,2020-10-03 19:07:30+00:00,318.5366012543002,16.003645358747583,6.569704230244449,391.2581575352861
2020-09-29 19:22:30,287.85889712746945,31.74130605285587,-1.8764401460991764,330.3044926766987,22.287511574074074,2020-10-03 19:22:30+00:00,318.5366012543002,15.86619777922034,6.5691532229540615,397.36333041842227
2020-09-29 19:37:30,287.9045581468065,31.814121777965063,-1.8650044774776544,331.22688017580356,22.29792824074074,2020-10-03 19:37:30+00:00,318.30358051127854,15.728750241339553,6.5686020008729535,400.27396087496254
2020-09-29 19:52:30,287.94933318126795,31.886983741613975,-1.8535999671786871,325.834318546475,22.308344907407406,2020-10-03 19:52:30+00:00,318.0720501545479,15.591302745099002,6.5680505640157465,392.7703580040809
2020-09-29 20:07:30,287.99322776708345,31.959890910115405,-1.8422267067433429,323.84531859175144,22.318761574074074,2020-10-03 20:07:30+00:00,318.0720501545479,15.45385529052163,6.567498912397069,400.4451864218142
2020-09-29 20:22:30,288.0362474084118,32.032842261818196,-1.8308847826102597,328.1712495317531,22.32917824074074,2020-10-03 20:22:30+00:00,317.84206553594396,15.316407877601158,6.566947046031551,397.0349442803533
2020-09-29 20:37:30,288.07839757729425,32.105836786988405,-1.819574276225538,319.1298158429424,22.339594907407406,2020-10-03 20:37:30+00:00,317.61368064789224,15.178960506360418,6.566394964933843,394.1781275671092
2020-09-29 20:52:30,288.1196837135528,32.17887348766219,-1.8082952641552672,315.2791194329258,22.350011574074074,2020-10-03 20:52:30+00:00,317.61368064789224,15.041513176793208,6.565842669118589,396.06751994064183
2020-09-29 21:07:30,288.16011122492176,32.25195137754349,-1.797047818188575,313.1339196975504,22.36042824074074,2020-10-03 21:07:30+00:00,317.3869479007387,14.904065888922249,6.565290158600471,399.7350080822535
2020-09-29 21:22:30,288.19968548687706,32.32506948185704,-1.7858320054474004,310.23462877405495,22.370844907407406,2020-10-03 21:22:30+00:00,317.1619178960672,14.766618642755954,6.564737433394149,395.95251344833986
2020-09-29 21:37:30,288.2384118426996,32.39822683724939,-1.7746478884855126,317.378233735197,22.381261574074074,2020-10-03 21:37:30+00:00,317.1619178960672,14.629171438287948,6.564184493514319,391.0141240692158
2020-09-29 21:52:30,288.27629560347714,32.471422491633696,-1.763495525395444,320.71097908032937,22.39167824074074,2020-10-03 21:52:30+00:00,316.93863919647816,14.491724275541127,6.563631338975663,384.6005969545202
2020-09-29 22:07:30,288.31334204804125,32.544655504076346,-1.7523749699074227,320.62206518416014,22.402094907407406,2020-10-03 22:07:30+00:00,316.93863919647816,14.354277154523606,6.563077969792886,386.7901529003366
2020-09-29 22:22:30,288.3495564230627,32.617924944701784,-1.7412862714833974,295.9841014093256,22.412511574074074,2020-10-03 22:22:30+00:00,316.71715809251157,14.216830075214688,6.562524385980708,384.64962972475496
2020-09-29 22:37:30,288.3849439430088,32.69122989453739,-1.7302294754190926,292.5429356505794,22.42292824074074,2020-10-03 22:37:30+00:00,316.4975183676101,14.079383037666128,6.5619705875538425,377.1025783713597
2020-09-29 22:52:30,288.4195097902208,32.76456944541403,-1.7192046229353943,282.5323860180404,22.433344907407406,2020-10-03 22:52:30+00:00,316.4975183676101,13.94193604185712,6.56141657452703,375.45909849749586
2020-09-29 23:07:30,288.45325911484616,32.8379426998261,-1.7082117512749304,282.78356274725064,22.443761574074074,2020-10-03 23:07:30+00:00,316.2797610622304,13.804489087810412,6.560862346915002,375.7676936307987
2020-09-29 23:22:30,288.48619703504255,32.911348770858886,-1.697250893786815,311.61028988465813,22.45417824074074,2020-10-03 23:22:30+00:00,316.0639242384201,13.667042175519663,6.560307904732513,383.5943503723136
2020-09-29 23:37:30,288.51832863683444,32.98478678202655,-1.6863220800232743,310.59907421203826,22.464594907407406,2020-10-03 23:37:30+00:00,316.0639242384201,13.529595305007572,6.559753247994326,382.02824813843176
2020-09-29 23:52:30,288.54965897427996,33.058255867156554,-1.675425335827568,310.1901101318735,22.475011574074074,2020-10-03 23:52:30+00:00,315.85004274638635,13.392148476282374,6.559198376715204,383.30550918197
2020-09-30 00:07:30,288.5801930695109,33.131755170329505,-1.6645606834123916,316.06581220147126,22.48542824074074,2020-10-04 00:07:30+00:00,315.6381479947805,13.254701689323133,6.5586432909099335,387.3622704507513
2020-09-30 00:22:30,288.60993591269187,33.20528384568424,-1.6537281414571747,306.35800495556754,22.495844907407406,2020-10-04 00:22:30+00:00,315.6381479947805,13.117254944181711,6.558087990593304,387.77221294750507
2020-09-30 00:37:30,288.6388924622873,33.27884105739467,-1.6429277251779977,305.11318286429014,22.506261574074074,2020-10-04 00:37:30+00:00,315.4282677266138,12.979808240837077,6.557532475780108,388.20593244633307
2020-09-30 00:52:30,288.6670676449163,33.35242597948828,-1.632159446419808,306.6809022789921,22.51667824074074,2020-10-04 00:52:30+00:00,315.22042580289565,12.84236157931198,6.556976746485155,390.83392956514825
2020-09-30 01:07:30,288.6944663555317,33.426037795761424,-1.6214233137328349,304.8085036920871,22.527094907407406,2020-10-04 01:07:30+00:00,315.22042580289565,12.704914959600014,6.556420802723271,388.4793744560022
2020-09-30 01:22:30,288.72109345751716,33.49967569967915,-1.610719332450231,303.59250914565035,22.537511574074074,2020-10-04 01:22:30+00:00,315.0146419962472,12.567468381738388,6.55586464450927,389.0836579484326
2020-09-30 01:37:30,288.7469537827059,33.573338894257205,-1.6000475047663991,304.92605872345297,22.54792824074074,2020-10-04 01:37:30+00:00,314.81093179688526,12.430021845691618,6.555308271857994,388.04356467127747
2020-09-30 01:52:30,288.7720521315113,33.64702659195095,-1.589407829813874,296.25133805511956,22.558344907407406,2020-10-04 01:52:30+00:00,314.81093179688526,12.29257535149684,6.554751684784294,392.4857928196827
2020-09-30 02:07:30,288.79639327299486,33.72073801456283,-1.578800303735309,326.3714887130725,22.568761574074074,2020-10-04 02:07:30+00:00,314.6093062334897,12.155128899162223,6.55419488330302,376.0314810398283
2020-09-30 02:22:30,288.81998194496924,33.794472393123144,-1.5682249197586149,341.6475375626043,22.57917824074074,2020-10-04 02:22:30+00:00,314.6093062334897,12.017682488681322,6.553637867429041,376.5130436248967
2020-09-30 02:37:30,288.84282285412087,33.8682289677963,-1.5576816682670818,321.2514740404095,22.589594907407406,2020-10-04 02:37:30+00:00,314.40977171156334,11.88023612007668,6.553080637177228,373.9724938389379
2020-09-30 02:52:30,288.8649206760638,33.942006987776494,-1.547170536869757,336.3695133913202,22.600011574074074,2020-10-04 02:52:30+00:00,314.2123298719559,11.742789793341906,6.552523192562467,375.674271934706
2020-09-30 03:07:30,288.8862800554787,34.01580571117442,-1.5366915104717902,324.43067208240035,22.61042824074074,2020-10-04 03:07:30+00:00,314.2123298719559,11.605343508514151,6.551965533599659,378.04674457429047
2020-09-30 03:22:30,288.90690560624256,34.08962440494537,-1.5262445713379864,305.9512850322961,22.620844907407406,2020-10-04 03:22:30+00:00,314.0169774722576,11.467897265557758,6.551407660303699,380.2397935953862
2020-09-30 03:37:30,288.92680191145007,34.16346234475575,-1.5158296991636298,295.20615700987656,22.631261574074074,2020-10-04 03:37:30+00:00,313.82370629376834,11.33045106452454,6.5508495726894935,377.0713093250656
2020-09-30 03:52:30,288.9459735236369,34.23731881489328,-1.5054468711380835,305.69767458409655,22.64167824074074,2020-10-04 03:52:30+00:00,313.82370629376834,11.193004905378762,6.550291270771984,370.441578454934
2020-09-30 04:07:30,288.9644249648444,34.31119310819079,-1.4950960620054068,314.847857540345,22.652094907407406,2020-10-04 04:07:30+00:00,313.6325030767066,11.055558788157624,6.549732754566088,373.5202610411291
2020-09-30 04:22:30,288.9821607267178,34.38508452588757,-1.4847772441327032,300.0044877663489,22.662511574074074,2020-10-04 04:22:30+00:00,313.44334948625016,10.918112712883651,6.549174024086755,379.7095688581498
2020-09-30 04:37:30,288.99918527072754,34.45899237760281,-1.4744903875615387,283.3892732535621,22.67292824074074,2020-10-04 04:37:30+00:00,313.44334948625016,10.780666679521223,6.548615079348929,374.4991652754591
2020-09-30 04:52:30,289.0155030281506,34.53291598114979,-1.4642354600804677,289.18899173875275,22.683344907407406,2020-10-04 04:52:30+00:00,313.256222111879,10.643220688107448,6.548055920367575,376.32827198770445
2020-09-30 05:07:30,289.0311184003076,34.60685466251722,-1.4540124272734618,277.45485883303127,22.693761574074074,2020-10-04 05:07:30+00:00,313.0710925023359,10.505774738650294,6.547496547157663,375.9493335453269
2020-09-30 05:22:30,289.04603575867395,34.6808077557417,-1.4438212525824177,271.46471509363147,22.70417824074074,2020-10-04 05:22:30+00:00,313.0710925023359,10.36832883114319,6.546936959734176,373.9088957786787
2020-09-30 05:37:30,289.0602594449736,34.7547746028237,-1.4336618973622446,261.65905562448444,22.714594907407406,2020-10-04 05:37:30+00:00,312.88792723831847,10.23088296560864,6.546377158112098,371.9115191986645
2020-09-30 05:52:30,289.07379377135203,34.828754553634774,-1.4235343209367806,247.58859315678825,22.725011574074074,2020-10-04 05:52:30+00:00,312.70668804477646,10.093437142054649,6.545817142306428,372.75618093648137
2020-09-30 06:07:30,289.0866430205199,34.902746965830204,-1.413438480652457,238.6529213193628,22.73542824074074,2020-10-04 06:07:30+00:00,312.70668804477646,9.95599136046,6.545256912332183,372.352068261918
2020-09-30 06:22:30,289.09881144583744,34.97675120475472,-1.403374331932142,234.3055187474012,22.745844907407406,2020-10-04 06:22:30+00:00,312.52733194440515,9.818545620876325,6.544696468204369,371.3093250655855
2020-09-30 06:37:30,289.110303271528,35.05076664336168,-1.3933418283263428,230.4238148752027,22.756261574074074,2020-10-04 06:37:30+00:00,312.52733194440515,9.68109992328247,6.544135809938014,368.200969870419
2020-09-30 06:52:30,289.1211226927525,35.124792662121095,-1.3833409215647785,230.43617053400803,22.76667824074074,2020-10-04 06:52:30+00:00,312.349811453609,9.543654267700829,6.543574937548166,369.17084028937114
2020-09-30 07:07:30,289.1312738757928,35.198828648931546,-1.3733715616067266,246.92103443994003,22.777094907407406,2020-10-04 07:07:30+00:00,312.1740748218506,9.406208654124836,6.543013851049861,370.28380634390646
2020-09-30 07:22:30,289.1407609582438,35.27287399905019,-1.363433696687885,233.06331591245055,22.787511574074074,2020-10-04 07:22:30+00:00,312.1740748218506,9.268763082576898,6.542452550458162,363.67683512925583
2020-09-30 07:37:30,289.1495880489988,35.34692811497894,-1.353527273372205,274.8142551616698,22.79792824074074,2020-10-04 07:37:30+00:00,312.00006631491595,9.131317553050383,6.5418910357881295,364.98661790815385
2020-09-30 07:52:30,289.1577592285767,35.42099040640507,-1.343652236595767,299.75294324415825,22.808344907407406,2020-10-04 07:52:30+00:00,311.8277265422073,8.9938720655677,6.541329307054839,366.3420515674272
2020-09-30 08:07:30,289.1652785492352,35.495060290121984,-1.3338085297125524,255.70616522705413,22.818761574074074,2020-10-04 08:07:30+00:00,311.8277265422073,8.856426620151252,6.5407673642733855,366.3195272544187
2020-09-30 08:22:30,289.17215003499894,35.56913718992187,-1.3239960945424014,281.558881904419,22.82917824074074,2020-10-04 08:22:30+00:00,311.65699282773807,8.718981216765279,6.540205207458846,371.39106488021343
2020-09-30 08:37:30,289.1783776819525,35.643220536543005,-1.3142148714120268,308.63163638489567,22.839594907407406,2020-10-04 08:37:30+00:00,311.48779962404257,8.581535855446718,6.539642836626337,365.28075893685246
2020-09-30 08:52:30,289.1839654583377,35.717309767569944,-1.3044647992008838,270.20766738707493,22.850011574074074,2020-10-04 08:52:30+00:00,311.48779962404257,8.44409053618885,6.539080251790964,377.1656464477834
2020-09-30 09:07:30,289.18891730467675,35.79140432736522,-1.2947458153815037,241.8545804104841,22.86042824074074,2020-10-04 09:07:30+00:00,311.32007896774826,8.306645258999488,6.538517452967854,379.64597079789064
2020-09-30 09:22:30,289.1932371340241,35.865503666984374,-1.2850578560625567,241.74201780263127,22.870844907407406,2020-10-04 09:22:30+00:00,311.1537609750756,8.169200023915606,6.537954440172137,379.00204043776665
2020-09-30 09:37:30,289.19692883200344,35.93960724411052,-1.2754008560275083,255.72813874450344,22.881261574074074,2020-10-04 09:37:30+00:00,311.1537609750756,8.031754830930389,6.537391213418955,378.00374361309247
2020-09-30 09:52:30,289.1999962570069,36.013714522949165,-1.26577474877832,277.9094356226787,22.89167824074074,2020-10-04 09:52:30+00:00,310.9887743750624,7.894309680022578,6.536827772723462,379.94806158412166
2020-09-30 10:07:30,289.20244324046257,36.08782497421422,-1.2561794665662738,250.57094865233952,22.902094907407406,2020-10-04 10:07:30+00:00,310.8250470778371,7.75686457124362,6.536264118100814,380.84585420144685
2020-09-30 10:22:30,289.204273586765,36.16193807496251,-1.246614940441994,266.3678450660346,22.912511574074074,2020-10-04 10:22:30+00:00,310.8250470778371,7.619419504557605,6.535700249566187,384.6039695789278
2020-09-30 10:37:30,289.20549107364155,36.23605330859347,-1.2370811002829745,268.2638279203241,22.92292824074074,2020-10-04 10:37:30+00:00,310.662506774818,7.481974480015966,6.535136167134754,382.5567865634643
2020-09-30 10:52:30,289.2060994522366,36.31017016476879,-1.227577874831408,279.70093525050714,22.933344907407406,2020-10-04 10:52:30+00:00,310.662506774818,7.344529497597372,6.5345718708217015,381.1484749715134
2020-09-30 11:07:30,289.2061024472634,36.38428813930626,-1.218105191733896,304.73046894399334,22.943761574074074,2020-10-04 11:07:30+00:00,310.50108156728226,7.207084557309536,6.534007360642248,374.83769245038025
