time,longitude,radius,latitude,Vr,Time_days,Times_Earth,Vr_pred_Earth,Lon-L1,Lat-L1,Vr_obs_Earth
2021-01-14 16:07:30,43.268091069384255,36.28712126644728,1.1819809600047424,319.33855846865646,20.05090277777778,2021-01-18 16:07:30+00:00,307.31150221315494,47.39839357566544,-4.916516536946486,283.5373771099981
2021-01-14 16:22:30,43.26882365788914,36.21300318483083,1.1724189325354224,343.96317913095464,20.061319444444443,2021-01-18 16:22:30+00:00,310.3442649053704,47.261238981651594,-4.917503217275934,286.62320799215627
2021-01-14 16:37:30,43.270164404629384,36.138886877163046,1.1628097600586085,385.7211482561422,20.07173611111111,2021-01-18 16:37:30+00:00,313.46480264608937,47.12408439417592,-4.918489728665278,286.9024131127637
2021-01-14 16:52:30,43.272117043778785,36.06477285569532,1.1531531695922626,366.9228783131927,20.08215277777778,2021-01-18 16:52:30+00:00,313.46480264608937,46.98692981325167,-4.919476071079246,286.6603068606408
2021-01-14 17:07:30,43.27468533580317,35.99066163898078,1.1434488869343615,352.0117371828719,20.092569444444443,2021-01-18 17:07:30+00:00,316.64213843548976,46.84977523883421,-4.92046224448252,285.97831402505864
2021-01-14 17:22:30,43.27787306787948,35.91655375186755,1.1336966366624088,326.48006325454486,20.10298611111111,2021-01-18 17:22:30+00:00,319.84255821319385,46.71262067092229,-4.921448248839799,287.2008903728436
2021-01-14 17:37:30,43.28168405375104,35.84244972564294,1.1238961421531453,345.79434283155797,20.11340277777778,2021-01-18 17:37:30+00:00,319.84255821319385,46.575466109500255,-4.92243408411581,289.02800964570577
2021-01-14 17:52:30,43.286122134043325,35.76835009810237,1.114047125592586,343.93747944557305,20.123819444444443,2021-01-18 17:52:30+00:00,323.03088315284083,46.43831155453806,-4.923419750275274,289.2513162963914
2021-01-14 18:07:30,43.2911911764616,35.694255413573664,1.104149307981112,325.9142291716774,20.13423611111111,2021-01-18 18:07:30+00:00,326.17187511103424,46.301157006034465,-4.924405247282906,288.05681426716484
2021-01-14 18:22:30,43.29689507581229,35.62016622304781,1.0942024091524207,326.08754531823985,20.14465277777778,2021-01-18 18:22:30+00:00,326.17187511103424,46.16400246397403,-4.925390575103454,293.7157166706415
2021-01-14 18:37:30,43.30323775424236,35.54608308423436,1.0842061477837766,304.0996856998426,20.155069444444443,2021-01-18 18:37:30+00:00,329.23165774747156,46.02684792832666,-4.92637573370165,296.66110183639404
2021-01-14 18:52:30,43.31022316138186,35.472006561639105,1.0741602414089433,316.16792374816816,20.16548611111111,2021-01-18 18:52:30+00:00,332.1790328724254,45.88969339909136,-4.927360723042232,295.38119087367835
2021-01-14 19:07:30,43.31785527450733,35.397937226643926,1.0640644064326934,339.47633403925664,20.17590277777778,2021-01-18 19:07:30+00:00,332.1790328724254,45.75253887625264,-4.928345543089957,295.5073270265257
2021-01-14 19:22:30,43.32613809860622,35.323875657608454,1.0539183581483618,349.88343545672336,20.186319444444443,2021-01-18 19:22:30+00:00,334.98658587474,45.615384359795,-4.929330193809576,294.0827304767204
2021-01-14 19:37:30,43.335075666686635,35.24982243990368,1.0437218107466526,343.48895525028894,20.19673611111111,2021-01-18 19:37:30+00:00,337.6315026859703,45.47822984967398,-4.930314675165877,303.76288523200043
2021-01-14 19:52:30,43.34467203973708,35.17577816604013,1.0334744773383744,328.8047191018024,20.20715277777778,2021-01-18 19:52:30+00:00,337.6315026859703,45.34107534591765,-4.931298987123605,302.7267668336115
2021-01-14 20:07:30,43.35493130709706,35.10174343572421,1.0231760699673316,333.94926442191735,20.217569444444443,2021-01-18 20:07:30+00:00,340.0960578365066,45.203920848510855,-4.932283129647561,295.6296207965657
2021-01-14 20:22:30,43.36585758636414,35.02771885596417,1.0128262996311317,323.70500606708237,20.22798611111111,2021-01-18 20:22:30+00:00,340.0960578365066,45.06676635739439,-4.933267102702509,299.4620664069746
2021-01-14 20:37:30,43.3774550237193,34.95370504112506,1.0024248762953611,365.6959739671001,20.23840277777778,2021-01-18 20:37:30+00:00,342.3677717236823,44.92961187258216,-4.934250906253258,305.95436839176404
2021-01-14 20:52:30,43.3897277940072,34.87970261303727,0.9919715089161106,343.00825168350065,20.248819444444443,2021-01-18 20:52:30+00:00,344.4392687926553,44.79245739405875,-4.9352345402645925,303.0050083472454
2021-01-14 21:07:30,43.402680100851626,34.80571220107591,0.9814659054585946,357.447697964454,20.25923611111111,2021-01-18 21:07:30+00:00,344.4392687926553,44.65530292179432,-4.936218004701312,301.0758671860508
2021-01-14 21:22:30,43.41631617682255,34.731734442250385,0.970907772918149,334.05837465838346,20.26965277777778,2021-01-18 21:22:30+00:00,346.30789246400144,44.51814845580284,-4.937201299528243,304.05172642234413
2021-01-14 21:37:30,43.430640283624385,34.65776998129427,0.9602968173425276,317.4222004667417,20.280069444444443,2021-01-18 21:37:30+00:00,347.9751454687531,44.3809939960398,-4.938184424710195,301.34483398256356
2021-01-14 21:52:30,43.44565671216693,34.58381947072943,0.9496327438498816,350.10403874013764,20.29048611111111,2021-01-18 21:52:30+00:00,347.9751454687531,44.24383954250469,-4.939167380211984,297.29443251980814
2021-01-14 22:07:30,43.46136978264334,34.50988357101855,0.9389152566618806,370.1669339652481,20.30090277777778,2021-01-18 22:07:30+00:00,349.44602634529406,44.10668509518225,-4.940150165998449,298.91022073826747
2021-01-14 22:22:30,43.47778384489302,34.43596295057442,0.9281440591155148,332.5129944507369,20.311319444444443,2021-01-18 22:22:30+00:00,350.7283264937819,43.96953065402819,-4.9411327820344155,309.55255095488815
2021-01-14 22:37:30,43.49490327824946,34.362058285914586,0.9173188536974914,325.44492538243475,20.32173611111111,2021-01-18 22:37:30+00:00,350.7283264937819,43.83237621907121,-4.9421152282847505,310.58245223520686
2021-01-14 22:52:30,43.512732491852944,34.28817026173575,0.9064393420677532,322.82721373675844,20.33215277777778,2021-01-18 22:52:30+00:00,351.83194043703327,43.69522179028141,-4.943097504714276,308.4134933884516
2021-01-14 23:07:30,43.531275924747696,34.214299571003856,0.8955052250857284,307.3818712311282,20.342569444444443,2021-01-18 23:07:30+00:00,352.76822783159184,43.55806736764384,-4.944079611287858,302.8603227601558
2021-01-14 23:22:30,43.55053804595799,34.14044691502557,0.8845162028347888,294.87574776974407,20.35298611111111,2021-01-18 23:22:30+00:00,352.76822783159184,43.420912951128955,-4.945061547970349,306.44407345575956
2021-01-14 23:37:30,43.57052335463917,34.066613003620425,0.8734719746631286,290.8536368606196,20.36340277777778,2021-01-18 23:37:30+00:00,353.5494517611987,43.28375854073607,-4.946043314726642,305.89872008903734
2021-01-14 23:52:30,43.59123638023329,33.99279855511303,0.8623722391978341,283.6619476419515,20.373819444444443,2021-01-18 23:52:30+00:00,354.18830556828595,43.14660413643582,-4.9470249115215825,306.0981265071415
2021-01-15 00:07:30,43.61268168247202,33.91900429653327,0.8512166943915135,303.2011848541343,20.38423611111111,2021-01-19 00:07:30+00:00,354.18830556828595,43.009449738242296,-4.9480063383200905,304.6294088030315
2021-01-15 00:22:30,43.634863851649975,33.845230963625845,0.840005037541159,293.5530738131144,20.39465277777778,2021-01-19 00:22:30+00:00,354.6975307801305,42.87229534611137,-4.948987595086997,305.29586347616396
2021-01-15 00:37:30,43.657787508618135,33.77147930103242,0.8287369653341905,294.8990641828913,20.405069444444443,2021-01-19 00:37:30+00:00,354.6975307801305,42.73514096004272,-4.949968681787254,309.674854916925
2021-01-15 00:52:30,43.68145730495357,33.69775006231175,0.8174121738703694,315.31920136900936,20.41548611111111,2021-01-19 00:52:30+00:00,355.0896217681022,42.59798658000687,-4.950949598385735,310.9719903542942
2021-01-15 01:07:30,43.705877923021205,33.62404401010725,0.8060303587080014,307.82859887024387,20.42590277777778,2021-01-19 01:07:30+00:00,355.3766084163464,42.46083220601802,-4.951930344847336,310.68818401038766
2021-01-15 01:22:30,43.7310540760597,33.55036191622423,0.7945912148964803,299.9129667258899,20.436319444444443,2021-01-19 01:22:30+00:00,355.3766084163464,42.32367783803229,-4.952910921137002,311.48209979595623
2021-01-15 01:37:30,43.75699050836862,33.476704561732284,0.7830944370152298,281.9906009878684,20.44673611111111,2021-01-19 01:37:30+00:00,355.5699058172142,42.18652347604937,-4.953891327219638,308.20027681463404
2021-01-15 01:52:30,43.783691995309546,33.40307273706867,0.7715397192115393,285.20330023584165,20.45715277777778,2021-01-19 01:52:30+00:00,355.6802193275268,42.04936912005443,-4.954871563060157,302.07922294733646
2021-01-15 02:07:30,43.8111633434776,33.32946724215854,0.7599267552449958,289.55334882817573,20.467569444444443,2021-01-19 02:07:30+00:00,355.6802193275268,41.91221477001813,-4.95585162862351,303.1626785383046
2021-01-15 02:22:30,43.839409390674774,33.25588888650692,0.7482552385262801,294.65315111339964,20.47798611111111,2021-01-19 02:22:30+00:00,355.71749371118045,41.775060425940254,-4.956831523874649,302.3491533508228
2021-01-15 02:37:30,43.86843500611312,33.182338489316315,0.7365248621625567,302.8832867810806,20.48840277777778,2021-01-19 02:37:30+00:00,355.6908961379236,41.63790608779174,-4.95781124877849,300.8903728436283
2021-01-15 02:52:30,43.89824509049843,33.108816879573,0.7247353189990002,321.5791731685549,20.498819444444443,2021-01-19 02:52:30+00:00,355.6908961379236,41.50075175560123,-4.958790803300007,305.7688740493415
2021-01-15 03:07:30,43.92884457587127,33.03532489622225,0.7128863016747249,327.20868749799274,20.50923611111111,2021-01-19 03:07:30+00:00,355.6088241815784,41.36359742928138,-4.959770187404155,306.15983904798594
2021-01-15 03:22:30,43.9602384260239,32.961863388191325,0.7009775026572894,317.7771475525354,20.51965277777778,2021-01-19 03:22:30+00:00,355.4789314346411,41.22644310889041,-4.960749401055897,301.61042815466857
2021-01-15 03:37:30,43.99243163629497,32.88843321456194,0.6890086143013873,328.38558368955995,20.530069444444443,2021-01-19 03:37:30+00:00,355.4789314346411,41.089288794369935,-4.961728444220204,296.90224448154333
2021-01-15 03:52:30,44.02542923377728,32.81503524466904,0.6769793288971603,325.62028165251536,20.54048611111111,2021-01-19 03:52:30+00:00,355.3081647819077,40.95213448570538,-4.962707316862074,308.1273021172854
2021-01-15 04:07:30,44.05923627731279,32.74167035820459,0.664889338721016,330.48508311194183,20.55090277777778,2021-01-19 04:07:30+00:00,355.10280866797837,40.81498018289664,-4.963686018946455,313.85642737896495
2021-01-15 04:22:30,44.09385785745662,32.66833944537279,0.6527383360961538,328.0574258896182,20.561319444444443,2021-01-19 04:22:30+00:00,355.10280866797837,40.6778258859439,-4.964664550438385,308.98587593078406
2021-01-15 04:37:30,44.12929909674586,32.595043406921924,0.6405260134343548,325.5111812032796,20.57173611111111,2021-01-19 04:37:30+00:00,354.8685328117017,40.54067159480338,-4.965642911302829,313.88425153032836
2021-01-15 04:52:30,44.1655651495214,32.521783154370446,0.6282520633111991,352.1431092460629,20.58215277777778,2021-01-19 04:52:30+00:00,354.8685328117017,40.40351730947507,-4.9666211015048,306.9523279539974
2021-01-15 05:07:30,44.20266120203715,32.44855961004393,0.6159161785115317,351.6425399721766,20.592569444444443,2021-01-19 05:07:30+00:00,354.6104407544531,40.26636302993008,-4.96759912100933,310.23398786337015
2021-01-15 05:22:30,44.24059247253733,32.375373707214905,0.6035180520934322,354.3502468555218,20.60298611111111,2021-01-19 05:22:30+00:00,354.33311738666936,40.12920875616847,-4.968576969781406,312.16842886291965
2021-01-15 05:37:30,44.27936421114914,32.302226390259996,0.5910573774574533,346.0054091719459,20.61340277777778,2021-01-19 05:37:30+00:00,354.33311738666936,39.99205448817584,-4.969554647786079,317.2509738452977
2021-01-15 05:52:30,44.31898170002907,32.229118614735,0.5785338484027223,321.9531841391486,20.623819444444443,2021-01-19 05:52:30+00:00,354.0406741963995,39.85490022593757,-4.970532154988364,315.47950287516227
2021-01-15 06:07:30,44.359450253301986,32.156051347502526,0.5659471591941938,320.70375969061826,20.63423611111111,2021-01-19 06:07:30+00:00,353.7367914471927,39.71774596943957,-4.971509491353301,313.1170999284522
2021-01-15 06:22:30,44.40077521703969,32.083025566907644,0.5532970046397333,307.90089384764036,20.64465277777778,2021-01-19 06:22:30+00:00,353.7367914471927,39.580591718652734,-4.9724866568459545,313.4001112966055
2021-01-15 06:37:30,44.442961969268424,32.0100422628339,0.5405830801485555,314.9457005962033,20.655069444444443,2021-01-19 06:37:30+00:00,353.4247568434898,39.44343747357732,-4.973463651431347,317.3026472692583
2021-01-15 06:52:30,44.48601592000268,31.937102436867526,0.5278050818096339,332.29685139011445,20.66548611111111,2021-01-19 06:52:30+00:00,353.1075005014552,39.30628323419906,-4.9744404750745534,314.7097013541087
2021-01-15 07:07:30,44.52994251116098,31.864207102423094,0.5149627064662319,327.6084190007262,20.67590277777778,2021-01-19 07:07:30+00:00,353.1075005014552,39.169129000503645,-4.975417127740639,320.95821077457134
2021-01-15 07:22:30,44.574747216545454,31.7913572848621,0.502055651790194,334.571069337249,20.686319444444443,2021-01-19 07:22:30+00:00,352.78762623097754,39.03197477246229,-4.976393609394652,309.3913135649363
2021-01-15 07:37:30,44.620435541776985,31.718554021626662,0.4890836163611948,312.9272041190544,20.69673611111111,2021-01-19 07:37:30+00:00,352.46743926657575,38.894820550075195,-4.977369920001707,316.4229945532116
2021-01-15 07:52:30,44.667013024342566,31.645798362363852,0.4760462997464545,318.28131051718,20.70715277777778,2021-01-19 07:52:30+00:00,352.46743926657575,38.75766633332833,-4.978346059526871,315.3774809868299
2021-01-15 08:07:30,44.71448523339464,31.573091369079233,0.4629434025874366,309.49855629826124,20.717569444444443,2021-01-19 08:07:30+00:00,352.1489706744655,38.62051212220732,-4.979322027935223,319.087367835281
2021-01-15 08:22:30,44.76285776979028,31.500434116226906,0.4497746266778055,310.41193251136906,20.72798611111111,2021-01-19 08:22:30+00:00,351.8339987206823,38.48335791668357,-4.980297825191873,321.1569547128812
2021-01-15 08:37:30,44.81213626598035,31.427827690885128,0.4365396750576805,306.4315614261158,20.73840277777778,2021-01-19 08:37:30+00:00,351.8339987206823,38.346203716771974,-4.981273451261927,321.25765164162493
2021-01-15 08:52:30,44.8623263859331,31.355273192872925,0.4232382521009384,302.0147692177117,20.748819444444443,2021-01-19 08:52:30+00:00,351.524067519206,38.20904952242937,-4.982248906110467,319.6902244481543
2021-01-15 09:07:30,44.91343382499536,31.28277173486928,0.4098700636044243,319.7193925208047,20.75923611111111,2021-01-19 09:07:30+00:00,351.524067519206,38.071895333656194,-4.983224189702656,319.3099610461881
2021-01-15 09:22:30,44.96546430983788,31.210324442578187,0.3964348168875059,313.67609128004585,20.76965277777778,2021-01-19 09:22:30+00:00,351.2205032958198,37.93474115043837,-4.984199302003584,323.16029361104484
2021-01-15 09:37:30,45.01842359833586,31.137932454850716,0.3829322208865681,312.2519188314147,20.780069444444443,2021-01-19 09:37:30+00:00,350.9244286076642,37.79758697274735,-4.985174242978403,328.9528130930468
2021-01-15 09:52:30,45.07231747934814,31.06559692382181,0.3693619862549393,310.97071179406845,20.79048611111111,2021-01-19 09:52:30+00:00,350.9244286076642,37.66043280058354,-4.98614901259222,327.96826619865016
2021-01-15 10:07:30,45.12715177274105,30.993319015046733,0.3557238254638564,316.0723924720746,20.80090277777778,2021-01-19 10:07:30+00:00,350.63677485356385,37.523278633947584,-4.987123610810208,322.99864854121944
2021-01-15 10:22:30,45.18293232909771,30.921099907644297,0.3420174529088285,312.04834269878137,20.811319444444443,2021-01-19 10:22:30+00:00,350.35829339863824,37.3861244727964,-4.9880980375975055,319.5418289742163
2021-01-15 10:37:30,45.2396650295304,30.84894079446936,0.3282425850229086,300.6382438681457,20.82173611111111,2021-01-19 10:37:30+00:00,350.35829339863824,37.24897031711601,-4.989072292919258,318.3917640511964
2021-01-15 10:52:30,45.297355785712966,30.776842882173945,0.31439894037191,296.09638851540325,20.83215277777778,2021-01-19 10:52:30+00:00,350.08956562014924,37.111816166921635,-4.990046376740645,323.1682433685773
2021-01-15 11:07:30,45.35601053951006,30.70480739142441,0.3004862397817843,313.79939621800276,20.842569444444443,2021-01-19 11:07:30+00:00,349.83101216111805,36.97466202217026,-4.991020289026836,318.55314412910406
2021-01-15 11:22:30,45.415635262698345,30.632835557030997,0.2865042064518727,321.9147180661004,20.85298611111111,2021-01-19 11:22:30+00:00,349.83101216111805,36.83750788286252,-4.991994029742993,313.15154887775924
2021-01-15 11:37:30,45.476235957036394,30.560928628060857,0.2724525660685759,335.5509676790699,20.86340277777778,2021-01-19 11:37:30+00:00,349.58290165470794,36.700353748984554,-4.992967598854303,308.0133555926544
2021-01-15 11:52:30,45.53781865377686,30.48908786800554,0.2583310469308514,349.3109523858722,20.873819444444443,2021-01-19 11:52:30+00:00,349.345359156224,36.5631996205226,-4.993940996325971,309.90539788536444
2021-01-15 12:07:30,45.60038941354716,30.417314554915965,0.2441393800732366,345.01654154622275,20.88423611111111,2021-01-19 12:07:30+00:00,349.345359156224,36.42604549746272,-4.994914222123159,318.38778917243025
2021-01-15 12:22:30,45.66395432604937,30.34560998158327,0.2298772994012741,363.50948599595694,20.89465277777778,2021-01-19 12:22:30+00:00,349.1183744911847,36.28889137976218,-4.99588727621111,321.022216514704
2021-01-15 12:37:30,45.72851950982864,30.273975455608703,0.2155445418063676,347.64985069305726,20.905069444444443,2021-01-19 12:37:30+00:00,349.1183744911847,36.15173726746535,-4.996860158555013,329.95376910235007
2021-01-15 12:52:30,45.79409111186147,30.20241229965036,0.2011408473206076,362.8313175686315,20.91548611111111,2021-01-19 12:52:30+00:00,348.9018106975833,36.014583160514896,-4.997832869120086,328.7860720248033
2021-01-15 13:07:30,45.86067530746205,30.13092185149569,0.1866659592389333,365.8691153704896,20.92590277777778,2021-01-19 13:07:30+00:00,348.6954127085049,35.87742905889694,-4.998805407871536,328.7813021702838
2021-01-15 13:22:30,45.928278299806045,30.059505464225182,0.1721196242623789,362.1774044193755,20.936319444444443,2021-01-19 13:22:30+00:00,348.6954127085049,35.74027496262706,-4.999777774774604,327.9910962715637
2021-01-15 13:37:30,45.99690631955687,29.98816450640125,0.1575015926509271,362.3025193952514,20.94673611111111,2021-01-19 13:37:30+00:00,348.4988163880766,35.603120871662476,-5.000749969794538,326.73105970267903
2021-01-15 13:52:30,46.06656562474582,29.916900362155832,0.1428116183578101,344.0905249876385,20.95715277777778,2021-01-19 13:52:30+00:00,348.31155799976756,35.46596678601858,-5.00172199289657,326.4607679465776
2021-01-15 14:07:30,46.13726250007158,29.84571443140577,0.1280494591940875,349.1551764938611,20.967569444444443,2021-01-19 14:07:30+00:00,348.31155799976756,35.328812705652645,-5.002693844045939,329.827490261547
2021-01-15 14:22:30,46.20900325676861,29.774608129953187,0.1132148769722736,343.05642790753285,20.97798611111111,2021-01-19 14:22:30+00:00,348.13308415188857,35.191658630565676,-5.003665523207927,330.38397328881473
2021-01-15 14:37:30,46.28179423210128,29.703582889658172,0.098307637669368,332.74855485684094,20.98840277777778,2021-01-19 14:37:30+00:00,347.96276223141814,35.054504560729484,-5.004637030347772,330.20311630495274
2021-01-15 14:52:30,46.35564178891241,29.63264015860416,0.0833275115907673,334.9495809054867,20.998819444444443,2021-01-19 14:52:30+00:00,347.96276223141814,34.91735049614519,-5.0056083654307395,324.8032435010732
2021-01-15 15:07:30,46.430552315258645,29.561781401204353,0.0682742735262224,358.2873180732579,21.00923611111111,2021-01-19 15:07:30+00:00,347.7998913047344,34.780196436813654,-5.00657952842211,324.1056522776055
2021-01-15 15:22:30,46.506532223913936,29.491008098401885,0.0531477029290869,355.6462142565126,21.01965277777778,2021-01-19 15:22:30+00:00,347.64371343323785,34.64304238267779,-5.007550519287177,322.45409015025035
2021-01-15 15:37:30,46.58358795172938,29.420321747824087,0.0379475840890475,370.9829087106812,21.030069444444443,2021-01-19 15:37:30+00:00,347.64371343323785,34.50588833376786,-5.008521337991223,322.56538675570397
2021-01-15 15:52:30,46.66172595935579,29.34972386389527,0.0226737063005378,365.0915423344179,21.04048611111111,2021-01-19 15:52:30+00:00,347.4934253239816,34.36873429005571,-5.009491984499528,320.7197180485995
2021-01-15 16:07:30,46.74095273063566,29.279215978004775,0.0073258640466859,379.20593578184935,21.05090277777778,2021-01-19 16:07:30+00:00,347.34819021105204,34.231580251528,-5.010462458777427,320.60577152396854
2021-01-15 16:22:30,46.82127477200854,29.208799638681004,-0.0080961428126516,389.4256687926961,21.061319444444443,2021-01-19 16:22:30+00:00,347.34819021105204,34.09442621815674,-5.011432760790188,320.88666295677984
2021-01-15 16:37:30,46.902698611889406,29.138476411742936,-0.0235925088519485,356.6564429087239,21.07173611111111,2021-01-19 16:37:30+00:00,347.2071498432121,33.957272189957656,-5.012402890503155,322.08442642499404
2021-01-15 16:52:30,46.98523080022221,29.068247880426572,-0.0391634228934592,363.8567878137426,21.08215277777778,2021-01-19 16:52:30+00:00,347.2071498432121,33.820118166888236,-5.013372847881633,325.5729245712551
2021-01-15 17:07:30,47.0688779077229,28.99811564555735,-0.0548090678066282,352.46656712907753,21.092569444444443,2021-01-19 17:07:30+00:00,347.06943643780954,33.68296414894969,-5.014342632890976,325.1729072263296
2021-01-15 17:22:30,47.15364652532222,28.928081325709556,-0.0705296203061479,358.59362378157147,21.10298611111111,2021-01-19 17:22:30+00:00,346.934184450529,33.54581013611419,-5.015312245496486,329.32665553700616
2021-01-15 17:37:30,47.23954326345187,28.858146557339342,-0.0863252507507897,355.8153006333307,21.11340277777778,2021-01-19 17:37:30+00:00,346.934184450529,33.40865612838299,-5.016281685663514,328.9132681453216
2021-01-15 17:52:30,47.32657475133573,28.788312994966265,-0.1021961229284297,380.97984900897103,21.123819444444443,2021-01-19 17:52:30+00:00,346.8005420054709,33.27150212575732,-5.017250953357412,327.07846410684476
2021-01-15 18:07:30,47.4147476362964,28.718582311299443,-0.1181423938480687,375.4608785009755,21.13423611111111,2021-01-19 18:07:30+00:00,346.6676818302501,33.13434812819483,-5.018220048543541,321.1853088480801
2021-01-15 18:22:30,47.50406858301555,28.64895619740472,-0.1341642135187697,358.28047360834563,21.14465277777778,2021-01-19 18:22:30+00:00,346.6676818302501,32.997194135696915,-5.019188971187256,315.4352492248986
2021-01-15 18:37:30,47.5945442726856,28.5794363628621,-0.1502617247258185,355.71182845672587,21.155069444444443,2021-01-19 18:37:30+00:00,346.5348115461511,32.860040148250334,-5.020157721253931,318.8965736545035
2021-01-15 18:52:30,47.686181402269504,28.51002453591155,-0.1664350628056108,353.3896934166764,21.16548611111111,2021-01-19 18:52:30+00:00,346.4011831734419,32.722886165841814,-5.021126298708919,319.0078702599571
2021-01-15 19:07:30,47.77898668374424,28.440722463581697,-0.1826843554190168,354.29518005512307,21.17590277777778,2021-01-19 19:07:30+00:00,346.4011831734419,32.58573218844377,-5.022094703517624,320.9126321647189
2021-01-15 19:22:30,47.872966843038654,28.37153191188782,-0.1990097223051594,350.06640204450514,21.186319444444443,2021-01-19 19:22:30+00:00,346.26610172617643,32.44857821607217,-5.023062935645428,320.84585420144685
2021-01-15 19:37:30,47.96812861929807,28.3024546659455,-0.2154112750492271,349.13463990546984,21.19673611111111,2021-01-19 19:37:30+00:00,346.128932788488,32.31142424868468,-5.024030995057714,314.7686620558073
2021-01-15 19:52:30,48.06447876396121,28.233492530163513,-0.2318891168332023,343.95305838145686,21.20715277777778,2021-01-19 19:52:30+00:00,346.128932788488,32.17427028628284,-5.024998881719904,313.83074354693724
2021-01-15 20:07:30,48.16202403970394,28.16464732843469,-0.248443342188141,341.37429345369947,21.217569444444443,2021-01-19 20:07:30+00:00,345.9891089846782,32.0371163288535,-5.025966595597396,314.4331461526787
2021-01-15 20:22:30,48.26077121952958,28.095920904118415,-0.2650740367375255,340.40530165930466,21.22798611111111,2021-01-19 20:22:30+00:00,345.84613527745984,31.89996237636921,-5.026934136655597,316.21933992551686
2021-01-15 20:37:30,48.36072708580195,28.0273151202571,-0.2817812769425021,349.2578731212511,21.23840277777778,2021-01-19 20:37:30+00:00,345.84613527745984,31.762808428845915,-5.027901504859937,315.31123300739324
2021-01-15 20:52:30,48.46189842337711,27.95883185655643,-0.2985651298209146,339.46395613928524,21.248819444444443,2021-01-19 20:52:30+00:00,345.6995930516332,31.625654486256103,-5.028868700175839,317.245409015025
2021-01-15 21:07:30,48.56429203304157,27.89047301757986,-0.3154256527144858,339.1141701030384,21.25923611111111,2021-01-19 21:07:30+00:00,345.6995930516332,31.488500548572304,-5.02983572256875,312.46950044946703
2021-01-15 21:22:30,48.66791472122978,27.822240527870473,-0.3323628929858375,328.6649768809958,21.26965277777778,2021-01-19 21:22:30+00:00,345.54914296340434,31.35134661579599,-5.030802572004089,314.4351697273233
2021-01-15 21:37:30,48.77277329662486,27.754136330737538,-0.3493768877445197,314.79467997476235,21.280069444444443,2021-01-19 21:37:30+00:00,345.3945265577121,31.214192687914274,-5.03176924844731,314.50035773908894
2021-01-15 21:52:30,48.878874571565234,27.686162389929617,-0.3664676635618013,290.80420116953877,21.29048611111111,2021-01-19 21:52:30+00:00,345.3945265577121,31.077038764914334,-5.032735751863872,315.1110436586229
2021-01-15 22:07:30,48.98622536097102,27.618320689729423,-0.383635236192459,294.91682927065665,21.30090277777778,2021-01-19 22:07:30+00:00,345.23556667663837,30.93988484678314,-5.033702082219245,313.2220367278798
2021-01-15 22:22:30,49.09483248090715,27.550613235130665,-0.4008796102726024,301.92268292622987,21.311319444444443,2021-01-19 22:22:30+00:00,345.07216670068584,30.802730933507924,-5.034668239478898,315.3134011230839
2021-01-15 22:37:30,49.204702747340605,27.48304205196424,-0.4182007790227038,383.678924298833,21.32173611111111,2021-01-19 22:37:30+00:00,345.07216670068584,30.665577025061236,-5.035634223608266,310.4459813975673
2021-01-15 22:52:30,49.3158429748809,27.41560918701542,-0.4355987239498016,441.2950468634371,21.33215277777778,2021-01-19 22:52:30+00:00,344.9043086810175,30.528423121444877,-5.036600034572889,308.0411797440178
2021-01-15 23:07:30,49.42825997529941,27.348316708167392,-0.4530734145353869,374.9589060016275,21.342569444444443,2021-01-19 23:07:30+00:00,344.7320504344126,30.391269222660505,-5.037565672338212,306.2796969307821
2021-01-15 23:22:30,49.541960556160795,27.28116670453479,-0.4706248079222376,424.1794778258039,21.35298611111111,2021-01-19 23:22:30+00:00,344.7320504344126,30.25411532866627,-5.038531136869739,314.7619770324278
2021-01-15 23:37:30,49.656951519398575,27.214161286563684,-0.4882528486026397,364.4710779106943,21.36340277777778,2021-01-19 23:37:30+00:00,344.5555216835824,30.11696143946404,-5.039496428132984,317.056204785754
2021-01-15 23:52:30,49.773239659689146,27.147302586203153,-0.5059574680839479,312.03750436774465,21.373819444444443,2021-01-19 23:52:30+00:00,344.3749193336582,29.979807555026465,-5.040461546093434,317.2466932066264
2021-01-16 00:07:30,49.890831763074736,27.080592756982284,-0.5237385845725856,326.5080342450743,21.38423611111111,2021-01-20 00:07:30+00:00,344.3749193336582,29.842653675369828,-5.0414264907166215,315.6928213689482
2021-01-16 00:22:30,50.009734605226065,27.01403397415817,-0.5415961026337309,327.29805209265095,21.39465277777778,2021-01-20 00:22:30+00:00,344.19050198122744,29.70549980046706,-5.042391261968061,327.8321011209158
2021-01-16 00:37:30,50.12995494998477,26.94762843479869,-0.5595299128625982,289.10184862158684,21.405069444444443,2021-01-20 00:37:30+00:00,344.00258375551016,29.56834593029091,-5.043355859813277,332.9260889361056
2021-01-16 00:52:30,50.2514995475267,26.881378357938697,-0.5775398915311677,272.39851606381467,21.41548611111111,2021-01-20 00:52:30+00:00,344.00258375551016,29.43119206484328,-5.044320284217801,330.82120995309646
2021-01-16 01:07:30,50.3743751327447,26.81528598465243,-0.5956259002506958,237.22244264263065,21.42590277777778,2021-01-20 01:07:30+00:00,343.81152759243855,29.29403820411144,-5.04528453514719,325.83936189946206
2021-01-16 01:22:30,50.49858842338769,26.749353578199766,-0.6137877856095613,221.00950947252673,21.436319444444443,2021-01-20 01:22:30+00:00,343.81152759243855,29.15688434808288,-5.046248612566977,324.07003124866225
2021-01-16 01:37:30,50.62414611835165,26.6835834240896,-0.6320253788270576,225.87618649615624,21.44673611111111,2021-01-20 01:37:30+00:00,343.61773804187163,29.019730496759603,-5.047212516442719,329.15971062882585
2021-01-16 01:52:30,50.75105489589203,26.61797783017575,-0.6503384953941937,235.8178234040981,21.45715277777778,2021-01-20 01:52:30+00:00,343.42165370633467,28.882576650099956,-5.048176246739981,328.7887219439807
2021-01-16 02:07:30,50.87932141146484,26.552539126811492,-0.6687269346904634,248.0392093177345,21.467569444444443,2021-01-20 02:07:30+00:00,343.42165370633467,28.745422808091277,-5.049139803424332,331.60823594880355
2021-01-16 02:22:30,51.00895229599372,26.4872696668806,-0.687190479631249,237.94057863380704,21.47798611111111,2021-01-20 02:22:30+00:00,343.22373940687135,28.608268970750274,-5.050103186461325,331.0239287701725
2021-01-16 02:37:30,51.13995415388183,26.422171825891542,-0.7057288962907148,239.3861508624765,21.48840277777778,2021-01-20 02:37:30+00:00,343.0244781681978,28.47111513802077,-5.051066395816591,331.6718340090627
2021-01-16 02:52:30,51.2723335607268,26.35724800211593,-0.7243419335071547,241.6233207677863,21.498819444444443,2021-01-20 02:52:30+00:00,343.0244781681978,28.333961309948467,-5.052029431455655,331.2465219810796
2021-01-16 03:07:30,51.406097061521024,26.29250061658767,-0.7430293225221745,241.10596819030775,21.50923611111111,2021-01-20 03:07:30+00:00,342.82436311165293,28.19680748647735,-5.052992293344165,329.5290130014671
2021-01-16 03:22:30,51.541251168299226,26.227932113233525,-0.7617907765766847,235.1085943041528,21.51965277777778,2021-01-20 03:22:30+00:00,342.62388934071225,28.059653667609428,-5.053954981447685,334.00111296605456
2021-01-16 03:37:30,51.67780235799435,26.163544958928725,-0.7806259905229982,241.430057480429,21.530069444444443,2021-01-20 03:37:30+00:00,342.62388934071225,27.922499853332404,-5.054917495731851,336.0998489546069
2021-01-16 03:52:30,51.815757070193285,26.099341643552687,-0.799534640431578,246.44261479448537,21.54048611111111,2021-01-20 03:52:30+00:00,342.42354590026525,27.785346043633815,-5.055879836162252,337.5959933222037
2021-01-16 04:07:30,51.95512170483008,26.03532468004756,-0.818516383191001,245.160515004192,21.55090277777778,2021-01-20 04:07:30+00:00,342.22380788758227,27.64819223850138,-5.056842002704523,337.67390094602115
2021-01-16 04:22:30,52.09590261979535,25.97149660448554,-0.8375708561012253,300.71687733939,21.561319444444443,2021-01-20 04:22:30+00:00,342.22380788758227,27.5110384379227,-5.057803995324312,337.75737340011136
2021-01-16 04:37:30,52.23810612856549,25.907859976106845,-0.8566976764685792,317.4022554941071,21.57173611111111,2021-01-20 04:37:30+00:00,342.0251287899822,27.373884641870955,-5.058765813987215,344.71341124095716
2021-01-16 04:52:30,52.381738497704525,25.844417377359143,-0.8758964411965204,305.546505743884,21.58215277777778,2021-01-20 04:52:30+00:00,341.8279331216464,27.236730850348305,-5.059727458658893,349.79728118292394
2021-01-16 05:07:30,52.52680594434886,25.781171413940474,-0.8951667263694656,239.2805625310781,21.592569444444443,2021-01-20 05:07:30+00:00,341.8279331216464,27.09957706334261,-5.060688929304981,348.7061769616027
2021-01-16 05:22:30,52.67331463367831,25.718124714819453,-0.9145080868384672,220.77643784902816,21.60298611111111,2021-01-20 05:22:30+00:00,341.6326094297428,26.962423280856097,-5.061650225891175,336.72787979966614
2021-01-16 05:37:30,52.82127067611248,25.655279932284607,-0.9339200557935804,214.7714228179075,21.61340277777778,2021-01-20 05:37:30+00:00,341.6326094297428,26.825269502847387,-5.062611348383088,339.5659432387312
2021-01-16 05:52:30,52.970680124848414,25.59263974192337,-0.9534021443529272,211.7577960281541,21.623819444444443,2021-01-20 05:52:30+00:00,341.4395037379153,26.68811572931893,-5.063572296746408,344.93202957309796
2021-01-16 06:07:30,53.12154897298015,25.53020684265705,-0.972953841128274,220.09215602004343,21.63423611111111,2021-01-20 06:07:30+00:00,341.2489134930711,26.55096196025855,-5.064533070946813,343.9844184752365
2021-01-16 06:22:30,53.273883150757285,25.46798395672308,-0.9925746118047986,225.90031366560424,21.64465277777778,2021-01-20 06:22:30+00:00,341.2489134930711,26.413808195654017,-5.065493670949976,344.69353684712615
2021-01-16 06:37:30,53.42768852265414,25.40597382969796,-1.0122638987024148,219.16496725729635,21.655069444444443,2021-01-20 06:37:30+00:00,341.0610820790757,26.27665443547854,-5.066454096721596,344.65776293823035
2021-01-16 06:52:30,53.58297088452499,25.344179230454554,-1.0320211203529546,215.3780899969828,21.66548611111111,2021-01-20 06:52:30+00:00,340.87619395821304,26.139500679749247,-5.067414348227356,342.4278559503935
2021-01-16 07:07:30,53.739735960533274,25.282602951176266,-1.0518456710563295,209.2406037772494,21.67590277777778,2021-01-20 07:07:30+00:00,340.87619395821304,26.002346928439547,-5.068374425432972,339.6173109027867
2021-01-16 07:22:30,53.897989400196614,25.221247807293302,-1.0717369204562217,214.18987226035833,21.686319444444443,2021-01-20 07:22:30+00:00,340.6943704978489,25.865193181522542,-5.069334328304134,341.9773696902244
2021-01-16 07:37:30,54.05773677541631,25.160116637449413,-1.0916942131040506,211.616161677868,21.69673611111111,2021-01-20 07:37:30+00:00,340.51566653543654,25.72803943900099,-5.070294056806577,342.36160797095687
2021-01-16 07:52:30,54.218983577011905,25.099212303487285,-1.111716868011381,223.69491517709864,21.70715277777778,2021-01-20 07:52:30+00:00,340.51566653543654,25.59088570086276,-5.0712536109060276,341.439436097199
2021-01-16 08:07:30,54.38173521174854,25.038537690365462,-1.1318041782224446,222.6130434600692,21.717569444444443,2021-01-20 08:07:30+00:00,340.3400677296134,25.453731967095816,-5.072212990568185,341.4818348040385
2021-01-16 08:22:30,54.54599699907446,24.97809570610296,-1.151955410373808,206.35620623481591,21.72798611111111,2021-01-20 08:22:30+00:00,340.16748873850247,25.316578237688177,-5.073172195758809,339.43609719903543
2021-01-16 08:37:30,54.71177416774604,24.917889281689128,-1.1721698042625928,209.05660135986537,21.73840277777778,2021-01-20 08:37:30+00:00,340.16748873850247,25.179424512642584,-5.074131226443632,339.0280096457058
2021-01-16 08:52:30,54.8790718523292,24.85792137104516,-1.1924465723955964,218.3120455742908,21.748819444444443,2021-01-20 08:52:30+00:00,339.9977722583351,25.042270791903103,-5.0750900825884,342.90484140233724
2021-01-16 09:07:30,55.04789509004506,24.79819495087185,-1.2127848995724029,220.13619120238027,21.75923611111111,2021-01-20 09:07:30+00:00,339.8306889461127,24.90511707550165,-5.07604876415887,339.3322203672788
2021-01-16 09:22:30,55.21824881691112,24.73871302060716,-1.23318394243039,205.62311818361135,21.76965277777778,2021-01-20 09:22:30+00:00,339.8306889461127,24.767963363397353,-5.077007271120822,334.7913188647746
2021-01-16 09:37:30,55.39013786456416,24.679478602253713,-1.2536428290324513,202.05371136780477,21.780069444444443,2021-01-20 09:37:30+00:00,339.6659382392486,24.630809655607223,-5.077965603440015,344.65134198022344
2021-01-16 09:52:30,55.563566956277704,24.62049474031138,-1.2741606584152694,210.23781199576135,21.79048611111111,2021-01-20 09:52:30+00:00,339.6659382392486,24.49365595210488,-5.078923761082198,344.0862976756132
2021-01-16 10:07:30,55.7385407036544,24.561764501585653,-1.2947365001803883,210.79205967030816,21.80090277777778,2021-01-20 10:07:30+00:00,339.50315007308967,24.35650225287852,-5.079881744013193,340.8758186721459
2021-01-16 10:22:30,55.91506360256856,24.503290975090177,-1.3153693940517308,208.92933676028716,21.811319444444443,2021-01-20 10:22:30+00:00,339.34188748409076,24.219348557901768,-5.080839552198771,343.00023849272594
2021-01-16 10:37:30,56.09314002964179,24.445077271861688,-1.3360583494621785,209.16236605742696,21.82173611111111,2021-01-20 10:37:30+00:00,339.34188748409076,24.082194867177375,-5.081797185604725,334.1958820255982
2021-01-16 10:52:30,56.27277423827214,24.387126524785884,-1.3568023451360525,206.00184815693152,21.83215277777778,2021-01-20 10:52:30+00:00,339.1816500724879,23.945041180693607,-5.082754644196883,331.2759360839495
2021-01-16 11:07:30,56.45397035474644,24.3294418884423,-1.3776003286649898,192.97285367529972,21.842569444444443,2021-01-20 11:07:30+00:00,339.02187828391925,23.807887498438586,-5.083711927941012,339.6494156928213
2021-01-16 11:22:30,56.6367323743568,24.272026538879693,-1.398451216109409,203.84998389128077,21.85298611111111,2021-01-20 11:22:30+00:00,339.02187828391925,23.670733820400685,-5.084669036802961,339.9157325701566
2021-01-16 11:37:30,56.82106415731689,24.214883673435327,-1.419353891583795,202.85555111649364,21.86340277777778,2021-01-20 11:37:30+00:00,338.8619584549748,23.533580146582743,-5.085625970748545,341.4301613800779
2021-01-16 11:52:30,57.00696942487965,24.158016510478188,-1.4403072068717253,198.61632908535685,21.873819444444443,2021-01-20 11:52:30+00:00,338.7012285535753,23.396426476943883,-5.086582729743588,339.30360124016215
2021-01-16 12:07:30,57.194451754988904,24.101428289216376,-1.4613099810184518,196.73272696683807,21.88423611111111,2021-01-20 12:07:30+00:00,338.7012285535753,23.259272811486987,-5.087539313753927,333.55592654424044
2021-01-16 12:22:30,57.3835145783446,24.045122269430127,-1.482360999952949,207.27976227853455,21.89465277777778,2021-01-20 12:22:30+00:00,338.53898453183785,23.12211915018599,-5.088495722745414,333.7387709674855
2021-01-16 12:37:30,57.57416117402168,23.989101731216127,-1.503459016107672,193.73111846142547,21.905069444444443,2021-01-20 12:37:30+00:00,338.3744871971659,22.984965493058304,-5.089451956683904,334.4248961945122
2021-01-16 12:52:30,57.76639466535339,23.93336997470917,-1.5246027480506432,194.50978815185047,21.91548611111111,2021-01-20 12:52:30+00:00,338.3744871971659,22.84781184007757,-5.090408015535228,328.9983305509182
2021-01-16 13:07:30,57.96021801574191,23.87793031977187,-1.545790880131301,205.3622294682637,21.92590277777778,2021-01-20 13:07:30+00:00,338.2069694971304,22.71065819121788,-5.0913638992652706,334.0734557595993
2021-01-16 13:22:30,58.15563402388595,23.822786105756883,-1.5670220621050084,188.81168085178183,21.936319444444443,2021-01-20 13:22:30+00:00,338.0356441057054,22.573504546496785,-5.092319607839902,346.6889259877574
2021-01-16 13:37:30,58.35264531996879,23.767940691100836,-1.5882949088231595,187.4672996892199,21.94673611111111,2021-01-20 13:37:30+00:00,338.0356441057054,22.43635090587352,-5.093275141224994,341.02291698285023
2021-01-16 13:52:30,58.55125436074712,23.713397453067056,-1.6096079998729789,190.123825873206,21.95715277777778,2021-01-20 13:52:30+00:00,337.8597111928903,22.299197269365703,-5.094230499386432,338.1469115191987
2021-01-16 14:07:30,58.75146342543408,23.659159787347075,-1.6309598792772286,191.07864651988575,21.967569444444443,2021-01-20 14:07:30+00:00,337.8597111928903,22.16204363693275,-5.095185682290104,338.5271749211649
2021-01-16 14:22:30,58.95327461096578,23.605231107716836,-1.6523490551767908,224.12139800779784,21.97798611111111,2021-01-20 14:22:30+00:00,337.6783662569502,22.02489000857763,-5.0961406899019,338.88804573278696
2021-01-16 14:37:30,59.15668982756313,23.551614845656577,-1.673773999536327,194.55896100982872,21.98840277777778,2021-01-20 14:37:30+00:00,337.49080789856083,21.88773638430357,-5.097095522187751,338.12173728701276
2021-01-16 14:52:30,59.36171079416891,23.49831444994598,-1.6952331478646303,241.51536639344147,21.998819444444443,2021-01-20 14:52:30+00:00,337.49080789856083,21.750582764055416,-5.098050179113535,333.8712669263587
2021-01-16 15:07:30,59.56833903384322,23.445333386257087,-1.7167248989445747,198.38599449717177,22.00923611111111,2021-01-20 15:07:30+00:00,337.2962454190838,21.61342914787992,-5.099004660645192,337.4067890929327
2021-01-16 15:22:30,59.77657586902947,23.39267513672524,-1.7382476145802184,206.26886063946824,22.01965277777778,2021-01-20 15:22:30+00:00,337.09390613093757,21.47627553572213,-5.099958966748641,336.18994620664074
2021-01-16 15:37:30,59.98642241706553,23.34034319949666,-1.7597996193605971,185.43529852572055,22.030069444444443,2021-01-20 15:37:30+00:00,337.09390613093757,21.33912192758514,-5.100913097389807,335.9488035614914
2021-01-16 15:52:30,60.197879585355686,23.288341088271107,-1.7813792004372873,182.1113185443583,22.04048611111111,2021-01-20 15:52:30+00:00,336.8830422763691,21.201968323457624,-5.101867052534642,338.79481675808887
2021-01-16 16:07:30,60.41094806674963,23.23667233181939,-1.802984607320682,193.99993646916812,22.05090277777778,2021-01-20 16:07:30+00:00,336.6629374615762,21.064814723328205,-5.102820832149075,337.3433837540682
2021-01-16 16:22:30,60.62562833479732,23.18534047347853,-1.8246140516960132,173.29471097943846,22.061319444444443,2021-01-20 16:22:30+00:00,336.6629374615762,20.92766112717113,-5.103774436199064,338.36552985133955
2021-01-16 16:37:30,60.84192063891362,23.134349070659088,-1.846265707247188,174.04344593846477,22.07173611111111,2021-01-20 16:37:30+00:00,336.4329125257087,20.790507535004032,-5.104727864650574,338.5457243554072
2021-01-16 16:52:30,61.0598249997768,23.083701694279434,-1.8679377095216416,172.83064924266537,22.08215277777778,2021-01-20 16:52:30+00:00,336.1923307783414,20.653353946801257,-5.105681117469557,335.59299168648084
2021-01-16 17:07:30,61.27934120458173,23.03340192822964,-1.8896281557960877,169.93983110940937,22.092569444444443,2021-01-20 17:07:30+00:00,336.1923307783414,20.51620036255138,-5.106634194621981,339.61231682433686
2021-01-16 17:22:30,61.50046880195036,22.983453368817873,-1.9113351049638152,185.8919818982959,22.10298611111111,2021-01-20 17:22:30+00:00,335.9406025540788,20.37904678224331,-5.107587096073851,341.9190714683202
2021-01-16 17:37:30,61.72320709771899,22.933859624138623,-1.9330565774672577,191.94176852572605,22.11340277777778,2021-01-20 17:37:30+00:00,335.67718904853757,20.2418932058659,-5.10853982179114,348.3280214498912
2021-01-16 17:52:30,61.94755514960135,22.8846243135173,-1.9547905552161164,176.3074719176922,22.123819444444443,2021-01-20 17:52:30+00:00,335.67718904853757,20.104739633393155,-5.109492371739835,348.3769245038026
2021-01-16 18:07:30,62.173511762773416,22.835751066848974,-1.9765349815620836,181.6728909407456,22.13423611111111,2021-01-20 18:07:30+00:00,335.4016054155427,19.967586064828765,-5.11044474588593,348.4166732914646
2021-01-16 18:22:30,62.40107548502791,22.78724352396913,-1.99828776128118,191.4398900985619,22.14465277777778,2021-01-20 18:22:30+00:00,335.4016054155427,19.83043250019045,-5.111396944195428,350.2537899866781
2021-01-16 18:37:30,62.63024460201625,22.73910533398512,-2.020046760585401,213.8865012417708,22.155069444444443,2021-01-20 18:37:30+00:00,335.1134231205246,19.693278939408987,-5.112348966634373,346.30733762620235
2021-01-16 18:52:30,62.86101713249932,22.691340154599708,-2.041809807159242,181.9116603331654,22.16548611111111,2021-01-20 18:52:30+00:00,334.8122715593846,19.556125382502376,-5.113300813168753,346.0177737306285
2021-01-16 19:07:30,63.093390823699174,22.643951651403224,-2.063574690225816,172.37496370182726,22.17590277777778,2021-01-20 19:07:30+00:00,334.8122715593846,19.418971829473975,-5.1142524837645995,346.49415692821367
2021-01-16 19:22:30,63.32736314658039,22.59694349716934,-2.0853391606328953,190.77862568876017,22.186319444444443,2021-01-20 19:22:30+00:00,334.49783896515805,19.281818280283883,-5.11520397838798,345.4612907033608
2021-01-16 19:37:30,63.56293129115364,22.55031937109644,-2.1071009309812667,205.29588948194257,22.19673611111111,2021-01-20 19:37:30+00:00,334.1698726363589,19.14466473494975,-5.116155297004858,346.77902323979123
2021-01-16 19:52:30,63.80009216202496,22.50408295805467,-2.128857675773018,203.6566075286348,22.20715277777778,2021-01-20 19:52:30+00:00,334.1698726363589,19.00751119343191,-5.11710643958136,346.90477394984913
2021-01-16 20:07:30,64.0388423736762,22.458237947816457,-2.1506070315873016,200.9967084246928,22.217569444444443,2021-01-20 20:07:30+00:00,333.8281785307314,18.87035765574811,-5.118057406083507,350.11792140339713
2021-01-16 20:22:30,64.27917824589699,22.412788034261705,-2.1723465972895717,183.93093115037095,22.22798611111111,2021-01-20 20:22:30+00:00,333.47262027613687,18.733204121858417,-5.119008196477352,350.5944250518541
2021-01-16 20:37:30,64.52109579946506,22.367736914544697,-2.1940739342844457,189.589145874692,22.23840277777778,2021-01-20 20:37:30+00:00,333.47262027613687,18.596050591766424,-5.11995881072896,350.60142973331614
2021-01-16 20:52:30,64.76459075157086,22.32308828828539,-2.2157865667756975,195.94315200659108,22.248819444444443,2021-01-20 20:52:30+00:00,333.1031176564144,18.458897065461205,-5.120909248804424,351.6707740413917
2021-01-16 21:07:30,65.00965851152225,22.278845856692392,-2.2374819820866403,192.07175357622185,22.25923611111111,2021-01-20 21:07:30+00:00,332.7196446342874,18.321743542946255,-5.121859510669811,350.66777963272125
2021-01-16 21:22:30,65.25629417640931,22.235013321708784,-2.25915763099346,206.6907881488603,22.26965277777778,2021-01-20 21:22:30+00:00,332.7196446342874,18.184590024167235,-5.122809596291211,349.6621353048732
2021-01-16 21:37:30,65.50449252681436,22.191594385114826,-2.2808109281028184,208.81838637518393,22.280069444444443,2021-01-20 21:37:30+00:00,332.3222269758321,18.04743650917126,-5.123759505634726,348.3509552958635
2021-01-16 21:52:30,65.75424802294947,22.14859274760221,-2.3024392522735013,201.4986217338976,22.29048611111111,2021-01-20 21:52:30+00:00,331.91093954179695,17.910282997904034,-5.124709238666433,348.6101173914196
2021-01-16 22:07:30,66.00555480010979,22.106012107879963,-2.3240399470453523,192.92075638385637,22.30090277777778,2021-01-20 22:07:30+00:00,331.91093954179695,17.773129490369122,-5.125658795352465,344.8247078464107
2021-01-16 22:22:30,66.25840666502302,22.063856161702603,-2.3456103211359647,193.71821252475056,22.311319444444443,2021-01-20 22:22:30+00:00,331.48590331034205,17.635975986570294,-5.126608175658941,342.24766144632594
2021-01-16 22:37:30,66.51279709187702,22.022128600913867,-2.367147648958045,210.95315108514188,22.32173611111111,2021-01-20 22:37:30+00:00,331.48590331034205,17.498822486467667,-5.127557379551951,341.9031719532554
2021-01-16 22:52:30,66.76871921851185,21.98083311246153,-2.3886491711786983,199.4292813604069,22.33215277777778,2021-01-20 22:52:30+00:00,331.04728219374937,17.361668990064988,-5.1285064069976505,338.8080663539762
2021-01-16 23:07:30,67.02616584256309,21.93997337741421,-2.410112095307879,190.2080640236971,22.342569444444443,2021-01-20 23:07:30+00:00,330.59527970854106,17.224515497351543,-5.129455257962172,336.58294960465247
2021-01-16 23:22:30,67.2851294182778,21.899553069913093,-2.4315335963498432,190.89567884458592,22.35298611111111,2021-01-20 23:22:30+00:00,330.59527970854106,17.087362008316653,-5.130403932411659,335.3923205342237
2021-01-16 23:37:30,67.5456020526468,21.85957585617022,-2.4529108174607135,186.89904704988209,22.36340277777778,2021-01-20 23:37:30+00:00,330.1301355544682,16.950208522949573,-5.131352430312243,333.9279751967565
2021-01-16 23:52:30,67.80757550228621,21.82004539339733,-2.4742408706727987,188.3449159451799,22.373819444444443,2021-01-20 23:52:30+00:00,329.652122153194,16.81305504123948,-5.13230075163009,332.6339353467901
2021-01-17 00:07:30,68.0710411701037,21.78096532875534,-2.4955208376398037,186.6612967137187,22.38423611111111,2021-01-21 00:07:30+00:00,329.652122153194,16.675901563175852,-5.133248896331354,330.52176908604287
2021-01-17 00:22:30,68.33599010228555,21.742339298261207,-2.516747770436276,195.13142058469543,22.39465277777778,2021-01-21 00:22:30+00:00,329.1615411924104,16.53874808874799,-5.134196864382231,329.15971062882585
2021-01-17 00:37:30,68.60241298548564,21.70417092568188,-2.537918692395441,236.07049362426352,22.405069444444443,2021-01-21 00:37:30+00:00,328.65872021577513,16.40159461794523,-5.135144655748869,326.4726925828762
2021-01-17 00:52:30,68.87030014372453,21.666463821448957,-2.5590305989703257,236.2464572737508,22.41548611111111,2021-01-21 00:52:30+00:00,328.65872021577513,16.264441150757193,-5.1360922703974685,325.0510109441662
2021-01-17 01:07:30,69.13964153604455,21.629221581506823,-2.580080458661219,238.96637066966343,22.42590277777778,2021-01-21 01:07:30+00:00,328.144009293606,16.12728768717292,-5.137039708294206,324.2467604738056
2021-01-17 01:22:30,69.41042675385069,21.592447786185645,-2.601065213965634,244.02686648289784,22.436319444444443,2021-01-21 01:22:30+00:00,327.61777780387035,15.990134227196702,-5.1379869694052855,324.0864403635689
2021-01-17 01:37:30,69.68264501873756,21.55614599903684,-2.621981782379922,246.22749978888288,22.44673611111111,2021-01-21 01:37:30+00:00,327.61777780387035,15.85298077077404,-5.138934053696903,322.1904231920926
2021-01-17 01:52:30,69.95628518027432,21.520319765673843,-2.642827057433349,256.8000931785534,22.45715277777778,2021-01-21 01:52:30+00:00,327.0804113477722,15.715827317938414,-5.139880961135282,320.5713225746615
2021-01-17 02:07:30,70.23133571403439,21.484972612590543,-2.663597909768331,241.37115685675863,22.467569444444443,2021-01-21 02:07:30+00:00,326.53230881926925,15.578673868679102,-5.140827691686634,321.62599040729253
2021-01-17 02:22:30,70.50778471993242,21.450108045960704,-2.684291188265256,246.10008929611365,22.47798611111111,2021-01-21 02:22:30+00:00,326.53230881926925,15.441520422956565,-5.141774245317174,321.12780560192914
2021-01-17 02:37:30,70.78561992052485,21.415729550449804,-2.704903721195147,247.22553462119404,22.48840277777778,2021-01-21 02:37:30+00:00,325.97387964321905,15.30436698077491,-5.14272062199315,321.192728621777
2021-01-17 02:52:30,71.06482865952555,21.381840588004593,-2.725432317418204,265.8988098443643,22.498819444444443,2021-01-21 02:52:30+00:00,325.97387964321905,15.16721354212362,-5.1436668216807755,322.88735193576593
2021-01-17 03:07:30,71.34539790100129,21.34844459660556,-2.7458737676399383,271.1315734557596,22.50923611111111,2021-01-21 03:07:30+00:00,325.4055411926104,15.030060106992291,-5.144612844346323,322.83149979310247
2021-01-17 03:22:30,71.6273142279928,21.315544989062985,-2.766224845674478,269.2937842140001,22.51965277777778,2021-01-21 03:22:30+00:00,324.8277163915123,14.89290667537057,-5.1455586899560135,321.7743858812306
2021-01-17 03:37:30,71.91056384189909,21.283145151770672,-2.786482309767928,258.6216976413348,22.530069444444443,2021-01-21 03:37:30+00:00,324.8277163915123,14.755753247262772,-5.146504358476148,320.6872565386755
2021-01-17 03:52:30,72.19513256203997,21.251248443446823,-2.806642903964319,259.09461505610125,22.54048611111111,2021-01-21 03:52:30+00:00,324.24083150698965,14.618599822614485,-5.147449849872946,322.6150727402814
2021-01-17 04:07:30,72.48100582520297,21.219858193894513,-2.8267033594917383,261.42013602437265,22.55090277777778,2021-01-21 04:07:30+00:00,323.6453141302912,14.481446401474011,-5.148395164112709,322.6210350584307
2021-01-17 04:22:30,72.7681686855017,21.188977702747433,-2.846660396193066,264.6426214233024,22.561319444444443,2021-01-21 04:22:30+00:00,323.6453141302912,14.344292983787192,-5.149340301161715,320.1658849405093
2021-01-17 04:37:30,73.05660581477132,21.158610238181183,-2.8665107240100296,274.68738429158844,22.57173611111111,2021-01-21 04:37:30+00:00,323.0415913450985,14.207139569558128,-5.150285260986225,320.0797625672417
2021-01-17 04:52:30,73.34630150270287,21.12875903567096,-2.8862510444723433,261.9404433746166,22.58215277777778,2021-01-21 04:52:30+00:00,322.4300880785275,14.069986158776716,-5.1512300435525455,321.5703421045658
2021-01-17 05:07:30,73.63723965750957,21.09942729671673,-2.905878052240271,276.00475500672326,22.592569444444443,2021-01-21 05:07:30+00:00,322.4300880785275,13.932832751447156,-5.152174648826974,321.8671330524419
2021-01-17 05:22:30,73.92940380692667,21.070618187557404,-2.9253884366848335,270.87005474240016,22.60298611111111,2021-01-21 05:22:30+00:00,321.81122562885326,13.795679347515742,-5.153119076775838,325.7719094113084
2021-01-17 05:37:30,74.22277709922157,21.042334837915188,-2.944778883482858,294.5340273004026,22.61340277777778,2021-01-21 05:37:30+00:00,321.1854203625736,13.658525947015733,-5.154063327365418,323.04104724805893
2021-01-17 05:52:30,74.51734230469766,21.014580339698544,-2.9640460762677328,284.03913561114473,22.623819444444443,2021-01-21 05:52:30+00:00,321.1854203625736,13.521372549936933,-5.155007400562052,322.0552773140419
2021-01-17 06:07:30,74.81308181713608,20.98735774575779,-2.9831866982795927,294.991652754591,22.63423611111111,2021-01-21 06:07:30+00:00,320.5530825723877,13.384219156240103,-5.1559512963320655,323.14439409598003
2021-01-17 06:22:30,75.1099776559443,20.96067006859083,-3.0021974340742914,285.08993588536015,22.64465277777778,2021-01-21 06:22:30+00:00,319.91461548692047,13.247065765929582,-5.15689501464179,323.6087924318308
2021-01-17 06:37:30,75.4080114680788,20.93452027909169,-3.021074971237045,253.8861786505395,22.655069444444443,2021-01-21 06:37:30+00:00,319.91461548692047,13.109912379009964,-5.157838555457573,325.3756260434057
2021-01-17 06:52:30,75.7071645307995,20.90891130526865,-3.039816002143827,248.02665901502505,22.66548611111111,2021-01-21 06:52:30+00:00,319.27041442252863,12.972758995441897,-5.158781918745747,323.51140790205903
2021-01-17 07:07:30,76.00741775407332,20.883846031001585,-3.0584172257225544,256.43127651143607,22.67590277777778,2021-01-21 07:07:30+00:00,319.27041442252863,12.835605615244296,-5.15972510447267,323.26470042663703
2021-01-17 07:22:30,76.3087516837077,20.85932729478537,-3.076875349254516,267.48629632383256,22.686319444444443,2021-01-21 07:22:30+00:00,318.6208660672503,12.698452238378213,-5.160668112604723,324.5051275936084
2021-01-17 07:37:30,76.6111465045811,20.83535788848325,-3.0951870901902434,270.454694832595,22.69673611111111,2021-01-21 07:37:30+00:00,317.9663478868726,12.561298864848023,-5.16161094310824,323.7141267191351
2021-01-17 07:52:30,76.91458204433303,20.81194055608222,-3.11334917799443,284.14023372287147,22.70715277777778,2021-01-21 07:52:30+00:00,317.9663478868726,12.424145494658218,-5.162553595949631,323.85987227389563
2021-01-17 08:07:30,77.21903777697342,20.789077992477917,-3.1313583559887492,259.2803829989022,22.717569444444443,2021-01-21 08:07:30+00:00,317.30722764316295,12.286992127784345,-5.163496071095261,321.68428862919683
2021-01-17 08:22:30,77.52449282704802,20.76677284225496,-3.149211383227006,244.1666343130023,22.72798611111111,2021-01-21 08:22:30+00:00,316.6438630145061,12.149838764201675,-5.164438368511507,317.7836075999682
2021-01-17 08:37:30,77.8309259740272,20.74502769847967,-3.166905036378569,240.40846287262167,22.73840277777778,2021-01-21 08:37:30+00:00,316.6438630145061,12.01268540392948,-5.16538048816478,317.1784624205325
2021-01-17 08:52:30,78.13831565699013,20.72384510150875,-3.1844361116238784,223.9663004231859,22.748819444444443,2021-01-21 08:52:30+00:00,315.9766013094923,11.875532046943263,-5.1663224300215,317.2986723904921
2021-01-17 09:07:30,78.4466399797034,20.703227537807507,-3.20180142656344,243.77594304385389,22.75923611111111,2021-01-21 09:07:30+00:00,315.30577926438286,11.738378693218404,-5.1672641940480295,319.2222728115883
2021-01-17 09:22:30,78.75587671542984,20.683177438799728,-3.218997822118997,245.29642427301312,22.76965277777778,2021-01-21 09:22:30+00:00,315.30577926438286,11.601225342774253,-5.16820578021082,320.03073906245857
2021-01-17 09:37:30,79.06600331290825,20.6636971797093,-3.2360221644627987,245.8026672209844,22.780069444444443,2021-01-21 09:37:30+00:00,314.63172291582106,11.464071995571866,-5.169147188476294,321.02662686969865
2021-01-17 09:52:30,79.37699690171627,20.64478907844135,-3.2528713469296995,249.00803665023105,22.79048611111111,2021-01-21 09:52:30+00:00,313.9547475406424,11.326918651644776,-5.170088418810865,320.36462887881913
2021-01-17 10:07:30,79.68883429860725,20.626455394467985,-3.2695422919425856,232.66014044159203,22.80090277777778,2021-01-21 10:07:30+00:00,313.9547475406424,11.18976531092502,-5.171029471180973,318.52517728978495
2021-01-17 10:22:30,80.00149201377555,20.608698327734,-3.286031952936626,239.34852661412432,22.811319444444443,2021-01-21 10:22:30+00:00,313.2751576551507,11.052611973446693,-5.1719703455530786,318.7249404277785
2021-01-17 10:37:30,80.31494625733049,20.591520017600676,-3.302337316264387,250.71357580403136,22.82173611111111,2021-01-21 10:37:30+00:00,312.5932470667547,10.915458639185063,-5.172911041893613,319.62530142830644
2021-01-17 10:52:30,80.62917294617904,20.5749225417906,-3.318455403112986,259.4712117094382,22.83215277777778,2021-01-21 10:52:30+00:00,312.5932470667547,10.778305308130646,-5.173851560169039,317.0368121954098
2021-01-17 11:07:30,80.94414771129316,20.558907915366056,-3.33438327140467,257.9201392723281,22.842569444444443,2021-01-21 11:07:30+00:00,311.9092989713946,10.641151980287932,-5.174791900345836,314.01966240029674
2021-01-17 11:22:30,81.25984590494711,20.543478089732695,-3.350118017684552,270.1467426255172,22.85298611111111,2021-01-21 11:22:30+00:00,311.9092989713946,10.503998655603782,-5.175732062390455,312.37247263958443
2021-01-17 11:37:30,81.57624260829121,20.528634951665392,-3.3656567789966876,258.1472997631712,22.86340277777778,2021-01-21 11:37:30+00:00,311.2235860907155,10.3668453341265,-5.176672046269394,311.1376103028858
2021-01-17 11:52:30,81.89331263943559,20.514380322360147,-3.3809967347467067,261.42793111736165,22.873819444444443,2021-01-21 11:52:30+00:00,310.536370843468,10.229692015802764,-5.1776118519491146,310.23928770172506
2021-01-17 12:07:30,82.21103056142425,20.500715956517027,-3.3961351085426736,254.45898202430408,22.88423611111111,2021-01-21 12:07:30+00:00,310.536370843468,10.092538700637476,-5.178551479396121,313.5278374009593
2021-01-17 12:22:30,82.52937069068925,20.487643541449124,-3.411069170016249,258.9257062679044,22.89465277777778,2021-01-21 12:22:30+00:00,309.8479055461168,9.955385388635612,-5.179490928576928,311.7139677239844
2021-01-17 12:37:30,82.84830710552468,20.475164696221707,-3.4257962366196297,254.85110843654152,22.905069444444443,2021-01-21 12:37:30+00:00,309.158432638128,9.81823207975821,-5.180430199458011,308.2041497734319
2021-01-17 12:52:30,83.16781365507798,20.463280970822098,-3.440313675398471,259.6974204738118,22.91548611111111,2021-01-21 12:52:30+00:00,309.158432638128,9.681078774010468,-5.181369292005901,304.3266555370061
2021-01-17 13:07:30,83.48786396817171,20.451993845362132,-3.454618904733288,259.4828590286136,22.92590277777778,2021-01-21 13:07:30+00:00,308.4681849278626,9.543925471382533,-5.182308206187122,300.2382888860351
2021-01-17 13:22:30,83.80843146282712,20.441304729310183,-3.468709396055944,367.22293316357354,22.936319444444443,2021-01-21 13:22:30+00:00,307.7773858554515,9.406772171879457,-5.183246941968181,302.61017038980305
2021-01-17 13:37:30,84.12948935551027,20.431214960758343,-3.482582675528281,238.5176845129479,22.94673611111111,2021-01-21 13:37:30+00:00,307.7773858554515,9.26961887547724,-5.184185499315641,302.46707475422
2021-01-17 13:52:30,84.45101067093609,20.421725805725824,-3.496236325685993,295.453512014187,22.95715277777778,2021-01-21 13:52:30+00:00,307.08624976943497,9.13246558215166,-5.185123878196028,301.4786549010255
2021-01-17 14:07:30,84.77296824580355,20.412838456296953,-3.509667986987637,318.984315422824,22.967569444444443,2021-01-21 14:07:30+00:00,306.39498221434553,8.99531229192225,-5.186062078575876,300.6956037840846
2021-01-17 14:22:30,85.0953347476676,20.404554031653404,-3.522875359480795,346.9011257413458,22.97798611111111,2021-01-21 14:22:30+00:00,306.39498221434553,8.858159004750599,-5.187000100421764,299.65021066857463
2021-01-17 14:37:30,85.41808269474032,20.39687357959701,-3.535856204397605,337.2364794036572,22.98840277777778,2021-01-21 14:37:30+00:00,305.70378022677596,8.721005720656096,-5.187937943700227,297.99666110183637
2021-01-17 14:52:30,85.74118444459832,20.3897980715764,-3.548608345429925,245.31937145566863,22.998819444444443,2021-01-21 14:52:30+00:00,305.01283263782136,8.583852439629483,-5.188875608377849,301.3938574873466
2021-01-17 15:07:30,86.06461221387801,20.38332840401242,-3.561129670256866,252.4478782466902,23.00923611111111,2021-01-21 15:07:30+00:00,305.01283263782136,8.446699161617644,-5.189813094421209,301.4013254413922
2021-01-17 15:22:30,86.38833808897613,20.377465397822423,-3.5734181319312968,263.24029023729565,23.01965277777778,2021-01-21 15:22:30+00:00,304.32232038010187,8.309545886654679,-5.190750401796887,304.46470613415516
2021-01-17 15:37:30,86.71233403687361,20.37220979798009,-3.5854717502152047,268.85506852506114,23.030069444444443,2021-01-21 15:37:30+00:00,304.32232038010187,8.17239261473133,-5.191687530471466,300.25826519983445
2021-01-17 15:52:30,87.03657191590494,20.36756227311685,-3.597288612861495,276.7258011082024,23.04048611111111,2021-01-21 15:52:30+00:00,303.6324167978787,8.035239345809007,-5.192624480411537,304.4147653496568
2021-01-17 16:07:30,87.361023486849,20.36352341516467,-3.608866876842301,242.6020111037776,23.05090277777778,2021-01-21 16:07:30+00:00,302.94328795905665,7.898086079907508,-5.193561251583713,305.19649150700906
2021-01-17 16:22:30,87.68566042403373,20.36009373903598,-3.6202047695236113,254.8410775416875,23.061319444444443,2021-01-21 16:22:30+00:00,302.94328795905665,7.760932816988434,-5.1944978439546095,298.5253199777407
2021-01-17 16:37:30,88.01045432661734,20.357273682346595,-3.63130058977944,237.9857902706061,23.07173611111111,2021-01-21 16:37:30+00:00,302.25509296813794,7.623779557056933,-5.195434257490841,293.054561835864
2021-01-17 16:52:30,88.33537672963972,20.355063605181627,-3.642152709045788,236.47194091319517,23.08215277777778,2021-01-21 16:52:30+00:00,301.56798427944676,7.486626300118393,-5.19637049215901,291.24466703765535
2021-01-17 17:07:30,88.66039911557789,20.3534637898988,-3.652759572320001,237.0928291338277,23.092569444444443,2021-01-21 17:07:30+00:00,301.56798427944676,7.349473046148779,-5.197306547925776,291.1943185732835
2021-01-17 17:22:30,88.98549292569179,20.35247444097732,-3.663119699091119,241.940198644953,23.10298611111111,2021-01-21 17:22:30+00:00,300.8821080101896,7.21231979512455,-5.198242424757756,289.35262474494533
2021-01-17 17:37:30,89.31062957132497,20.352095684907145,-3.6732316842105,243.0679038707924,23.11340277777778,2021-01-21 17:37:30+00:00,300.1976042531585,7.07516654706542,-5.199178122621625,291.54675782388637
2021-01-17 17:52:30,89.63578044575227,20.35232757011947,-3.68309419870183,246.52371332246352,23.123819444444443,2021-01-21 17:52:30+00:00,300.1976042531585,6.938013301947504,-5.200113641483988,294.02202323738214
2021-01-17 18:07:30,89.96091693507601,20.353170066962495,-3.6927059904935824,249.48169429669605,23.13423611111111,2021-01-21 18:07:30+00:00,299.51460738911726,6.800860059747299,-5.201048981311536,294.9015555025572
2021-01-17 18:22:30,90.28601043026096,20.35462306771518,-3.70206588510024,243.04681030063227,23.14465277777778,2021-01-21 18:22:30+00:00,298.83324639915026,6.66370682048466,-5.201984142070927,295.24339507645016
2021-01-17 18:37:30,90.61103233831852,20.35668638664727,-3.711172786224592,247.8860115696704,23.155069444444443,2021-01-21 18:37:30+00:00,298.83324639915026,6.526553584150377,-5.202919123728827,295.3373467563785
2021-01-17 18:52:30,90.93595409401637,20.359359760119737,-3.720025676301427,256.2714771051623,23.16548611111111,2021-01-21 18:52:30+00:00,298.153645177491,6.389400350706241,-5.20385392625193,294.03768185070356
2021-01-17 19:07:30,91.26074717104338,20.362642846725254,-3.7286236169620266,276.0841712932407,23.17590277777778,2021-01-21 19:07:30+00:00,297.47592284560204,6.252247120172282,-5.204788549606928,293.50912489476764
2021-01-17 19:22:30,91.58538309364192,20.366535227475246,-3.736965749440664,278.5342626816419,23.186319444444443,2021-01-21 19:22:30+00:00,297.47592284560204,6.115093892495651,-5.205722993760473,294.2364257890135
2021-01-17 19:37:30,91.90983344793302,20.371036406024096,-3.745051294904115,275.4355298045763,23.19673611111111,2021-01-21 19:37:30+00:00,296.8001940685356,5.977940667725596,-5.206657258679312,294.5000927471712
2021-01-17 19:52:30,92.23406989314148,20.376145808924004,-3.75287955471491,275.0186757436194,23.20715277777778,2021-01-21 19:52:30+00:00,296.8001940685356,5.840787445809411,-5.207591344330148,294.7478601902642
2021-01-17 20:07:30,92.55806417276796,20.38186278591371,-3.7604499106229414,276.4607679465777,23.217569444444443,2021-01-21 20:07:30+00:00,296.1265693748901,5.703634226781668,-5.208525250679653,294.3000238492726
2021-01-17 20:22:30,92.88178812597434,20.38818661034203,-3.767761824891125,277.1974042340347,23.22798611111111,2021-01-21 20:22:30+00:00,295.45515548198324,5.566481010589671,-5.209458977694589,294.570315605374
2021-01-17 20:37:30,93.205213698366,20.39511647951913,-3.774814840346557,274.62049151686915,23.23840277777778,2021-01-21 20:37:30+00:00,295.45515548198324,5.429327797224605,-5.210392525341683,296.3643108885179
2021-01-17 20:52:30,93.52831295303992,20.402651515141304,-3.781608580365063,287.67011166470706,23.248819444444443,2021-01-21 20:52:30+00:00,294.7860556281995,5.292174586691815,-5.211325893587634,296.99499165275455
2021-01-17 21:07:30,93.85105808137035,20.41079076375876,-3.788142748785897,294.64611561905497,23.25923611111111,2021-01-21 21:07:30+00:00,294.1193699148477,5.155021379011629,-5.212259082399227,297.914513607335
2021-01-17 21:22:30,94.17342141372517,20.41953319728476,-3.7944171297595655,296.0420415348538,23.26965277777778,2021-01-21 21:22:30+00:00,294.1193699148477,5.017868174131509,-5.213192091743198,298.043034687442
2021-01-17 21:37:30,94.49537542998092,20.42887771353817,-3.800431587524328,308.05217998990565,23.280069444444443,2021-01-21 21:37:30+00:00,293.45519566028696,4.880714972071493,-5.21412492158629,298.0576092429181
2021-01-17 21:52:30,94.81689276991386,20.4388231368262,-3.806186066117729,302.36775949539765,23.29048611111111,2021-01-21 21:52:30+00:00,292.7936277695579,4.74356177277907,-5.215057571895266,297.19903542941944
2021-01-17 22:07:30,95.13794624354566,20.44936821856625,-3.811680589022717,299.97670536164924,23.30090277777778,2021-01-21 22:07:30+00:00,292.7936277695579,4.606408576303673,-5.215990042636923,297.86416514296315
2021-01-17 22:22:30,95.45850884110334,20.46051163793748,-3.816915258744147,320.68622801946174,23.311319444444443,2021-01-21 22:22:30+00:00,292.1347591233047,4.469255382592823,-5.21692233377802,298.618067148952
2021-01-17 22:37:30,95.77855374285907,20.47225200257152,-3.821890256323565,318.91919719356054,23.32173611111111,2021-01-21 22:37:30+00:00,291.4786809903973,4.3321021916812485,-5.21785444528534,298.52929485650685
2021-01-17 22:52:30,96.09805432898727,20.48458784927905,-3.8266058407904473,318.2394154191412,23.33215277777778,2021-01-21 22:52:30+00:00,291.4786809903973,4.194949003501991,-5.218786377125669,297.9443854235173
2021-01-17 23:07:30,96.4169841891252,20.4975176448076,-3.8310623485505424,304.01059056761267,23.342569444444443,2021-01-21 23:07:30+00:00,290.8254834693813,4.057795818089871,-5.219718129265829,299.1875347801892
2021-01-17 23:22:30,96.73531713143382,20.511039786631184,-3.8352601927117984,290.97133354553307,23.35298611111111,2021-01-21 23:22:30+00:00,290.1752559647094,3.920642635421777,-5.2206497016726034,303.2368762752736
2021-01-17 23:37:30,97.05302719190604,20.525152603773737,-3.839199862352936,294.04821990138606,23.36340277777778,2021-01-21 23:37:30+00:00,290.1752559647094,3.783489455488696,-5.221581094312809,303.1852028513131
2021-01-17 23:52:30,97.3700886432809,20.53985435766326,-3.8428819217320176,296.4201035448185,23.373819444444443,2021-01-21 23:52:30+00:00,289.5280877046623,3.646336278296629,-5.22251230715326,302.03865416720174
2021-01-18 00:07:30,97.68647600341372,20.555143243011372,-3.846307009438437,294.7441585521914,23.38423611111111,2021-01-22 00:07:30+00:00,289.5280877046623,3.5091831038077217,-5.223443340160802,301.69727323316636
2021-01-18 00:22:30,98.00216404410916,20.57101738873127,-3.8494758374915583,255.15223167016364,23.39465277777778,2021-01-22 00:22:30+00:00,288.88406830896463,3.372029932042368,-5.224374193302239,300.29679094787605
2021-01-18 00:37:30,98.31712779910823,20.587474858876945,-3.8523891903844314,293.8230383973289,23.405069444444443,2021-01-22 00:37:30+00:00,288.2432884153706,3.2348767629629323,-5.225304866544444,299.89376233115803
2021-01-18 00:52:30,98.6313425720167,20.604513653605355,-3.855047924074683,291.99249072708733,23.41548611111111,2021-01-22 00:52:30+00:00,288.2432884153706,3.0977235965897467,-5.226235359854226,299.79330630415774
2021-01-18 01:07:30,98.94478394399432,20.622131710170024,-3.857452964927968,301.7372704507512,23.42590277777778,2021-01-22 01:07:30+00:00,287.6058403759629,2.9605704328852185,-5.227165673198486,299.0168799851605
2021-01-18 01:22:30,99.25742778130278,20.640326903943755,-3.8596053086128776,291.49360477579364,23.436319444444443,2021-01-22 01:22:30+00:00,286.97181903559624,2.823417271869725,-5.2280958065440455,298.50809550308713
2021-01-18 01:37:30,99.56925024242284,20.65909704945202,-3.861506018948345,284.4468407137707,23.44673611111111,2021-01-22 01:37:30+00:00,286.97181903559624,2.686264113534872,-5.229025759857804,298.692264885921
2021-01-18 01:52:30,99.880227785044,20.67843990144221,-3.8631562267088855,298.9796271794623,23.45715277777778,2021-01-22 01:52:30+00:00,286.34132260687704,2.549110957842804,-5.229955533106609,303.3971963855102
2021-01-18 02:07:30,100.19033717263572,20.698353155964163,-3.8645571283864633,292.68311769616025,23.467569444444443,2021-01-22 02:07:30+00:00,285.7144536583191,2.4119578047995716,-5.230885126257348,302.5486922648859
2021-01-18 02:22:30,100.499555480968,20.71883445147801,-3.8657099849130456,294.37997755822545,23.47798611111111,2021-01-22 02:22:30+00:00,285.7144536583191,2.2748046543968465,-5.231814539276936,304.80165354956677
2021-01-18 02:37:30,100.80786010407564,20.73988136997321,-3.866616120344762,291.92429148983246,23.48840277777778,2021-01-22 02:37:30+00:00,285.0913202349191,2.13765150664055,-5.232743772132238,301.6164506982537
2021-01-18 02:52:30,101.11522876029922,20.761491438118924,-3.867276920510781,297.8493567710891,23.498819444444443,2021-01-22 02:52:30+00:00,284.47203713338735,2.0004983615076637,-5.2336728247901725,297.85754034501946
2021-01-18 03:07:30,101.42163949759905,20.78366212840884,-3.86769383162817,289.7514014927603,23.50923611111111,2021-01-22 03:07:30+00:00,284.47203713338735,1.8633452189752655,-5.234601697217647,298.6236319792246
2021-01-18 03:22:30,101.72707069908772,20.80639086034764,-3.8678683588851297,299.4991652754591,23.51965277777778,2021-01-22 03:22:30+00:00,283.8567273577136,1.7261920790638758,-5.235530389381601,297.68132071971803
2021-01-18 03:37:30,102.03150108792724,20.829675001634495,-3.8678020649954714,300.6099660263864,23.530069444444443,2021-01-22 03:37:30+00:00,283.8567273577136,1.5890389417652453,-5.23645890124891,297.8032170018814
2021-01-18 03:52:30,102.33490973211438,20.85351186936552,-3.8674965687256018,296.063206118725,23.54048611111111,2021-01-22 03:52:30+00:00,283.24552378470975,1.4518858070418137,-5.237387232786554,296.5498052309405
2021-01-18 04:07:30,102.63727604883051,20.877898731243988,-3.8669535433959887,292.7496348080133,23.55090277777778,2021-01-22 04:07:30+00:00,282.63857107370904,1.3147326748997683,-5.238315383961434,296.9949916527546
2021-01-18 04:22:30,102.93857980882385,20.902832806815205,-3.8661747153604655,264.35920332336843,23.561319444444443,2021-01-22 04:22:30+00:00,282.63857107370904,1.1775795453453348,-5.239243354740535,297.89927657206454
2021-01-18 04:37:30,103.23880113994436,20.92831126868257,-3.86516186246516,261.8800465107215,23.57173611111111,2021-01-22 04:37:30+00:00,282.03602785981235,1.0404264183411367,-5.240171145090776,298.7399634311153
2021-01-18 04:52:30,103.53792053117044,20.954331243771875,-3.863916812488142,267.88057615405523,23.58215277777778,2021-01-22 04:52:30+00:00,281.4380692760181,0.9032732939077998,-5.241098754979123,301.8920422927101
2021-01-18 05:07:30,103.8359188356166,20.980889814568396,-3.8624414415629498,263.6495326192162,23.592569444444443,2021-01-22 05:07:30+00:00,281.4380692760181,0.7661201720227468,-5.242026184372561,301.32959694729306
2021-01-18 05:22:30,104.13277727384911,21.007984020383365,-3.860737672587908,276.30935279729783,23.60298611111111,2021-01-22 05:22:30+00:00,280.84488985636517,0.6289670526775558,-5.242953433238052,300.5008347245409
2021-01-18 05:37:30,104.42847743641066,21.03561085860692,-3.858807473624178,266.4908440136934,23.61340277777778,2021-01-22 05:37:30+00:00,280.25670687994597,0.491813935863983,-5.243880501542581,301.01684625891636
2021-01-18 05:52:30,104.7230012865415,21.06376728598388,-3.856652856282264,273.27328493225144,23.623819444444443,2021-01-22 05:52:30+00:00,280.25670687994597,0.3546608215883846,-5.244807389253123,302.3345787953468
2021-01-18 06:07:30,105.0163311622948,21.092450219878454,-3.8542758741016288,269.4451842565105,23.63423611111111,2021-01-22 06:07:30+00:00,279.6737642244115,0.217507709813589,-5.245734096336693,301.44685587089594
2021-01-18 06:22:30,105.30844977852834,21.121656539550447,-3.8516786209241607,267.3758589897892,23.64465277777778,2021-01-22 06:22:30+00:00,279.0963368075063,0.0803546005603622,-5.246660622760275,302.0642870392453
2021-01-18 06:37:30,105.59934022869678,21.151383087425824,-3.848863229262955,269.9401726613097,23.655069444444443,2021-01-22 06:37:30+00:00,279.0963368075063,359.943201493806,-5.24758696849089,302.9400853273975
2021-01-18 06:52:30,105.88898598606453,21.18162667037037,-3.8458318686703152,225.2555412956828,23.66548611111111,2021-01-22 06:52:30+00:00,278.5247357063258,359.80604838954235,-5.248513133495554,301.3249595887325
2021-01-18 07:07:30,106.1773709052793,21.212384060969715,-3.8425867441037793,225.3525198035642,23.67590277777778,2021-01-22 07:07:30+00:00,277.95931405649384,359.66889528776153,-5.249439117741277,300.48397160250244
2021-01-18 07:22:30,106.46447922289592,21.24365199879066,-3.839130094295832,226.96516385659308,23.686319444444443,2021-01-22 07:22:30+00:00,277.95931405649384,359.53174218845527,-5.250364921195113,301.97153986803403
2021-01-18 07:37:30,106.75029555829562,21.275427191655577,-3.835464190125626,223.13913666929815,23.69673611111111,2021-01-22 07:37:30+00:00,277.40047384737204,359.3945890916154,-5.251290543824078,304.9805230940456
2021-01-18 07:52:30,107.03480491403636,21.307706316900777,-3.831591332996899,219.28942998885205,23.70715277777778,2021-01-22 07:52:30+00:00,277.40047384737204,359.25743599724865,-5.252215985595239,307.7397514375811
2021-01-18 08:07:30,107.31799267618965,21.340486022652215,-3.827513853220707,217.3866466313693,23.717569444444443,2021-01-22 08:07:30+00:00,276.8486737447941,359.12028290531777,-5.253141246475627,306.7228449532289
2021-01-18 08:22:30,107.5998446139671,21.373762929052425,-3.823234108411586,216.0823594880356,23.72798611111111,2021-01-22 08:22:30+00:00,276.3044380896532,358.9831298158438,-5.254066326432306,305.80133555926545
2021-01-18 08:37:30,107.88034687990692,21.407533629542016,-3.818754481886604,218.8945059085306,23.73840277777778,2021-01-22 08:37:30+00:00,276.3044380896532,358.8459767288043,-5.2549912254323425,303.34154808278345
2021-01-18 08:52:30,108.15948600895456,21.441794692071127,-3.8140773810838895,253.66696432037895,23.748819444444443,2021-01-22 08:52:30+00:00,275.76836723888874,358.7088236441912,-5.255915943442806,304.8228529029864
2021-01-18 09:07:30,108.43724891798554,21.476542660351846,-3.8092052359880295,256.6729243940939,23.75923611111111,2021-01-22 09:07:30+00:00,275.2411494348254,358.5716705620113,-5.256840480430796,310.9494660412857
2021-01-18 09:22:30,108.71362290486135,21.511774055077975,-3.8041404975733824,254.0357960942657,23.76965277777778,2021-01-22 09:22:30+00:00,275.2411494348254,358.4345174822275,-5.257764836363384,310.4618809126321
2021-01-18 09:37:30,108.98859564707033,21.547485375125422,-3.798885636264433,215.66878649889895,23.780069444444443,2021-01-22 09:37:30+00:00,274.7235744090803,358.29736440486084,-5.258689011207665,310.3081856003392
2021-01-18 09:52:30,109.26215520074432,21.583673098793327,-3.793443140406396,219.544102026534,23.79048611111111,2021-01-22 09:52:30+00:00,274.21654894781125,358.1602113298891,-5.259613004930756,309.78018920422926
2021-01-18 10:07:30,109.53428999873375,21.62033368494948,-3.787815514766419,218.40681291127237,23.80090277777778,2021-01-22 10:07:30+00:00,274.21654894781125,358.0230582573042,-5.260536817499723,308.6215120438826
2021-01-18 10:22:30,109.80498884911016,21.657463574255083,-3.782005279041307,221.0710622521004,23.811319444444443,2021-01-22 10:22:30+00:00,273.7211146650809,357.88590518709844,-5.26146044888173,308.32298845654435
2021-01-18 10:37:30,110.0742409331936,21.695059190311905,-3.77601496639522,222.25276269785232,23.82173611111111,2021-01-22 10:37:30+00:00,273.23846824931195,357.74875211926405,-5.26238389904387,304.3705320833869
2021-01-18 10:52:30,110.34203580330534,21.733116940823734,-3.7698471220156313,213.08727293119887,23.83215277777778,2021-01-22 10:52:30+00:00,273.23846824931195,357.61159905379327,-5.263307167953295,303.10570527598907
2021-01-18 11:07:30,110.60836338073292,21.77163321874731,-3.763504301691512,222.35050635624873,23.842569444444443,2021-01-22 11:07:30+00:00,272.7699844624173,357.4744459906927,-5.2642302555771225,306.54224276928784
2021-01-18 11:22:30,110.87321395304588,21.810604403414747,-3.756989070416901,216.17855771678032,23.85298611111111,2021-01-22 11:22:30+00:00,272.3172421797143,357.3372929299401,-5.265153161882513,307.2687283037867
2021-01-18 11:37:30,111.13657817158372,21.850026861654584,-3.7503040010179145,205.23795800846395,23.86340277777778,2021-01-22 11:37:30+00:00,272.3172421797143,357.20013987152777,-5.2660758868366,304.13652383602306
2021-01-18 11:52:30,111.3984470487287,21.889896948889312,-3.7434516728057656,205.29886641685175,23.873819444444443,2021-01-22 11:52:30+00:00,271.88205375777585,357.062986815448,-5.266998430406553,306.24545182141173
2021-01-18 12:07:30,111.65881195500587,21.930211010234935,-3.7364346702530216,204.53154739091744,23.88423611111111,2021-01-22 12:07:30+00:00,271.88205375777585,356.9258337616932,-5.26792079255954,304.6837321461696
2021-01-18 12:22:30,111.91766461578176,21.97096538154465,-3.729255581704074,210.75213950160568,23.89465277777778,2021-01-22 12:22:30+00:00,271.4664980023255,356.78868071027006,-5.268842973262733,307.19718048599515
2021-01-18 12:37:30,112.17499710835672,22.012156390481778,-3.7219169981042217,216.49457916241727,23.905069444444443,2021-01-22 12:37:30+00:00,271.0729569730806,356.6515276611419,-5.269764972483298,307.7072899276572
2021-01-18 12:52:30,112.43080185856832,22.053780357564236,-3.714421511759354,211.87945671726777,23.91548611111111,2021-01-22 12:52:30+00:00,271.0729569730806,356.51437461434483,-5.270686790188432,308.43999258022626
2021-01-18 13:07:30,112.685071637154,22.095833597161576,-3.706771715129761,207.2536949101651,23.92590277777778,2021-01-22 13:07:30+00:00,270.7041567991356,356.3772215698276,-5.271608426345345,308.5141903171953
2021-01-18 13:22:30,112.93779955639286,22.138312418517643,-3.698970199644021,211.26293806725627,23.936319444444443,2021-01-22 13:22:30+00:00,270.36321257686717,356.2400685275971,-5.272529880921225,313.68153271325224
2021-01-18 13:37:30,113.18897906634824,22.181213126728856,-3.691019554548277,210.60364643314176,23.94673611111111,2021-01-22 13:37:30+00:00,270.36321257686717,356.1029154876457,-5.273451153883265,321.86448313326446
2021-01-18 13:52:30,113.43860395103628,22.22453202371787,-3.68292236578214,219.24980761923803,23.95715277777778,2021-01-22 13:52:30+00:00,270.05367726956706,355.9657624499805,-5.2743722451987,326.392472302322
2021-01-18 14:07:30,113.68666832457964,22.268265409176763,-3.674681214886731,220.7093852018373,23.967569444444443,2021-01-22 14:07:30+00:00,269.77959430818527,355.82860941456494,-5.275293154834745,326.34862818502216
2021-01-18 14:22:30,113.9331666272492,22.312409581509907,-3.6662986779391535,217.27074304987505,23.97798611111111,2021-01-22 14:22:30+00:00,269.77959430818527,355.69145638142055,-5.276213882758623,328.3722028296319
2021-01-18 14:37:30,114.17809362124692,22.356960838734043,-3.6577773245235288,219.47991458675008,23.98840277777778,2021-01-22 14:37:30+00:00,269.5455532865405,355.55430335053984,-5.277134428937589,329.3796539205554
2021-01-18 14:52:30,114.42144438669014,22.401915479377305,-3.6491197167266938,219.5667870932103,23.998819444444443,2021-01-22 14:52:30+00:00,269.3567477297825,355.4171503218863,-5.278054793338885,328.90507748604574
2021-01-18 15:07:30,114.66321431729617,22.447269803361948,-3.64032840816604,221.0658383052704,24.00923611111111,2021-01-22 15:07:30+00:00,269.3567477297825,355.27999729548156,-5.278974975929737,327.7091448710815
2021-01-18 15:22:30,114.9033991162514,22.493020112874778,-3.6314059430456895,223.02827820779677,24.01965277777778,2021-01-22 15:22:30+00:00,269.2190333667853,355.14284427128933,-5.279894976677442,323.873121869783
2021-01-18 15:37:30,115.1419947914334,22.539162713162582,-3.6223548552541738,242.17486536655576,24.030069444444443,2021-01-22 15:37:30+00:00,269.13898462929444,355.005691249331,-5.280814795549232,320.85486392665024
2021-01-18 15:52:30,115.37899765140772,22.58569391339836,-3.613177667475419,227.0662652343109,24.04048611111111,2021-01-22 15:52:30+00:00,269.13898462929444,354.8685382295847,-5.2817344325123905,324.3211620507113
2021-01-18 16:07:30,115.61440430074649,22.63261002745907,-3.6038768903441607,230.27905272258457,24.05090277777778,2021-01-22 16:07:30+00:00,269.1239462082834,354.7313852120432,-5.282653887534208,332.03487293637545
2021-01-18 16:22:30,115.84821163543732,22.67990737471125,-3.5944550216251985,232.24736747515684,24.061319444444443,2021-01-22 16:22:30+00:00,269.1239462082834,354.5942321967139,-5.283573160581963,335.787158491666
2021-01-18 16:37:30,116.08041683839087,22.72758228077548,-3.5849145454249256,223.14300119191032,24.07173611111111,2021-01-22 16:37:30+00:00,269.1820754023462,354.4570791835601,-5.284492251622961,338.78054332979207
2021-01-18 16:52:30,116.31101737479078,22.77563107826537,-3.5752579314326907,220.70276088010905,24.08215277777778,2021-01-22 16:52:30+00:00,269.32236968843324,354.31992617260363,-5.2854111606244825,336.5132363462914
2021-01-18 17:07:30,116.54001098738844,22.824050107519614,-3.5654876341903696,219.48906906111847,24.092569444444443,2021-01-22 17:07:30+00:00,269.32236968843324,354.18277316383745,-5.286329887553849,334.28104079189217
2021-01-18 17:22:30,116.7673956918504,22.872835717298905,-3.5556060923948376,217.89843914813457,24.10298611111111,2021-01-22 17:22:30+00:00,269.5546724496932,354.045620157225,-5.287248432378365,334.8729363754406
2021-01-18 17:37:30,116.99316977201994,22.921984265477548,-3.5456157282263336,222.40205103338008,24.11340277777778,2021-01-22 17:37:30+00:00,269.88964816416046,353.90846715278843,-5.288166795065385,336.02114635503614
2021-01-18 17:52:30,117.21733177516144,22.97149211970899,-3.5355189467077732,222.20574985929736,24.123819444444443,2021-01-22 17:52:30+00:00,269.88964816416046,353.77131415049115,-5.28908497558221,336.00047698545194
2021-01-18 18:07:30,117.4398805072488,23.021355658075834,-3.525318135091947,304.65722910276816,24.13423611111111,2021-01-22 18:07:30+00:00,270.3387167028437,353.6341611503551,-5.290002973896179,336.8371528304751
2021-01-18 18:22:30,117.66081502814004,23.0715712697185,-3.515015662277756,220.43822348363156,24.14465277777778,2021-01-22 18:22:30+00:00,270.91393489445574,353.49700815235894,-5.290920789974641,342.07011686143574
2021-01-18 18:37:30,117.88013464680073,23.122135355446197,-3.5046138782533434,217.0291418970818,24.155069444444443,2021-01-22 18:37:30+00:00,270.91393489445574,353.35985515650975,-5.291838423784952,340.06147812491724
2021-01-18 18:52:30,118.09783891653169,23.17304432832809,-3.494115113568529,216.15352266183217,24.16548611111111,2021-01-22 18:52:30+00:00,271.62781247234807,353.2227021627714,-5.292755875294459,338.8610647375255
2021-01-18 19:07:30,118.3139276302389,23.22429461428056,-3.4835216788299967,218.017108617722,24.17590277777778,2021-01-22 19:07:30+00:00,272.49304932619935,353.08554917116606,-5.293673144470564,341.858653311074
2021-01-18 19:22:30,118.5284008154098,23.27588265258817,-3.472835864233554,211.79230464277808,24.186319444444443,2021-01-22 19:22:30+00:00,272.49304932619935,352.9483961816575,-5.294590231280607,344.62993878686694
2021-01-18 19:37:30,118.74125872963594,23.32780489649032,-3.4620599391061178,220.01011425323264,24.19673611111111,2021-01-22 19:37:30+00:00,273.52218214961505,352.81124319428204,-5.295507135691965,344.10790470890635
2021-01-18 19:52:30,118.95250185566276,23.380057813660652,-3.4511961514902385,212.80922778158765,24.20715277777778,2021-01-22 19:52:30+00:00,274.727131704624,352.67409020898936,-5.296423857672042,343.60044518642184
2021-01-18 20:07:30,119.16213089674356,23.432637886744317,-3.440246727740196,212.8969198630384,24.217569444444443,2021-01-22 20:07:30+00:00,274.727131704624,352.5369372258014,-5.2973403971882265,343.97275883085564
2021-01-18 20:22:30,119.3701467715341,23.485541613789454,-3.4292138721599263,216.54034005087843,24.22798611111111,2021-01-22 20:22:30+00:00,276.1186476299234,352.3997842446967,-5.2982567542079355,343.7952142459655
2021-01-18 20:37:30,119.5765506099692,23.538765508786895,-3.418099766639422,214.151039846773,24.23840277777778,2021-01-22 20:37:30+00:00,276.1186476299234,352.2626312656685,-5.299172928698566,342.06746694225825
2021-01-18 20:52:30,119.7813437480541,23.592306102063233,-3.4069065703425045,213.55132116746304,24.248819444444443,2021-01-22 20:52:30+00:00,277.70565650103885,352.1254782887095,-5.300088920627535,341.9676733950523
2021-01-18 21:07:30,119.98452772336348,23.646159940737057,-3.3956364193997968,215.3933977961553,24.25923611111111,2021-01-22 21:07:30+00:00,279.4945308948129,351.988325313813,-5.301004729962255,343.70246707475417
2021-01-18 21:22:30,120.18610427038512,23.70032358912958,-3.3842914266326685,225.63629766490567,24.26965277777778,2021-01-22 21:22:30+00:00,279.4945308948129,351.8511723409866,-5.301920356670178,344.1459671843645
2021-01-18 21:37:30,120.38607531582532,23.75479362916873,-3.3728736812945774,223.60294691165913,24.280069444444443,2021-01-22 21:37:30+00:00,281.48831214396336,351.7140193702089,-5.302835800718724,347.18048599517715
2021-01-18 21:52:30,120.58444297420168,23.80956666078938,-3.3613852488341456,216.59496078925633,24.29048611111111,2021-01-22 21:52:30+00:00,283.6859360980748,351.57686640145863,-5.303751062075361,346.00789675914876
2021-01-18 22:07:30,120.78120954301828,23.86463930226881,-3.349828170687718,223.63888133970053,24.30090277777778,2021-01-22 22:07:30+00:00,283.6859360980748,351.4397134347724,-5.304666140707533,342.70079762567246
2021-01-18 22:22:30,120.97637749832052,23.920008190593748,-3.3382044640830717,248.88467376453193,24.311319444444443,2021-01-22 22:22:30+00:00,286.08152734862045,351.30256047011443,-5.3055810365826925,341.2883907040835
2021-01-18 22:37:30,121.16994949039578,23.97566998181456,-3.3265161218635995,242.90342203267255,24.32173611111111,2021-01-22 22:37:30+00:00,288.6638398704876,351.16540750746344,-5.306495749668307,339.358189575218
2021-01-18 22:52:30,121.36192833902864,24.0316213513376,-3.3147651123397965,238.2774793267638,24.33215277777778,2021-01-22 22:52:30+00:00,288.6638398704876,351.0282545468417,-5.307410279931866,341.99856904364424
2021-01-18 23:07:30,121.5523170293082,24.087858994258788,-3.302953379149988,234.07876176055697,24.342569444444443,2021-01-22 23:07:30+00:00,291.4159271061297,350.89110158822797,-5.308324627340838,340.4848536735014
2021-01-18 23:22:30,121.74111870715691,24.14437962564193,-3.2910828411464195,255.3588738111581,24.35298611111111,2021-01-22 23:22:30+00:00,294.3151185280476,350.7539486316301,-5.309238791862721,339.4493467949228
2021-01-18 23:37:30,121.9283366750359,24.20117998079431,-3.2791553922976133,220.40589613179588,24.36340277777778,2021-01-22 23:37:30+00:00,294.3151185280476,350.6167956770123,-5.310152773465001,339.37117417918756
2021-01-18 23:52:30,122.11397438773372,24.258256815550947,-3.267172901602228,220.2888948073854,24.373819444444443,2021-01-22 23:52:30+00:00,297.333360234565,350.4796427244115,-5.311066572115191,338.32220367278796
2021-01-19 00:07:30,122.29803544802014,24.315606906492544,-3.2551372130322447,217.61626056397495,24.38423611111111,2021-01-23 00:07:30+00:00,300.43794412119894,350.34248977377746,-5.311980187780801,339.9183824893341
2021-01-19 00:22:30,122.48052360255144,24.373227051212993,-3.243050145477225,214.09222894188107,24.39465277777778,2021-01-23 00:22:30+00:00,300.43794412119894,350.205336825118,-5.312893620429337,339.8812836208495
2021-01-19 00:37:30,122.66144273768188,24.43111406851532,-3.230913492718188,226.20230130350333,24.405069444444443,2021-01-23 00:37:30+00:00,303.59260679830294,350.0681838784269,-5.313806870028354,338.7338686170072
2021-01-19 00:52:30,122.84079687547234,24.489264798648865,-3.218729023403712,223.18970208253904,24.41548611111111,2021-01-23 00:52:30+00:00,303.59260679830294,349.9310309337116,-5.3147199365453535,337.2565386755704
2021-01-19 01:07:30,123.01859016964282,24.547676103489984,-3.2064984810509185,222.28805125068507,24.42590277777778,2021-01-23 01:07:30+00:00,306.7589321113829,349.79387799096577,-5.315632819947894,337.24726395844925
2021-01-19 01:22:30,123.19482690152932,24.606344866732332,-3.194223584055474,219.98608912726476,24.436319444444443,2021-01-23 01:22:30+00:00,309.897948467028,349.65672505015397,-5.316545520203518,338.7312186978298
2021-01-19 01:37:30,123.36951147625018,24.665267994056723,-3.1819060257166485,218.36856185188677,24.44673611111111,2021-01-23 01:37:30+00:00,309.897948467028,349.51957211128405,-5.317458037279785,338.73651853618463
2021-01-19 01:52:30,123.54264841880278,24.72444241329442,-3.169547474274912,220.40365589861185,24.45715277777778,2021-01-23 01:52:30+00:00,312.9717829349362,349.38241917436414,-5.318370371144247,340.3315289792752
2021-01-19 02:07:30,123.71424237024117,24.78386507457341,-3.157149572962356,239.55698376244248,24.467569444444443,2021-01-23 02:07:30+00:00,315.9452247703539,349.24526623937317,-5.319282521764484,342.77764528181893
2021-01-19 02:22:30,123.88429808403647,24.843532950469445,-3.144713940062923,221.8387830416308,24.47798611111111,2021-01-23 02:22:30+00:00,315.9452247703539,349.10811330630463,-5.320194489108074,340.6510851419032
2021-01-19 02:37:30,124.05282042218006,24.903443036105553,-3.132242168991444,221.2780534817491,24.48840277777778,2021-01-23 02:37:30+00:00,318.78706382085625,348.97096037516684,-5.321106273142585,339.1173841925094
2021-01-19 02:52:30,124.2198143518454,24.963592349306655,-3.11973582837092,222.23709529689768,24.498819444444443,2021-01-23 02:52:30+00:00,321.4711015069901,348.8338074459388,-5.322017873835624,340.15157537695103
2021-01-19 03:07:30,124.38528494139356,25.02397793066049,-3.1071964621372477,230.52706892439775,24.50923611111111,2021-01-23 03:07:30+00:00,321.4711015069901,348.69665451861397,-5.322929291154777,339.81214482049205
2021-01-19 03:22:30,124.54923735736334,25.08459684366073,-3.0946255896354273,231.75435901809487,24.51965277777778,2021-01-23 03:22:30+00:00,323.97677679451954,348.5595015931863,-5.323840525067666,338.38142936640435
2021-01-19 03:37:30,124.71167686054282,25.145446174751143,-3.0820247057427945,226.8004814225259,24.530069444444443,2021-01-23 03:37:30+00:00,326.28939778476195,348.4223486696491,-5.324751575541904,337.366992124922
2021-01-19 03:52:30,124.87260880283198,25.20652303342378,-3.0693952809900877,223.61299424081503,24.54048611111111,2021-01-23 03:52:30+00:00,326.28939778476195,348.2851957480109,-5.3256624425450925,335.99385218750825
2021-01-19 04:07:30,125.03203862386296,25.267824552282505,-3.056738761694586,224.53044878016735,24.55090277777778,2021-01-23 04:07:30+00:00,328.4000125801594,348.1480428282655,-5.326573126044881,334.4968887539839
2021-01-19 04:22:30,125.189971847616,25.32934788708536,-3.0440565701061706,223.24275868340877,24.561319444444443,2021-01-23 04:22:30+00:00,330.3049846788549,348.01088991037716,-5.3274836260088785,334.64769324535604
2021-01-19 04:37:30,125.34641407925588,25.39109021681088,-3.0313501045521196,220.55383500427567,24.57173611111111,2021-01-23 04:37:30+00:00,330.3049846788549,347.87373699435443,-5.328393942404764,335.0129002883594
2021-01-19 04:52:30,125.50137100206376,25.453048743703867,-3.018620739594758,221.1799672106409,24.58215277777778,2021-01-23 04:52:30+00:00,332.0053554750824,347.7365840802055,-5.329304075200141,334.7245409015025
2021-01-19 05:07:30,125.65484837406667,25.515220693265935,-3.0058698262036407,223.24361200006652,24.592569444444443,2021-01-23 05:07:30+00:00,332.0053554750824,347.59943116791004,-5.330214024362724,335.5221665739195
2021-01-19 05:22:30,125.8068520253016,25.57760331433155,-2.9930986919161384,222.2987172432097,24.60298611111111,2021-01-23 05:22:30+00:00,333.5060799552186,347.4622782574614,-5.331123789860129,329.60347017108285
2021-01-19 05:37:30,125.95738785457884,25.640193879041963,-2.9803086410242967,228.63493517787072,24.61340277777778,2021-01-23 05:37:30+00:00,334.81521421976726,347.3251253488682,-5.33203337166006,328.06794392771025
2021-01-19 05:52:30,126.10646182662136,25.702989682864423,-2.9675009547558435,227.2273936890061,24.623819444444443,2021-01-23 05:52:30+00:00,334.81521421976726,347.1879724421097,-5.332942769730176,327.5273604155073
2021-01-19 06:07:30,126.25407996923876,25.765988044603187,-2.954676891461885,220.9993618540938,24.63423611111111,2021-01-23 06:07:30+00:00,335.94311898959756,347.05081953717985,-5.333851984038167,327.2491189018735
2021-01-19 06:22:30,126.40024837039697,25.829186306371028,-2.941837686816209,225.05522259661657,24.64465277777778,2021-01-23 06:22:30+00:00,336.9017257245235,346.9136666340726,-5.334761014551744,328.02482251564055
2021-01-19 06:37:30,126.54497317554966,25.892581833585464,-2.9289845540130344,229.0213310720901,24.655069444444443,2021-01-23 06:37:30+00:00,336.9017257245235,346.7765137327964,-5.335669861238586,330.4210721572992
2021-01-19 06:52:30,126.68826058499565,25.95617201497097,-2.9161186839670457,221.83484101409329,24.66548611111111,2021-01-23 06:52:30+00:00,337.70389459009135,346.6393608333161,-5.336578524066412,329.9674541744659
2021-01-19 07:07:30,126.83011685101408,26.019954262480983,-2.9032412455328043,228.57058849875057,24.67590277777778,2021-01-23 07:07:30+00:00,338.36287837096273,346.5022079356693,-5.337487003002929,330.9019305680407
2021-01-19 07:22:30,126.97054827541604,26.083926011298587,-2.8903533857108927,234.23804532101303,24.686319444444443,2021-01-23 07:22:30+00:00,338.36287837096273,346.365055039821,-5.3383952980158815,326.24744945279167
2021-01-19 07:37:30,127.10956120700364,26.148084719785412,-2.8774562298669295,223.53602469745297,24.69673611111111,2021-01-23 07:37:30+00:00,338.89189460442475,346.2279021457507,-5.339303409072997,325.7439648090733
2021-01-19 07:52:30,127.24716203905692,26.212427869438805,-2.8645508819513124,223.0772217261327,24.70715277777778,2021-01-23 07:52:30+00:00,339.3037999153224,346.09074925348153,-5.340211336141994,324.8376924503803
2021-01-19 08:07:30,127.3833572069444,26.276952964845073,-2.8516384247219433,221.4592414075339,24.717569444444443,2021-01-23 08:07:30+00:00,339.3037999153224,345.95359636299304,-5.341119079190635,324.62936803504414
2021-01-19 08:22:30,127.51815318560752,26.34165753359341,-2.838719919976536,222.7194826371749,24.72798611111111,2021-01-23 08:22:30+00:00,339.610855445484,345.8164434742792,-5.342026638186661,322.8131541987969
2021-01-19 08:37:30,127.6515564874624,26.406539126250223,-2.8257964087742584,223.70596043124183,24.73840277777778,2021-01-23 08:37:30+00:00,339.82456977696,345.67929058734904,-5.342934013097846,321.96084383062674
2021-01-19 08:52:30,127.78357365995493,26.47159531627404,-2.8128689116707855,225.97958381608404,24.748819444444443,2021-01-23 08:52:30+00:00,339.82456977696,345.54213770219627,-5.343841203891965,321.68163871001934
2021-01-19 09:07:30,127.91421128346512,26.536823699947057,-2.7999384289514913,224.1983071656392,24.75923611111111,2021-01-23 09:07:30+00:00,339.9556051606948,345.40498481878615,-5.344748210536759,320.4229271007234
2021-01-19 09:22:30,128.04347596898756,26.602221896274635,-2.7870059408713184,225.3604198211489,24.76965277777778,2021-01-23 09:22:30+00:00,339.9556051606948,345.2678319371276,-5.345655033000041,320.60312160479106
2021-01-19 09:37:30,128.17137435620242,26.667787546945988,-2.77407240788418,229.44163315859336,24.780069444444443,2021-01-23 09:37:30+00:00,340.0137335409273,345.1306790572436,-5.3465616712495905,319.7315390971484
2021-01-19 09:52:30,128.29791311124794,26.733518316198328,-2.7611387708909247,233.2026245292542,24.79048611111111,2021-01-23 09:52:30+00:00,340.00783028370176,344.9935261790705,-5.34746812525321,318.79852664493734
2021-01-19 10:07:30,128.42309892490124,26.799411890779005,-2.7482059514697235,225.20703805189927,24.80090277777778,2021-01-23 10:07:30+00:00,340.00783028370176,344.85637330266064,-5.348374394978697,316.1734203470431
2021-01-19 10:22:30,128.5469385103771,26.86546597980469,-2.7352748521261385,224.6651395737081,24.811319444444443,2021-01-23 10:22:30+00:00,339.9458952799723,344.7192204279792,-5.349280480393884,325.2908286297268
2021-01-19 10:37:30,128.66943860157735,26.9316783146836,-2.722346356530887,227.8359522680473,24.82173611111111,2021-01-23 10:37:30+00:00,339.8350929277681,344.5820675550205,-5.350186381466558,323.7675327825578
2021-01-19 10:52:30,128.79060595123093,26.998046649016405,-2.70942132976227,227.14791000305615,24.83215277777778,2021-01-23 10:52:30+00:00,339.8350929277681,344.4449146837789,-5.351092098164561,325.8671860508254
2021-01-19 11:07:30,128.91044732894406,27.064568758477535,-2.696500618551731,232.946495475216,24.842569444444443,2021-01-23 11:07:30+00:00,339.6818042336284,344.30776181426336,-5.351997630455744,318.6941198293452
2021-01-19 11:22:30,129.02896951955935,27.13124244071609,-2.6835850515256796,222.5252682118777,24.85298611111111,2021-01-23 11:22:30+00:00,339.49168581798614,344.170608946439,-5.352902978307934,315.35893155258765
2021-01-19 11:37:30,129.14617932142068,27.19806551525329,-2.6706754394469305,225.1059807850958,24.86340277777778,2021-01-23 11:37:30+00:00,339.49168581798614,344.0334560803441,-5.353808141688973,316.24135463868356
2021-01-19 11:52:30,129.26208354456688,27.26503582333478,-2.6577725754653607,228.298456083136,24.873819444444443,2021-01-23 11:52:30+00:00,339.2697319232798,343.8963032159293,-5.354713120566749,318.85549990725286
2021-01-19 12:07:30,129.3766890092347,27.33215122784549,-2.6448772353540995,230.16431870423284,24.88423611111111,2021-01-23 12:07:30+00:00,339.0203366030384,343.75915035321816,-5.355617914909086,320.1473355062671
2021-01-19 12:22:30,129.49000254415006,27.39940961316772,-2.63199017775775,232.31190326154805,24.89465277777778,2021-01-23 12:22:30+00:00,339.0203366030384,343.62199749219064,-5.356522524683888,318.8184010387683
2021-01-19 12:37:30,129.60203098034907,27.466808884825618,-2.6191121446167034,228.30898690015377,24.905069444444443,2021-01-23 12:37:30+00:00,338.7473541311661,343.48484463284126,-5.3574269498590175,321.16225455123623
2021-01-19 12:52:30,129.71278115725448,27.534346969697516,-2.6062438611147787,223.6321517775103,24.91548611111111,2021-01-23 12:52:30+00:00,338.45415633960005,343.34769177517904,-5.358331190402365,317.1257651641625
2021-01-19 13:07:30,129.8222599268517,27.602021816283,-2.59338603570105,227.52284936632387,24.92590277777778,2021-01-23 13:07:30+00:00,338.45415633960005,343.21053891918405,-5.359235246281824,313.355592654424
2021-01-19 13:22:30,129.93047413701046,27.66983139371605,-2.5805393609214087,247.14931863182824,24.936319444444443,2021-01-23 13:22:30+00:00,338.1436860994792,343.07338606485075,-5.360139117465297,313.9386156414537
2021-01-19 13:37:30,130.03743063684695,27.737773692017,-2.567704513394043,279.4882207857051,24.94673611111111,2021-01-23 13:37:30+00:00,338.1436860994792,342.93623321217393,-5.361042803920706,314.9154314429773
2021-01-19 13:52:30,130.14313627536012,27.805846721922507,-2.554882154054634,285.0070692756662,24.95715277777778,2021-01-23 13:52:30+00:00,337.81850653559775,342.79908036116234,-5.3619463056159455,315.3854307443623
2021-01-19 14:07:30,130.24759790005814,27.87404851476208,-2.5420729283918315,237.2898302185441,24.967569444444443,2021-01-23 14:07:30+00:00,337.48084583320474,342.6619275117966,-5.362849622518959,314.6658572368088
2021-01-19 14:22:30,130.35082235581814,27.942377122326832,-2.529277466682063,231.5170705122951,24.97798611111111,2021-01-23 14:22:30+00:00,337.48084583320474,342.5247746640711,-5.3637527545976615,317.61136285343304
2021-01-19 14:37:30,130.4528164835328,28.01083061671576,-2.5164963842269934,261.9901836310172,24.98840277777778,2021-01-23 14:37:30+00:00,337.1326376835492,342.38762181799524,-5.364655701820007,318.81840103876834
2021-01-19 14:52:30,130.55358711897028,28.079407090192884,-2.5037302815873645,292.4935741447883,24.998819444444443,2021-01-23 14:52:30+00:00,336.7755575394253,342.25046897354883,-5.365558464153932,315.18933672522985
2021-01-19 15:07:30,130.65314109167656,28.14810465506948,-2.490979744810688,278.70219245372135,25.00923611111111,2021-01-23 15:07:30+00:00,336.7755575394253,342.113316130727,-5.366461041567403,315.8449267297347
2021-01-19 15:22:30,130.7514852236966,28.216921443532513,-2.4782453456664277,280.4062973172341,25.01965277777778,2021-01-23 15:22:30+00:00,336.4110549301813,341.97616328955337,-5.367363434028364,319.23443834963035
2021-01-19 15:37:30,130.8486263286737,28.285855607511284,-2.465527641873016,282.24937885472065,25.030069444444443,2021-01-23 15:37:30+00:00,336.04038212973,341.8390104499647,-5.368265641504805,322.9962395237854
2021-01-19 15:52:30,130.94457121062604,28.35490531852288,-2.452827177325686,259.8114887653466,25.04048611111111,2021-01-23 15:52:30+00:00,336.04038212973,341.70185761199934,-5.369167663964689,325.83671198028463
2021-01-19 16:07:30,131.0393266630124,28.424068767530112,-2.4401444823216742,265.9768288765448,25.05090277777778,2021-01-23 16:07:30+00:00,335.66461949080053,341.56470477565205,-5.370069501375999,332.5619622447669
2021-01-19 16:22:30,131.13289946772713,28.493344164795175,-2.427480073782501,252.6023794378028,25.061319444444443,2021-01-23 16:22:30+00:00,335.28469776141975,341.42755194090336,-5.370971153706733,339.7405932965198
2021-01-19 16:37:30,131.2252963942479,28.562729739744174,-2.4148344554735135,241.8532715473791,25.07173611111111,2021-01-23 16:37:30+00:00,335.28469776141975,341.2903991077479,-5.37187262092488,339.49704534011715
2021-01-19 16:52:30,131.31652419845852,28.632223740773643,-2.4022081182309813,228.1190442296161,25.08215277777778,2021-01-23 16:52:30+00:00,334.90141769101854,341.1532462761953,-5.37277390299848,348.02448525319977
2021-01-19 17:07:30,131.4065896219901,28.701824435138217,-2.3896015401730466,241.6174817952099,25.092569444444443,2021-01-23 17:07:30+00:00,334.5154672177399,341.0160934462113,-5.373674999895505,350.0463735856056
2021-01-19 17:22:30,131.495499391289,28.771530108800672,-2.377015186914619,226.82675259799927,25.10298611111111,2021-01-23 17:22:30+00:00,334.5154672177399,340.8789406178201,-5.37457591158399,348.5995177147097
2021-01-19 17:37:30,131.5832602167551,28.841339066255525,-2.364449511785448,230.00601954403035,25.11340277777778,2021-01-23 17:37:30+00:00,334.12743650849785,340.7417877910163,-5.375476638031974,346.7604738055489
2021-01-19 17:52:30,131.66987879190856,28.91124963037697,-2.351904956041382,239.61449961822677,25.123819444444443,2021-01-23 17:52:30+00:00,334.12743650849785,340.6046349657663,-5.376377179207501,344.6206640697458
2021-01-19 18:07:30,131.7553617926718,28.981260142296765,-2.339381949067862,239.11759181969953,25.13423611111111,2021-01-23 18:07:30+00:00,333.7378311012346,340.46748214209384,-5.377277535078588,343.8641121445796
2021-01-19 18:22:30,131.83971587662094,29.05136896122618,-2.326880908591362,276.233777832739,25.14465277777778,2021-01-23 18:22:30+00:00,333.3470833761557,340.33032931999435,-5.378177705613321,349.4511053776496
2021-01-19 18:37:30,131.92294768222604,29.121574464309504,-2.314402240882922,245.05455815564105,25.155069444444443,2021-01-23 18:37:30+00:00,333.3470833761557,340.1931764994478,-5.379077690779729,353.928505180592
2021-01-19 18:52:30,132.00506382811216,29.191875046452996,-2.3019463409634895,228.0121555658303,25.16548611111111,2021-01-23 18:52:30+00:00,332.955562560518,340.0560236804352,-5.379977490545903,351.8456687071045
2021-01-19 19:07:30,132.08607091250022,29.26226912021054,-2.289513592797602,230.010761558932,25.17590277777778,2021-01-23 19:07:30+00:00,332.56358345048477,339.91887086299516,-5.380877104879912,353.54080162093516
2021-01-19 19:22:30,132.16597551250788,29.33275511559679,-2.2771043694965982,228.8624668636181,25.186319444444443,2021-01-23 19:22:30+00:00,332.56358345048477,339.7817180470792,-5.381776533749807,346.60147865490103
2021-01-19 19:37:30,132.2447841834338,29.403331479934625,-2.2647190335142495,225.0287444053968,25.19673611111111,2021-01-23 19:37:30+00:00,332.17141401413824,339.64456523271156,-5.382675777123729,342.5060285661287
2021-01-19 19:52:30,132.32250345833904,29.473996677717864,-2.2523579368353293,254.50848690749177,25.20715277777778,2021-01-23 19:52:30+00:00,331.77928202224444,339.5074124198875,-5.3835748349697425,338.9856109388664
2021-01-19 20:07:30,132.3991398473105,29.5447491904094,-2.2400214211723593,230.7795507585856,25.217569444444443,2021-01-23 20:07:30+00:00,331.77928202224444,339.3702596085875,-5.384473707255972,358.1524763494713
2021-01-19 20:22:30,132.47469983697368,29.61558751636486,-2.2277098181504567,227.53330778275077,25.22798611111111,2021-01-23 20:22:30+00:00,331.3873808381108,339.233106798807,-5.385372393950516,360.2379627421363
2021-01-19 20:37:30,132.54918989002985,29.686510170653595,-2.2154234494929104,226.2599263531049,25.23840277777778,2021-01-23 20:37:30+00:00,330.9958744851278,339.09595399052665,-5.386270895021506,360.21652248697325
2021-01-19 20:52:30,132.62261644461688,29.75751568488972,-2.2031626272074845,227.07257448103087,25.248819444444443,2021-01-23 20:52:30+00:00,330.9958744851278,338.9588011837854,-5.387169210437038,357.6675411399952
2021-01-19 21:07:30,132.6949859138209,29.828602607064735,-2.1909276537700917,238.74721065193555,25.25923611111111,2021-01-23 21:07:30+00:00,330.6049021007739,338.8216483785496,-5.3880673401653025,365.90613986273416
2021-01-19 21:22:30,132.76630468541487,29.899769501451505,-2.178718822294265,285.0168045022111,25.26965277777778,2021-01-23 21:22:30+00:00,330.2145818796283,338.68449557481426,-5.388965284174391,372.3295439489096
2021-01-19 21:37:30,132.83657912117053,29.971014948389612,-2.166536416718602,288.6808513480624,25.280069444444443,2021-01-23 21:37:30+00:00,330.2145818796283,338.5473427725895,-5.389863042432495,383.9070408352545
2021-01-19 21:52:30,132.90581555651534,30.042337544155743,-2.154380711977188,274.6769908342698,25.29048611111111,2021-01-23 21:52:30+00:00,329.8250146063224,338.41018997185625,-5.3907606149077445,385.3923205342237
2021-01-19 22:07:30,132.97402030021755,30.1137359008429,-2.1422519741665536,279.33298015655834,25.30090277777778,2021-01-23 22:07:30+00:00,329.8250146063224,338.27303717262424,-5.391658001568318,382.4946339136656
2021-01-19 22:22:30,133.04119963382567,30.18520864615414,-2.1301504607242383,265.0040518243766,25.311319444444443,2021-01-23 22:22:30+00:00,329.43628688407193,338.13588437485987,-5.392555202382377,380.39324800593585
2021-01-19 22:37:30,133.10735981141636,30.25675442329569,-2.1180764205886966,267.06388617187685,25.32173611111111,2021-01-23 22:37:30+00:00,329.0484741781966,337.9987315785879,-5.393452217318116,377.55518456687065
2021-01-19 22:52:30,133.17250705923482,30.328371890812367,-2.10603009436728,271.65534457349423,25.33215277777778,2021-01-23 22:52:30+00:00,329.0484741781966,337.86157878378907,-5.394349046343736,386.6444073455759
2021-01-19 23:07:30,133.23664757533052,30.40005972243781,-2.094011714497783,275.87276618820823,25.342569444444443,2021-01-23 23:07:30+00:00,328.661643821219,337.7244259904735,-5.395245689427412,391.3665633198187
2021-01-19 23:22:30,133.29978752921724,30.471816606954516,-2.0820215054077607,242.4135340136717,25.35298611111111,2021-01-23 23:22:30+00:00,328.27585817367486,337.5872731986221,-5.396142146537346,389.7236134297903
2021-01-19 23:37:30,133.3619330615625,30.543641248014715,-2.070059683677628,235.38455565477344,25.36340277777778,2021-01-23 23:37:30+00:00,328.27585817367486,337.4501204082306,-5.397038417641763,391.8567983676498
2021-01-19 23:52:30,133.4230902840028,30.615532364051457,-2.0581264581857273,234.3786800494803,25.373819444444443,2021-01-23 23:52:30+00:00,327.891178213648,337.312967619309,-5.397934502708879,377.3751707391107
2021-01-20 00:07:30,133.4832652787613,30.687488688071223,-2.046222030272296,234.70797632890097,25.38423611111111,2021-01-24 00:07:30+00:00,327.50766795558036,337.1758148318384,-5.39883040170693,372.66343376527016
2021-01-20 00:22:30,133.5424640984396,30.759508967554645,-2.034346593882201,237.1022044053824,25.39465277777778,2021-01-24 00:22:30+00:00,327.50766795558036,337.0386620458289,-5.39972611460413,368.63820653470066
2021-01-20 00:37:30,133.6006927657325,30.83159196428136,-2.022500335718504,239.00842489420356,25.405069444444443,2021-01-24 00:37:30+00:00,327.12540030247465,336.90150926124727,-5.400621641368739,370.384985076137
2021-01-20 00:52:30,133.65795727329774,30.903736454210208,-2.0106834353847356,236.37932778458816,25.41548611111111,2021-01-24 00:52:30+00:00,326.7444652582592,336.7643564781179,-5.401516981968992,366.115483477754
2021-01-20 01:07:30,133.7142635833948,30.975941227299177,-1.998896065534973,230.0740840089367,25.42590277777778,2021-01-24 01:07:30+00:00,326.7444652582592,336.627203696437,-5.4024121363731705,368.3141936898198
2021-01-20 01:22:30,133.76961762781065,31.04820508740297,-1.9871383920088708,231.8998190638993,25.436319444444443,2021-01-24 01:22:30+00:00,326.3649819367032,336.49005091617084,-5.403307104549512,367.92272835678506
2021-01-20 01:37:30,133.82402530767945,31.12052685212878,-1.9754105739717904,235.67074170585263,25.44673611111111,2021-01-24 01:37:30+00:00,325.9871166066421,336.3528981373444,-5.404201886466312,366.1590866933104
2021-01-20 01:52:30,133.87749249313703,31.192905352655053,-1.9637127640584684,239.97503277569123,25.45715277777778,2021-01-24 01:52:30+00:00,325.9871166066421,336.21574535995353,-5.405096482091831,360.9216418899223
2021-01-20 02:07:30,133.9300250233376,31.265339433629386,-1.9520451085021175,246.24481802142245,25.467569444444443,2021-01-24 02:07:30+00:00,325.61111027841156,336.07859258397934,-5.405990891394398,358.54201446855876
2021-01-20 02:22:30,133.98162870629122,31.33782795302618,-1.940407747267964,249.99971851053095,25.47798611111111,2021-01-24 02:22:30+00:00,325.61111027841156,335.9414398094177,-5.406885114342265,362.01075867186046
2021-01-20 02:37:30,134.0323093186132,31.41036978200412,-1.9288008141847488,260.5584200724639,25.48840277777778,2021-01-24 02:37:30+00:00,325.23732132733164,335.80428703627916,-5.407779150903751,364.49638286032274
2021-01-20 02:52:30,134.0820726054793,31.48296380473578,-1.9172244370784768,249.16238785579216,25.498819444444443,2021-01-24 02:52:30+00:00,324.8662917813372,335.6671342645449,-5.408673001047169,364.6818772027453
2021-01-20 03:07:30,134.13092428050714,31.555608918344863,-1.9056787378875693,255.30944029285976,25.50923611111111,2021-01-24 03:07:30+00:00,324.8662917813372,335.5299814941963,-5.409566664740842,365.9432387312186
2021-01-20 03:22:30,134.17887002558433,31.628304032687613,-1.8941638328003343,243.2748917889522,25.51965277777778,2021-01-24 03:22:30+00:00,324.49885082104527,335.392828725273,-5.4104601419531,365.0064923019848
2021-01-20 03:37:30,134.2259154909165,31.70104807029902,-1.88267983236469,241.2447748832033,25.530069444444443,2021-01-24 03:37:30+00:00,324.1362767674405,335.25567595774174,-5.411353432652262,370.0347139412248
2021-01-20 03:52:30,134.27206629475887,31.77383996618483,-1.8712268416201951,240.9288665285203,25.54048611111111,2021-01-24 03:52:30+00:00,324.1362767674405,335.11852319161324,-5.41224653680669,371.5721488676413
2021-01-20 04:07:30,134.3173280234886,31.846678667745685,-1.8598049602076885,239.98395258246947,25.55090277777778,2021-01-24 04:07:30+00:00,323.78055094783224,334.9813704268687,-5.413139454384728,369.8227204070276
2021-01-20 04:22:30,134.36170623142542,31.919563134601788,-1.84841428249223,241.1608944800827,25.561319444444443,2021-01-24 04:22:30+00:00,323.434755789268,334.84421766348987,-5.41403218535473,367.8445557410499
2021-01-20 04:37:30,134.40520644088758,31.992492338511084,-1.8370548976698904,239.68241643048495,25.57173611111111,2021-01-24 04:37:30+00:00,323.434755789268,334.7070649015163,-5.414924729685056,367.36359541033994
2021-01-20 04:52:30,134.44783414206304,32.06546526319282,-1.825726889887578,239.7792256441237,25.58215277777778,2021-01-24 04:52:30+00:00,323.1036990680458,334.56991214090044,-5.415817087344107,365.5907994806159
2021-01-20 05:07:30,134.48959479299666,32.13848090422577,-1.81443033834927,240.88623157458815,25.592569444444443,2021-01-24 05:07:30+00:00,322.79489219292736,334.43275938168193,-5.416709258300219,367.2575986432414
2021-01-20 05:22:30,134.53049381959656,32.21153826892359,-1.8031653174241573,232.5474003003998,25.60298611111111,2021-01-24 05:22:30+00:00,322.79489219292736,334.2956066238282,-5.417601242521826,369.0038953811909
2021-01-20 05:37:30,134.57053661549497,32.28463637618621,-1.7919318967564664,215.3861086306635,25.61340277777778,2021-01-24 05:37:30+00:00,322.5200813071086,334.1584538673205,-5.418493039977321,366.86143572621035
2021-01-20 05:52:30,134.60972854217428,32.35777425639593,-1.7807301413672525,220.35948370500768,25.623819444444443,2021-01-24 05:52:30+00:00,322.29763830773186,334.02130111219867,-5.419384650635075,363.9610991864748
2021-01-20 06:07:30,134.64807492887806,32.43095095128297,-1.769560111758807,226.60247699654465,25.63423611111111,2021-01-24 06:07:30+00:00,322.29763830773186,333.8841483584155,-5.420276074463521,365.4702281580412
2021-01-20 06:22:30,134.68558107263348,32.504165513806,-1.758421864014866,230.12373710749088,25.64465277777778,2021-01-24 06:22:30+00:00,322.1562816864548,333.7469956059961,-5.421167311431085,362.6639637491057
2021-01-20 06:37:30,134.72225223823648,32.57741700802608,-1.7473154499008796,230.18855715598352,25.655069444444443,2021-01-24 06:37:30+00:00,322.1562816864548,333.6098428549223,-5.422058361506183,360.2838063439065
2021-01-20 06:52:30,134.7580936583269,32.65070450898884,-1.7362409169609756,229.42554804607644,25.66548611111111,2021-01-24 06:52:30+00:00,322.1408354045151,333.4726901052048,-5.422949224657277,361.0064393036012
2021-01-20 07:07:30,134.7931105333474,32.72402710261235,-1.7251983086123792,229.68354483548103,25.67590277777778,2021-01-24 07:07:30+00:00,322.3210671869275,333.33553735684006,-5.423839900852772,360.8257351996918
2021-01-20 07:22:30,134.8273080315265,32.79738388553291,-1.7141876642446396,233.96101154323355,25.686319444444443,2021-01-24 07:22:30+00:00,322.3210671869275,333.19838460979537,-5.424730390061154,361.37477806926887
2021-01-20 07:37:30,134.86069128908818,32.87077396504873,-1.703209019303188,236.61928913705128,25.69673611111111,2021-01-24 07:37:30+00:00,322.8050744406859,333.0612318641104,-5.42562069225086,360.115006492302
2021-01-20 07:52:30,134.89326541011312,32.94419645894553,-1.6922624053881383,263.30638089129343,25.70715277777778,2021-01-24 07:52:30+00:00,323.7591330467623,332.9240791197382,-5.426510807390368,360.5188541749477
2021-01-20 08:07:30,134.92503546665725,33.01765049540679,-1.681347850339493,272.41063187332725,25.717569444444443,2021-01-24 08:07:30+00:00,323.7591330467623,332.78692637668973,-5.427400735448136,358.996475607494
2021-01-20 08:22:30,134.95600649880507,33.09113521289901,-1.6704653783246532,271.79934424827957,25.72798611111111,2021-01-24 08:22:30+00:00,325.43612111815605,332.64977363497593,-5.428290476392684,359.6072819778997
2021-01-20 08:37:30,134.9861835147183,33.16464976005,-1.6596150099253846,264.7343805901392,25.73840277777778,2021-01-24 08:37:30+00:00,328.213840538464,332.51262089459317,-5.429180030192472,358.26112303574746
2021-01-20 08:52:30,135.01557149061716,33.23819329552988,-1.648796762222389,262.7607296207038,25.748819444444443,2021-01-24 08:52:30+00:00,328.213840538464,332.3754681555088,-5.430069396815995,356.93748840660356
2021-01-20 09:07:30,135.04417537109333,33.31176498798631,-1.6380106488718529,262.02982298162186,25.75923611111111,2021-01-24 09:07:30+00:00,332.64109527634014,332.23831541776326,-5.430958576231792,360.6513501338209
2021-01-20 09:22:30,135.07200006881587,33.38536401584512,-1.6272566801989297,257.74089404268403,25.76965277777778,2021-01-24 09:22:30+00:00,339.4800121283009,332.10116268130923,-5.43184756840835,359.9053978853645
2021-01-20 09:37:30,135.09905046495516,33.45898956729175,-1.6165348632640977,263.7707006050344,25.780069444444443,2021-01-24 09:37:30+00:00,339.4800121283009,331.96400994617227,-5.432736373314186,357.9961311180009
2021-01-20 09:52:30,135.1253314090505,33.532640840116315,-1.6058452019478813,269.9763402164144,25.79048611111111,2021-01-24 09:52:30+00:00,349.71331105851914,331.8268572123347,-5.433624990917858,357.10907067334455
2021-01-20 10:07:30,135.15084771910978,33.60631704158979,-1.5951876970303016,271.3370798876681,25.80090277777778,2021-01-24 10:07:30+00:00,364.4538505719634,331.68970447982207,-5.434513421187882,356.9202639319501
2021-01-20 10:22:30,135.17560418182669,33.68001738842177,-1.5845623462561162,260.4415584905431,25.811319444444443,2021-01-24 10:22:30+00:00,364.4538505719634,331.55255174857285,-5.435401664092809,355.70395102949357
2021-01-20 10:37:30,135.19960555251916,33.75374110657188,-1.5739691444207486,249.56761052250943,25.82173611111111,2021-01-24 10:37:30+00:00,384.6680524312407,331.4153990186418,-5.4362897196011915,354.1060497654821
2021-01-20 10:52:30,135.2228565553506,33.82748743121784,-1.56340808343228,248.30959137040557,25.83215277777778,2021-01-24 10:52:30+00:00,384.6680524312407,331.27824628999673,-5.437177587681598,353.24971819128746
2021-01-20 11:07:30,135.24536188333798,33.901255606604614,-1.5528791523888088,243.97737276558323,25.842569444444443,2021-01-24 11:07:30+00:00,410.66445812496323,331.14109356264873,-5.438065268302599,352.3783024617749
2021-01-20 11:22:30,135.2671261985397,33.97504488598078,-1.5423823376430936,261.5443536384931,25.85298611111111,2021-01-24 11:22:30+00:00,441.49006934962205,331.00394083656556,-5.4389527614327475,354.19084717916104
2021-01-20 11:37:30,135.2881541320559,34.04885453144252,-1.5319176228778588,255.09130790046456,25.86340277777778,2021-01-24 11:37:30+00:00,441.49006934962205,330.8667881117876,-5.439840067040662,356.4644778334261
2021-01-20 11:52:30,135.3084502842392,34.122683813903016,-1.5214849891632698,246.88265973004104,25.873819444444443,2021-01-24 11:52:30+00:00,474.67565630301937,330.729635388268,-5.440727185094913,358.04912950155017
2021-01-20 12:07:30,135.32801922475497,34.196532012931584,-1.511084415030945,252.565959728351,25.88423611111111,2021-01-24 12:07:30+00:00,506.8001039688821,330.5924826660326,-5.441614115564118,365.16416249304393
2021-01-20 12:22:30,135.3468654926989,34.270398416688806,-1.5007158765338977,244.1733093848104,25.89465277777778,2021-01-24 12:22:30+00:00,506.8001039688821,330.45532994506397,-5.442500858416884,362.2995998622041
2021-01-20 12:37:30,135.36499359676782,34.34428232181786,-1.4903793473107614,251.12904530046612,25.905069444444443,2021-01-24 12:37:30+00:00,534.7384875762772,330.3181772253731,-5.443387413621807,363.1469115191987
2021-01-20 12:52:30,135.3824080153113,34.41818303335642,-1.4800747986466394,265.27012074387545,25.91548611111111,2021-01-24 12:52:30+00:00,556.7363324399765,330.1810245069426,-5.444273781147537,367.5755889445372
2021-01-20 13:07:30,135.39911319646765,34.49209986462816,-1.4698021995358517,250.77227959073835,25.92590277777778,2021-01-24 13:07:30+00:00,556.7363324399765,330.0438717897841,-5.445159960962685,366.27712854757925
2021-01-20 13:22:30,135.4151135583784,34.56603213716654,-1.4595615167383629,246.74166246069032,25.936319444444443,2021-01-24 13:22:30+00:00,572.610518440938,329.90671907387974,-5.446045953035905,366.828311736492
2021-01-20 13:37:30,135.43041348916233,34.63997918059738,-1.4493527148415508,246.08372362930868,25.94673611111111,2021-01-24 13:37:30+00:00,583.2214189088637,329.7695663592266,-5.446931757335855,373.3002297276087
2021-01-20 13:52:30,135.44501734724767,34.713940332585146,-1.4391757563120702,248.44259414667457,25.95715277777778,2021-01-24 13:52:30+00:00,583.2214189088637,329.63241364583615,-5.447817373831176,374.0400667779633
2021-01-20 14:07:30,135.45892946127472,34.78791493868836,-1.4290306015588434,246.62238620788216,25.967569444444443,2021-01-24 14:07:30+00:00,589.8020521856101,329.495260933691,-5.448702802490539,373.665103214352
2021-01-20 14:22:30,135.47215413039888,34.86190235229903,-1.418917208984035,243.77839034049,25.97798611111111,2021-01-24 14:22:30+00:00,593.5165966413824,329.3581082228028,-5.449588043282617,373.5215257752821
2021-01-20 14:37:30,135.48469562444276,34.935901934581345,-1.4088355350329842,246.7483481053439,25.98840277777778,2021-01-24 14:37:30+00:00,593.5165966413824,329.22095551313936,-5.450473096176074,377.7665156212735
2021-01-20 14:52:30,135.4965581838528,35.009913054322304,-1.398785534254645,284.39417403970725,25.998819444444443,2021-01-24 14:52:30+00:00,595.2844433400461,329.0838028047415,-5.451357961139621,388.4217804084248
2021-01-20 15:07:30,135.5077460200685,35.08393508787793,-1.3887671593491988,249.32999159787536,26.00923611111111,2021-01-24 15:07:30+00:00,595.2844433400461,328.9466500975772,-5.452242638141951,387.8093118159896
2021-01-20 15:22:30,135.51826331549768,35.15796741910185,-1.378780361216167,247.56691199988168,26.01965277777778,2021-01-24 15:22:30+00:00,595.7648774295253,328.8094973916438,-5.453127127151764,387.1266926358746
2021-01-20 15:37:30,135.52811422374057,35.23200943922229,-1.368825089009039,259.43648473286066,26.030069444444443,2021-01-24 15:37:30+00:00,595.4050752164662,328.6723446869384,-5.45401142813778,386.5516601743647
2021-01-20 15:52:30,135.5373028697366,35.306060546791805,-1.358901290179188,274.0676321000116,26.04048611111111,2021-01-24 15:52:30+00:00,595.4050752164662,328.5351919834727,-5.454895541068696,386.1216505623851
2021-01-20 16:07:30,135.5458333498681,35.38012014757442,-1.349008910527198,258.46651754942485,26.05090277777778,2021-01-24 16:07:30+00:00,594.4986974194195,328.39803928124394,-5.455779465913265,385.2039112807059
2021-01-20 16:22:30,135.55370973214036,35.454187654486425,-1.3391478942464328,252.10593596275157,26.061319444444443,2021-01-24 16:22:30+00:00,593.2351416692785,328.26088658023497,-5.456663202640227,385.9081374941141
2021-01-20 16:37:30,135.56093605633382,35.528262487484675,-1.329318183972221,255.80472092817573,26.07173611111111,2021-01-24 16:37:30+00:00,593.2351416692785,328.12373388045756,-5.457546751218303,384.8786438936689
2021-01-20 16:52:30,135.56751633415612,35.60234407352996,-1.3195197208209497,238.97950996215545,26.08215277777778,2021-01-24 16:52:30+00:00,591.7354945308296,327.98658118187984,-5.458430111616257,379.9374619074118
2021-01-20 17:07:30,135.57345454935447,35.67643184645662,-1.3097524444402382,235.07694406371184,26.092569444444443,2021-01-24 17:07:30+00:00,590.0769994000981,327.849428484543,-5.459313283802848,376.8536786900727
2021-01-20 17:22:30,135.57875465794257,35.75052524693908,-1.30001629304586,242.78518261901425,26.10298611111111,2021-01-24 17:22:30+00:00,590.0769994000981,327.71227578840046,-5.460196267746853,370.3580040808755
2021-01-20 17:37:30,135.58342058829925,35.82462372238307,-1.2903112034675348,243.9210069892582,26.11340277777778,2021-01-24 17:37:30+00:00,588.3090823362991,327.5751230934791,-5.461079063417048,369.94991652754584
2021-01-20 17:52:30,135.58745624128832,35.89872672683801,-1.2806371111912431,249.5157734898388,26.123819444444443,2021-01-24 17:52:30+00:00,586.4636224676215,327.43797039976147,-5.461961670782198,369.3960834194557
2021-01-20 18:07:30,135.59086549055368,35.97283372096911,-1.270993950393296,237.69417796658297,26.13423611111111,2021-01-24 18:07:30+00:00,586.4636224676215,327.30081770725974,-5.462844089811124,366.3277179136946
2021-01-20 18:22:30,135.59365218256627,36.04694417193113,-1.2613816539859042,243.41732344605353,26.14465277777778,2021-01-24 18:22:30+00:00,584.5614528416885,327.1636650159714,-5.4637263204726105,356.12793809788803
2021-01-20 18:37:30,135.59582013671906,36.12105755331573,-1.2518001536534684,242.38740150575217,26.155069444444443,2021-01-24 18:37:30+00:00,582.6164472864655,327.0265123258647,-5.464608362735456,351.59272187652823
2021-01-20 18:52:30,135.59737314566635,36.19517334507769,-1.2422493798893082,252.156177608676,26.16548611111111,2021-01-24 18:52:30+00:00,582.6164472864655,326.88935963696645,-5.465490216568507,353.541616980682
2021-01-20 19:07:30,135.59831497538485,36.2692910334652,-1.2327292620329082,241.36069502143135,26.17590277777778,2021-01-24 19:07:30+00:00,580.6380810158198,326.7522069492741,-5.46637188194056,360.9083922940351
2021-01-20 19:22:30,135.59864936523593,36.343410110913226,-1.2232397283103322,236.06634252101276,26.186319444444443,2021-01-24 19:22:30+00:00,580.6380810158198,326.6150542627706,-5.467253358820471,357.2713782229642
