time,longitude,radius,latitude,Vr,Time_days,Times_Earth,Vr_pred_Earth,Lon-L1,Lat-L1,Vr_obs_Earth
2021-04-26 14:07:30,22.585114851140553,34.26577389445045,2.0761747867770977,290.917740962389,12.86636574074074,2021-04-30 14:07:30+00:00,329.3224696756418,143.87496317914744,-4.212616855703861,337.228714524207
2021-04-26 14:22:30,22.5864956817506,34.18069967670571,2.067703791007578,285.30989580768585,12.876782407407408,2021-04-30 14:22:30+00:00,329.3741814189726,143.7372943866567,-4.2115754869866935,341.24731695683283
2021-04-26 14:37:30,22.58861946196504,34.09558548553498,2.059176404657338,319.62197065777013,12.887199074074074,2021-04-30 14:37:30+00:00,329.43997004200696,143.5996255212114,-4.210533993315967,343.67042714288124
2021-04-26 14:52:30,22.591492112596026,34.010431706382,2.0505921371987075,318.4864445292006,12.89761574074074,2021-04-30 14:52:30+00:00,329.43997004200696,143.46195658286382,-4.2094923747265875,344.37952142459653
2021-04-26 15:07:30,22.5951196148114,33.925238732158014,2.041950493208509,302.89851260811855,12.908032407407408,2021-04-30 15:07:30+00:00,329.51965190158586,143.32428757163714,-4.208450631253481,347.3053379564231
2021-04-26 15:22:30,22.599508010767767,33.84000696342621,2.0332509723279535,314.85826180355974,12.918449074074074,2021-04-30 15:22:30+00:00,329.6129417687207,143.18661848755406,-4.2074087629316,346.5918981778748
2021-04-26 15:37:30,22.604663404431506,33.75473680848102,2.0244930692110943,321.82746974604373,12.92886574074074,2021-04-30 15:37:30+00:00,329.6129417687207,143.04894933060882,-4.2063667697958325,343.4613244296049
2021-04-26 15:52:30,22.61059196220554,33.66942868349254,2.015676273479681,311.8734251411504,12.939282407407408,2021-04-30 15:52:30+00:00,329.71945211343683,142.9112801008385,-4.205324651881127,346.2834883536052
2021-04-26 16:07:30,22.617299913687336,33.584083012661594,2.006800069678677,309.13160163411067,12.949699074074074,2021-04-30 16:07:30+00:00,329.8386935337491,142.7736107982807,-4.20428240922243,346.98234431122575
2021-04-26 16:22:30,22.62479355239932,33.4987002282905,1.9978639372232776,311.99735497687,12.96011574074074,2021-04-30 16:22:30+00:00,329.8386935337491,142.63594142294355,-4.203240041854689,340.8273047672046
2021-04-26 16:37:30,22.633079236447543,33.4132807710255,1.9888673503623928,293.43031418864683,12.970532407407408,2021-04-30 16:37:30+00:00,329.97007640993246,142.4982719748498,-4.202197549812819,332.9586347616398
2021-04-26 16:52:30,22.64216338936221,33.32782508990627,1.9798097781227095,316.4573280214878,12.980949074074074,2021-04-30 16:52:30+00:00,329.97007640993246,142.3606024540365,-4.201154933131802,330.4396215915415
2021-04-26 17:07:30,22.65205250083652,33.24233364252729,1.9706906842632663,313.90031424606707,12.99136574074074,2021-04-30 17:07:30+00:00,330.11291384464135,142.22293286049745,-4.2001121918465545,338.12372472639584
2021-04-26 17:22:30,22.662753127378824,33.15680689522865,1.961509527234009,315.6240260478507,13.001782407407408,2021-04-30 17:22:30+00:00,330.2664259249623,142.08526319428378,-4.199069325992074,338.24893340753107
2021-04-26 17:37:30,22.674271893224883,33.071245323191675,1.9522657601226627,312.8058709622938,13.012199074074074,2021-04-30 17:37:30+00:00,330.2664259249623,141.94759345540393,-4.198026335603282,343.00186921221984
2021-04-26 17:52:30,22.686615491036484,32.98564941061381,1.9429588306105527,293.36232221661425,13.02261574074074,2021-04-30 17:52:30+00:00,330.4297453147063,141.80992364389456,-4.196983220715159,342.1999629011315
2021-04-26 18:07:30,22.69979068264761,32.90001965085809,1.933588180925504,286.02792445381436,13.033032407407408,2021-04-30 18:07:30+00:00,330.6019241549333,141.67225375976344,-4.195939981362688,339.1048573018523
2021-04-26 18:22:30,22.713804299912635,32.814356546615585,1.9241532477956604,285.5631786951428,13.043449074074074,2021-04-30 18:22:30+00:00,330.6019241549333,141.53458380301836,-4.194896617580807,339.19664086609
2021-04-26 18:37:30,22.728663245581156,32.72866061002699,1.914653462398342,354.52500917644943,13.05386574074074,2021-04-30 18:37:30+00:00,330.7819422188123,141.39691377371076,-4.193853129404501,337.54405490632536
2021-04-26 18:52:30,22.74437449390632,32.642932362899764,1.9050882503201416,412.4915480400428,13.064282407407408,2021-04-30 18:52:30+00:00,330.9687162345712,141.25924367186255,-4.192809516868757,333.9936931923577
2021-04-26 19:07:30,22.760945091619114,32.55717233685134,1.8954570315076067,323.6962713218895,13.074699074074074,2021-04-30 19:07:30+00:00,330.9687162345712,141.12157349748156,-4.191765780008541,328.807271378223
2021-04-26 19:22:30,22.778382158664876,32.47138107345363,1.885759220218579,288.1690863646875,13.08511574074074,2021-04-30 19:22:30+00:00,331.1611102587081,140.98390325057505,-4.190721918858855,328.881469115192
2021-04-26 19:37:30,22.796692889162394,32.3855591244186,1.8759942249779795,265.6942426192048,13.095532407407408,2021-04-30 19:37:30+00:00,331.3579469520939,140.84623293119415,-4.189677933454685,328.7065744494793
2021-04-26 19:52:30,22.81588455205832,32.29970705178555,1.8661614485331277,273.049898365719,13.105949074074074,2021-04-30 19:52:30+00:00,331.3579469520939,140.70856253934636,-4.188633823831005,327.98182155444266
2021-04-26 20:07:30,22.835964492150893,32.21382542807519,1.8562602878058645,266.58996257094253,13.11636574074074,2021-04-30 20:07:30+00:00,331.5580195853382,140.57089207505345,-4.187589590022824,326.2103505843072
2021-04-26 20:22:30,22.85694013080865,32.1279148364766,1.8462901338481912,270.18622799033886,13.126782407407408,2021-04-30 20:22:30+00:00,331.7601045779699,140.4332215383516,-4.1865452320651535,327.21539265779666
2021-04-26 20:37:30,22.87881896694043,32.04197587103179,1.8362503717970025,297.9639312516243,13.137199074074074,2021-04-30 20:37:30+00:00,331.7601045779699,140.29555092924824,-4.1855007499929675,324.7500042157805
2021-04-26 20:52:30,22.901608577813754,31.95600913681499,1.826140380829364,308.73904499916,13.14761574074074,2021-04-30 20:52:30+00:00,331.96297435960037,140.1578802477651,-4.184456143841281,324.70784641068445
2021-04-26 21:07:30,22.925316619899004,31.870015250143513,1.8159595341204664,307.1598332379895,13.158032407407408,2021-04-30 21:07:30+00:00,331.96297435960037,140.02020949392357,-4.183411413645102,319.2033017992951
2021-04-26 21:22:30,22.949950829894817,31.78399483872744,1.8057071987949636,360.5943256299743,13.168449074074074,2021-04-30 21:22:30+00:00,332.16541033103033,139.88253866775975,-4.182366559439473,325.4312743461324
2021-04-26 21:37:30,22.975519025464163,31.69794854189784,1.7953827358872785,374.5095011077624,13.17886574074074,2021-04-30 21:37:30+00:00,332.3662156997442,139.74486776926616,-4.181321581259381,323.8267482841773
2021-04-26 21:52:30,23.002029106221222,31.611877010804857,1.784985500299246,364.66830407021416,13.189282407407408,2021-04-30 21:52:30+00:00,332.3662156997442,139.6071967984934,-4.180276479139833,321.5637173066222
2021-04-26 22:07:30,23.02948905469052,31.52578090860028,1.7745148407550475,362.04786760326505,13.199699074074074,2021-04-30 22:07:30+00:00,332.5642279675565,139.4695257554482,-4.179231253115885,317.4540901502504
2021-04-26 22:22:30,23.057906937091513,31.43966091067171,1.763970099763454,373.9498271896855,13.21011574074074,2021-04-30 22:22:30+00:00,332.75833085820847,139.33185464015176,-4.178185903222545,318.6185730426131
2021-04-26 22:37:30,23.087290904395545,31.353517704814365,1.7533506135718822,382.8594672744371,13.220532407407408,2021-04-30 22:37:30+00:00,332.75833085820847,139.19418345264006,-4.1771404294948535,323.0894082730477
2021-04-26 22:52:30,23.117649193229017,31.26735199147073,1.7426557121299573,413.509124127628,13.230949074074074,2021-04-30 22:52:30+00:00,332.9474654889928,139.05651219290513,-4.176094831967832,322.76015581524763
2021-04-26 23:07:30,23.14899012674055,31.18116448396656,1.7318847190521478,416.7964767874309,13.24136574074074,2021-04-30 23:07:30+00:00,333.13064061227374,138.9188408609971,-4.175049110676534,324.5476467513195
2021-04-26 23:22:30,23.181322115681155,31.09495590867419,1.7210369515724069,427.34160708927874,13.251782407407408,2021-04-30 23:22:30+00:00,333.13064061227374,138.7811694569227,-4.174003265655983,324.0329323801778
2021-04-26 23:37:30,23.214653659278373,31.008727005273943,1.7101117205107028,414.7547368219063,13.262199074074074,2021-04-30 23:37:30+00:00,333.3069417790873,138.64349798070282,-4.172957296941232,322.50576357421096
2021-04-26 23:52:30,23.248993346218395,30.92247852699304,1.6991083302381165,403.9317615107222,13.27261574074074,2021-04-30 23:52:30+00:00,333.4755393067082,138.50582643237306,-4.171911204567306,321.289269995447
2021-04-27 00:07:30,23.284349855608813,30.83621124083148,1.6880260786400878,412.3498369759824,13.283032407407408,2021-05-01 00:07:30+00:00,333.4755393067082,138.36815481192497,-4.170864988569293,321.3291994594165
2021-04-27 00:22:30,23.32073195803375,30.749925927741486,1.6768642570746926,425.9890415906602,13.293449074074074,2021-05-01 00:22:30+00:00,333.6356949638932,138.23048311939425,-4.169818648982219,323.76182526432945
2021-04-27 00:37:30,23.358148516391363,30.663623382974983,1.665622150352822,499.7412440030544,13.30386574074074,2021-05-01 00:37:30+00:00,333.6356949638932,138.0928113548159,-4.168772185841161,322.76015581524763
2021-04-27 00:52:30,23.396608487065823,30.57730441624289,1.6542990366952042,437.0468564232365,13.314282407407408,2021-05-01 00:52:30+00:00,333.7867673201681,137.95513951819643,-4.167725599181142,328.00222593210907
2021-04-27 01:07:30,23.436120920823345,30.490969851974388,1.6428941877027543,438.3901906616848,13.324699074074074,2021-05-01 01:07:30+00:00,333.92821573776723,137.8174676095562,-4.166678889037286,328.0356149137451
2021-04-27 01:22:30,23.47669496381355,30.40462052962207,1.6314068683336316,437.5657016242446,13.33511574074074,2021-05-01 01:22:30+00:00,333.92821573776723,137.67979562891594,-4.165632055444591,328.55499907252835
2021-04-27 01:37:30,23.51833985862647,30.31825730386887,1.6198363368691373,439.48828531883623,13.345532407407408,2021-05-01 01:37:30+00:00,334.0596030155052,137.5421235763108,-4.164585098438166,329.827490261547
2021-04-27 01:52:30,23.561064945322357,30.23188104489588,1.6081818448874703,446.5566331642476,13.355949074074074,2021-05-01 01:52:30+00:00,334.1805967219779,137.4044514517465,-4.163538018053087,329.3118159896123
2021-04-27 02:07:30,23.60487966240217,30.14549263867374,1.596442637242636,438.01578945459187,13.36636574074074,2021-05-01 02:07:30+00:00,334.1805967219779,137.2667792552435,-4.1624908143244355,328.16310011635557
2021-04-27 02:22:30,23.64979354786847,30.059092987215596,1.5846179520382897,425.4317358721036,13.376782407407408,2021-05-01 02:22:30+00:00,334.2909692802293,137.12910698680776,-4.161443487287259,331.31144500092745
2021-04-27 02:37:30,23.69581624026167,29.972683008863346,1.57270702060878,439.62891988647976,13.387199074074074,2021-05-01 02:37:30+00:00,334.39059688681743,136.99143464648853,-4.160396036976673,329.01502504173624
2021-04-27 02:52:30,23.74295747973001,29.886263638565342,1.5607090674986837,422.488317141408,13.39761574074074,2021-05-01 02:52:30+00:00,334.39059688681743,136.85376223430606,-4.159348463427743,327.23056946763126
2021-04-27 03:07:30,23.791227109081145,29.799835828127815,1.5486233104410343,430.3792931031048,13.408032407407408,2021-05-01 03:07:30+00:00,334.4794573646841,136.7160897502515,-4.158300766675568,328.38659670880037
2021-04-27 03:22:30,23.840635074724243,29.71340054657793,1.5364489603525495,429.1309124016652,13.418449074074074,2021-05-01 03:22:30+00:00,334.5576270612531,136.57841719437403,-4.157252946755219,327.6943053236876
2021-04-27 03:37:30,23.891191427819308,29.62695878040119,1.5241852213118767,417.65556542513815,13.42886574074074,2021-05-01 03:37:30+00:00,334.5576270612531,136.4407445666645,-4.156205003701855,325.9923947319607
2021-04-27 03:52:30,23.942906325392432,29.54051153386643,1.511831290553394,417.1360957084559,13.439282407407408,2021-05-01 03:52:30+00:00,334.6252769107872,136.30307186717215,-4.155156937550493,325.4776479317381
2021-04-27 04:07:30,23.99579003124036,29.45405982931931,1.499386358457163,433.48017112837033,13.449699074074074,2021-05-01 04:07:30+00:00,334.6826677834887,136.1653990959023,-4.15410874833628,324.744945279169
2021-04-27 04:22:30,24.049852917111505,29.367604707507965,1.4868496085449134,428.392539556867,13.46011574074074,2021-05-01 04:22:30+00:00,334.6826677834887,136.02772625287483,-4.1530604360943215,325.41643479873863
2021-04-27 04:37:30,24.105105463806424,29.281147227877625,1.4742202174752428,422.4603351053799,13.470532407407408,2021-05-01 04:37:30+00:00,334.73014524349657,135.8900533381095,-4.152012000859704,325.0906392809565
2021-04-27 04:52:30,24.1615582620977,29.19468846891386,1.4614973550464845,455.0495919551873,13.480949074074074,2021-05-01 04:52:30+00:00,334.73014524349657,135.75238035162613,-4.15096344266757,324.16991281765905
2021-04-27 05:07:30,24.219222013925375,29.10822952849336,1.4486801842031565,447.4550097745023,13.49136574074074,2021-05-01 05:07:30+00:00,334.76813383433506,135.6147072934589,-4.149914761553002,322.4845642207913
2021-04-27 05:22:30,24.278107533482057,29.02177152411844,1.43576786102807,465.19583884340545,13.501782407407408,2021-05-01 05:22:30+00:00,334.79713100408514,135.4770341635984,-4.148865957551152,321.1741791875348
2021-04-27 05:37:30,24.338225748162944,28.93531559339895,1.4227595347737547,459.18851568891546,13.512199074074074,2021-05-01 05:37:30+00:00,334.79713100408514,135.3393609620934,-4.147817030697107,321.3225746614728
2021-04-27 05:52:30,24.399587699792267,28.84886289426956,1.4096543478556458,449.1126630018068,13.52261574074074,2021-05-01 05:52:30+00:00,334.8177007742509,135.2016876889341,-4.1467679810260085,316.0823594880356
2021-04-27 06:07:30,24.462204545583056,28.762414605408058,1.396451435879987,455.5210625928389,13.533032407407408,2021-05-01 06:07:30+00:00,334.8304672466736,135.06401434416915,-4.1457188085729895,314.418617924461
2021-04-27 06:22:30,24.52608755926098,28.675971926585788,1.383149927663205,443.2493372234708,13.543449074074074,2021-05-01 06:22:30+00:00,334.8304672466736,134.92634092781802,-4.144669513373152,305.75032461509926
2021-04-27 06:37:30,24.59124813210878,28.589536079015655,1.3697489452543103,442.04257331161216,13.55386574074074,2021-05-01 06:37:30+00:00,334.83610803265765,134.7886674398563,-4.143620095461645,306.5580681607393
2021-04-27 06:52:30,24.65769777415229,28.503108305701744,1.356247603960917,430.73761953486223,13.564282407407408,2021-05-01 06:52:30+00:00,334.8353476785206,134.65099388036154,-4.142570554873621,308.7692450380263
2021-04-27 07:07:30,24.72544811500841,28.4166898718626,1.3426450123898122,430.3396372884572,13.574699074074074,2021-05-01 07:07:30+00:00,334.8353476785206,134.51332024930934,-4.141520891644184,304.8361024988738
2021-04-27 07:22:30,24.79451090510203,28.330282065291197,1.3289402724809358,434.4714143455467,13.58511574074074,2021-05-01 07:22:30+00:00,334.82895115294957,134.37564654674784,-4.140471105808526,300.21464345337466
2021-04-27 07:37:30,24.86489801676371,28.243886196701,1.3151324795440424,418.0127451456861,13.595532407407408,2021-05-01 07:37:30+00:00,334.817717454872,134.23797277266704,-4.139421197401744,297.5143758115377
2021-04-27 07:52:30,24.93662144512386,28.157503600190093,1.3012207223162942,441.82974748194465,13.605949074074074,2021-05-01 07:52:30+00:00,334.817717454872,134.10029892710065,-4.138371166458998,299.08312796459705
2021-04-27 08:07:30,25.009693309274542,28.07113563359008,1.2872040830069562,419.6157930817656,13.61636574074074,2021-05-01 08:07:30+00:00,334.80247339731136,133.96262501008215,-4.137321013015447,306.14357262103505
2021-04-27 08:22:30,25.08412585332849,27.98478367888792,1.273081637357285,417.7172799237142,13.626782407407408,2021-05-01 08:22:30+00:00,334.7840676245883,133.82495102160138,-4.136270737106247,310.80575888589243
2021-04-27 08:37:30,25.15993144734409,27.898449142640732,1.2588524547046265,410.88899684603825,13.637199074074074,2021-05-01 08:37:30+00:00,334.7840676245883,133.68727696172076,-4.135220338766551,314.079020589872
2021-04-27 08:52:30,25.237122588429543,27.81213345639926,1.244515598051702,410.3848320957756,13.64761574074074,2021-05-01 08:52:30+00:00,334.7633649295591,133.54960283040106,-4.1341698180314985,315.62127355115666
2021-04-27 09:07:30,25.315711901803343,27.725838077111145,1.2300701241380692,411.72051264502215,13.658032407407408,2021-05-01 09:07:30+00:00,334.7633649295591,133.41192862770455,-4.133119174936279,314.58356520126137
2021-04-27 09:22:30,25.395712141712643,27.639564487580884,1.2155150835260766,417.5807628817547,13.668449074074074,2021-05-01 09:22:30+00:00,334.74124095770367,133.27425435363548,-4.132068409516045,317.12112780560193
2021-04-27 09:37:30,25.477136192353992,27.55331419692192,1.2008495206908334,407.2975203968981,13.67886574074074,2021-05-01 09:37:30+00:00,334.71857742066237,133.1365800082268,-4.131017521805973,315.4145798553144
2021-04-27 09:52:30,25.559997069098507,27.46708874094305,1.1860724741049833,426.7554827045364,13.689282407407408,2021-05-01 09:52:30+00:00,334.71857742066237,132.99890559146837,-4.129966511841226,311.49221766917924
2021-04-27 10:07:30,25.644307919167748,27.38088968268474,1.1711829763545398,405.4955600713682,13.699699074074074,2021-05-01 10:07:30+00:00,334.6962580005306,132.86123110339284,-4.128915379656977,314.25524021517344
2021-04-27 10:22:30,25.73008202281172,27.29471861282206,1.1561800542386869,394.6144138705795,13.71011574074074,2021-05-01 10:22:30+00:00,334.67516521869,132.72355654401886,-4.127864125288421,313.78222964199585
2021-04-27 10:37:30,25.817332794186203,27.208577150123073,1.1410627288844652,395.98170569751113,13.720532407407408,2021-05-01 10:37:30+00:00,334.67516521869,132.5858819133794,-4.126812748770714,313.7027320666719
2021-04-27 10:52:30,25.906073782082945,27.122466942008252,1.1258300158871597,412.3505533793951,13.730949074074074,2021-05-01 10:52:30+00:00,334.6561786854297,132.44820721146357,-4.1257612501390595,313.2257466147282
2021-04-27 11:07:30,25.99631867107612,27.036389664948413,1.1104809254281982,404.4439933943717,13.74136574074074,2021-05-01 11:07:30+00:00,334.64017536342453,132.310532438319,-4.1247096294286,311.9643850862549
2021-04-27 11:22:30,26.088081282381943,26.950347024964884,1.095014462419814,388.4001508265597,13.751782407407408,2021-05-01 11:22:30+00:00,334.64017536342453,132.1728575939346,-4.123657886674581,311.2012083631449
2021-04-27 11:37:30,26.181375574449568,26.86434075819417,1.0794296266670098,395.659099373847,13.762199074074074,2021-05-01 11:37:30+00:00,334.6280328057272,132.03518267835767,-4.12260602191215,310.8096828046744
2021-04-27 11:52:30,26.276215644075343,26.778372631329734,1.063725413017367,401.5645509879275,13.77261574074074,2021-05-01 11:52:30+00:00,334.62063682171026,131.89750769159173,-4.1215540351765245,309.98887033945465
2021-04-27 12:07:30,26.37261572701821,26.692444442158077,1.0479008115349755,385.11747148396466,13.783032407407408,2021-05-01 12:07:30+00:00,334.62063682171026,131.75983263364043,-4.120501926502898,308.95937673900943
2021-04-27 12:22:30,26.47059019894317,26.606558020076367,1.0319548076802765,385.52678304416435,13.793449074074074,2021-05-01 12:22:30+00:00,334.6188957633885,131.62215750455067,-4.119449695926457,309.29326655537005
2021-04-27 12:37:30,26.5701535759918,26.5207152266261,1.0158863825017228,386.76473330526386,13.80386574074074,2021-05-01 12:37:30+00:00,334.62376473002536,131.4844823043259,-4.118397343482411,307.0209608606938
2021-04-27 12:52:30,26.67132051563345,26.434917956031608,0.9996945128373336,390.06202758912855,13.814282407407408,2021-05-01 12:52:30+00:00,334.62376473002536,131.34680703298403,-4.117344869205974,309.7553160992226
2021-04-27 13:07:30,26.77410581724817,26.34916813572963,0.9833781715252308,374.88394912778693,13.824699074074074,2021-05-01 13:07:30+00:00,334.63628463861914,131.20913169054273,-4.116292273132345,308.97792617325166
2021-04-27 13:22:30,26.878524422795408,26.263467726971168,0.9669363276376588,374.5377746281336,13.83511574074074,2021-05-01 13:22:30+00:00,334.63628463861914,131.07145627702002,-4.115239555296727,311.19458356520124
2021-04-27 13:37:30,26.984591417485635,26.17781872531106,0.9503679467034808,382.2220277715228,13.845532407407408,2021-05-01 13:37:30+00:00,334.6576435632123,130.9337807924188,-4.114186715734341,338.0448896308663
2021-04-27 13:52:30,27.092322030258067,26.092223161228254,0.9336719909680742,369.96321149169927,13.855949074074074,2021-05-01 13:52:30+00:00,334.68927138937676,130.79610523678602,-4.113133754480395,341.24069215888915
2021-04-27 14:07:30,27.201731634390644,26.00668310068183,0.9168474196515956,377.51959432244985,13.86636574074074,2021-05-01 14:07:30+00:00,334.68927138937676,130.65842961013914,-4.112080671570114,335.65466253279277
2021-04-27 14:22:30,27.312835747898855,25.9212006457134,0.8998931892273743,365.80069822849754,13.876782407407408,2021-05-01 14:22:30+00:00,334.7329842171157,130.5207539124665,-4.111027467038716,337.19625301428306
2021-04-27 14:37:30,27.425650034048328,25.83577793500994,0.8828082537072179,368.0690480124063,13.887199074074074,2021-05-01 14:37:30+00:00,334.7912028754536,130.38307814380036,-4.109974140921425,332.0719718048599
2021-04-27 14:52:30,27.540190301657464,25.75041714455585,0.8655915649544672,370.9277950022524,13.89761574074074,2021-05-01 14:52:30+00:00,334.7912028754536,130.24540230415792,-4.108920693253473,334.66889259877576
2021-04-27 15:07:30,27.656472505494857,25.66512048818509,0.8482420729925094,361.7065201191784,13.908032407407408,2021-05-01 15:07:30+00:00,334.8672815230753,130.10772639355656,-4.107867124070089,335.20682619180116
2021-04-27 15:22:30,27.774512746578512,25.579890218225692,0.8307587263452684,361.5719662485778,13.918449074074074,2021-05-01 15:22:30+00:00,334.96599919448045,129.97005041201368,-4.106813433406485,337.67390094602115
2021-04-27 15:37:30,27.894327272276247,25.494728626146237,0.8131404723915476,344.8514187534085,13.92886574074074,2021-05-01 15:37:30+00:00,334.96599919448045,129.83237435956102,-4.105759621297908,339.0889577867875
2021-04-27 15:52:30,28.01593247658591,25.40963804315071,0.7953862577249156,353.0364170768507,13.939282407407408,2021-05-01 15:52:30+00:00,335.0942914868327,129.69469823618658,-4.10470568777961,341.02021888332405
2021-04-27 16:07:30,28.13934490020581,25.324620840841245,0.7774950285426002,320.36871304445077,13.949699074074074,2021-05-01 16:07:30+00:00,335.2623342305929,129.55702204192212,-4.103651632886806,350.0331239897184
2021-04-27 16:22:30,28.264581230524573,25.23967943186707,0.7594657310475667,354.3958743235607,13.96011574074074,2021-05-01 16:22:30+00:00,335.2623342305929,129.4193457767847,-4.10259745665475,352.6061955110369
2021-04-27 16:37:30,28.391658301637065,25.154816270568386,0.7412973118664881,317.0648717939487,13.970532407407408,2021-05-01 16:37:30+00:00,335.4851394643935,129.28166944080587,-4.101543159118685,354.24649548188785
2021-04-27 16:52:30,28.5205930941064,25.070033853680737,0.722988718496914,325.54185550334313,13.980949074074074,2021-05-01 16:52:30+00:00,335.7848901080356,129.14399303395894,-4.100488740313854,357.5292153589315
2021-04-27 17:07:30,28.651402734863172,24.98533472096929,0.7045388997587705,316.98187609347684,13.99136574074074,2021-05-01 17:07:30+00:00,335.7848901080356,129.00631655631904,-4.0994342002755015,365.694146328537
2021-04-27 17:22:30,28.78410449709941,24.900721455891457,0.6859468062688826,311.5681200906252,14.001782407407408,2021-05-01 17:22:30+00:00,336.19432608344346,128.8686400078593,-4.098379539038893,369.36560934891486
2021-04-27 17:37:30,28.91871579950394,24.8161966863684,0.6672113909596317,327.8295744537931,14.012199074074074,2021-05-01 17:37:30+00:00,336.19432608344346,128.73096338862558,-4.097324756639282,374.9688634496647
2021-04-27 17:52:30,29.0552542061208,24.731763085406737,0.6483316095838674,271.19770567727454,14.02261574074074,2021-05-01 17:52:30+00:00,336.76159947546165,128.59328669860562,-4.096269853111909,374.2904841402338
2021-04-27 18:07:30,29.19373742577272,24.647423371824573,0.6293064212638746,261.3812052345307,14.033032407407408,2021-05-01 18:07:30+00:00,337.55712560828385,128.45560993783064,-4.0952148284920415,374.33329052694654
2021-04-27 18:22:30,29.334183311299824,24.563180310971997,0.6101347890595782,257.09611365121845,14.043449074074074,2021-05-01 18:22:30+00:00,337.55712560828385,128.31793310631707,-4.094159682814968,372.39314200916874
2021-04-27 18:37:30,29.476609858953235,24.479036715433487,0.5908156805557271,257.5659357243317,14.05386574074074,2021-05-01 18:37:30+00:00,338.6830279939707,128.1802562040816,-4.093104416115899,372.79261732517153
2021-04-27 18:52:30,29.621035207397043,24.394995445797782,0.5713480684862251,247.62595221921077,14.064282407407408,2021-05-01 18:52:30+00:00,340.285704934679,128.04257923114076,-4.092049028430152,373.3444629938787
2021-04-27 19:07:30,29.76747763690093,24.311059411326895,0.5517309313593807,253.46595608387105,14.074699074074074,2021-05-01 19:07:30+00:00,340.285704934679,127.90490218751091,-4.090993519792988,372.7323316638842
2021-04-27 19:22:30,29.915955568155013,24.22723157073888,0.531963254133055,265.8621114350303,14.08511574074074,2021-05-01 19:22:30+00:00,342.5716150938723,127.76722507322316,-4.0899378902396295,375.0298115907465
2021-04-27 19:37:30,30.066487561152076,24.143514932937705,0.5120440289027995,291.00044002306,14.095532407407408,2021-05-01 19:37:30+00:00,345.82517350737356,127.62954788825,-4.088882139805413,370.7660916342052
2021-04-27 19:52:30,30.219092313753933,24.059912557798505,0.4919722556297109,275.29061372448706,14.105949074074074,2021-05-01 19:52:30+00:00,345.82517350737356,127.49187063266588,-4.087826268525597,375.93873386861696
2021-04-27 20:07:30,30.37378866036159,23.9764275568706,0.4717469428736203,257.0402539481439,14.11636574074074,2021-05-01 20:07:30+00:00,350.4249916636487,127.35419330642894,-4.086770276435451,376.7807456872565
2021-04-27 20:22:30,30.530595570273817,23.89306309418246,0.4513671085798207,258.5266705817085,14.126782407407408,2021-05-01 20:22:30+00:00,356.84975793252283,127.21651590959908,-4.08571416357026,375.180856983862
2021-04-27 20:37:30,30.68953214585186,23.809822387025584,0.4308317808881489,270.11748057572095,14.137199074074074,2021-05-01 20:37:30+00:00,356.84975793252283,127.07883844217773,-4.084657929965296,372.29641995919127
2021-04-27 20:52:30,30.850617620796385,23.726708706685727,0.4101399989589686,261.7254900640853,14.14761574074074,2021-05-01 20:52:30+00:00,365.65757155598885,126.94116090418088,-4.0836015756558695,369.5846353609292
2021-04-27 21:07:30,31.013871358007567,23.643725379268275,0.3892908138520311,257.9966399829359,14.158032407407408,2021-05-01 21:07:30+00:00,377.4148394511591,126.80348329562467,-4.082545100677262,366.89455971592866
2021-04-27 21:22:30,31.17931284746504,23.56087578643578,0.3682832894151318,239.08778487174175,14.168449074074074,2021-05-01 21:22:30+00:00,377.4148394511591,126.66580561652502,-4.0814885050647485,362.6599888703395
2021-04-27 21:37:30,31.3469617036786,23.478163366274075,0.347116503236094,237.66941465107095,14.17886574074074,2021-05-01 21:37:30+00:00,392.55134715290154,126.52812786688328,-4.080431788853637,361.9763097225535
2021-04-27 21:52:30,31.51683766339528,23.395591614002974,0.325789547589335,206.581550595709,14.189282407407408,2021-05-01 21:52:30+00:00,392.55134715290154,126.3904500467442,-4.079374952079219,360.2856612873307
2021-04-27 22:07:30,31.6889605826942,23.313164082837865,0.3043015304536541,237.2679333280335,14.199699074074074,2021-05-01 22:07:30+00:00,411.142892442322,126.25277215609464,-4.0783179947768105,359.3470599146726
2021-04-27 22:22:30,31.863350434135693,23.23088438476455,0.2826515765436395,202.79012601265285,14.21011574074074,2021-05-01 22:22:30+00:00,432.6843904294204,126.1150941949794,-4.077260916981681,357.39194954553886
2021-04-27 22:37:30,32.04002730376294,23.14875619132176,0.2608388283782098,227.09505743183848,14.220532407407408,2021-05-01 22:37:30+00:00,432.6843904294204,125.97741616338509,-4.0762037187291495,359.1779950711504
2021-04-27 22:52:30,32.21901138747655,23.06678323448498,0.2388624474120157,206.9277099687056,14.230949074074074,2021-05-01 22:52:30+00:00,455.99051500265085,125.83973806135629,-4.0751464000545345,355.84307178631053
2021-04-27 23:07:30,32.40032298796235,22.9849693073739,0.2167216151594515,196.31111681862933,14.24136574074074,2021-05-01 23:07:30+00:00,479.3639032358031,125.70205988889413,-4.074088960993113,355.07062034607947
2021-04-27 23:22:30,32.583982510610625,22.903318265144456,0.1944155344042529,196.35376909675833,14.251782407407408,2021-05-01 23:22:30+00:00,479.3639032358031,125.5643816459995,-4.073031401580206,354.6449469654812
2021-04-27 23:37:30,32.770010459681494,22.821834025752732,0.1719434304172116,194.08259054213352,14.262199074074074,2021-05-01 23:37:30+00:00,501.028602816972,125.4267033327024,-4.0719737218511565,353.7646076794658
2021-04-27 23:52:30,32.95842743410289,22.740520570802715,0.1493045522349059,190.3417382909594,14.27261574074074,2021-05-01 23:52:30+00:00,519.6199963289089,125.2890249490182,-4.0709159218412285,345.8430717863105
2021-04-28 00:07:30,33.1492541232201,22.659381946289813,0.1264981739532868,191.6896369291087,14.283032407407408,2021-05-02 00:07:30+00:00,519.6199963289089,125.15134649496238,-4.069858001585773,351.95022006374256
2021-04-28 00:22:30,33.342511301678165,22.57842226351041,0.1035235961088527,181.10447989083815,14.293449074074074,2021-05-02 00:22:30+00:00,534.4663071416018,125.01366797055006,-4.068799961120098,360.839494395421
2021-04-28 00:37:30,33.538219824939276,22.4976456997749,0.080380147050339,177.86997650654317,14.30386574074074,2021-05-02 00:37:30+00:00,545.5634609886677,124.87598937579646,-4.067741800479534,364.4221851233537
2021-04-28 00:52:30,33.73640062386662,22.417056499262287,0.0570671843922793,178.7299473728916,14.314282407407408,2021-05-02 00:52:30+00:00,545.5634609886677,124.73831071071686,-4.066683519699394,374.90261547022817
2021-04-28 01:07:30,33.937074699259306,22.336658973808063,0.0335840964987715,188.5979364514628,14.324699074074074,2021-05-02 01:07:30+00:00,553.3506754016538,124.60063197531184,-4.065625118814998,368.9389723613429
2021-04-28 01:22:30,34.1402631161229,22.256457503697337,0.0099303040132957,187.00541322014269,14.33511574074074,2021-05-02 01:22:30+00:00,558.4556730818764,124.46295316962554,-4.064566597861688,366.4997217584864
2021-04-28 01:37:30,34.34598699753086,22.176456538470212,-0.013894738559067,186.172928438423,14.345532407407408,2021-05-02 01:37:30+00:00,558.4556730818764,124.32527429365835,-4.063507956874789,366.57391949545536
2021-04-28 01:52:30,34.5542675185121,22.0966605976629,-0.0378915412407869,187.62804924104196,14.355949074074074,2021-05-02 01:52:30+00:00,561.5117591093502,124.1875953474254,-4.062449195889614,366.8919097967512
2021-04-28 02:07:30,34.7651258989564,22.017074271668175,-0.0620605768832805,184.8988615110397,14.36636574074074,2021-05-02 02:07:30+00:00,561.5117591093502,124.04991633092688,-4.061390314941531,365.57225004637365
2021-04-28 02:22:30,34.978583397140916,21.93770222239458,-0.0864022794814987,185.2324550820421,14.376782407407408,2021-05-02 02:22:30+00:00,563.0647166820818,123.9122372441922,-4.060331314065857,363.2303839732888
2021-04-28 02:37:30,35.194661301904496,21.85854918413584,-0.1109170423694502,182.58510287381935,14.387199074074074,2021-05-02 02:37:30+00:00,563.5447680984349,123.77455808725082,-4.059272193297943,363.980708588388
2021-04-28 02:52:30,35.41338092533716,21.779619964239988,-0.1356052164271217,181.164990746852,14.39761574074074,2021-05-02 02:52:30+00:00,563.5447680984349,123.63687886008827,-4.058212952673123,363.2164718976071
2021-04-28 03:07:30,35.6347635945957,21.700919443901935,-0.1604671081972688,186.25140474071569,14.408032407407408,2021-05-02 03:07:30+00:00,563.2730881655763,123.4991995627339,-4.0571535922267135,361.81851908062254
2021-04-28 03:22:30,35.85883064368958,21.62245257887469,-0.1855029779814882,332.3756648678029,14.418449074074074,2021-05-02 03:22:30+00:00,562.4814548699327,123.36152019518772,-4.056094111994116,359.6804197471977
2021-04-28 03:37:30,36.085603404566086,21.544224400145815,-0.2107130378553286,319.24238810716275,14.42886574074074,2021-05-02 03:37:30+00:00,562.4814548699327,123.22384075749343,-4.055034512010629,362.14524207011686
2021-04-28 03:52:30,36.31510319795376,21.46624001466892,-0.2360974496482389,334.91018363939895,14.439282407407408,2021-05-02 03:52:30+00:00,561.3336719832658,123.08616124965098,-4.053974792311645,362.16842886291965
2021-04-28 04:07:30,36.54735132401456,21.388504605998712,-0.2616563228871969,340.8190778214737,14.449699074074074,2021-05-02 04:07:30+00:00,559.9440843426805,122.94848167166045,-4.052914952932449,358.06141549046396
2021-04-28 04:22:30,36.782369052356955,21.311023434995697,-0.2873897126607558,342.6878779808111,14.46011574074074,2021-05-02 04:22:30+00:00,559.9440843426805,122.81080202356524,-4.051854993908469,356.2604340567612
2021-04-28 04:37:30,37.02017761169711,21.233801840448773,-0.3132976174502608,320.67210533074694,14.470532407407408,2021-05-02 04:37:30+00:00,558.3919931386365,122.67312230535056,-4.050794915275024,354.21072157299204
2021-04-28 04:52:30,37.26079817910257,21.15684523968762,-0.33937997690706,335.18655122879215,14.480949074074074,2021-05-02 04:52:30+00:00,556.732261705624,122.53544251704544,-4.049734717067462,358.62548692264886
2021-04-28 05:07:30,37.504251868756135,21.08015912921866,-0.3656366695629692,329.1244161800147,14.49136574074074,2021-05-02 05:07:30+00:00,556.732261705624,122.39776265866396,-4.0486743993211824,351.2520868113522
2021-04-28 05:22:30,37.75055972044026,21.003749085242735,-0.3920675105206647,329.3279496835812,14.501782407407408,2021-05-02 05:22:30+00:00,555.0028647839605,122.26008273023513,-4.0476139620715,349.10035243925057
2021-04-28 05:37:30,37.999742687397095,20.927620764236156,-0.4186722490638365,354.4078002897176,14.512199074074074,2021-05-02 05:37:30+00:00,553.2301564593271,122.12240273172932,-4.046553405353806,346.3698757187905
2021-04-28 05:52:30,38.251821623772585,20.851779903460766,-0.4454505662319757,334.4303998728039,14.52261574074074,2021-05-02 05:52:30+00:00,553.2301564593271,121.98472266320428,-4.045492729203468,342.7378964941569
2021-04-28 06:07:30,38.50681727162522,20.776232321445576,-0.4724020723438688,190.80591981633276,14.533032407407408,2021-05-02 06:07:30+00:00,551.4325028040172,121.8470425246596,-4.044431933655829,346.9857169356335
2021-04-28 06:22:30,38.764750247517206,20.70098391843968,-0.4995263044731978,189.0727532504809,14.543449074074074,2021-05-02 06:22:30+00:00,551.4325028040172,121.70936231609453,-4.043371018746308,347.2083101465405
2021-04-28 06:37:30,39.02564102831262,20.626040676851968,-0.5268227238675407,190.46699845304525,14.55386574074074,2021-05-02 06:37:30+00:00,549.622769902556,121.57168203753773,-4.042309984510229,339.86273418660727
2021-04-28 06:52:30,39.289509937003814,20.551408661606754,-0.5542907133378967,326.2378473927133,14.564282407407408,2021-05-02 06:52:30+00:00,547.8100220623344,121.43400168900322,-4.041248830982976,339.4500092747171
2021-04-28 07:07:30,39.5563771275254,20.47709402051164,-0.581929574585299,335.1340669823856,14.574699074074074,2021-05-02 07:07:30+00:00,547.8100220623344,121.29632127050466,-4.040187558199944,341.79187534780186
2021-04-28 07:22:30,39.82626256914915,20.403102984577203,-0.609738525485382,367.3413191973342,14.58511574074074,2021-05-02 07:22:30+00:00,546.0006795974397,121.15864078205594,-4.0391261661965006,341.0048493520948
2021-04-28 07:37:30,40.099186030724056,20.329441868243745,-0.6377166973480375,343.4423590887653,14.595532407407408,2021-05-02 07:37:30+00:00,544.1993085607961,121.0209602236562,-4.038064655008025,342.53385271749204
2021-04-28 07:52:30,40.37516706264931,20.256117069281363,-0.665863131395177,352.2964630974104,14.605949074074074,2021-05-02 07:52:30+00:00,544.1993085607961,120.88327959534824,-4.0370030246699065,342.3298089408274
2021-04-28 08:07:30,40.65422497824607,20.183135068590065,-0.6941767751644582,332.1230451350158,14.61636574074074,2021-05-02 08:07:30+00:00,542.4091603934991,120.74559889711658,-4.035941275217531,348.64721625990404
2021-04-28 08:22:30,40.936378848727045,20.11050243344284,-0.7226564862387989,327.76132263449836,14.626782407407408,2021-05-02 08:22:30+00:00,540.632541776376,120.60791812898955,-4.034879406686259,349.08180300500834
2021-04-28 08:37:30,41.22164746973894,20.03822581377711,-0.751301021325206,318.28328112397065,14.637199074074074,2021-05-02 08:37:30+00:00,540.632541776376,120.47023729098038,-4.03381741911151,354.12830908657287
2021-04-28 08:52:30,41.51004934809947,19.966311943585428,-0.7801090362193799,335.45856851366034,14.64761574074074,2021-05-02 08:52:30+00:00,538.871069171829,120.33255638311743,-4.032755312528651,353.3889816360601
2021-04-28 09:07:30,41.801602682566646,19.894767640850507,-0.8090790828512324,350.07173414023373,14.658032407407408,2021-05-02 09:07:30+00:00,537.1258450034027,120.19487540537034,-4.031693086973078,353.807271378223
2021-04-28 09:22:30,42.09632534392316,19.823599807456993,-0.8382096062878316,305.01809111164516,14.668449074074074,2021-05-02 09:22:30+00:00,537.1258450034027,120.05719435779608,-4.030630742480207,350.6214060471155
2021-04-28 09:37:30,42.39423485442678,19.7528154290269,-0.867498941721255,295.29608170480213,14.67886574074074,2021-05-02 09:37:30+00:00,535.3975805360097,119.919513240379,-4.029568279085411,353.1812279725468
2021-04-28 09:52:30,42.695348366971835,19.68242157467257,-0.8969453114448387,304.35221493186316,14.689282407407408,2021-05-02 09:52:30+00:00,533.6866824784839,119.78183205314672,-4.028505696824114,351.0771921456396
2021-04-28 10:07:30,42.99968264344761,19.612425396702072,-0.9265468218038418,330.0988028036351,14.699699074074074,2021-05-02 10:07:30+00:00,533.6866824784839,119.6441507961129,-4.027442995731669,348.94665712695763
2021-04-28 10:22:30,43.30725403247379,19.542834130250803,-0.95630146013982,331.40837842578094,14.71011574074074,2021-05-02 10:22:30+00:00,531.9933148882997,119.50646946929037,-4.026380175843516,348.9296976442218
2021-04-28 10:37:30,43.61807844684944,19.47365509282106,-0.98620709173433,325.84151881042044,14.720532407407408,2021-05-02 10:37:30+00:00,531.9933148882997,119.36878807269224,-4.02531723719505,345.0862548692265
2021-04-28 10:52:30,43.93217134008452,19.40489568377148,-1.0162614567394876,292.4173232949858,14.730949074074074,2021-05-02 10:52:30+00:00,530.3174442707017,119.2311066063173,-4.024254179821669,346.331427800543
2021-04-28 11:07:30,44.24954768258902,19.336563383705855,-1.046462167124468,361.8910895591225,14.74136574074074,2021-05-02 11:07:30+00:00,528.6588732599129,119.09342507019294,-4.023191003758793,343.15923364337385
2021-04-28 11:22:30,44.57022193733441,19.268665753773636,-1.076806703629162,353.96347998934675,14.751782407407408,2021-05-02 11:22:30+00:00,528.6588732599129,118.95574346433224,-4.022127709041819,339.6806124685924
2021-04-28 11:37:30,44.8942080347609,19.201210434902254,-1.1072924127295305,365.99553472655225,14.762199074074074,2021-05-02 11:37:30+00:00,527.0172665637939,118.81806178874808,-4.021064295706154,336.7767828535775
2021-04-28 11:52:30,45.2215193472404,19.13420514694139,-1.137916503620179,355.444407345576,14.77261574074074,2021-05-02 11:52:30+00:00,525.3921716863871,118.68038004345333,-4.020000763787238,333.9269152290855
2021-04-28 12:07:30,45.55216866303414,19.067657687682154,-1.1686760452417446,366.4943580666573,14.783032407407408,2021-05-02 12:07:30+00:00,525.3921716863871,118.5426982284609,-4.018937113320458,333.2591355963643
2021-04-28 12:22:30,45.88616815976845,19.001575931813385,-1.199567963327128,357.59203415442073,14.793449074074074,2021-05-02 12:22:30+00:00,523.783036141121,118.405016343769,-4.017873344341232,336.57153456819566
2021-04-28 12:37:30,46.22352937728638,18.935967829750037,-1.2305890375028374,339.4300578483519,14.80386574074074,2021-05-02 12:37:30+00:00,522.1892223139461,118.2673343894048,-4.016809456884986,339.87200890372844
2021-04-28 12:52:30,46.56426318988,18.87084140640302,-1.2617358984206426,344.16576647353435,14.814282407407408,2021-05-02 12:52:30+00:00,522.1892223139461,118.1296523653811,-4.015745450987152,339.1150492986887
2021-04-28 13:07:30,46.90837977841056,18.806204759796422,-1.2930050249678338,316.09881579545674,14.824699074074074,2021-05-02 13:07:30+00:00,520.6100207514736,117.9919702717105,-4.0146813266831325,337.6050030474071
2021-04-28 13:22:30,47.25588860144675,18.742066059613563,-1.324392741525242,307.411184659257,14.83511574074074,2021-05-02 13:22:30+00:00,519.0446623811529,117.8542881083911,-4.01361708400836,338.9150267280484
2021-04-28 13:37:30,47.60679836666362,18.678433545574343,-1.3558952153285584,290.74426369530613,14.845532407407408,2021-05-02 13:37:30+00:00,519.0446623811529,117.71660587544991,-4.012552722998257,333.7785197551475
2021-04-28 13:52:30,47.961117000979904,18.61531552578177,-1.3875084538701343,249.0610160903711,14.855949074074074,2021-05-02 13:52:30+00:00,517.492329982807,117.57892357289944,-4.011488243688252,330.24299758857353
2021-04-28 14:07:30,48.31885162092861,18.55272037487778,-1.4192283024309469,248.43740865125403,14.86636574074074,2021-05-02 14:07:30+00:00,515.9521690992065,117.44124120075216,-4.01042364611377,310.7201461124666
2021-04-28 14:22:30,48.68000850238018,18.490656532118713,-1.451050441694517,241.89342808701923,14.876782407407408,2021-05-02 14:22:30+00:00,515.9521690992065,117.30355875902036,-4.00935893031026,316.16583194212575
2021-04-28 14:37:30,49.044593049940325,18.429132499310622,-1.4829703854789735,233.2880382032069,14.887199074074074,2021-05-02 14:37:30+00:00,514.42329848137,117.1658762477019,-4.008294096313133,320.5554230595967
2021-04-28 14:52:30,49.41260976609728,18.36815683862011,-1.5149834785943992,256.22080900073405,14.89761574074074,2021-05-02 14:52:30+00:00,514.42329848137,117.02819366682364,-4.007229144157824,332.8362084956409
2021-04-28 15:07:30,49.78406222003376,18.307738170266056,-1.547084894825551,233.18321233062855,14.908032407407408,2021-05-02 15:07:30+00:00,512.9048201007438,116.89051101639778,-4.006164073879776,338.2953069931367
2021-04-28 15:22:30,50.15895301627312,18.247885170056417,-1.5792696350702342,227.06716122201075,14.918449074074074,2021-05-02 15:22:30+00:00,511.39582871764947,116.75282829643652,-4.005098885514435,336.00445186421814
2021-04-28 15:37:30,50.53728376287451,18.188606566837084,-1.6115325256096864,239.53488372093025,14.92886574074074,2021-05-02 15:37:30+00:00,511.39582871764947,116.61514550693752,-4.004033579097237,340.16747489201583
2021-04-28 15:52:30,50.919055039886906,18.12991113974027,-1.6438682165791916,222.81883554302567,14.939282407407408,2021-05-02 15:52:30+00:00,509.8954209680516,116.47746264792733,-4.002968154663591,337.6145427564459
2021-04-28 16:07:30,51.304266367225594,18.071807715363015,-1.6762711805787185,226.2647047404589,14.949699074074074,2021-05-02 16:07:30+00:00,508.4027039149926,116.33977971943268,-4.001902612248995,337.26581339269154
2021-04-28 16:22:30,51.692916172829875,18.014305164736584,-1.7087357115100603,222.88899137992632,14.96011574074074,2021-05-02 16:22:30+00:00,508.4027039149926,116.2020967214218,-4.0008369518888465,337.6076529665845
2021-04-28 16:37:30,52.08500176061589,17.9574124002221,-1.7412559235797682,241.77505144232637,14.970532407407408,2021-05-02 16:37:30+00:00,506.91680300420325,116.06441365395024,-3.999771173618635,333.79441927021225
2021-04-28 16:52:30,52.480519278534025,17.90113837220328,-1.7738257505463584,258.40300368862466,14.980949074074074,2021-05-02 16:52:30+00:00,505.43686936333455,115.9267305169864,-3.998705277473771,337.22871452420696
2021-04-28 17:07:30,52.87946368646653,17.845492065688592,-1.806438945162793,254.03191365454052,14.99136574074074,2021-05-02 17:07:30+00:00,505.43686936333455,115.78904731060028,-3.997639263489727,338.2999443516973
2021-04-28 17:22:30,53.28182872487521,17.790482496710375,-1.8390890788904612,252.20549874791325,15.001782407407408,2021-05-02 17:22:30+00:00,503.9620863893203,115.65136403474553,-3.9965731317019353,332.773477681658
2021-04-28 17:37:30,53.6876068826792,17.736118708639566,-1.8717695418233664,252.9875373684824,15.012199074074074,2021-05-02 17:37:30+00:00,502.49167557722177,115.51368068947748,-3.995506882145871,330.3080892396418
2021-04-28 17:52:30,54.09678936674791,17.682409768273228,-1.9044735429254525,244.0097958335228,15.02261574074074,2021-05-02 17:52:30+00:00,502.49167557722177,115.37599727477884,-3.994440514856954,324.1778625751915
2021-04-28 18:07:30,54.50936607005328,17.62936476188091,-1.9371941104748016,235.81162402453705,15.033032407407408,2021-05-02 18:07:30+00:00,501.0249015554078,115.23831379067585,-3.99337402987068,317.0654795028752
2021-04-28 18:22:30,54.92532554176496,17.576992790994417,-1.9699240928599109,236.63563786596336,15.043449074074074,2021-05-02 18:22:30+00:00,499.5610763050804,115.10063023717986,-3.9923074272225074,320.2114635503617
2021-04-28 18:37:30,55.344654956984805,17.52530296812053,-2.0026561596321897,213.5186551228792,15.05386574074074,2021-05-02 18:37:30+00:00,499.5610763050804,114.96294661428824,-3.9912407069478473,320.20033388981636
2021-04-28 18:52:30,55.76734008703507,17.474304412289044,-2.0353828028759913,219.19021975666317,15.064282407407408,2021-05-02 18:52:30+00:00,498.09956255615583,114.82526292204138,-3.990173869082221,324.6076794657763
2021-04-28 19:07:30,56.19336527088725,17.42400624442642,-2.068096338919422,191.86628877586676,15.074699074074074,2021-05-02 19:07:30+00:00,498.09956255615583,114.68757916040724,-3.989106913661044,325.8764607679466
2021-04-28 19:22:30,56.62271338647389,17.374417582652068,-2.100788910330165,182.0816795827027,15.08511574074074,2021-05-02 19:22:30+00:00,496.63977636559844,114.54989532942636,-3.988039840719807,322.0367278797996
2021-04-28 19:37:30,57.05536582362143,17.32554753735376,-2.133452488305976,184.7614240788912,15.095532407407408,2021-05-02 19:37:30+00:00,495.1811888978862,114.41221142912453,-3.9869726502939744,321.8090757322811
2021-04-28 19:52:30,57.49130245736912,17.277405206165035,-2.1660788753864977,173.00819134354924,15.105949074074074,2021-05-02 19:52:30+00:00,495.1811888978862,114.27452745948412,-3.985905342419011,322.00333889816363
2021-04-28 20:07:30,57.93050162224114,17.229999668808738,-2.198659708523708,180.2577939977482,15.11636574074074,2021-05-02 20:07:30+00:00,493.72332743984623,114.13684342053097,-3.9848379171303834,329.39343350027826
2021-04-28 20:22:30,58.372940087722704,17.18333998178173,-2.2311864625379023,175.6429327738189,15.126782407407408,2021-05-02 20:22:30+00:00,492.2657756932528,113.99915931227622,-3.983770374463558,340.97570024114265
2021-04-28 20:37:30,58.81859303466718,17.137435172930108,-2.2636504539334252,184.43918158170595,15.137199074074074,2021-05-02 20:37:30+00:00,492.2657756932528,113.86147513471664,-3.9827027144540135,350.361713967724
2021-04-28 20:52:30,59.267434033069215,17.09229423587601,-2.2960428451156547,179.0532859564904,15.14761574074074,2021-05-02 20:52:30+00:00,490.8081733980484,113.7237908878778,-3.981634937137223,352.29085512891857
2021-04-28 21:07:30,59.71943502109394,17.04792612433167,-2.328354648989291,177.74197305586833,15.158032407407408,2021-05-02 21:07:30+00:00,489.35021534664054,113.586106571771,-3.980567042548663,356.9282136894825
2021-04-28 21:22:30,60.17456628546035,17.004339746286565,-2.360576733957738,188.7114061698161,15.168449074074074,2021-05-02 21:22:30+00:00,489.35021534664054,113.44842218639268,-3.979499030723819,347.5536149993579
2021-04-28 21:37:30,60.63279644312168,16.961543958099583,-2.3926998293121513,193.7453896028264,15.17886574074074,2021-05-02 21:37:30+00:00,487.8916498553765,113.31073773175372,-3.97843090169817,354.68879108278105
2021-04-28 21:52:30,61.09409242483976,16.91954755845788,-2.4247145310399363,199.1646258680161,15.189282407407408,2021-05-02 21:52:30+00:00,486.43227676299443,113.17305320790886,-3.97736265550717,359.3396401409757
2021-04-28 22:07:30,61.55841946030456,16.8783592822361,-2.456611308038865,170.03377722560856,15.199699074074074,2021-05-02 22:07:30+00:00,486.43227676299443,113.03536861481084,-3.976294292186312,361.718605082545
2021-04-28 22:22:30,62.025741064535374,16.83798779429299,-2.488380508712712,215.43688248247727,15.21011574074074,2021-05-02 22:22:30+00:00,484.9719450276764,112.89768395251411,-3.975225811771107,362.3724726395844
2021-04-28 22:37:30,62.49601902703179,16.798441683119464,-2.5200123680211597,173.62658694723763,15.220532407407408,2021-05-02 22:37:30+00:00,483.5105499944186,112.75999922098592,-3.974157214297003,366.9931367093304
2021-04-28 22:52:30,62.96921340184841,16.75972945446508,-2.5514970148885503,225.44578188030636,15.230949074074074,2021-05-02 22:52:30+00:00,483.5105499944186,112.62231442028076,-3.9730884997995144,371.4683202162334
2021-04-28 23:07:30,63.44528250036403,16.721859524848973,-2.5828244800463542,176.31711767674807,15.24136574074074,2021-05-02 23:07:30+00:00,482.0480304029734,112.48462955038003,-3.972019668314112,370.7707289927657
2021-04-28 23:22:30,63.924182885783246,16.68484021502581,-2.61398470426213,171.94253717284968,15.251782407407408,2021-05-02 23:22:30+00:00,482.0480304029734,112.34694461130928,-3.970950719876292,372.0877388239658
2021-04-28 23:37:30,64.40586936965055,16.64867974340248,-2.6449675469518885,178.9202935124432,15.262199074074074,2021-05-02 23:37:30+00:00,480.58436520380803,112.20925960307896,-3.96988165452155,368.6938548374275
2021-04-28 23:52:30,64.89029501141796,16.61338621936298,-2.6757627952157708,173.4205517626654,15.27261574074074,2021-05-02 23:52:30+00:00,479.11957024561195,112.07157452568528,-3.968812472285368,364.5937673900946
2021-04-29 00:07:30,65.3774111189887,16.578967636629482,-2.7063601731909865,194.96253445665255,15.283032407407408,2021-05-03 00:07:30+00:00,479.11957024561195,111.93388937915316,-3.9677431732032407,362.988578848345
2021-04-29 00:22:30,65.86716725277122,16.545431866534404,-2.736749351818726,181.48451124729627,15.293449074074074,2021-05-03 00:22:30+00:00,477.6536948930888,111.7962041634788,-3.966673757310671,362.45594509367464
2021-04-29 00:37:30,66.35951123162853,16.512786651298107,-2.766919958947727,181.99543950463465,15.30386574074074,2021-05-03 00:37:30+00:00,476.186818628335,111.65851887870154,-3.965604224643154,355.7688740493415
2021-04-29 00:52:30,66.85438914148304,16.481039597308566,-2.7968615897737483,190.63765190045424,15.314282407407408,2021-05-03 00:52:30+00:00,476.186818628335,111.5208335247883,-3.964534575236193,362.9892413281395
2021-04-29 01:07:30,67.35174534644675,16.450198168391516,-2.8265638176115178,226.662231698916,15.324699074074074,2021-05-03 01:07:30+00:00,474.7190476832487,111.38314810179314,-3.963464809125266,370.2374327583008
2021-04-29 01:22:30,67.85152250236632,16.42026967911559,-2.856016204961239,212.8171233125477,15.33511574074074,2021-05-03 01:22:30+00:00,473.2505117443291,111.2454626097118,-3.9623949263459,359.53175928134186
2021-04-29 01:37:30,68.35366157319586,16.3912612881177,-2.885208314870611,175.14915157368614,15.345532407407408,2021-05-03 01:37:30+00:00,473.2505117443291,111.1077770485399,-3.9613249269335977,359.23099345469956
2021-04-29 01:52:30,68.85810185016561,16.36317999146046,-2.914129722572481,181.35297960368732,15.355949074074074,2021-05-03 01:52:30+00:00,471.781360765105,110.97009141828798,-3.960254810923826,376.2938230383973
2021-04-29 02:07:30,69.36478097332603,16.336032616064273,-2.9427700273525232,192.12955444547657,15.36636574074074,2021-05-03 02:07:30+00:00,470.31176191541084,110.832405718995,-3.95918457835214,378.7659567292288
2021-04-29 02:22:30,69.873634956065,16.30982581319149,-2.9711188646468827,172.5951521269299,15.376782407407408,2021-05-03 02:22:30+00:00,470.31176191541084,110.69471995064248,-3.958114229254017,369.2301984789464
2021-04-29 02:37:30,70.38459821230927,16.28456605201479,-2.999165918338957,170.50137295715203,15.387199074074074,2021-05-03 02:37:30+00:00,468.8418966909508,110.55703411324006,-3.9570437636649713,366.7686885549991
2021-04-29 02:52:30,70.8976035864334,16.260259613279953,-3.026900933219293,184.4068279173299,15.39761574074074,2021-05-03 02:52:30+00:00,467.3719582011393,110.41934820681266,-3.9559731816205166,368.66629567798185
2021-04-29 03:07:30,71.41258238571888,16.236912583080304,-3.0543137275853063,202.26707287762355,15.408032407407408,2021-05-03 03:07:30+00:00,467.3719582011393,110.28166223138484,-3.954902483156168,365.67612687813016
2021-04-29 03:22:30,71.92946441626064,16.214530846726976,-3.0813942059771864,194.56394265925303,15.418449074074074,2021-05-03 03:22:30+00:00,465.90214864816727,110.1439761869228,-3.953831668307428,366.344581035733
2021-04-29 03:37:30,72.44817802070637,16.19312008277857,-3.1081323719688174,181.35979829268908,15.42886574074074,2021-05-03 03:37:30+00:00,465.90214864816727,110.0062900734657,-3.95276073710982,367.5755889445372
2021-04-29 03:52:30,72.96865011922065,16.172685757204274,-3.134518341020081,175.89861058432712,15.439282407407408,2021-05-03 03:52:30+00:00,464.4326770056643,109.8686038910234,-3.951689689598857,368.5030606566499
2021-04-29 04:07:30,73.49080625315332,16.153233117697923,-3.160542353361298,197.35843786336503,15.449699074074074,2021-05-03 04:07:30+00:00,462.96375690123153,109.73091763960583,-3.95061852581003,366.3420515674272
2021-04-29 04:22:30,74.01457063070632,16.134767188182387,-3.186194786833131,236.36293046550455,15.46011574074074,2021-05-03 04:22:30+00:00,462.96375690123153,109.5932313192082,-3.949547245778909,369.48088083313456
2021-04-29 04:37:30,74.53986617628223,16.117292763469294,-3.211466169722698,186.41558888679575,15.470532407407408,2021-05-03 04:37:30+00:00,461.49560470353356,109.4555449298548,-3.9484758495409946,372.36134297903914
2021-04-29 04:52:30,75.06661458116272,16.100814404143,-3.236347193473848,195.3449547695772,15.480949074074074,2021-05-03 04:52:30+00:00,460.0284378115454,109.31785847154096,-3.947404337131767,376.1268781302171
2021-04-29 05:07:30,75.59473635753166,16.085336431628974,-3.2608287253139,169.36788291770333,15.49136574074074,2021-05-03 05:07:30+00:00,460.0284378115454,109.18017194429076,-3.946332708586806,378.7608977926173
2021-04-29 05:22:30,76.12415089403785,16.070862923504723,-3.2849018206969154,183.19500897440875,15.501782407407408,2021-05-03 05:22:30+00:00,458.56247314095083,109.04248534811386,-3.945260963941599,369.679094787609
2021-04-29 05:37:30,76.65477651455265,16.057397709016797,-3.3085577355945506,186.69009525170569,15.512199074074074,2021-05-03 05:37:30+00:00,457.09792580053954,108.90479868302003,-3.9441891032316834,370.4785754034502
2021-04-29 05:52:30,77.18653053840961,16.044944364857333,-3.331787938539419,183.44915945179952,15.52261574074074,2021-05-03 05:52:30+00:00,457.09792580053954,108.76711194898954,-3.943117126492587,368.2340938601372
2021-04-29 06:07:30,77.71932934300573,16.03350621118549,-3.3545841224210093,191.8732907634644,15.533032407407408,2021-05-03 06:07:30+00:00,455.6350079497458,108.62942514607568,-3.942045033759835,366.78976745754704
2021-04-29 06:22:30,78.25308842799767,16.023086307917946,-3.3769382159763572,195.81613504974143,15.543449074074074,2021-05-03 06:22:30+00:00,454.1739278271525,108.49173827425872,-3.9409728250689775,366.02114635503614
2021-04-29 06:37:30,78.78772248225461,16.013687451276752,-3.3988423949863806,198.2837803602632,15.55386574074074,2021-05-03 06:37:30+00:00,454.1739278271525,108.3540513335628,-3.9399005004554946,379.7546174841668
2021-04-29 06:52:30,79.32314545133221,16.00531217063378,-3.4202890930760685,183.3132740614202,15.564282407407408,2021-05-03 06:52:30+00:00,452.71488893882673,108.21636432398265,-3.938828059954959,378.3275155562301
2021-04-29 07:07:30,79.8592706075824,15.997962725629376,-3.441271012152108,180.93190336683057,15.574699074074074,2021-05-03 07:07:30+00:00,451.2580893947136,108.07867724554228,-3.937755503602891,379.38230383973286
2021-04-29 07:22:30,80.39601062080534,15.991641103600085,-3.461781132393466,129.05229646309743,15.58511574074074,2021-05-03 07:22:30+00:00,451.2580893947136,107.94099009825086,-3.936682831434831,376.70191059172686
2021-04-29 07:37:30,80.93327763100768,15.986349017295616,-3.4818127218166146,142.09675009581468,15.595532407407408,2021-05-03 07:37:30+00:00,449.80372138095515,107.80330288210322,-3.9356100434863017,385.1578026870181
2021-04-29 07:52:30,81.47098332191204,15.9820879029116,-3.501359345339748,168.39694063749658,15.605949074074074,2021-05-03 07:52:30+00:00,449.80372138095515,107.66561559712312,-3.934537139792855,392.4742295359992
2021-04-29 08:07:30,82.00903899546374,15.97885891843425,-3.5204148733477743,195.20536822070508,15.61636574074074,2021-05-03 08:07:30+00:00,448.3519707558783,107.52792824330515,-3.933464120390029,392.20923761825264
2021-04-29 08:22:30,82.54735564698933,15.976662942304207,-3.5389734897125034,362.7391082859499,15.626782407407408,2021-05-03 08:22:30+00:00,446.90301675747924,107.39024082067304,-3.9323909853133614,396.1284680817235
2021-04-29 08:37:30,83.08584404165421,15.97550057239596,-3.5570296992775763,231.6747993501727,15.637199074074074,2021-05-03 08:37:30+00:00,446.90301675747924,107.25255332923597,-3.931317734598374,395.93598758874214
2021-04-29 08:52:30,83.6244147877966,15.975372124113468,-3.57457833175803,242.37597546298093,15.64761574074074,2021-05-03 08:52:30+00:00,445.4570318104852,107.1148657690028,-3.9302443682806527,400.82942470254653
2021-04-29 09:07:30,84.16297841727828,15.97627763131431,-3.591614551327128,203.2102791292881,15.658032407407408,2021-05-03 09:07:30+00:00,444.01418142146287,106.9771781399536,-3.929170886395689,402.4432254816229
2021-04-29 09:22:30,84.70144547100799,15.9782168496176,-3.608133870376875,229.25159503565376,15.668449074074074,2021-05-03 09:22:30+00:00,444.01418142146287,106.83949044214104,-3.92809728897907,410.6313552891182
2021-04-29 09:37:30,85.2397265611262,15.98118925097419,-3.6241321404858016,234.46659137596697,15.67886574074074,2021-05-03 09:37:30+00:00,442.5746241509425,106.70180267553036,-3.927023576066302,417.3808198849935
2021-04-29 09:52:30,85.77773245417458,15.985194026568578,-3.639605562525593,250.9021580636682,15.689282407407408,2021-05-03 09:52:30+00:00,441.13851165211094,106.56411484017411,-3.925949747692956,403.237538755068
2021-04-29 10:07:30,86.31537414763086,15.990230087754467,-3.654550690408725,235.18881292797613,15.699699074074074,2021-05-03 10:07:30+00:00,441.13851165211094,106.42642693605212,-3.924875803894589,398.5392320534224
2021-04-29 10:22:30,86.85256294607798,15.996296067316864,-3.6689644341800234,207.8114017883321,15.71011574074074,2021-05-03 10:22:30+00:00,439.7059887662685,106.28873896318755,-3.9238017447067537,401.1900175506185
2021-04-29 10:37:30,87.38921053640567,16.003390321042037,-3.682844062429872,214.6612707300754,15.720532407407408,2021-05-03 10:37:30+00:00,438.2771936659304,106.15105092157486,-3.9227275701649713,411.9643850862549
2021-04-29 10:52:30,87.92522906272626,16.011510929615984,-3.696187204052886,256.4828423895862,15.730949074074074,2021-05-03 10:52:30+00:00,438.2771936659304,106.01336281123729,-3.9216532803048176,423.413095900575
2021-04-29 11:07:30,88.46053119993151,16.02065570082223,-3.70899184931927,213.78259052593057,15.74136574074074,2021-05-03 11:07:30+00:00,436.85225803716213,105.87567463218345,-3.9205788751618345,414.38111137610304
2021-04-29 11:22:30,88.99503022611015,16.03082217204805,-3.721256350281041,221.2075034618421,15.751782407407408,2021-05-03 11:22:30+00:00,435.43130729345523,105.73798638440763,-3.919504354771578,416.5924689296977
2021-04-29 11:37:30,89.52864009376675,16.04200761308493,-3.732979420512659,219.94013206186705,15.762199074074074,2021-05-03 11:37:30+00:00,435.43130729345523,105.60029806791827,-3.918429719169613,411.5430479370379
2021-04-29 11:52:30,90.06127549956152,16.05420902922172,-3.744160134188238,211.9404433746166,15.77261574074074,2021-05-03 11:52:30+00:00,434.0144608141653,105.46260968273852,-3.917354968391476,412.49701884092536
2021-04-29 12:07:30,90.59285195261924,16.067423164621342,-3.754797924511062,241.0022819206738,15.783032407407408,2021-05-03 12:07:30+00:00,434.0144608141653,105.324921228877,-3.916280102472774,419.8015210536078
2021-04-29 12:22:30,91.12328584086018,16.081646505966276,-3.7648925814985703,223.02685876151915,15.793449074074074,2021-05-03 12:22:30+00:00,432.60183220123565,105.18723270632758,-3.9152051214490142,416.9820070487851
2021-04-29 12:37:30,91.65249449551324,16.09687528636892,-3.774444249139168,226.0807975063908,15.80386574074074,2021-05-03 12:37:30+00:00,431.19352954861205,105.04954411511343,-3.9141300253557727,420.19768397063893
2021-04-29 12:52:30,92.1803962540968,16.11310548954625,-3.78345342194339,213.480089554943,15.814282407407408,2021-05-03 12:52:30+00:00,431.19352954861205,104.9118554552429,-3.913054814228611,420.65943238731217
2021-04-29 13:07:30,92.70691052082972,16.130332854223283,-3.791920940890486,207.80938399277656,15.824699074074074,2021-05-03 13:07:30+00:00,429.78965571940523,104.77416672669509,-3.91197948810312,417.0840289371174
2021-04-29 13:22:30,93.23195782512836,16.148552878787797,-3.799847988806254,189.0825794929534,15.83511574074074,2021-05-03 13:22:30+00:00,428.3903086264799,104.63647792952231,-3.910904047014813,416.3208522140074
2021-04-29 13:37:30,93.7554598776056,16.167760826147788,-3.807236085178122,193.19821297493223,15.845532407407408,2021-05-03 13:37:30+00:00,428.3903086264799,104.4987890637036,-3.909828490999298,419.9962901131516
2021-04-29 13:52:30,94.27733962401278,16.187951728815932,-3.814087080442099,217.18548783513185,15.855949074074074,2021-05-03 13:52:30+00:00,426.9955815127337,104.36110012924722,-3.9087528200921144,419.9916527545909
2021-04-29 14:07:30,94.79752129666986,16.20912039418892,-3.820403149759307,216.04089962210895,15.86636574074074,2021-05-03 14:07:30+00:00,425.6055632278742,104.22341112617586,-3.9076770343288616,431.35139762852623
2021-04-29 14:22:30,95.31593046303055,16.231261410003356,-3.826186786303556,189.95949549758427,15.876782407407408,2021-05-03 14:22:30+00:00,425.6055632278742,104.08572205451256,-3.906601133745071,425.8287622227522
2021-04-29 14:37:30,95.83249407227127,16.254369149982395,-3.8314407940962942,192.8588697865011,15.887199074074074,2021-05-03 14:37:30+00:00,424.2203384990099,103.94803291420692,-3.905525118376356,428.54757929883135
2021-04-29 14:52:30,96.34714049856107,16.278437779620063,-3.836168280404542,189.87857306868804,15.89761574074074,2021-05-03 14:52:30+00:00,422.83998819283414,103.81034370534012,-3.904448988258248,441.0912126271058
2021-04-29 15:07:30,96.85979958265848,16.30346126215325,-3.84037264774359,185.5728539814419,15.908032407407408,2021-05-03 15:07:30+00:00,422.83998819283414,103.67265442786176,-3.903372743426336,463.6709330365423
2021-04-29 15:22:30,97.37040266960275,16.329433364617497,-3.8440575854957153,196.49724248585517,15.918449074074074,2021-05-03 15:22:30+00:00,421.4645895676064,103.5349650818092,-3.9022963839161946,465.94323873121874
2021-04-29 15:37:30,97.87888264454622,16.356347664068274,-3.847227061191738,163.5555383002679,15.92886574074074,2021-05-03 15:37:30+00:00,421.4645895676064,103.39727566717563,-3.901219909763401,464.7567374195087
2021-04-29 15:52:30,98.38517396552996,16.384197553886317,-3.849885311474483,160.9803628615786,15.939282407407408,2021-05-03 15:52:30+00:00,420.09421651351903,103.2595861839694,-3.900143321003519,464.49638286032274
2021-04-29 16:07:30,98.889212693432,16.412976250186063,-3.8520368327781993,164.11460962068566,15.949699074074074,2021-05-03 16:07:30+00:00,418.72893978038303,103.12189663222723,-3.8990666176721422,469.4066830961656
2021-04-29 16:22:30,99.39093651950232,16.44267679831819,-3.8536863717543137,187.08178111788536,15.96011574074074,2021-05-03 16:22:30+00:00,418.72893978038303,102.98420701192796,-3.8979897998048334,468.03257955177816
2021-04-29 16:37:30,99.89028478968152,16.473292079420865,-3.854838915471509,166.6071359242148,15.970532407407408,2021-05-03 16:37:30+00:00,417.3688271918725,102.84651732307944,-3.89691286743718,456.9374884066035
2021-04-29 16:52:30,100.38719852668308,16.504814817053564,-3.8554996814235394,170.7125364582995,15.980949074074074,2021-05-03 16:52:30+00:00,416.01394384583995,102.70882756571872,-3.895835820604771,447.5554495587885
2021-04-29 17:07:30,100.8816204486556,16.53723758383889,-3.8556741073715455,190.59880162027153,15.99136574074074,2021-05-03 17:07:30+00:00,416.01394384583995,102.57113773980969,-3.894758659343178,431.6612343323529
2021-04-29 17:22:30,101.37349498606204,16.570552808185685,-3.8553678410530914,202.68457434616337,16.001782407407408,2021-05-03 17:22:30+00:00,414.66435230044993,102.43344784537489,-3.8936813836879782,431.58041179744015
2021-04-29 17:37:30,101.86276829519204,16.60475278099148,-3.854586729785429,179.13576891718756,16.012199074074076,2021-05-03 17:37:30+00:00,413.32011274608664,102.29575788245094,-3.892603993674765,436.8153271325224
2021-04-29 17:52:30,102.34938826943856,16.639829662375455,-3.8533368099911858,175.8572978310154,16.02261574074074,2021-05-03 17:52:30+00:00,413.32011274608664,102.15806785101644,-3.891526489339112,437.3121869782972
2021-04-29 18:07:30,102.83330454786623,16.67577548840276,-3.851624296675217,179.8462553868851,16.033032407407408,2021-05-03 18:07:30+00:00,411.9812831631623,102.02037775107908,-3.890448870716613,437.9669820070488
2021-04-29 18:22:30,103.31446852133712,16.712582177793536,-3.849455572878717,178.2192110066713,16.043449074074076,2021-05-03 18:22:30+00:00,410.6479194661051,101.88268758266084,-3.889371137842863,425.5982192543127
2021-04-29 18:37:30,103.7928333362024,16.750241538613803,-3.846837179137534,195.64907921471183,16.05386574074074,2021-05-03 18:37:30+00:00,410.6479194661051,101.74499734576948,-3.888293290753446,423.24750004215775
2021-04-29 18:52:30,104.2683538953991,16.78874527491405,-3.843775802968429,204.62608199902863,16.064282407407408,2021-05-03 18:52:30+00:00,409.32007563392466,101.60730704039788,-3.887215329483938,427.90298645891295
2021-04-29 19:07:30,104.74098685769484,16.82808499335352,-3.840278268408265,203.29589720240804,16.074699074074076,2021-05-03 19:07:30+00:00,407.9978038278543,101.469616666568,-3.886137254069949,430.59914672602486
2021-04-29 19:22:30,105.21069063443616,16.86825220975449,-3.836351525628362,208.5947396114146,16.08511574074074,2021-05-03 19:22:30+00:00,407.9978038278543,101.3319262242728,-3.885059064547058,426.7509340965101
2021-04-29 19:37:30,105.67742538390902,16.909238355577358,-3.832002640647747,194.2966960437939,16.095532407407408,2021-05-03 19:37:30+00:00,406.6811544966476,101.1942357135196,-3.8839807609508656,427.3743275830088
2021-04-29 19:52:30,106.14115300386588,16.951034784348398,-3.827238785163786,189.841207459904,16.105949074074076,2021-05-03 19:52:30+00:00,406.6811544966476,101.0565451343305,-3.88290234331695,437.8914352203167
2021-04-29 20:07:30,106.60183712213592,16.993632777997306,-3.822067226520024,177.16348953682495,16.11636574074074,2021-05-03 20:07:30+00:00,405.3701764701661,100.91885448669824,-3.881823811680905,435.2995733630125
2021-04-29 20:22:30,107.05944308521843,17.03702355311865,-3.8164953178296326,179.24036818822552,16.126782407407408,2021-05-03 20:22:30+00:00,404.0649170419382,100.7811637706445,-3.880745166078356,436.3833903065956
2021-04-29 20:37:30,107.51393794492422,17.08119826712098,-3.810530488272829,180.7314516442132,16.137199074074076,2021-05-03 20:37:30+00:00,404.0649170419382,100.64347298617662,-3.879666406544888,434.95640882953074
2021-04-29 20:52:30,107.96529044328366,17.12614802427619,-3.804180233583795,165.1312498782017,16.14761574074074,2021-05-03 20:52:30+00:00,402.76542204139895,100.50578213327276,-3.878587533116089,440.40922905697533
2021-04-29 21:07:30,108.4134709961834,17.17186388168855,-3.797452106735959,166.1917148736266,16.158032407407408,2021-05-03 21:07:30+00:00,401.4717358965346,100.36809121196924,-3.877508545827551,444.61602671118527
2021-04-29 21:22:30,108.85845167485397,17.218336855116362,-3.790353708849505,172.94972814613203,16.168449074074076,2021-05-03 21:22:30+00:00,401.4717358965346,100.23040022228778,-3.8764294447148746,432.059384688767
2021-04-29 21:37:30,109.30020618628308,17.265557924693905,-3.782892680323308,173.85953333074502,16.17886574074074,2021-05-03 21:37:30+00:00,400.18390168766126,100.09270916419166,-3.8753502298136966,434.7801892042292
2021-04-29 21:52:30,109.7387098521962,17.313518040534387,-3.775076692206258,169.93692470589767,16.189282407407408,2021-05-03 21:52:30+00:00,398.90196119306165,99.95501803771732,-3.874270901159573,436.0183639398998
2021-04-29 22:07:30,110.17393958647236,17.362208128182726,-3.766913437818797,170.27215902473114,16.199699074074076,2021-05-03 22:07:30+00:00,398.90196119306165,99.81732684285709,-3.8731914587881295,416.6648117232424
2021-04-29 22:22:30,110.60587387166822,17.411619093964248,-3.7584106246293807,172.71197780996863,16.21011574074074,2021-05-03 22:22:30+00:00,397.6259549271909,99.6796355796326,-3.872111902734974,415.0955295863476
2021-04-29 22:37:30,111.03449273432176,17.46174183018641,-3.7495759663950854,159.82839616414952,16.220532407407408,2021-05-03 22:37:30+00:00,396.3559221721428,99.54194424803616,-3.871032233035708,410.89911757691385
2021-04-29 22:52:30,111.45977771909412,17.512567220195223,-3.7404171755744624,158.99651169588742,16.230949074074076,2021-05-03 22:52:30+00:00,396.3559221721428,99.40425284807492,-3.8699524497259272,425.9784826562789
2021-04-29 23:07:30,111.88171186218317,17.564086143312945,-3.730941956010826,163.08188065380284,16.24136574074074,2021-05-03 23:07:30+00:00,395.0919010030436,99.26656137978472,-3.868872552841256,423.43721016509
2021-04-29 23:22:30,112.30027966353,17.616289479596354,-3.7211579959022263,155.06778482944986,16.251782407407408,2021-05-03 23:22:30+00:00,393.8339283080094,99.12886984312888,-3.8677925424172774,420.6547950287516
2021-04-29 23:37:30,112.71546705866108,17.669168114497474,-3.7110729610442337,151.07737702372168,16.262199074074076,2021-05-03 23:37:30+00:00,393.8339283080094,98.99117823814328,-3.8667124184896142,429.43795214245966
2021-04-29 23:52:30,113.12726138975252,17.722712943359877,-3.700694488359938,142.989288243051,16.27261574074074,2021-05-03 23:52:30+00:00,392.5820398032725,98.8534865648202,-3.8656321810938934,449.26729734743094
2021-04-30 00:07:30,113.53565137544544,17.776914875722998,-3.6900301797237263,143.312784602093,16.283032407407408,2021-05-04 00:07:30+00:00,392.5820398032725,98.71579482318086,-3.864551830265706,461.71396772398447
2021-04-30 00:22:30,113.9406270811214,17.831764839567164,-3.679087596053415,150.69473766264136,16.293449074074076,2021-05-04 00:22:30+00:00,391.33627004404593,98.57810301323214,-3.863471366040667,466.4858096828047
2021-04-30 00:37:30,114.3421798880066,17.887253785342118,-3.6678742517000105,139.80665450168885,16.30386574074074,2021-05-04 00:37:30+00:00,390.0966524316601,98.44041113495166,-3.862390788454383,473.3512082426941
2021-04-30 00:52:30,114.74030246197223,17.94337268986532,-3.656397609117762,143.78438772792526,16.314282407407408,2021-05-04 00:52:30+00:00,390.0966524316601,98.30271918837512,-3.86131009754248,477.03315048891005
2021-04-30 01:07:30,115.13498872220056,18.000112560081597,-3.6446650738131336,146.9076367589393,16.324699074074076,2021-05-04 01:07:30+00:00,388.8632192174664,98.16502717350902,-3.86022929334059,477.9215358931553
2021-04-30 01:22:30,115.5262338095935,18.057464436689635,-3.632683989568594,146.5126702740625,16.33511574074074,2021-05-04 01:22:30+00:00,387.63600150396735,98.02733509034547,-3.859148375884296,479.104905482201
2021-04-30 01:37:30,115.91403405455657,18.11541939756254,-3.62046163395597,150.7279574484606,16.345532407407408,2021-05-04 01:37:30+00:00,387.63600150396735,97.88964293890578,-3.8580673452092418,452.29747992686225
2021-04-30 01:52:30,116.2983869452188,18.17396856110145,-3.608005214102032,162.74205387708437,16.355949074074076,2021-05-04 01:52:30+00:00,386.41502924359355,97.75195071918186,-3.8569862013509946,451.5303283249861
2021-04-30 02:07:30,116.67929109507348,18.233103089383786,-3.5953218627355716,160.17781573941062,16.36636574074074,2021-05-04 02:07:30+00:00,385.2003312355132,97.61425843118002,-3.855904944345234,446.4734671746358
2021-04-30 02:22:30,117.05674621113693,18.29281419121808,-3.5824186344848132,159.47201236821422,16.376782407407408,2021-05-04 02:22:30+00:00,385.2003312355132,97.47656607492152,-3.8548235742275527,443.11948485571185
2021-04-30 02:37:30,117.43075306141644,18.35309312500603,-3.5693025024422975,155.4218270761346,16.387199074074076,2021-05-04 02:37:30+00:00,383.9919351208219,97.33887365039796,-3.853742091033584,440.7663566261229
2021-04-30 02:52:30,117.80131344314523,18.413931201516732,-3.555980354971139,160.25152166711055,16.39761574074074,2021-05-04 02:52:30+00:00,382.7898673764297,97.20118115763049,-3.852660494798939,437.3956594323874
2021-04-30 03:07:30,118.1684301506992,18.47531978646951,-3.5424589927612824,161.43572621035057,16.408032407407408,2021-05-04 03:07:30+00:00,382.7898673764297,97.06348859661088,-3.8515787855592354,428.2640379468426
2021-04-30 03:22:30,118.53210694381288,18.537250302948458,-3.5287451261237175,163.92881635367382,16.418449074074076,2021-05-04 03:22:30+00:00,381.5941533079264,96.92579596734544,-3.850496963350107,434.8729363754406
2021-04-30 03:37:30,118.89234851621204,18.59971423393595,-3.5148453725101563,166.61101836393993,16.42886574074074,2021-05-04 03:37:30+00:00,380.4048170416785,96.78810326985504,-3.8494150282071793,436.19524604499566
2021-04-30 03:52:30,119.24916046400492,18.662703124439457,-3.500766254267705,169.3912681966702,16.439282407407408,2021-05-04 03:52:30+00:00,380.4048170416785,96.65041050414597,-3.8483329801660817,437.35771740780086
2021-04-30 04:07:30,119.60254925476237,18.726208583573065,-3.486514196605869,158.31054351285866,16.449699074074076,2021-05-04 04:07:30+00:00,379.22188151638125,96.51271767020988,-3.847250819262412,427.95134748390177
2021-04-30 04:22:30,119.95252219690528,18.79022228653218,-3.472095525771594,158.70248864386377,16.46011574074074,2021-05-04 04:22:30+00:00,379.22188151638125,96.3750247680528,-3.846168545531852,416.06381005379336
2021-04-30 04:37:30,120.2990874092642,18.85473597644225,-3.4575164674320287,159.44862708924728,16.470532407407408,2021-05-04 04:37:30+00:00,378.04536847426147,96.23733179768116,-3.845086159009971,408.46384185282346
2021-04-30 04:52:30,120.6422537909939,18.919741466068867,-3.442783145253916,156.49726287999377,16.480949074074076,2021-05-04 04:52:30+00:00,376.87529845210514,96.0996387591156,-3.844003659732425,407.1458128219397
2021-04-30 05:07:30,120.98203099215628,18.985230639450013,-3.427901579667506,157.74150172466432,16.49136574074074,2021-05-04 05:07:30+00:00,376.87529845210514,95.96194565236205,-3.842921047734873,406.16515741724425
2021-04-30 05:22:30,121.31842938444908,19.05119545337874,-3.4128776868170676,164.05249058508366,16.501782407407408,2021-05-04 05:22:30+00:00,375.7116907722585,95.82425247739766,-3.8418383230529,408.3710946816122
2021-04-30 05:37:30,121.65146003258076,19.11762793880718,-3.397717277678456,204.18028101310227,16.512199074074076,2021-05-04 05:37:30+00:00,374.5545635337329,95.68655923425742,-3.840755485722155,405.3422370617696
2021-04-30 05:52:30,121.98113466604435,19.1845202021275,-3.382426057350009,228.06227433319097,16.52261574074074,2021-05-04 05:52:30+00:00,374.5545635337329,95.54886592293288,-3.8396725357782793,403.91128070593845
2021-04-30 06:07:30,122.30746565117516,19.251864426327803,-3.367009624503019,258.043980310977,16.533032407407408,2021-05-04 06:07:30+00:00,373.40393360352516,95.4111725434592,-3.838589473256893,403.0792060842144
2021-04-30 06:22:30,122.63046596428944,19.319652872113355,-3.351473470972574,273.73339035186535,16.543449074074076,2021-05-04 06:22:30+00:00,372.2598166082486,95.27347909579824,-3.8375062981936674,411.3920025439224
2021-04-30 06:37:30,122.95014916472503,19.3878778788688,-3.335822981505901,268.6580945049677,16.55386574074074,2021-05-04 06:37:30+00:00,372.2598166082486,95.13578557998557,-3.836423010624172,410.25412724911894
2021-04-30 06:52:30,123.26652936870062,19.456531865540875,-3.320063433644796,267.8565300757577,16.564282407407408,2021-05-04 06:52:30+00:00,371.1222269261563,94.9980919960122,-3.835339610584102,410.2631369743223
2021-04-30 07:07:30,123.57962122374026,19.525607331452765,-3.3041999977333805,267.4227944493441,16.574699074074076,2021-05-04 07:07:30+00:00,369.9911776796255,94.86039834389858,-3.834256098109068,412.8429537444563
2021-04-30 07:22:30,123.88943988347503,19.5950968570006,-3.2882377370575315,272.8735954074338,16.58511574074074,2021-05-04 07:22:30+00:00,369.9911776796255,94.7227046236214,-3.8331724732347214,409.2773670403053
2021-04-30 07:37:30,124.196000983351,19.664993104301047,-3.2721816080910235,267.00568368115233,16.595532407407408,2021-05-04 07:37:30+00:00,368.8666807281622,94.58501083521568,-3.832088735996685,408.45854201446855
2021-04-30 07:52:30,124.4993206163624,19.73528881769657,-3.256036460868021,253.94329935971973,16.605949074074076,2021-05-04 07:52:30+00:00,367.74874666197667,94.44731697868689,-3.831004886430625,409.8060259162096
2021-04-30 08:07:30,124.79941530990274,19.805976824268456,-3.239807039438053,255.62071256789017,16.61636574074074,2021-05-04 08:07:30+00:00,367.74874666197667,94.30962305402645,-3.829920924572155,410.9044174152688
2021-04-30 08:22:30,125.09630200295274,19.877050034208025,-3.2234979824346492,262.34634618587864,16.626782407407408,2021-05-04 08:22:30+00:00,366.6373847961724,94.17192906124,-3.8288368504569297,409.85902429975886
2021-04-30 08:37:30,125.38999802368382,19.948501441124204,-3.20711382373321,251.876689591644,16.637199074074076,2021-05-04 08:37:30+00:00,366.6373847961724,94.0342350003476,-3.827752664120601,403.7469857169356
2021-04-30 08:52:30,125.68052106794632,20.020324122321,-3.1906589931851888,241.7727572733979,16.64761574074074,2021-05-04 08:52:30+00:00,365.5326031655865,93.89654087134048,-3.826668365598802,405.05472083101466
2021-04-30 09:07:30,125.96788917818748,20.092511238954785,-3.1741378174448553,243.8643338304252,16.658032407407408,2021-05-04 09:07:30+00:00,364.4344085203164,93.75884667423873,-3.8255839549271826,401.95299043379174
2021-04-30 09:22:30,126.2521207227473,20.165056036153487,-3.1575545208637106,248.09518652398364,16.668449074074076,2021-05-04 09:22:30+00:00,364.4344085203164,93.6211524090187,-3.824499432141379,398.745383720342
2021-04-30 09:37:30,126.53323437310917,20.23795184173021,-3.140913223932119,234.4656788551607,16.67886574074074,2021-05-04 09:37:30+00:00,363.3428063219623,93.4834580757298,-3.8234147972770463,398.44184752365055
2021-04-30 09:52:30,126.81124908903838,20.31119206811641,-3.1242179479622045,233.20562459631452,16.689282407407408,2021-05-04 09:52:30+00:00,362.25780074061726,93.34576367434832,-3.8223300503698256,395.2773140419217
2021-04-30 10:07:30,127.08618410449412,20.38477021461798,-3.1074726203685885,255.6735934729088,16.699699074074076,2021-05-04 10:07:30+00:00,362.25780074061726,93.20806920487964,-3.8212451914553904,395.2274955613854
2021-04-30 10:22:30,127.358058898407,20.4586798623183,-3.090681066527519,249.54591074226448,16.71011574074074,2021-05-04 10:22:30+00:00,361.17939465263356,93.0703746673294,-3.8201602205693472,399.1181884337143
2021-04-30 10:37:30,127.6268931816524,20.532914675998313,-3.0738470149207826,256.37013756893333,16.720532407407408,2021-05-04 10:37:30+00:00,360.10758963919534,92.93268006170275,-3.819075137747388,406.13272833640104
2021-04-30 10:52:30,127.89270688003973,20.60746840395532,-3.0569740983629075,250.26382102322623,16.730949074074076,2021-05-04 10:52:30+00:00,360.10758963919534,92.79498538801984,-3.81798994302513,426.2103505843072
2021-04-30 11:07:30,128.15552011762978,20.682334877739866,-3.0400658552781787,237.01679935337847,16.74136574074074,2021-05-04 11:07:30+00:00,359.0423859857305,92.65729064628582,-3.816904636438253,429.85531441291033
2021-04-30 11:22:30,128.41535320067584,20.757508011861734,-3.0231257310116724,234.7634077629382,16.751782407407408,2021-05-04 11:22:30+00:00,357.98378268219625,92.51959583647712,-3.815819218022387,430.8662585791133
2021-04-30 11:37:30,128.67222660217928,20.832981803451737,-3.0061570791723513,226.59633760547732,16.762199074074076,2021-05-04 11:37:30+00:00,357.98378268219625,92.38190095862804,-3.814733687813189,427.1091549889546
2021-04-30 11:52:30,128.92616094677203,20.908750331885535,-2.989163163005781,222.74980264264732,16.77261574074074,2021-05-04 11:52:30+00:00,356.9317774242759,92.24420601272932,-3.8136480458463016,416.3698757187905
2021-04-30 12:07:30,129.17717699628162,20.98480775837392,-2.972147156791619,225.14956834672572,16.783032407407408,2021-05-04 12:07:30+00:00,355.8863666155299,92.10651099880062,-3.8125622921574247,416.3559636431089
2021-04-30 12:22:30,129.42529563571657,21.06114832551252,-2.955112147264584,214.30096672749156,16.793449074074076,2021-05-04 12:22:30+00:00,355.8863666155299,91.96881591683264,-3.811476426782185,424.40768283840066
2021-04-30 12:37:30,129.67053785976168,21.137766356810246,-2.9380611350507944,215.021793780815,16.80386574074074,2021-05-04 12:37:30+00:00,354.84754537054687,91.8311207668452,-3.810390449756232,425.5779835078667
2021-04-30 12:52:30,129.91292475966424,21.214656256154267,-2.92099703612859,191.33827697325,16.814282407407408,2021-05-04 12:52:30+00:00,354.84754537054687,91.69342554881416,-3.8093043611152417,424.8636616583194
2021-04-30 13:07:30,130.1524775108612,21.29181250730515,-2.9039226832881853,201.17186231267416,16.824699074074076,2021-05-04 13:07:30+00:00,353.81530751914755,91.55573026277384,-3.808218160894868,432.58340620611074
2021-04-30 13:22:30,130.38921736079286,21.36922967332371,-2.88684082761158,184.22176495709903,16.83511574074074,2021-05-04 13:22:30+00:00,352.7896456116983,91.41803490871492,-3.807131849130738,438.2995227736463
2021-04-30 13:37:30,130.62316561725646,21.44690239595682,-2.869754139963331,219.49593767390093,16.845532407407408,2021-05-04 13:37:30+00:00,352.7896456116983,91.28033948665674,-3.8060454258585654,434.75633993163206
2021-04-30 13:52:30,130.8543436372451,21.52482539504638,-2.8526652124763294,189.06316729432777,16.855949074074076,2021-05-04 13:52:30+00:00,351.7705509255988,91.14264399660442,-3.804958891113984,429.975885735485
2021-04-30 14:07:30,131.08277281617208,21.602993467886215,-2.83557656004752,186.4118537380719,16.86636574074074,2021-05-04 14:07:30+00:00,350.7580134730137,91.00494843853384,-3.803872244932643,432.220367278798
2021-04-30 14:22:30,131.30847457758915,21.68140148856901,-2.818490621831848,181.4302907947354,16.876782407407408,2021-05-04 14:22:30+00:00,350.7580134730137,90.86725281247912,-3.802785487350232,428.9834910035244
2021-04-30 14:37:30,131.53147036321874,21.76004440730939,-2.8014097627371695,186.5833457838291,16.887199074074076,2021-05-04 14:37:30+00:00,349.7520220099253,90.72955711841595,-3.801698618402396,432.58292440262386
2021-04-30 14:52:30,131.75178162351366,21.838917249752825,-2.784336274914271,187.52960360290405,16.89761574074074,2021-05-04 14:52:30+00:00,348.7525640465923,90.59186135637852,-3.800611638124809,432.60990539788537
2021-04-30 15:07:30,131.9694298084649,21.918015116270055,-2.767272379243068,191.40071325100848,16.908032407407408,2021-05-04 15:07:30+00:00,348.7525640465923,90.45416552637168,-3.799524546553132,435.2598245753504
2021-04-30 15:22:30,132.18443635888994,21.99733318123402,-2.7502202268127887,189.18740536553167,16.918449074074076,2021-05-04 15:22:30+00:00,347.75962585950447,90.31646962838558,-3.7984373437230223,435.8467816731589
2021-04-30 15:37:30,132.39682269804206,22.07686669228553,-2.733181900393075,189.40906699232835,16.92886574074074,2021-05-04 15:37:30+00:00,346.77319250493525,90.17877366242529,-3.797350029670153,433.9322150674405
2021-04-30 15:52:30,132.60661022369158,22.15661096958797,-2.716159415896961,217.32150483363745,16.939282407407408,2021-05-04 15:52:30+00:00,346.77319250493525,90.04107762850981,-3.7962626044302095,431.1789490420542
2021-04-30 16:07:30,132.8138203003667,22.23656140505667,-2.6991547238356977,191.17465555432855,16.949699074074076,2021-05-04 16:07:30+00:00,345.79324783419696,89.90338152662966,-3.79517506803884,425.99703209052126
2021-04-30 16:22:30,133.0184742522218,22.31671346163571,-2.6821697107492746,187.5218387234538,16.96011574074074,2021-05-04 16:22:30+00:00,344.8197745107154,89.76568535677481,-3.794087420531709,425.39682539682536
2021-04-30 16:37:30,133.22059335581952,22.397062672460223,-2.66520620064783,211.2324042015551,16.970532407407408,2021-05-04 16:37:30+00:00,344.8197745107154,89.62798911899378,-3.792999661944511,422.7462437395659
2021-04-30 16:52:30,133.42019883367033,22.477604640114027,-2.6482659564156075,189.42035174903913,16.980949074074076,2021-05-04 16:52:30+00:00,343.8527540290473,89.49029281324754,-3.791911792312888,422.8820520974111
2021-04-30 17:07:30,133.61731184778768,22.55833503583136,-2.6313506812125245,220.7973080945545,16.99136574074074,2021-05-04 17:07:30+00:00,343.8527540290473,89.35259643956982,-3.7908238116725217,426.0400330517191
2021-04-30 17:22:30,133.81195349374977,22.63924959869991,-2.614462019857069,189.94836355165583,17.001782407407408,2021-05-04 17:22:30+00:00,342.892166735973,89.21489999796529,-3.789735720059108,423.88107162731535
2021-04-30 17:37:30,134.00414479487944,22.720344134864952,-2.597601560191585,191.36173778606369,17.012199074074076,2021-05-04 17:37:30+00:00,341.9379918538046,89.07720348840927,-3.7886475175083,423.6775578344861
2021-04-30 17:52:30,134.19390669683102,22.801614516721585,-2.5807708344337783,220.88881986773825,17.02261574074074,2021-05-04 17:52:30+00:00,341.9379918538046,88.93950691095026,-3.787559204055745,425.7413148898959
2021-04-30 18:07:30,134.38126006237485,22.883056682112013,-2.563971320506858,215.74089110904688,17.033032407407408,2021-05-04 18:07:30+00:00,340.99020750606144,88.80181026553444,-3.786470779737157,431.42274160638107
2021-04-30 18:22:30,134.56622566650827,22.964666633515943,-2.5472044433528565,214.59111489317473,17.043449074074076,2021-05-04 18:22:30+00:00,340.0487907456704,88.66411355222442,-3.785382244588197,427.0212258526115
2021-04-30 18:37:30,134.74882419184553,23.046440437239937,-2.5304715762275776,191.81969949916527,17.05386574074074,2021-05-04 18:37:30+00:00,340.0487907456704,88.52641677099581,-3.784293598644549,430.2594270874738
2021-04-30 18:52:30,134.92907622413665,23.12837422260706,-2.5137740419756787,190.78879845137484,17.064282407407408,2021-05-04 18:52:30+00:00,339.11371758586165,88.38871992183833,-3.78320484194188,429.53069931367094
2021-04-30 19:07:30,135.10700224813695,23.210464181149252,-2.497113114285382,189.33105563536128,17.074699074074076,2021-05-04 19:07:30+00:00,338.1849630339387,88.25102300480023,-3.782115974515862,427.0450751252087
2021-04-30 19:22:30,135.282622643668,23.292706565791892,-2.480490018925132,226.0863250869292,17.08511574074074,2021-05-04 19:22:30+00:00,338.1849630339387,88.11332601984208,-3.781026996402208,426.27712854757925
2021-04-30 19:37:30,135.45595768197333,23.3750976900483,-2.4639059349581123,223.86794528348284,17.095532407407408,2021-05-04 19:37:30+00:00,337.2625011281116,87.97562896699742,-3.779937907636558,421.3000503484644
2021-04-30 19:52:30,135.62702752209844,23.457633927199343,-2.447361995939324,225.92419464539665,17.105949074074076,2021-05-04 19:52:30+00:00,336.3463049775947,87.83793184627068,-3.7788487082545976,427.1934705991468
2021-04-30 20:07:30,135.79585220783974,23.540311709533064,-2.430859291081197,235.44779236241752,17.11636574074074,2021-05-04 20:07:30+00:00,336.3463049775947,87.70023465763703,-3.7777593982920257,422.86639348408966
2021-04-30 20:22:30,135.96245166441477,23.62312752747556,-2.414398866419582,229.36069017280897,17.126782407407408,2021-05-04 20:22:30+00:00,335.43634680618,87.56253740111521,-3.7766699777845263,416.2122055277314
2021-04-30 20:37:30,136.12684569571144,23.706077928835665,-2.397981725937715,236.0335803043711,17.137199074074076,2021-05-04 20:37:30+00:00,334.53259799950985,87.42484007672421,-3.775580446767749,419.73924795293743
2021-04-30 20:52:30,136.28905398159517,23.78915951799774,-2.381608832679357,229.7598461768317,17.14761574074074,2021-05-04 20:52:30+00:00,334.53259799950985,87.28714268445364,-3.774490805277394,420.9052123910221
2021-04-30 21:07:30,136.44909607537562,23.872368955129012,-2.365281109839904,233.9508410431729,17.158032407407408,2021-05-04 21:07:30+00:00,333.6350291562848,87.14944522432216,-3.773401053349171,419.0595436839176
2021-04-30 21:22:30,136.60699140149987,23.95570295539436,-2.348999441834735,230.83000192936984,17.168449074074076,2021-05-04 21:22:30+00:00,333.6350291562848,87.01174769631966,-3.7723111910187295,418.53088480801335
2021-04-30 21:37:30,136.76275925332558,24.039158288175155,-2.332764675347096,225.5493005137762,17.17886574074074,2021-05-04 21:37:30+00:00,332.7436101436575,86.8740501004501,-3.77122121832177,423.41402337228715
2021-04-30 21:52:30,136.91641879113345,24.12273177626799,-2.316577620360121,228.46897877785935,17.189282407407408,2021-05-04 21:52:30+00:00,331.85831015707333,86.73635243671764,-3.7701311352939793,422.3408061054138
2021-04-30 22:07:30,137.06798904033005,24.20642029515765,-2.300439051154878,228.866586429579,17.199699074074076,2021-05-04 22:07:30+00:00,331.85831015707333,86.59865470512645,-3.7690409419710504,426.7575588944537
2021-04-30 22:22:30,137.21748888964916,24.29022077220742,-2.284349707303845,232.91417386088793,17.21011574074074,2021-05-04 22:22:30+00:00,330.9790977848385,86.46095690569504,-3.767950638388649,417.9770516999231
2021-04-30 22:37:30,137.3649370896811,24.374130185923462,-2.2683102946313154,228.063568479766,17.220532407407408,2021-05-04 22:37:30+00:00,330.1059410777082,86.323259038413,-3.766860224582494,409.7894639213504
2021-04-30 22:52:30,137.5103522513486,24.45814556518927,-2.252321486160105,231.98521530696428,17.230949074074076,2021-05-04 22:52:30+00:00,330.1059410777082,86.18556110328439,-3.7657697005882538,407.9444576940403
2021-04-30 23:07:30,137.65375284469988,24.542263988513103,-2.2363839230367035,231.07190463249012,17.24136574074074,2021-05-04 23:07:30+00:00,329.238807623806,86.04786310031318,-3.764679066441613,406.7241699128176
2021-04-30 23:22:30,137.79515719772968,24.626482583310946,-2.220498215430464,237.91716077692055,17.251782407407408,2021-05-04 23:22:30+00:00,328.3776646292025,85.9101650295325,-3.763588322178263,406.5664997217585
2021-04-30 23:37:30,137.9345834951914,24.710798525114452,-2.204664943428476,240.24333653172417,17.262199074074076,2021-05-04 23:37:30+00:00,328.3776646292025,85.77246689088804,-3.7624974678339127,406.4292339083658
2021-04-30 23:52:30,138.07204977790894,24.79520903691401,-2.18888465788713,235.35220828488468,17.27261574074074,2021-05-04 23:52:30+00:00,327.5224790045023,85.63476868442727,-3.761406503444254,405.5462808384344
2021-05-01 00:07:30,138.2075739417532,24.879711388394107,-2.173157881284812,229.26018071623912,17.283032407407408,2021-05-05 00:07:30+00:00,326.6732174578056,85.49707041013964,-3.7603154290449745,403.83973288814695
2021-05-01 00:22:30,138.34117373709762,24.964302895243694,-2.157485108542915,204.34446515918228,17.293449074074076,2021-05-05 00:22:30+00:00,326.6732174578056,85.3593720680438,-3.7592242446717448,405.8875904284919
2021-05-01 00:37:30,138.47286676801906,25.04898091840766,-2.141866807840712,199.8990565671468,17.30386574074074,2021-05-05 00:37:30+00:00,325.8298465944347,85.2216736581287,-3.7581329503602983,405.1434931234598
2021-05-01 00:52:30,138.6026704918985,25.13374286343026,-2.1263034213950385,203.80660374294385,17.314282407407408,2021-05-05 00:52:30+00:00,324.9923330238381,85.08397518039818,-3.757041546146312,404.93414950844
2021-05-01 01:07:30,138.73060221904197,25.21858617976392,-2.110795366229859,195.8069650968669,17.324699074074076,2021-05-05 01:07:30+00:00,324.9923330238381,84.94627663487086,-3.755950032065466,404.5340117126428
2021-05-01 01:22:30,138.85667911222575,25.303508360053,-2.095343034933117,207.4508097152842,17.33511574074074,2021-05-05 01:22:30+00:00,324.1606434741091,84.80857802152126,-3.7548584081534706,400.4372366642817
2021-05-01 01:37:30,138.98091818653256,25.388506939477796,-2.0799467963860794,238.98462736911915,17.345532407407408,2021-05-05 01:37:30+00:00,324.1606434741091,84.67087934036763,-3.7537666744460263,398.85523491533513
2021-05-01 01:52:30,139.10333630917884,25.47357949509975,-2.064606996476795,237.3415809747764,17.355949074074076,2021-05-05 01:52:30+00:00,323.33474491458117,84.53318059142839,-3.752674830978816,394.7260585824859
2021-05-01 02:07:30,139.2239501993739,25.55872364517124,-2.0493239588033347,239.92506891330513,17.36636574074074,2021-05-05 02:07:30+00:00,322.51460468698986,84.39548177470711,-3.751582877787563,404.76349471341126
2021-05-01 02:22:30,139.34277642841153,25.64393704852467,-2.034097985346518,244.6065440935366,17.376782407407408,2021-05-05 02:22:30+00:00,322.51460468698986,84.25778289017825,-3.7504908149079696,404.6188091263217
2021-05-01 02:37:30,139.45983141958337,25.72921740386764,-2.018929357146158,257.097931768895,17.387199074074076,2021-05-05 02:37:30+00:00,321.70019064572153,84.1200839378748,-3.7493986423757018,404.95775787929375
2021-05-01 02:52:30,139.57513144846143,25.81456244922019,-2.003818334934536,274.84748443447444,17.39761574074074,2021-05-05 02:52:30+00:00,320.89147130769635,83.98238491778577,-3.748306360226487,405.8589713013753
2021-05-01 03:07:30,139.6886926429237,25.899969961235527,-1.9887651597770823,258.4667786312187,17.408032407407408,2021-05-05 03:07:30+00:00,320.89147130769635,83.84468582991465,-3.747213968496007,401.31329994435174
2021-05-01 03:22:30,139.80053098348313,25.98543775457889,-1.9737700536878668,244.0497279689708,17.418449074074076,2021-05-05 03:22:30+00:00,320.0884160124669,83.70698667426515,-3.746121467219984,399.4276174576676
2021-05-01 03:37:30,139.91066230360684,26.07096368135846,-1.9588332202217484,239.1803463842133,17.42886574074074,2021-05-05 03:37:30+00:00,319.2909950931458,83.5692874508407,-3.7450288564341063,398.9315525876461
2021-05-01 03:52:30,140.019102290103,26.15654563049356,-1.94395484506324,231.4402083888193,17.439282407407408,2021-05-05 03:52:30+00:00,319.2909950931458,83.43158815965955,-3.743936136174079,409.6669051593926
2021-05-01 04:07:30,140.1258664833938,26.242181527108244,-1.9291350965986231,236.08215242458363,17.449699074074076,2021-05-05 04:07:30+00:00,318.49918005881,83.2938888007104,-3.742843306475631,406.6221480244852
2021-05-01 04:22:30,140.230970278056,26.32786933194946,-1.9143741264685703,238.83033372427545,17.46011574074074,2021-05-05 04:22:30+00:00,317.7129437890648,83.15618937399694,-3.741750367374425,405.051275936084
2021-05-01 04:37:30,140.33442892344982,26.413607040856157,-1.8996720701000125,245.41483868462944,17.470532407407408,2021-05-05 04:37:30+00:00,317.7129437890648,83.01848987952245,-3.7406573189062033,407.7857034451358
2021-05-01 04:52:30,140.43625752402414,26.499392684103633,-1.8850290472467537,249.55470531300543,17.480949074074076,2021-05-05 04:52:30+00:00,316.93226074148475,82.88079031730504,-3.739564161106658,405.0123221241752
2021-05-01 05:07:30,140.5364710401238,26.585224325910165,-1.870445162489513,244.5607019451023,17.49136574074074,2021-05-05 05:07:30+00:00,316.15710717268684,82.74309068731904,-3.738470894011483,392.5944950986687
2021-05-01 05:22:30,140.63508428844867,26.67110006384185,-1.8559205057408197,244.4728075934264,17.501782407407408,2021-05-05 05:22:30+00:00,316.15710717268684,82.60539098959676,-3.73737751765641,390.25848942376496
2021-05-01 05:37:30,140.73211194290644,26.757018028293725,-1.8414551527255791,247.80836277516792,17.512199074074076,2021-05-05 05:37:30+00:00,315.38746137382674,82.46769122414169,-3.736284032077133,391.6050560457906
2021-05-01 05:52:30,140.82756853515986,26.842976381939167,-1.827049165455341,263.8366148509513,17.52261574074074,2021-05-05 05:52:30+00:00,315.38746137382674,82.32999139091353,-3.7351904373093694,392.1535893155259
2021-05-01 06:07:30,140.92146845542925,26.928973319177484,-1.812702592690726,282.65207300712206,17.533032407407408,2021-05-05 06:07:30+00:00,314.6233039213443,82.19229148997367,-3.734096733388822,394.1903171953256
2021-05-01 06:22:30,141.01382595324222,27.01500706563728,-1.7984154703842865,276.11323671748636,17.543449074074076,2021-05-05 06:22:30+00:00,313.86461794382,82.0545915212965,-3.733002920351193,393.8675570395103
2021-05-01 06:37:30,141.10465513819491,27.101075877651912,-1.7841878221166518,274.5570783346922,17.55386574074074,2021-05-05 06:37:30+00:00,313.86461794382,81.91689148487046,-3.7319089982322105,397.5196756498927
2021-05-01 06:52:30,141.19396998093438,27.187178041758433,-1.770019659518446,275.1295031999578,17.564282407407408,2021-05-05 06:52:30+00:00,313.1113894058367,81.77919138072808,-3.730814967067593,393.9398998330551
2021-05-01 07:07:30,141.28178431379584,27.273311874191258,-1.755910982682071,298.0477798915505,17.574699074074076,2021-05-05 07:07:30+00:00,312.36360740977165,81.6414912088579,-3.729720826893042,391.7640511964385
2021-05-01 07:22:30,141.36811183175,27.35947572035492,-1.7418617805681602,271.8655606295837,17.58511574074074,2021-05-05 07:22:30+00:00,312.36360740977165,81.50379096927784,-3.7286265777442535,392.09794101279914
2021-05-01 07:37:30,141.4529660933615,27.44566795440934,-1.727872031382192,272.5354056933822,17.595532407407408,2021-05-05 07:37:30+00:00,311.6212645164727,81.36609066196176,-3.727532219656962,389.0579537324113
2021-05-01 07:52:30,141.5363605216451,27.531886978731432,-1.7139417029626574,276.9112851396554,17.605949074074076,2021-05-05 07:52:30+00:00,310.8843570857931,81.22839028694204,-3.72643775266687,392.38046316510423
2021-05-01 08:07:30,141.6183084050781,27.61813122349194,-1.700070753141432,292.2055818032734,17.61636574074074,2021-05-05 08:07:30+00:00,310.8843570857931,81.09068984420722,-3.7253431768097154,387.7647931738082
2021-05-01 08:22:30,141.69882289834342,27.704399146127297,-1.6862591301103973,242.49406598546216,17.626782407407408,2021-05-05 08:22:30+00:00,310.1528856379787,80.95298933376031,-3.7242484921211982,383.32776850306067
2021-05-01 08:37:30,141.77791702356078,27.790689230940465,-1.6725067727605671,266.741916122531,17.637199074074076,2021-05-05 08:37:30+00:00,309.42685523691,80.81528875560456,-3.723153698637027,378.9649415692822
2021-05-01 08:52:30,141.85560367110094,27.876999988653257,-1.6588136110186118,263.9939494841303,17.64761574074074,2021-05-05 08:52:30+00:00,309.42685523691,80.67758810974281,-3.722058796392939,380.71786310517535
2021-05-01 09:07:30,141.93189560067023,27.96332995591945,-1.6451795661818047,261.7367408569689,17.658032407407408,2021-05-05 09:07:30+00:00,308.706275896203,80.53988739617837,-3.7209637854246296,383.8202559821925
2021-05-01 09:22:30,142.00680544223195,28.049677694917108,-1.6316045512323805,257.87148554837665,17.668449074074076,2021-05-05 09:22:30+00:00,307.9911630091649,80.40218661492857,-3.719868665767849,383.5917004531362
2021-05-01 09:37:30,142.08034569709463,28.136041792914845,-1.6180884711479788,256.0530701478975,17.67886574074074,2021-05-05 09:37:30+00:00,307.9911630091649,80.26448576598197,-3.718773437458263,379.27100723427935
2021-05-01 09:52:30,142.1525287389473,28.22242086187501,-1.6046312231974225,263.32543903922556,17.689282407407408,2021-05-05 09:52:30+00:00,307.28153780357366,80.12678484932681,-3.717678100531647,375.40345019476905
2021-05-01 10:07:30,142.22336681484683,28.30881353798911,-1.5912326972411666,263.1301845488265,17.699699074074076,2021-05-05 10:07:30+00:00,307.28153780357366,79.98908386500985,-3.716582655023691,372.0139626650478
2021-05-01 10:22:30,142.29287204632408,28.395218481313307,-1.5778927760079695,261.9518946109776,17.71011574074074,2021-05-05 10:22:30+00:00,306.57742782221743,79.85138281299024,-3.715487100970141,359.9845897007834
2021-05-01 10:37:30,142.36105643043416,28.481634375351184,-1.5646113353716455,271.95518615476,17.720532407407408,2021-05-05 10:37:30+00:00,305.8788674300696,79.71368169328552,-3.7143914384066954,361.1596250160523
2021-05-01 10:52:30,142.42793184075845,28.56805992665975,-1.5513882446190277,266.57182421052437,17.730949074074076,2021-05-05 10:52:30+00:00,305.8788674300696,79.5759805059276,-3.713295667369091,362.78412739180686
2021-05-01 11:07:30,142.4935100285285,28.654493864440692,-1.5382233667115188,286.5786727995467,17.74136574074074,2021-05-05 11:07:30+00:00,305.18589834889787,79.43827925086119,-3.7121997878930344,364.4248350425312
2021-05-01 11:22:30,142.55780262373526,28.740934940220733,-1.525116558528228,286.44107452724467,17.751782407407408,2021-05-05 11:22:30+00:00,304.4985702200031,79.30057792813274,-3.711103800014268,366.4202241831624
2021-05-01 11:37:30,142.6208211361065,28.827381927387,-1.512067671122962,288.58358424662,17.762199074074076,2021-05-05 11:37:30+00:00,304.4985702200031,79.1628765377304,-3.71000770376852,362.5486922648859
2021-05-01 11:52:30,142.68257695626522,28.91383362089058,-1.4990765499506324,303.31972861746317,17.77261574074074,2021-05-05 11:52:30+00:00,303.81694119564776,79.02517507965709,-3.7089114991914864,354.34056761268783
2021-05-01 12:07:30,142.74308135673854,29.000288836834237,-1.4861430351045064,297.2055624910704,17.783032407407408,2021-05-05 12:07:30+00:00,303.1410785595714,78.88747355391565,-3.7078151863189106,349.11625195431543
2021-05-01 12:22:30,142.80234549322245,29.086746412170484,-1.4732669615309286,290.7538726751201,17.793449074074076,2021-05-05 12:22:30+00:00,303.1410785595714,78.74977196052313,-3.706718765186526,342.89954156398227
2021-05-01 12:37:30,142.8603804054379,29.17320520429067,-1.4604481592548937,295.4754811845943,17.80386574074074,2021-05-05 12:37:30+00:00,302.47105937677895,78.61207029943878,-3.705622235830053,346.39478495905877
2021-05-01 12:52:30,142.91719701831096,29.259664090694983,-1.4476864535880387,316.317655612329,17.814282407407408,2021-05-05 12:52:30+00:00,301.806971172542,78.4743685707234,-3.704525598285228,354.6095344092005
2021-05-01 13:07:30,142.9728061431266,29.34612196868172,-1.4349816653269218,324.6516403177656,17.824699074074076,2021-05-05 13:07:30+00:00,301.806971172542,78.33666677435062,-3.703428852587765,351.5396030421072
2021-05-01 13:22:30,143.02721847852584,29.43257775498014,-1.4223336109566205,319.66504678226016,17.83511574074074,2021-05-05 13:22:30+00:00,301.14891264024624,78.19896491032301,-3.702331998773394,352.02056337281715
2021-05-01 13:37:30,143.08044461162274,29.519030385439113,-1.4097421028393644,369.56769200630305,17.845532407407408,2021-05-05 13:37:30+00:00,300.49699437736393,78.06126297864328,-3.7012350368778666,349.0902345660276
2021-05-01 13:52:30,143.13249501913413,29.60547881469631,-1.397206949400777,374.1443062996741,17.855949074074076,2021-05-05 13:52:30+00:00,300.49699437736393,77.92356097931405,-3.700137966936888,341.0165089964756
2021-05-01 14:07:30,143.1833800683689,29.691922015854633,-1.3847279553118848,356.702805583885,17.86636574074074,2021-05-05 14:07:30+00:00,299.85133964840054,77.78585891233794,-3.6990407889861943,341.37451307735114
2021-05-01 14:22:30,143.23311001840034,29.778358980207813,-1.3723049216572798,352.40408599645735,17.876782407407408,2021-05-05 14:22:30+00:00,299.85133964840054,77.64815677773188,-3.697943503061536,339.75143758115377
2021-05-01 14:37:30,143.28169502104475,29.86478871685954,-1.3599376461154076,305.6141819285105,17.887199074074076,2021-05-05 14:37:30+00:00,299.212085173171,77.5104545754841,-3.6968461091986167,337.0617696160267
2021-05-01 14:52:30,143.32914512200688,29.951210252477576,-1.347625923114204,306.5321890552446,17.89761574074074,2021-05-05 14:52:30+00:00,298.5793819381771,77.37275230558241,-3.6957486074332,335.55926544240407
2021-05-01 15:07:30,143.37547026199633,30.037622631011185,-1.335369543988309,308.3862907224633,17.908032407407408,2021-05-05 15:07:30+00:00,298.5793819381771,77.2350499680585,-3.694650997801002,334.5893950234518
2021-05-01 15:22:30,143.42068027768002,30.124024913348535,-1.3231682971399197,335.3320708214523,17.918449074074076,2021-05-05 15:22:30+00:00,297.95339602819143,77.09734756288573,-3.693553280337754,330.4071600816175
2021-05-01 15:37:30,143.46478490276763,30.210416177035377,-1.3110219681875508,342.40660504212593,17.92886574074074,2021-05-05 15:37:30+00:00,297.3343094743761,76.95964509011017,-3.692455455079206,331.3596735299573
2021-05-01 15:52:30,143.5077937691339,30.29679551604595,-1.2989303401027257,311.4166837678892,17.939282407407408,2021-05-05 15:52:30+00:00,297.3343094743761,76.82194254969063,-3.691357522061068,333.35188276757555
2021-05-01 16:07:30,143.54971640781832,30.383162040444528,-1.2868931933586525,330.6374545556905,17.949699074074076,2021-05-05 16:07:30+00:00,296.72232111439,76.68423994164418,-3.690259481319095,332.0441476534966
2021-05-01 16:22:30,143.5905622500971,30.46951487615047,-1.2749103060607692,388.89724537820194,17.96011574074074,2021-05-05 16:22:30+00:00,296.11764745892884,76.54653726597306,-3.689161332889028,331.6416249304396
2021-05-01 16:37:30,143.63034062848948,30.555853164640197,-1.2629814540818072,388.93829209512614,17.970532407407408,2021-05-05 16:37:30+00:00,296.11764745892884,76.40883452267978,-3.688063076806604,331.68243368577254
2021-05-01 16:52:30,143.66906077782494,30.642176062733594,-1.2511064111823664,332.00084940545094,17.980949074074076,2021-05-05 16:52:30+00:00,295.5205235580154,76.27113171178121,-3.6869647131075456,328.10981265071416
2021-05-01 17:07:30,143.70673183630194,30.728482742272725,-1.2392849491423312,309.7690378906478,17.99136574074074,2021-05-05 17:07:30+00:00,294.9312038590804,76.13342883326506,-3.685866241827595,328.9291676603863
2021-05-01 17:22:30,143.7433628463961,30.814772389911653,-1.2275168378742536,315.1705256479781,18.001782407407408,2021-05-05 17:22:30+00:00,294.9312038590804,75.99572588711919,-3.684767663002507,326.09905397885365
2021-05-01 17:37:30,143.77896275603567,30.90104420685673,-1.2158018455397162,314.72468705949603,18.012199074074076,2021-05-05 17:37:30+00:00,294.34996304745704,75.85802287337492,-3.6836689766680224,332.99944351697275
2021-05-01 17:52:30,143.8135404194051,30.98729740858619,-1.2041397386656,323.0684549267534,18.02261574074074,2021-05-05 17:52:30+00:00,293.7770968583295,75.72031979202018,-3.682570182859848,332.5542570951586
2021-05-01 18:07:30,143.8471045981863,31.07353122467243,-1.1925302822433457,326.2036032188705,18.033032407407408,2021-05-05 18:07:30+00:00,293.7770968583295,75.58261664305691,-3.681471281613768,338.67557039510297
2021-05-01 18:22:30,143.8796639623924,31.159744898496825,-1.1809732398403,327.52219774476174,18.043449074074076,2021-05-05 18:22:30+00:00,293.21292284744084,75.44491342648747,-3.680372272965496,343.4056761268781
2021-05-01 18:37:30,143.91122709138517,31.245937687021488,-1.1694683736995213,335.2863533695861,18.05386574074074,2021-05-05 18:37:30+00:00,293.21292284744084,75.30721014231422,-3.6792731569507873,344.1569282136895
2021-05-01 18:52:30,143.94180247493875,31.3321088606007,-1.1580154448324531,342.3003131834712,18.064282407407408,2021-05-05 18:52:30+00:00,292.6577811059563,75.16950679055381,-3.678173933605381,346.8585208151151
2021-05-01 19:07:30,143.97139851406305,31.418257702681174,-1.146614213123008,358.13263937448147,18.074699074074076,2021-05-05 19:07:30+00:00,292.1120349028132,75.0318033711792,-3.677074602965028,349.74163288019713
2021-05-01 19:22:30,144.0000235221433,31.50438350965973,-1.135264437408689,362.7485335440704,18.08511574074074,2021-05-05 19:22:30+00:00,292.1120349028132,74.89409988420724,-3.675975165065448,348.692264885921
2021-05-01 19:37:30,144.0276857256688,31.590485590586265,-1.1239658755793296,362.80139716564554,18.095532407407408,2021-05-05 19:37:30+00:00,291.5760712356565,74.75639632965456,-3.6748756199424313,348.02448525319977
2021-05-01 19:52:30,144.0543932655045,31.676563267031288,-1.112718284651956,357.32842851781396,18.105949074074076,2021-05-05 19:52:30+00:00,291.0503012690871,74.6186927074942,-3.673775967631681,347.83224566196185
2021-05-01 20:07:30,144.08015419749978,31.762615872815303,-1.101521420860726,352.04768920545166,18.11636574074074,2021-05-05 20:07:30+00:00,291.0503012690871,74.48098901775732,-3.6726762081689777,345.69467631237245
2021-05-01 20:22:30,144.104976493697,31.848642753831623,-1.090375039733362,352.3228027865259,18.126782407407408,2021-05-05 20:22:30+00:00,290.5351606364401,74.34328526041699,-3.6715763415900207,343.58322071176826
2021-05-01 20:37:30,144.12886804307473,31.934643267830793,-1.0792788961695103,353.8350329268615,18.137199074074076,2021-05-05 20:37:30+00:00,290.03110957870916,74.20558143550423,-3.670476367930601,342.7230569467631
2021-05-01 20:52:30,144.15183665255304,32.02061678422815,-1.06823274451456,352.4085685444734,18.14761574074074,2021-05-05 20:52:30+00:00,290.03110957870916,74.06787754300662,-3.6693762872264446,343.9356599623711
2021-05-01 21:07:30,144.17389004789027,32.10656268390542,-1.0572363386313046,340.7071280886746,18.158032407407408,2021-05-05 21:07:30+00:00,289.53863289155663,73.93017358292614,-3.668276099513311,341.86607308477096
2021-05-01 21:22:30,144.19503587454474,32.19248035900086,-1.046289431972002,338.41327610700677,18.168449074074076,2021-05-05 21:22:30+00:00,289.05823964866977,73.79246955525032,-3.667175804826947,339.695789278427
2021-05-01 21:37:30,144.21528169861523,32.2783692127469,-1.0353917776417294,349.9530729469173,18.17886574074074,2021-05-05 21:37:30+00:00,289.05823964866977,73.65476546002459,-3.66607540320311,336.57105276470884
2021-05-01 21:52:30,144.2346350078009,32.36422865929371,-1.0245431284617217,280.6012020534349,18.189282407407408,2021-05-05 21:52:30+00:00,288.59046266709385,73.51706129719301,-3.664974894677528,343.415215835917
2021-05-01 22:07:30,144.253103212065,32.450058123468644,-1.0137432370393749,271.5678920119785,18.199699074074076,2021-05-05 22:07:30+00:00,288.13585767767614,73.37935706681546,-3.663874279285969,341.3912075681692
2021-05-01 22:22:30,144.27069364473064,32.53585704065182,-1.0029918558211792,269.254262968593,18.21011574074074,2021-05-05 22:22:30+00:00,288.13585767767614,73.24165276885027,-3.662773557064203,344.6948618067149
2021-05-01 22:37:30,144.28741356320003,32.62162485658596,-0.9922887371525276,278.16248703699085,18.220532407407408,2021-05-05 22:37:30+00:00,287.69500216149964,73.10394840331394,-3.661672728047949,345.7005061345629
2021-05-01 22:52:30,144.3032701498891,32.707361027185776,-0.9816336333361064,288.98155256677273,18.230949074074076,2021-05-05 22:52:30+00:00,287.69500216149964,72.96624397020835,-3.66057179227298,347.06362455945094
2021-05-01 23:07:30,144.31827051301156,32.793065018387544,-0.9710262966830554,301.4388442475462,18.24136574074074,2021-05-05 23:07:30+00:00,287.26849381128545,72.8285394695353,-3.6594707497750303,347.5978482656279
2021-05-01 23:22:30,144.33242168743925,32.878736305971785,-0.96046647956649,273.324628812829,18.251782407407408,2021-05-05 23:22:30+00:00,286.85694857534554,72.69083490131132,-3.658369600589874,346.6666666666667
2021-05-01 23:37:30,144.34573063553856,32.96437437538649,-0.9499539344730376,289.3131045699655,18.262199074074076,2021-05-05 23:37:30+00:00,286.85694857534554,72.55313026550911,-3.657268344753249,348.02183533402234
2021-05-01 23:52:30,144.35820424802245,33.04997872162634,-0.9394884140459951,269.1216183760149,18.27261574074074,2021-05-05 23:52:30+00:00,286.46099824093795,72.41542556215934,-3.6561669823009386,345.9933222036728
2021-05-02 00:07:30,144.36984934465647,33.13554884900883,-0.9290696711400812,273.9914811861227,18.283032407407408,2021-05-06 00:07:30+00:00,286.081287513999,72.27772079123508,-3.65506551326866,344.13440390068104
2021-05-02 00:22:30,144.3806726751858,33.221084271083754,-0.9186974588578168,300.1772232480919,18.293449074074076,2021-05-06 00:22:30+00:00,286.081287513999,72.14001595278144,-3.653963937692202,343.8508625486923
2021-05-02 00:37:30,144.39068092007972,33.306584510454606,-0.9083715305963967,296.6715385023217,18.30386574074074,2021-05-06 00:37:30+00:00,285.7184705534183,72.00231104674208,-3.652862255607309,344.7948962556641
2021-05-02 00:52:30,144.39988069124772,33.39204909858649,-0.898091640093393,302.0739347806362,18.314282407407408,2021-05-06 00:52:30+00:00,285.3732069204967,71.86460607314785,-3.65176046704974,337.63680207753663
2021-05-02 01:07:30,144.4082785329105,33.47747757571703,-0.8878575414600227,307.17563833779815,18.324699074074076,2021-05-06 01:07:30+00:00,285.3732069204967,71.72690103201506,-3.650658572055254,332.79708605251176
2021-05-02 01:22:30,144.41588092242085,33.56286949070556,-0.8776689892199461,295.4233374606814,18.33511574074074,2021-05-06 01:22:30+00:00,285.04615690823147,71.58919592333078,-3.649556570659614,331.6175106659247
2021-05-02 01:37:30,144.422694270858,33.64822440084804,-0.8675257383515363,293.4141715729433,18.345532407407408,2021-05-06 01:37:30+00:00,284.7379762208468,71.45149074709663,-3.6484544628985778,332.5913559636431
2021-05-02 01:52:30,144.42872492389188,33.73354187176293,-0.8574275443200131,314.6072734713498,18.355949074074076,2021-05-06 01:52:30+00:00,284.7379762208468,71.31378550329985,-3.647352248807895,335.38119087367835
2021-05-02 02:07:30,144.4339791625071,33.81882147725563,-0.8473741631108521,288.47687714917043,18.36636574074074,2021-05-06 02:07:30+00:00,284.44930998176727,71.17608019197118,-3.646249928423331,337.24339099965147
2021-05-02 02:22:30,144.4384632037613,33.90406279917258,-0.8373653512645013,268.62623549903907,18.376782407407408,2021-05-06 02:22:30+00:00,284.18078605823774,71.03837481309752,-3.6451475017806554,336.5370856188887
2021-05-02 02:37:30,144.44218320149614,33.98926542727005,-0.827400865906605,281.977391259334,18.387199074074076,2021-05-06 02:37:30+00:00,284.18078605823774,70.9006693666807,-3.6440449689156313,333.3936189946207
2021-05-02 02:52:30,144.44514524701032,34.074428959082866,-0.817480464778949,273.503872645503,18.39761574074074,2021-05-06 02:52:30+00:00,283.9330077032088,70.76296385272231,-3.6429423298639914,332.2709566449132
2021-05-02 03:07:30,144.44735536990018,34.15955299981843,-0.8076039062656014,271.3370746693351,18.408032407407408,2021-05-06 03:07:30+00:00,283.9330077032088,70.6252582712237,-3.641839584661548,330.7152131859978
2021-05-02 03:22:30,144.44881953861923,34.244637162203965,-0.7977709494257876,297.382667610739,18.418449074074076,2021-05-06 03:22:30+00:00,283.70654553005687,70.48755262217199,-3.640736733344038,331.8122797254684
2021-05-02 03:37:30,144.44954366129895,34.32968106635394,-0.7879813540167336,280.1083826883265,18.42886574074074,2021-05-06 03:37:30+00:00,283.501928853255,70.34984690561235,-3.639633775947214,331.2996408155006
