time,longitude,radius,latitude,Vr,Time_days,Times_Earth,Vr_pred_Earth,Lon-L1,Lat-L1,Vr_obs_Earth
2021-11-18 19:07:30,333.6244830836672,32.88301684778326,2.3174434305607687,426.147220156844,0.8723032407407407,2021-11-22 19:07:30+00:00,499.1298820350016,299.07282843422433,1.9140300394055407,541.6699790656385
2021-11-18 19:22:30,333.6253979449126,32.79049009630262,2.3094163663409604,423.7425069416212,0.8827199074074074,2021-11-22 19:22:30+00:00,499.1298820350016,298.93552325863584,1.912748097463743,536.0921400988178
2021-11-18 19:37:30,333.62715301113377,32.69788884181152,2.301328183411713,450.069913476776,0.8931365740740741,2021-11-22 19:37:30+00:00,497.6452366324381,298.7982181151466,1.91146608661818,541.1744441794525
2021-11-18 19:52:30,333.6297561120452,32.60521329517805,2.2931782459658008,483.8175357439307,0.9035532407407407,2021-11-22 19:52:30+00:00,497.6452366324381,298.66091300375615,1.9101840069117488,535.9958905868756
2021-11-18 20:07:30,333.63321517431007,32.512463674653596,2.284965910094757,433.91626307872855,0.9139699074074074,2021-11-22 20:07:30+00:00,496.1558428138598,298.5236079245226,1.9089018583872823,542.3589580517795
2021-11-18 20:22:30,333.6375382228468,32.419640206061,2.2766905236766184,434.36259311738047,0.9243865740740741,2021-11-22 20:22:30+00:00,494.66069268562717,298.3863028774016,1.9076196410876416,539.4705461483424
2021-11-18 20:37:30,333.64273338231976,32.32674312297042,2.2683514262605655,449.4907780910768,0.9348032407407407,2021-11-22 20:37:30+00:00,494.66069268562717,298.24899786243634,1.9063373550556957,534.7801892042294
2021-11-18 20:52:30,333.6488088787836,32.233772666800135,2.2599479489431387,459.3473096185951,0.9452199074074074,2021-11-22 20:52:30+00:00,493.15892423841905,298.111692879641,1.9050550003343043,536.3330418422238
2021-11-18 21:07:30,333.65577304097735,32.140729087056705,2.251479414255491,436.79383334363854,0.9556365740740741,2021-11-22 21:07:30+00:00,491.64982164730185,297.9743879290443,1.9037725769663425,535.4015952513448
2021-11-18 21:22:30,333.6636343019815,32.04761264151248,2.24294513604184,436.7138377045856,0.9660532407407407,2021-11-22 21:22:30+00:00,491.64982164730185,297.83708301064564,1.902490084994675,537.5043061186634
2021-11-18 21:37:30,333.6724012007479,31.954423596324705,2.2343444193320336,432.42834102034465,0.9764699074074074,2021-11-22 21:37:30+00:00,490.13281351141757,297.69977812442994,1.9012075244621809,537.9485289335039
2021-11-18 21:52:30,333.68208238375627,31.861162226275027,2.225676560222029,425.4869226488591,0.9868865740740741,2021-11-22 21:52:30+00:00,488.6074692367639,297.56247327045503,1.8999248954117405,538.9041259241593
2021-11-18 22:07:30,333.69268660647435,31.76782881496279,2.2169408457490816,430.6339536225297,0.9973032407407407,2021-11-22 22:07:30+00:00,488.6074692367639,297.42516844872034,1.8986421978862256,536.6388425153033
2021-11-18 22:22:30,333.7042227351989,31.674423654924222,2.2081365537568876,440.6842224477983,1.0077199074074075,2021-11-22 22:22:30+00:00,487.0734937925704,297.28786365922525,1.8973594319285207,535.9110422132125
2021-11-18 22:37:30,333.7166997484954,31.580947047944743,2.1992629527780134,441.71260276561566,1.018136574074074,2021-11-22 22:37:30+00:00,485.5307210886126,297.15055890201285,1.896076597581519,538.3530956151991
2021-11-18 22:52:30,333.7301267391234,31.48739930516161,2.1903193018935423,454.2593014789701,1.0285532407407407,2021-11-22 22:52:30+00:00,485.5307210886126,297.01325417706835,1.894793694888106,534.5062283292667
2021-11-18 23:07:30,333.74451291559024,31.393780747308895,2.1813048506043513,452.32304169663536,1.0389699074074075,2021-11-22 23:07:30+00:00,483.9791062280316,296.87594948443433,1.893510723891173,539.9342820043988
2021-11-18 23:22:30,333.7598676039905,31.300091704937532,2.172218838698486,444.62585985368287,1.049386574074074,2021-11-22 23:22:30+00:00,482.41871688881537,296.7386448240815,1.8922276846336172,534.8395473938045
2021-11-18 23:37:30,333.7762002497429,31.206332518620577,2.16306049611403,487.68325076206634,1.0598032407407407,2021-11-22 23:37:30+00:00,482.41871688881537,296.6013401960818,1.8909445771583155,533.8368179770517
2021-11-18 23:52:30,333.79352041940604,31.11250353918091,2.1538290428029416,455.80372573966895,1.0702199074074075,2021-11-22 23:52:30+00:00,480.8497240782636,296.4640356003911,1.8896614015082067,529.1179744017808
2021-11-19 00:07:30,333.8118378025558,31.018605127885827,2.144523688588908,440.36936560934896,1.080636574074074,2021-11-23 00:07:30+00:00,480.8497240782636,296.326731037067,1.888378157726164,533.2220367278798
2021-11-19 00:22:30,333.831162213654,30.924637656712523,2.1351436330301947,451.8976071229828,1.0910532407407407,2021-11-23 00:22:30+00:00,479.2723924898855,296.18942650610865,1.887094845855093,521.1649044704136
2021-11-19 00:37:30,333.8515035938528,30.830601508595528,2.1256880652785566,479.3084628226531,1.1014699074074075,2021-11-23 00:37:30+00:00,477.6870706726915,296.05212200751555,1.8858114659379184,529.4909505260089
2021-11-19 00:52:30,333.87287201300967,30.73649707761408,2.1161561639301554,575.71614065771,1.111886574074074,2021-11-23 00:52:30+00:00,477.6870706726915,295.91481754131615,1.884528018017544,525.0306065664998
2021-11-19 01:07:30,333.89527767168534,30.64232476928683,2.106547096884286,483.2721202003338,1.1223032407407407,2021-11-23 01:07:30+00:00,476.0941812001371,295.77751310752427,1.883244502136895,541.8860493985702
2021-11-19 01:22:30,333.9187309030734,30.548085000807475,2.09686002119531,470.4699573034704,1.1327199074074075,2021-11-23 01:22:30+00:00,474.4942110013581,295.6402087061538,1.8819609183388608,544.1291040623262
2021-11-19 01:37:30,333.9432421749893,30.453778201305266,2.087094082923429,462.41260907917854,1.143136574074074,2021-11-23 01:37:30+00:00,474.4942110013581,295.50290433721864,1.8806772666663747,529.827490261547
2021-11-19 01:52:30,333.9688220920856,30.359404812101836,2.0772484169837515,448.6882900071547,1.1535532407407407,2021-11-23 01:52:30+00:00,472.88770199195505,295.3656000007324,1.87939354716238,523.4140233722871
2021-11-19 02:07:30,333.99548139777363,30.264965286997857,2.0673221469959393,459.1153868639691,1.1639699074074075,2021-11-23 02:07:30+00:00,471.27524211642816,295.2282956966946,1.878109759869776,520.5342237061769
2021-11-19 02:22:30,334.0232309764657,30.1704600925262,2.0573143851281785,450.1028846527158,1.174386574074074,2021-11-23 02:22:30+00:00,471.27524211642816,295.09099142514805,1.876825904831514,521.1145560060418
2021-11-19 02:37:30,334.05208185568955,30.075889708253573,2.047224231944137,460.5535815204329,1.1848032407407407,2021-11-23 02:37:30+00:00,469.65745689021315,294.95368718607745,1.875541982090493,515.6439183150368
2021-11-19 02:52:30,334.0820452083068,29.981254627052643,2.037050776244046,460.3898845676646,1.1952199074074075,2021-11-23 02:52:30+00:00,468.0350015067422,294.81638297951105,1.8742579916896869,511.55629753292527
2021-11-19 03:07:30,334.11313235471863,29.886555355434876,2.0267930949104684,443.00001560232784,1.205636574074074,2021-11-23 03:07:30+00:00,468.0350015067422,294.6790788054628,1.872973933671986,510.0537933593025
2021-11-19 03:22:30,334.14535476519586,29.791792413805577,2.016450252743867,457.1091288828661,1.2160532407407407,2021-11-23 03:22:30+00:00,466.40855355446763,294.54177466394634,1.8716898080803888,511.1920540968955
2021-11-19 03:37:30,334.17872406208676,29.696966336804003,2.006021302304023,457.50059623181494,1.2264699074074075,2021-11-23 03:37:30+00:00,464.77880637061605,294.40447055497526,1.8704056149577923,524.2033017992951
2021-11-19 03:52:30,334.21325202225967,29.60207767360536,1.995505283746136,436.93064689462193,1.236886574074074,2021-11-23 03:52:30+00:00,464.77880637061605,294.2671664785489,1.8691213543471532,524.6447783342609
2021-11-19 04:07:30,334.24895057948316,29.50712698825395,1.984901224657512,438.4878223830996,1.2473032407407407,2021-11-23 04:07:30+00:00,463.146463042714,294.1298624347103,1.8678370262914008,524.0653614610209
2021-11-19 04:22:30,334.285831826707,29.412114859990613,1.9742081398916904,448.3296903774332,1.2577199074074075,2021-11-23 04:22:30+00:00,463.146463042714,293.99255842344354,1.8665526308335467,530.1731842633345
2021-11-19 04:37:30,334.3239080187213,29.31704188359222,1.963425031401763,469.8393426273226,1.268136574074074,2021-11-23 04:37:30+00:00,461.5122310556537,293.85525444479174,1.865268168016471,526.5998887033946
2021-11-19 04:52:30,334.3631915744849,29.22190866972499,1.9525508880729432,497.6082945259643,1.2785532407407407,2021-11-23 04:52:30+00:00,459.87681757118725,293.7179504987249,1.863983637883184,526.0417193639231
2021-11-19 05:07:30,334.4036950797562,29.126715845279247,1.9415846855508871,464.1380077907624,1.2889699074074075,2021-11-23 05:07:30+00:00,459.87681757118725,293.5806465853148,1.862699040476603,526.4461933911017
2021-11-19 05:22:30,334.4454312896499,29.031464053759795,1.930525386074179,430.36433271138173,1.299386574074074,2021-11-23 05:22:30+00:00,458.2409253181014,293.443342704517,1.861414375839734,524.3815449992412
2021-11-19 05:37:30,334.4884131312486,28.93615395564221,1.9193719383013923,413.6678013138781,1.3098032407407407,2021-11-23 05:37:30+00:00,456.60524906474956,293.30603885638857,1.860129644015522,514.619604102075
2021-11-19 05:52:30,334.53265370619306,28.84078622876804,1.9081232771397547,413.49638956493754,1.3202199074074075,2021-11-23 05:52:30+00:00,456.60524906474956,293.1687350409288,1.8588448450469175,515.4185547340807
2021-11-19 06:07:30,334.5781662935465,28.74536156869431,1.8967783235667868,431.4764089015673,1.330636574074074,2021-11-23 06:07:30+00:00,454.97047264089247,293.031431258122,1.8575599789769093,515.9975620743568
2021-11-19 06:22:30,334.6249643523505,28.649880689153104,1.8853359844638844,423.77429048414024,1.3410532407407407,2021-11-23 06:22:30+00:00,453.33726647269833,292.89412750804007,1.85627504584848,510.0554796715064
2021-11-19 06:37:30,334.6730615245721,28.554344322387987,1.8737951524309449,421.4141473051884,1.3514699074074075,2021-11-23 06:37:30+00:00,453.33726647269833,292.7568237906529,1.8549900457045991,507.6423669078093
2021-11-19 06:52:30,334.72247163776393,28.458753219651314,1.8621547056214087,427.521231037236,1.361886574074074,2021-11-23 06:52:30+00:00,451.7062855930493,292.61952010598867,1.8537049785882127,502.81686408564536
2021-11-19 07:07:30,334.7732087080477,28.363108151567527,1.8504135075569423,434.78555629941616,1.3723032407407407,2021-11-23 07:07:30+00:00,450.0781680887772,292.48221645404624,1.8524198445423532,501.9476905954369
2021-11-19 07:22:30,334.82528694305023,28.26740990857957,1.838570406951818,430.49076395882474,1.3827199074074075,2021-11-23 07:22:30+00:00,450.0781680887772,292.3449128348684,1.8511346436099705,504.3935659962371
2021-11-19 07:37:30,334.878720744757,28.17165930143217,1.8266242375392667,436.54823256151553,1.393136574074074,2021-11-23 07:37:30+00:00,448.4535339469091,292.207609248454,1.8498493758340713,508.1246521981079
2021-11-19 07:52:30,334.93352471255207,28.075857161588356,1.8145738178887496,491.8794320809913,1.4035532407407407,2021-11-23 07:52:30+00:00,446.8329842632506,292.07030569480196,1.848564041257638,502.65594172105017
2021-11-19 08:07:30,334.9897136463045,27.980004341721983,1.8024179512302088,453.77794159096334,1.4139699074074075,2021-11-23 08:07:30+00:00,446.8329842632506,291.93300217394057,1.8472786399236552,504.8785012057131
2021-11-19 08:22:30,335.04730254941137,27.88410171618785,1.790155425275758,443.64325157313465,1.424386574074074,2021-11-23 08:22:30+00:00,445.21710077852345,291.79569868588294,1.84599317187514,503.6727879799666
2021-11-19 08:37:30,335.1063066319508,27.788150181519296,1.7777850120412018,432.9451524899222,1.4348032407407407,2021-11-23 08:37:30+00:00,445.21710077852345,291.65839523064284,1.844707637155066,506.90038953811904
2021-11-19 08:52:30,335.16674131384156,27.692150656907863,1.7653054676656847,423.0489551096359,1.4452199074074075,2021-11-23 08:52:30+00:00,443.60644570965565,291.521091808219,1.843422035806444,513.0323025147733
2021-11-19 09:07:30,335.2286222281543,27.596104084741334,1.7527155322375645,473.0708042816459,1.455636574074074,2021-11-23 09:07:30+00:00,442.0015618465961,291.38378841866853,1.842136367872298,503.774809868299
2021-11-19 09:22:30,335.2919652241985,27.50001143114499,1.7400139296188335,473.9177699266219,1.4660532407407407,2021-11-23 09:22:30+00:00,442.0015618465961,291.2464850619467,1.8408506333955992,515.0780401197763
2021-11-19 09:37:30,335.3567863710831,27.403873686465634,1.7271993672621089,466.12707300754175,1.4764699074074075,2021-11-23 09:37:30+00:00,440.4029728880915,291.10918173809586,1.8395648324193763,509.3065161512574
2021-11-19 09:52:30,335.4231019608906,27.307691865859333,1.7142705360398875,484.99263478346256,1.486886574074074,2021-11-23 09:52:30+00:00,438.8111839931728,290.97187844712965,1.8382789649866424,512.813021702838
2021-11-19 10:07:30,335.4909285121922,27.211467009853163,1.7012261100703523,472.8280467445743,1.4973032407407407,2021-11-23 10:07:30+00:00,438.8111839931728,290.83457518906135,1.836993031140414,513.1441291040622
2021-11-19 10:22:30,335.56028277343,27.115200184928945,1.6880647465451886,467.84199346511366,1.5077199074074075,2021-11-23 10:22:30+00:00,437.2266825285902,290.69727196390414,1.835707030923702,511.2316824336858
2021-11-19 10:37:30,335.6311817265007,27.018892484094472,1.6747850855555515,455.3769873967342,1.518136574074074,2021-11-23 10:37:30+00:00,435.6499389961103,290.5599687716717,1.8344209643795255,510.8196200015899
2021-11-19 10:52:30,335.70364259026593,26.922545027479405,1.661385749921552,447.20212700179314,1.5285532407407407,2021-11-23 10:52:30+00:00,435.6499389961103,290.42266561234794,1.8331348315509135,509.7114719819226
2021-11-19 11:07:30,335.7776828241449,26.826158962994388,1.6478653450303344,449.9686978297162,1.5389699074074075,2021-11-23 11:07:30+00:00,434.0814081274375,290.28536248600454,1.8318486324808936,514.1161194583565
2021-11-19 11:22:30,335.85332013179067,26.729735466926268,1.634222458665694,439.9594562365848,1.549386574074074,2021-11-23 11:22:30+00:00,432.52153013857014,290.1480593926113,1.830562367212481,507.327026525691
2021-11-19 11:37:30,335.9305724647451,26.63327574460921,1.6204556608488192,433.24548005541146,1.5598032407407407,2021-11-23 11:37:30+00:00,432.52153013857014,290.01075633219574,1.8292760357887332,522.9324005617829
2021-11-19 11:52:30,336.0094580261344,26.536781031092534,1.606563503679437,440.53250410197256,1.5702199074074075,2021-11-23 11:52:30+00:00,430.9707321397038,289.8734533047714,1.827989638252656,518.9760712298275
2021-11-19 12:07:30,336.0899952747138,26.44025259175888,1.5925445211709228,424.17138745887496,1.580636574074074,2021-11-23 12:07:30+00:00,429.42942970141445,289.7361503103513,1.8267031746472968,515.1601876142778
2021-11-19 12:22:30,336.1722029282743,26.34369172312623,1.578397229112766,417.2191748151681,1.5910532407407407,2021-11-23 12:22:30+00:00,429.42942970141445,289.5988473489344,1.825416645015688,520.4706256459178
2021-11-19 12:37:30,336.25609996790166,26.24709975343945,1.5641201249045833,418.4099483390953,1.6014699074074075,2021-11-23 12:37:30+00:00,427.89802858289323,289.4615444205483,1.8241300494009072,521.2762010758672
2021-11-19 12:52:30,336.34170564162287,26.150478043519897,1.5497116874299155,418.36126878130216,1.611886574074074,2021-11-23 12:52:30+00:00,427.89802858289323,289.3242415252209,1.822843387845943,521.1755041471235
2021-11-19 13:07:30,336.4290394686294,26.053827987383837,1.5351703768973557,411.8424734866396,1.6223032407407407,2021-11-23 13:07:30+00:00,426.3769266335882,289.18693866293603,1.8215566603938895,522.0589872008903
2021-11-19 13:22:30,336.51812124301057,25.95715101312925,1.520494634724428,410.9624493773514,1.6327199074074075,2021-11-23 13:22:30+00:00,424.8665158858971,289.0496358337218,1.820269867087791,524.1460635450619
2021-11-19 13:37:30,336.6089710380104,25.860448583627186,1.505682883396302,407.9934811988234,1.643136574074074,2021-11-23 13:37:30+00:00,424.8665158858971,288.9123330375767,1.8189830079706808,536.3105175292153
2021-11-19 13:52:30,336.7016092101096,25.763722197330484,1.4907335263431487,402.8551859937503,1.6535532407407407,2021-11-23 13:52:30+00:00,423.3671848637405,288.7750302745427,1.81769608308563,538.2568831650634
2021-11-19 14:07:30,336.79605640300844,25.666973389152336,1.4756449478341618,432.4947376061552,1.6639699074074075,2021-11-23 14:07:30+00:00,421.8793211401773,288.6377275446044,1.8164090924756813,527.8705249489891
2021-11-19 14:22:30,336.89233354906906,25.570203729778843,1.4604155136243466,432.1482305900782,1.674386574074074,2021-11-23 14:22:30+00:00,421.8793211401773,288.5004248477891,1.8151220361839109,530.4051726422343
2021-11-19 14:37:30,336.990461878806,25.473414829264772,1.445043569446809,414.6610588462888,1.6848032407407407,2021-11-23 14:37:30+00:00,420.40331418699026,288.36312218412445,1.8138349142533952,528.4177332591356
2021-11-19 14:52:30,337.09046292660827,25.376608338468973,1.4295274405576617,407.87979966611016,1.6952199074074075,2021-11-23 14:52:30+00:00,418.9395585707271,288.22581955358004,1.8125477267271664,535.6758618862125
2021-11-19 15:07:30,337.1923585276239,25.27978594653452,1.4138654335419452,375.60228839897854,1.705636574074074,2021-11-23 15:07:30+00:00,418.9395585707271,288.08851695621263,1.8112604736483224,514.574555476058
2021-11-19 15:22:30,337.2961708256646,25.182949383396465,1.3980558353518775,393.2951680601272,1.7160532407407407,2021-11-23 15:22:30+00:00,417.4884575634672,287.95121439200597,1.8099731550599192,525.2569096642552
2021-11-19 15:37:30,337.40192227757353,25.086100420696596,1.382096913238038,382.2572504561866,1.7264699074074075,2021-11-23 15:37:30+00:00,416.05042725310034,287.81391186100245,1.8086857710050483,506.1769616026712
2021-11-19 15:52:30,337.5096356574431,24.98924087281631,1.3659869147075157,379.0568626523288,1.736886574074074,2021-11-23 15:52:30+00:00,416.05042725310034,287.67660936318595,1.8073983215267648,500.6214060471155
2021-11-19 16:07:30,337.61933406122324,24.892372597796133,1.3497240674706577,388.44978785459296,1.7473032407407407,2021-11-23 16:07:30+00:00,414.6259012577803,287.5393068985986,1.8061108066681588,506.4075045711106
2021-11-19 16:22:30,337.7310409109901,24.795497498381703,1.3333065794181336,395.497106508212,1.7577199074074075,2021-11-23 16:22:30+00:00,413.2153361731793,287.4020044672097,1.8048232264723456,507.039510294936
2021-11-19 16:37:30,337.84477995970497,24.698617522997697,1.316732638594902,417.1829081527063,1.768136574074074,2021-11-23 16:37:30+00:00,413.2153361731793,287.26470206907584,1.80353558098237,499.6661101836394
2021-11-19 16:52:30,337.96057529538103,24.60173466689858,1.3000004132136884,364.3309536646682,1.7785532407407407,2021-11-23 16:52:30+00:00,411.8192179100867,287.12739970419574,1.8022478702413067,514.0326470042663
2021-11-19 17:07:30,338.0784513458403,24.504850973124825,1.283108051647164,379.6005390510288,1.7889699074074075,2021-11-23 17:07:30+00:00,411.8192179100867,286.99009737255307,1.8009600942923043,519.4212576516417
2021-11-19 17:22:30,338.1984328831865,24.407968533695044,1.266053682471412,378.20288716488267,1.799386574074074,2021-11-23 17:22:30+00:00,410.43806911479476,286.8527950742187,1.7996722531784075,507.7944722685958
2021-11-19 17:37:30,338.3205450283571,24.31108949069039,1.2488354145038283,384.63204439832145,1.8098032407407407,2021-11-23 17:37:30+00:00,409.0724579067703,286.71549280916247,1.798384346942746,496.8730953705912
2021-11-19 17:52:30,338.44481325567773,24.214216037421313,1.2314513368690718,391.38326991686654,1.8202199074074075,2021-11-23 17:52:30+00:00,409.0724579067703,286.57819057741153,1.7970963756283849,496.9022444815433
2021-11-19 18:07:30,338.57126339741654,24.11735041961975,1.21389951908325,391.76865022972174,1.830636574074074,2021-11-23 18:07:30+00:00,407.7230082186973,286.44088837896425,1.7958083392784727,500.1947690595437
2021-11-19 18:22:30,338.6999216484847,24.0204949365798,1.1961780111451152,404.740939914607,1.8410532407407407,2021-11-23 18:22:30+00:00,406.39041208463345,286.30358621386256,1.7945202379360623,499.52698942682247
2021-11-19 18:37:30,338.8308145708179,23.92365194248875,1.178284843677967,439.2568882021,1.8514699074074075,2021-11-23 18:37:30+00:00,406.39041208463345,286.1662840821051,1.7932320716443062,490.76069543515285
2021-11-19 18:52:30,338.96396909815854,23.826823847597637,1.1602180280595435,445.0647317513625,1.861886574074074,2021-11-23 18:52:30+00:00,405.0754442944697,286.0289819836899,1.7919438404462769,492.445080425047
2021-11-19 19:07:30,339.09941254041,23.73001311957993,1.1419755566060823,459.4481503507276,1.8723032407407407,2021-11-23 19:07:30+00:00,403.77897991897,285.89167991862973,1.7906555443851158,497.9734743090335
2021-11-19 19:22:30,339.23717258837223,23.63322228480464,1.123555402760314,460.6918196994992,1.8827199074074075,2021-11-23 19:22:30+00:00,403.77897991897,285.7543778869668,1.7893671835039122,517.7677080849033
2021-11-19 19:37:30,339.3772773182207,23.536453929673826,1.1049555213124025,456.14221126770656,1.893136574074074,2021-11-23 19:37:30+00:00,402.50201531131233,285.6170758886992,1.7880787578458217,516.4069745872752
2021-11-19 19:52:30,339.51975519582743,23.439710702071963,1.0861738486663048,431.2902456475078,1.9035532407407407,2021-11-23 19:52:30+00:00,401.24569331010804,285.47977392383984,1.786790267453914,499.9740307920608
2021-11-19 20:07:30,339.6646350816195,23.342995312656985,1.0672083030982,493.964975363798,1.9139699074074075,2021-11-23 20:07:30+00:00,401.24569331010804,285.3424719923721,1.7855017123713794,491.7733259135596
2021-11-19 20:22:30,339.81194623458634,23.24631053642413,1.048056785094639,458.0327757146264,1.924386574074074,2021-11-23 20:22:30+00:00,400.011333506907,285.2051700943674,1.7842130926412638,496.77239844184754
2021-11-19 20:37:30,339.96171831696216,23.149659214087453,1.0287171776829198,465.41797304450506,1.9348032407407407,2021-11-23 20:37:30+00:00,398.80046859917434,285.0678682297801,1.7829244083067612,490.4898477519512
2021-11-19 20:52:30,340.1139813984503,23.05304425360128,1.0091873468158363,473.09452535835584,1.9452199074074075,2021-11-23 20:52:30+00:00,398.80046859917434,284.93056639866643,1.7816356594109704,504.98052309404574
2021-11-19 21:07:30,340.2687659605302,22.9564686317088,0.9894651417956168,477.7636196381725,1.955636574074074,2021-11-23 21:07:30+00:00,397.6148880274412,284.7932646010248,1.7803468459970255,498.52399501815194
2021-11-19 21:22:30,340.4261029005668,22.859935395525596,0.9695483957343376,479.6888094122615,1.9660532407407407,2021-11-23 21:22:30+00:00,397.6148880274412,284.6559628368532,1.7790579681081018,492.5477647931738
2021-11-19 21:37:30,340.58602353613674,22.763447664073624,0.9494349260418624,495.605826224135,1.9764699074074075,2021-11-23 21:37:30+00:00,396.45669029069023,284.51866110617885,1.7777690257872891,486.1027638657021
2021-11-19 21:52:30,340.7485596089269,22.667008629981407,0.9291225349816724,524.9012905106395,1.986886574074074,2021-11-23 21:52:30+00:00,395.3283455418113,284.3813594090146,1.7764800190777617,480.4488963086626
2021-11-19 22:07:30,340.91374328865936,22.57062156113029,0.9086090102557328,513.5210059579421,1.9973032407407407,2021-11-23 22:07:30+00:00,395.3283455418113,284.24405774535836,1.7751909480226384,480.13355592654426
2021-11-19 22:22:30,341.0816071769843,22.474289802354708,0.8878921256411578,545.6582455751687,2.0077199074074072,2021-11-23 22:22:30+00:00,394.2327702752072,284.1067561152522,1.7739018126650898,478.58931552587654
2021-11-19 22:37:30,341.25218431129537,22.37801677716361,0.8669696416743342,526.1361528473382,2.018136574074074,2021-11-23 22:37:30+00:00,393.1734161142085,283.96945451869385,1.7726126130482447,483.5413519887643
2021-11-19 22:52:30,341.4255081681317,22.281805989542583,0.8458393063973061,536.7634582227209,2.0285532407407407,2021-11-23 22:52:30+00:00,393.1734161142085,283.8321529556814,1.7713233492152842,480.5188134069603
2021-11-19 23:07:30,341.6016126666706,22.18566102577923,0.8244988561578358,538.6060100166944,2.0389699074074072,2021-11-23 23:07:30+00:00,392.15437485932426,283.6948514262422,1.7700340212093424,482.4451008090407
2021-11-19 23:22:30,341.7805321721651,22.089585556250334,0.8029460164521478,549.2805469433182,2.049386574074074,2021-11-23 23:22:30+00:00,391.1805020269364,283.5575499303888,1.768744629073582,493.3937514905795
2021-11-19 23:37:30,341.9623014989055,21.99358333734233,0.781178502849317,536.7001682966888,2.0598032407407407,2021-11-23 23:37:30+00:00,391.1805020269364,283.4202484681191,1.7674551728511527,491.2075681691708
2021-11-19 23:52:30,342.14695591324255,21.897658213371205,0.7591940219717921,547.4556953897521,2.0702199074074072,2021-11-23 23:52:30+00:00,390.2575610283135,283.28294703947483,1.7661656525852485,492.6544240400667
2021-11-20 00:07:30,342.334531136184,21.801814118580204,0.7369902725495631,542.7877631550418,2.080636574074074,2021-11-24 00:07:30+00:00,389.39238981850053,283.1456456444539,1.7648760683190003,492.44574290484144
2021-11-20 00:22:30,342.5250633461434,21.706055079124067,0.7145649465252193,541.1552587646077,2.0910532407407407,2021-11-24 00:22:30+00:00,389.39238981850053,283.0083442830543,1.7635864200955915,477.3730026234199
2021-11-20 00:37:30,342.7185891810296,21.610385215010215,0.6919157302608935,540.3796243038116,2.1014699074074072,2021-11-24 00:37:30+00:00,388.59309115335606,282.8710429553032,1.7622967079581986,481.6917084028937
2021-11-20 00:52:30,342.915145740334,21.514808742219003,0.6690403058045404,538.0554128675999,2.111886574074074,2021-11-24 00:52:30+00:00,387.8692463514975,282.73374166119834,1.7610069319500046,478.2554257095158
2021-11-20 01:07:30,343.11477058696914,21.41932997481205,0.645936352240886,529.1283260410321,2.1223032407407407,2021-11-24 01:07:30+00:00,387.8692463514975,282.5964404007668,1.7597170921141676,477.6647948601204
2021-11-20 01:22:30,343.3175017486125,21.323953327106977,0.6226015471349291,525.2325304078227,2.1327199074074072,2021-11-24 01:22:30+00:00,387.2321504275248,282.45913917403567,1.7584271884938545,475.34250205368744
2021-11-20 01:37:30,343.5233777189723,21.22868331582163,0.5990335680491871,519.2441302880687,2.143136574074074,2021-11-24 01:37:30+00:00,387.2321504275248,282.32183798098833,1.757137221132273,481.1537748098683
2021-11-20 01:52:30,343.73243745855757,21.13352456233962,0.5752300941733596,524.4468480331068,2.1535532407407407,2021-11-24 01:52:30+00:00,386.6950633380715,282.18453682165165,1.755847190072597,491.0684474123539
2021-11-20 02:07:30,343.9447203951822,21.038481794929133,0.5511888080306798,524.0648476627712,2.1639699074074072,2021-11-24 02:07:30+00:00,386.2734674920926,282.047235696038,1.75455709535801,485.43074436229693
2021-11-20 02:22:30,344.16026642397713,20.943559851091557,0.5269073973077041,513.7070556190141,2.174386574074074,2021-11-24 02:22:30+00:00,386.2734674920926,281.9099346041598,1.7532669370317222,489.621591541458
2021-11-20 02:37:30,344.3791159071852,20.848763679847384,0.5023835567664944,513.5904974367309,2.1848032407407407,2021-11-24 02:37:30+00:00,385.9853152055241,281.772633546015,1.7519767151368957,484.64275475961625
2021-11-20 02:52:30,344.6013096733187,20.754098344139724,0.4776149902849601,498.7219595684685,2.1952199074074072,2021-11-24 02:52:30+00:00,385.8512410226611,281.6353325216303,1.7506864297167497,471.6885044097064
2021-11-20 03:07:30,344.8268890158917,20.659569023255628,0.452599413010018,497.0129041965507,2.205636574074074,2021-11-24 03:07:30+00:00,385.8512410226611,281.4980315310181,1.74939608081448,479.2352333253836
2021-11-20 03:22:30,345.05589569189726,20.565181015224084,0.4273345536133172,494.7922651112178,2.2160532407407407,2021-11-24 03:22:30+00:00,385.89470250054586,281.36073057417644,1.7481056684732506,479.5028751623075
2021-11-20 03:37:30,345.2883719193181,20.470939739359807,0.4018181567015343,507.25451510092574,2.2264699074074072,2021-11-24 03:37:30+00:00,386.1419992005564,281.2234296511609,1.7468151927363185,475.3531017303972
2021-11-20 03:52:30,345.5243603745755,20.37685073873467,0.376047985328122,510.82381396816214,2.236886574074074,2021-11-24 03:52:30+00:00,386.1419992005564,281.08612876192575,1.7455246536468576,471.91472967766794
2021-11-20 04:07:30,345.7639041890453,20.282919682734576,0.3500218236530361,454.91233742667293,2.2473032407407407,2021-11-24 04:07:30+00:00,386.622103936754,280.94882790651235,1.7442340512480752,477.9791716352652
2021-11-20 04:22:30,346.0070469449795,20.18915236967188,0.32373747975055,530.1185907455321,2.2577199074074072,2021-11-24 04:22:30+00:00,387.3662245668112,280.81152708493306,1.7429433855831802,499.11805871739097
2021-11-20 04:37:30,346.253832671001,20.09555472937131,0.29719278854553,550.2324067082759,2.268136574074074,2021-11-24 04:37:30+00:00,387.3662245668112,280.67422629718527,1.7416526566954087,498.5716935633463
2021-11-20 04:52:30,346.5043058365644,20.002132825847017,0.2703856149193819,550.4127249118901,2.2785532407407407,2021-11-24 04:52:30+00:00,388.40700218941254,280.53692554331064,1.7403618646279548,487.04189522219576
2021-11-20 05:07:30,346.75851134604085,19.908892859940593,0.2433138569521767,535.451103952597,2.2889699074074072,2021-11-24 05:07:30+00:00,389.7772480954539,280.3996248232922,1.73907100942404,480.7735114079021
2021-11-20 05:22:30,347.0164945316368,19.81584117207388,0.215975449353742,507.2342793544797,2.299386574074074,2021-11-24 05:22:30+00:00,389.7772480954539,280.2623241371566,1.7377800911268864,480.0572382542332
2021-11-20 05:37:30,347.2783011459094,19.722984244910553,0.1883683670299126,534.5753852048497,2.3098032407407407,2021-11-24 05:37:30+00:00,391.5081351128158,280.125023484916,1.736489109779716,477.4207011686144
2021-11-20 05:52:30,347.54397735296334,19.630328706197854,0.1604906288677352,536.5609348914858,2.3202199074074072,2021-11-24 05:52:30+00:00,391.5081351128158,279.9877228665827,1.7351980654257717,481.630760261812
2021-11-20 06:07:30,347.81356971901033,19.5378813314999,0.132340301664521,534.7352253756261,2.330636574074074,2021-11-24 06:07:30+00:00,393.62679868388744,279.8504222821542,1.733906958108271,480.7456872565387
2021-11-20 06:22:30,348.08712520209025,19.44564904695563,0.1039155042436291,541.4237737344342,2.3410532407407407,2021-11-24 06:22:30+00:00,396.15337826751346,279.71312173167183,1.7326157878704338,471.7253623764475
2021-11-20 06:37:30,348.3646911403196,19.353638932185103,0.075214411802958,573.4244574290484,2.3514699074074072,2021-11-24 06:37:30+00:00,396.15337826751346,279.57582121511854,1.73132455475549,469.7829716193657
2021-11-20 06:52:30,348.64631523950925,19.261858223045472,0.0462352604140857,553.6382115240883,2.361886574074074,2021-11-24 06:52:30+00:00,399.0976449473507,279.4385207325208,1.7300332588067022,468.0896732649655
2021-11-20 07:07:30,348.93204555946994,19.170314314511252,0.0169763517576449,533.1654686184963,2.3723032407407407,2021-11-24 07:07:30+00:00,402.45551013285603,279.3012202838763,1.7287419000673012,474.0864403635689
2021-11-20 07:22:30,349.22193049922606,19.07901476348516,-0.0125639419511705,550.8133711224133,2.3827199074074072,2021-11-24 07:22:30+00:00,402.45551013285603,279.1639198692263,1.7274504785805156,486.7835281023929
2021-11-20 07:37:30,349.5160187808183,18.98796729170525,-0.0423871727935585,521.2847743437943,2.393136574074074,2021-11-24 07:37:30+00:00,406.20586938932615,279.0266194885536,1.7261589943896063,496.3722606460503
2021-11-20 07:52:30,349.8143594318796,18.897179788587756,-0.0724948117742055,534.5868305855381,2.4035532407407407,2021-11-24 07:52:30+00:00,410.3083609559148,278.88931914189936,1.724867447537804,501.3323487864389
2021-11-20 08:07:30,350.1170017670948,18.80666031406306,-0.1028882432208556,576.4389925237715,2.4139699074074072,2021-11-24 08:07:30+00:00,410.3083609559148,278.752018829232,1.723575838068366,495.41497734319097
2021-11-20 08:22:30,350.42399536800184,18.71641710142331,-0.1335687589452449,561.760969477682,2.424386574074074,2021-11-24 08:22:30+00:00,414.70265215775476,278.6147185506071,1.7222841660245485,496.4368223132831
2021-11-20 08:37:30,350.7353900611158,18.626458560209745,-0.1645375521434694,556.4131852682947,2.4348032407407407,2021-11-24 08:37:30+00:00,419.30975418125564,278.4774183060075,1.720992431449604,498.22455415109835
2021-11-20 08:52:30,351.05123589507315,18.53679327896931,-0.1957957110927307,542.2314501760637,2.4452199074074072,2021-11-24 08:52:30+00:00,419.30975418125564,278.34011809545973,1.719700634386783,469.89426822481914
2021-11-20 09:07:30,351.3715831156168,18.44743002809186,-0.2273442125594095,528.3935870128375,2.455636574074074,2021-11-24 09:07:30+00:00,424.03558410696473,278.2028179189904,1.7184087748793389,467.30529718843576
2021-11-20 09:22:30,351.6964821390712,18.35837776259075,-0.2591839149645666,523.9860551900226,2.4660532407407407,2021-11-24 09:22:30+00:00,428.77657876754154,278.0655177765676,1.7171168529705612,470.72730645351686
2021-11-20 09:37:30,352.02598352422433,18.269645624811503,-0.2913155513025294,527.2046656321476,2.4764699074074072,2021-11-24 09:37:30+00:00,428.77657876754154,277.9282176682471,1.7158248687036914,468.0605241540133
2021-11-20 09:52:30,352.36013794213454,18.181242947160474,-0.3237397217732202,535.5185471721161,2.486886574074074,2021-11-24 09:52:30+00:00,433.4267187099796,277.79091759399705,1.7145328221220033,469.9684659617881
2021-11-20 10:07:30,352.6989961441421,18.09317925474126,-0.3564568861658558,543.5937533019166,2.4973032407407407,2021-11-24 10:07:30+00:00,433.4267187099796,277.65361755388744,1.713240713268768,455.444258950102
2021-11-20 10:22:30,353.04260892791694,18.00546426795595,-0.3894673559643784,537.7353560281629,2.5077199074074072,2021-11-24 10:22:30+00:00,437.88498022454775,277.5163175478865,1.711948542187262,454.1828974216287
2021-11-20 10:37:30,353.3910271012607,17.91810790507622,-0.4227712861687846,555.2265824567049,2.518136574074074,2021-11-24 10:37:30+00:00,442.06211841413085,277.3790175760062,1.7106563089207596,454.09015025041737
2021-11-20 10:52:30,353.7443014442568,17.831120284648826,-0.4563686668798052,545.5962429594496,2.5285532407407407,2021-11-24 10:52:30+00:00,442.06211841413085,277.24171763828735,1.709364013512521,454.8612767310597
2021-11-20 11:07:30,354.10248266847714,17.74451172795803,-0.4902593145552711,517.5990667849485,2.5389699074074072,2021-11-24 11:07:30+00:00,445.8858390715552,277.1044177347127,1.7080716560058464,451.4004822852903
2021-11-20 11:22:30,354.4656213745641,17.658292761284205,-0.5244428630362132,502.00199256825886,2.549386574074074,2021-11-24 11:22:30+00:00,449.3037881710365,276.96711786530847,1.70677923644401,456.7798182155445
2021-11-20 11:37:30,354.8337680071253,17.572474118122543,-0.5589187542782915,482.2978055795804,2.5598032407407407,2021-11-24 11:37:30+00:00,449.3037881710365,276.8298180300866,1.7054867548703003,458.6310517529216
2021-11-20 11:52:30,355.20697280722044,17.48706674128702,-0.5936862288114932,488.48778647816096,2.5702199074074072,2021-11-24 11:52:30+00:00,452.2842489692379,276.6925182290443,1.704194211328009,457.6659104205014
2021-11-20 12:07:30,355.58528576248744,17.402081784870663,-0.6287443159418705,464.991652754591,2.580636574074074,2021-11-24 12:07:30+00:00,454.81484770813364,276.5552184622222,1.7029016058604136,454.5260619551104
2021-11-20 12:22:30,355.9687565541396,17.317530616163562,-0.6640918236521623,480.6429519284277,2.5910532407407407,2021-11-24 12:22:30+00:00,454.81484770813364,276.4179187296031,1.7016089385108173,451.5223785674537
2021-11-20 12:37:30,356.35743450225925,17.23342481728395,-0.6997273283023809,446.65607337530423,2.6014699074074072,2021-11-24 12:37:30+00:00,456.89983164167865,276.28061903119874,1.700316209322508,447.7462437395659
2021-11-20 12:52:30,356.75136850731457,17.149776186800914,-0.7356491640173847,437.5730383973288,2.611886574074074,2021-11-24 12:52:30+00:00,458.5565682245807,276.14331936706435,1.6990234183387996,445.1864218141347
2021-11-20 13:07:30,357.1506069896943,17.066596741083927,-0.7718554118746692,461.8426992053995,2.6223032407407407,2021-11-24 13:07:30+00:00,458.5565682245807,276.0060197371533,1.697730565602986,442.425206031216
2021-11-20 13:22:30,357.55519782557076,16.983898715583233,-0.8083438888110506,415.3317544745118,2.6327199074074072,2021-11-24 13:22:30+00:00,459.8118523339896,275.868720141492,1.696437651158362,443.70246707475417
2021-11-20 13:37:30,357.96518828068764,16.901694565794564,-0.8451121363582834,424.7773500051105,2.643136574074074,2021-11-24 13:37:30+00:00,460.6984603703954,275.73142058013565,1.6951446750482273,452.18485836182
2021-11-20 13:52:30,358.38062494064167,16.81999696808493,-0.8821574091406559,420.87554831601926,2.6535532407407407,2021-11-24 13:52:30+00:00,460.6984603703954,275.59412105305216,1.6938516373159096,450.8760391898956
2021-11-20 14:07:30,358.80155363791613,16.738818820330895,-0.9194766631632232,460.9039757620726,2.6639699074074072,2021-11-24 14:07:30+00:00,461.25221750226973,275.4568215602531,1.692558538004706,460.0445186421814
2021-11-20 14:22:30,359.22801937628634,16.658173242237993,-0.9570665439588568,464.3049619351754,2.674386574074074,2021-11-24 14:22:30+00:00,461.25221750226973,275.3195221017648,1.691265377157937,457.1693563346318
2021-11-20 14:37:30,359.6600662518557,16.578073575462376,-0.9949233745574192,428.123177182855,2.6848032407407407,2021-11-24 14:37:30+00:00,461.50969090389174,275.1822226775986,1.6899721548189215,459.352889736863
2021-11-20 15:07:30,0.5410747644986479,16.419566450928894,-1.071421491717036,441.211730837485,2.705636574074074,2021-11-24 15:07:30+00:00,461.5065089384278,274.907623932279,1.687385525837394,464.6484882211092
2021-11-20 15:22:30,0.9901192998624184,16.34118678328442,-1.1100537018815058,479.9944351697273,2.7160532407407407,2021-11-24 15:22:30+00:00,461.27623722905463,274.770324611134,1.6860921192815346,460.9905397885364
2021-11-20 15:37:30,1.444910588685367,16.263408605340494,-1.148934684314514,493.6004451864218,2.7264699074074072,2021-11-24 15:37:30+00:00,460.8497103394384,274.6330253243573,1.6847986514067272,458.0133555926545
2021-11-20 15:52:30,1.9054868917134853,16.186246360031106,-1.1880589654055216,488.5321689996148,2.736886574074074,2021-11-24 15:52:30+00:00,460.8497103394384,274.49572607196035,1.6835051222562625,449.02109576567005
2021-11-20 16:07:30,2.3718850208297857,16.10971470656373,-1.2274206750703036,490.88251520774975,2.7473032407407407,2021-11-24 16:07:30+00:00,460.2547114302125,274.3584268539399,1.6822115318735138,450.3988128362085
2021-11-20 16:22:30,2.8441402371763953,16.033828518307757,-1.2670135343895137,477.84148444128186,2.7577199074074072,2021-11-24 16:22:30+00:00,459.51590127473736,274.2211276703222,1.680917880301771,460.8209449611788
2021-11-20 16:37:30,3.322286146451205,15.958602880220091,-1.3068308433811702,467.14421245394306,2.768136574074074,2021-11-24 16:37:30+00:00,459.51590127473736,274.0838285211185,1.6796241675844152,463.6258844105255
2021-11-20 16:52:30,3.806354591128657,15.884053085872942,-1.346865468910484,458.8000999040395,2.7785532407407407,2021-11-24 16:52:30+00:00,458.65491427122555,273.9465294063548,1.67833039376475,460.2379627421364
2021-11-20 17:07:30,4.2963755394471015,15.810194634046372,-1.3871098327968163,455.1585976627713,2.7889699074074072,2021-11-24 17:07:30+00:00,457.690557181997,273.8092303259986,1.6770365588861456,458.6162122055277
2021-11-20 17:22:30,4.792376971414876,15.73704322486622,-1.4275559001636422,458.1481957108,2.799386574074074,2021-11-24 17:22:30+00:00,457.690557181997,273.67193128009075,1.6757426629919083,454.1378487956117
2021-11-20 17:37:30,5.294384762101774,15.664614755452323,-1.468195168106538,453.3615347613253,2.8098032407407407,2021-11-24 17:37:30+00:00,456.6390631909318,273.53463226865705,1.674448706125408,451.3448339825635
2021-11-20 17:52:30,5.802422561625992,15.592925315113984,-1.5090186546944473,458.8720829422428,2.8202199074074072,2021-11-24 17:52:30+00:00,455.5143680857465,273.39733329166495,1.6731546883300048,446.7588430860551
2021-11-20 18:07:30,6.316511673491455,15.521991179939146,-1.5500168884522438,453.0918364778819,2.830636574074074,2021-11-24 18:07:30+00:00,455.5143680857465,273.2600343491697,1.6718606096490378,453.7218114847497
2021-11-20 18:22:30,6.836670929527623,15.451828806942618,-1.591179898283794,432.93207978209296,2.8410532407407407,2021-11-24 18:22:30+00:00,454.32838656986354,273.12273544115317,1.6705664701258462,441.2353923205342
2021-11-20 18:37:30,7.362916562674487,15.38245482763304,-1.6324972039701475,412.84493764116667,2.8514699074074072,2021-11-24 18:37:30+00:00,454.32838656986354,272.98543656765605,1.6692722698037987,451.2282375387551
2021-11-20 18:52:30,7.895262077992578,15.313886040986322,-1.6739578073151928,386.10504687299346,2.861886574074074,2021-11-24 18:52:30+00:00,453.09127508066376,272.8481377286457,1.6679780087262528,440.34670578910976
2021-11-20 19:07:30,8.43371812197254,15.24613940581666,-1.715550184012263,393.7090272405228,2.8723032407407407,2021-11-24 19:07:30+00:00,451.8116734766094,272.71083892417715,1.666683686936579,434.9073853247476
2021-11-20 19:22:30,8.978292349248559,15.179232032620416,-1.7572622762476504,413.58012991084126,2.8827199074074072,2021-11-24 19:22:30+00:00,451.8116734766094,272.57354015423255,1.6653893044781192,434.038211834539
2021-11-20 19:37:30,9.52898928918514,15.113181174699829,-1.799081486235686,372.8168159052967,2.893136574074074,2021-11-24 19:37:30+00:00,450.4969220570546,272.436241418852,1.6640948613942697,438.219784296579
2021-11-20 19:52:30,10.085810210473708,15.04800421872684,-1.8409946706571567,393.8796065067123,2.9035532407407407,2021-11-24 19:52:30+00:00,449.15325306325764,272.2989427180032,1.662800357728376,442.68652883010145
2021-11-20 20:07:30,10.648752985781275,14.983718674586472,-1.8829881361813563,369.5847245409015,2.9139699074074072,2021-11-24 20:07:30+00:00,449.15325306325764,272.1616440517409,1.6615057935238042,444.8553857568883
2021-11-20 20:22:30,11.217811955276732,14.920342164640733,-1.925047636058189,362.146546327212,2.924386574074074,2021-11-24 20:22:30+00:00,447.7859574703899,272.0243454200472,1.6602111688239458,441.7881654609535
2021-11-20 20:37:30,11.79297779083408,14.857892412244526,-1.9671583679708016,348.88068039909035,2.9348032407407407,2021-11-24 20:37:30+00:00,446.39952882803726,271.88704682294764,1.6589164836721786,438.38619922092374
2021-11-20 20:52:30,12.37423736038916,14.796387229618182,-2.0093049731660413,322.5415374831067,2.9452199074074072,2021-11-24 20:52:30+00:00,446.39952882803726,271.7497482604535,1.657621738111856,430.9961046188091
2021-11-20 21:07:30,12.961573593201368,14.73584450502275,-2.0514715369786405,309.4692704895757,2.955636574074074,2021-11-24 21:07:30+00:00,444.99778637400544,271.6124497325758,1.6563269321863925,438.82661578821853
2021-11-20 21:22:30,13.554965344078322,14.676282188964285,-2.0936415907291335,334.04701740254507,2.9660532407407407,2021-11-24 21:22:30+00:00,443.58397980242154,271.47515123931106,1.6550320659391382,432.6496541855474
2021-11-20 21:37:30,14.154387253537315,14.617718279023949,-2.135798114937831,339.43874711821286,2.9764699074074072,2021-11-24 21:37:30+00:00,443.58397980242154,271.3378527806846,1.6537371394135008,442.35847624829256
2021-11-20 21:52:30,14.75980965868837,14.560170809345449,-2.1779235462953426,334.27084356280074,2.986886574074074,2021-11-24 21:52:30+00:00,442.16087803132854,271.2005543567079,1.652442152652864,442.50735352571746
2021-11-20 22:07:30,15.371198421817788,14.503657830217518,-2.2199997826237743,347.9878228419916,2.9973032407407407,2021-11-24 22:07:30+00:00,440.73084416869847,271.06325596739185,1.6511471057006226,449.39714338712673
2021-11-20 22:22:30,15.98851482394856,14.448197393415828,-2.2620081923782833,357.38917088534873,3.0077199074074072,2021-11-24 22:22:30+00:00,440.73084416869847,270.9259576127327,1.6498519986001747,443.74221586241623
2021-11-20 22:37:30,16.611715446049523,14.393807535243887,-2.3039296253062163,346.3262143412992,3.018136574074074,2021-11-24 22:37:30+00:00,439.29589867317196,270.78865929275617,1.6485568313948875,451.2038582823224
2021-11-20 22:52:30,17.24075205523062,14.340506258892878,-2.345744425080854,294.5687689599397,3.0285532407407407,2021-11-24 22:52:30+00:00,439.29589867317196,270.6513610074731,1.6472616041282029,445.5060428349243
2021-11-20 23:07:30,17.875571496068453,14.28831151615537,-2.3874324439592924,226.81989362115155,3.0389699074074072,2021-11-24 23:07:30+00:00,437.85777248164004,270.5140627568945,1.6459663168434688,442.8491930996104
2021-11-20 23:22:30,18.516115588248063,14.237241188486172,-2.428973059541774,267.9563214956185,3.049386574074074,2021-11-24 23:22:30+00:00,436.41795165140553,270.3767645410167,1.644670969584121,426.7111853088481
2021-11-20 23:37:30,19.162321030469993,14.187313067478824,-2.470345193651695,246.11173661528903,3.0598032407407407,2021-11-24 23:37:30+00:00,436.41795165140553,270.2394663598651,1.6433755623935935,420.9211119060869
2021-11-20 23:52:30,19.814119311931066,14.138544834734253,-2.5115273334145685,250.0821732719253,3.0702199074074072,2021-11-24 23:52:30+00:00,434.9777148524655,270.1021682134361,1.6420800953152437,432.85369796221215
2021-11-21 00:07:30,20.471436632002575,14.090954041166835,-2.5524975545550967,229.4017915722053,3.080636574074074,2021-11-25 00:07:30+00:00,433.5381648518926,269.96487010176963,1.6407845683925018,445.3016932983544
2021-11-21 00:22:30,21.13419382770862,14.04455808584004,-2.5932335468917533,226.5933418442502,3.0910532407407407,2021-11-25 00:22:30+00:00,433.5381648518926,269.82757202484737,1.6394889816687774,453.52439250602856
2021-11-21 00:37:30,21.80230631188505,13.999374194227762,-2.6337126421555417,226.5353258667358,3.1014699074074072,2021-11-25 00:37:30+00:00,432.1002549600091,269.6902739826949,1.638193335187483,438.46887669926065
2021-11-21 00:52:30,22.475684020203783,13.955419396116952,-2.673911843979413,250.70797007357945,3.111886574074074,2021-11-25 00:52:30+00:00,430.66481125738244,269.5529759753228,1.6368976289920694,439.717711337077
2021-11-21 01:07:30,23.15423136934332,13.91271050306949,-2.7138078601665945,287.29435791043323,3.1223032407407407,2021-11-25 01:07:30+00:00,430.66481125738244,269.4156780027274,1.6356018631259066,442.618650131171
2021-11-21 01:22:30,23.83784722632597,13.871264085553092,-2.7533771371390388,315.0670220347753,3.1327199074074072,2021-11-25 01:22:30+00:00,429.2325512916046,269.2783800649339,1.6343060376324705,445.2513448339825
2021-11-21 01:37:30,24.52642489015935,13.831096449751216,-2.792595896580014,321.08854563430964,3.143136574074074,2021-11-25 01:37:30+00:00,427.8040998216263,269.14108216195325,1.6330101525551373,447.16856135887855
2021-11-21 01:52:30,25.219852085409435,13.792223614171274,-2.831440174143718,340.2876184717311,3.1535532407407407,2021-11-25 01:52:30+00:00,427.8040998216263,269.0037842937961,1.6317142079373552,448.1857226431517
2021-11-21 02:07:30,25.9180109693087,13.754661286051656,-2.86988586021929,338.08784621542725,3.1639699074074072,2021-11-25 02:07:30+00:00,426.38000209306153,268.86648646045836,1.6304182038225594,447.6891685572821
2021-11-21 02:22:30,26.620778152060833,13.718424837672536,-2.907908742620915,304.5716971651782,3.174386574074074,2021-11-25 02:22:30+00:00,426.38000209306153,268.72918866196557,1.6291221402541716,451.84424182754736
2021-11-21 02:37:30,27.32802473179416,13.683529282599183,-2.945484551135704,327.8746130281861,3.1848032407407407,2021-11-25 02:37:30+00:00,424.9607350482661,268.5918908983283,1.6278260172756462,452.8844370246708
2021-11-21 02:52:30,28.03961634306035,13.649989251991776,-2.982589003743223,325.28194239590255,3.1952199074074072,2021-11-25 02:52:30+00:00,423.5467168081152,268.45459316954265,1.6265298349304178,453.25012587116095
2021-11-21 03:07:30,28.75541322090184,13.617818970981842,-3.019197854441733,313.38668360898396,3.205636574074074,2021-11-25 03:07:30+00:00,423.5467168081152,268.3172954756337,1.625233593261912,452.5041736227045
2021-11-21 03:22:30,29.47527027979096,13.5870322352391,-3.055286942480678,324.5547860295211,3.2160532407407407,2021-11-25 03:22:30+00:00,422.138314706412,268.17999781661223,1.623937292313571,455.0202718817077
2021-11-21 03:37:30,30.199037208275136,13.557642387781412,-3.0908322428524357,329.87157822439985,3.2264699074074072,2021-11-25 03:37:30+00:00,420.7358521110931,268.0427001924887,1.6226409321288489,456.0091735383889
2021-11-21 03:52:30,30.92655857829845,13.5296622961456,-3.125809917821367,356.0697382234996,3.236886574074074,2021-11-25 03:52:30+00:00,420.7358521110931,267.9054026032591,1.6213445127511974,455.05472083101466
2021-11-21 04:07:30,31.657673971119745,13.50310432994674,-3.160196369340932,319.5383892247597,3.2473032407407407,2021-11-25 04:07:30+00:00,419.33961422742027,267.7681050489487,1.6200480342240542,452.6711185308848
2021-11-21 04:22:30,32.39221811802635,13.477980338956442,-3.1939682921042243,289.853963725951,3.2577199074074072,2021-11-25 04:22:30+00:00,417.9498530458981,267.6308075295678,1.6187514965908822,452.0603121604791
2021-11-21 04:37:30,33.13002105730723,13.454301631743554,-3.227102727036756,294.196915018044,3.268136574074074,2021-11-25 04:37:30+00:00,417.9498530458981,267.4935100451271,1.617454899895135,453.4794457999801
2021-11-21 04:52:30,33.87090830602902,13.43207895499361,-3.259577114966585,306.42974458104936,3.2785532407407407,2021-11-25 04:52:30+00:00,416.56679157066964,267.35621259562237,1.616158244180257,461.52990026111894
2021-11-21 05:07:30,34.61470104725834,13.411322473561716,-3.291369350246887,309.01988751479007,3.2889699074074072,2021-11-25 05:07:30+00:00,415.1906274417095,267.2189151810787,1.6148615294897322,459.7185785833532
2021-11-21 05:22:30,35.36121633206996,13.392041751353512,-3.322457834074392,357.41899930304555,3.299386574074074,2021-11-25 05:22:30+00:00,415.1906274417095,267.0816178014921,1.6135647558670012,458.21739936931925
2021-11-21 05:37:30,36.11026729559453,13.374245733115162,-3.352821527236549,377.6090231686958,3.3098032407407407,2021-11-25 05:37:30+00:00,413.82153604549234,266.94432045690195,1.6122679233555453,455.8231973924796
2021-11-21 05:52:30,36.86166338726641,13.357942727193116,-3.382440002046068,391.7248747913188,3.3202199074074072,2021-11-25 05:52:30+00:00,412.45967319331953,266.8070231472895,1.6109710319988133,453.3296234464849
2021-11-21 06:07:30,37.61521061406564,13.343140389356256,-3.411293493180094,388.05496139399,3.330636574074074,2021-11-25 06:07:30+00:00,412.45967319331953,266.66972587267986,1.609674081840281,457.06335956753327
2021-11-21 06:22:30,38.37071179664237,13.329845707726378,-3.439362947189251,377.81328255425706,3.3410532407407407,2021-11-25 06:22:30+00:00,411.10517743360913,266.5324286330688,1.608377072923437,456.91893897236133
2021-11-21 06:37:30,39.12796683678819,13.318064988916117,-3.4666300703783555,437.45482977959045,3.3514699074074072,2021-11-25 06:37:30+00:00,411.10517743360913,266.39513142848114,1.6070800052917424,459.4933354532686
2021-11-21 06:52:30,39.88677299595472,13.307803845405942,-3.493077374836277,464.71202003338897,3.361886574074074,2021-11-25 06:52:30+00:00,409.758172053742,266.2578342589273,1.6057828789886597,462.047857540345
2021-11-21 07:07:30,40.6469251835782,13.29906718423412,-3.518688222358596,431.8557042074733,3.3723032407407407,2021-11-25 07:07:30+00:00,408.41876681814546,266.1205371244174,1.6044856940576957,447.38320481225327
2021-11-21 07:22:30,41.40821625498841,13.291859197036825,-3.543446866036534,425.9763621941141,3.3827199074074072,2021-11-25 07:22:30+00:00,408.41876681814546,265.98324002494746,1.6031884505423093,449.9297771417971
2021-11-21 07:37:30,42.17043731641723,13.286183351504478,-3.56733848926302,432.4794197225261,3.393136574074074,2021-11-25 07:37:30+00:00,407.0870594818727,265.84594296054206,1.6018911484859968,447.0339454646633
2021-11-21 07:52:30,42.93337803737008,13.282042384273634,-3.590349241970941,444.934276613771,3.4035532407407407,2021-11-25 07:52:30+00:00,405.76313711274975,265.70864593121144,1.600593787932255,448.050454461139
2021-11-21 08:07:30,43.69682696820455,13.279438295300212,-3.6124662738870055,454.2581451265736,3.4139699074074072,2021-11-25 08:07:30+00:00,405.76313711274975,265.5713489369515,1.59929636892455,450.9552958634761
2021-11-21 08:22:30,44.46057186233936,13.27837234373486,-3.633677764644169,433.1859766277128,3.424386574074074,2021-11-25 08:22:30+00:00,404.4470772500014,265.43405197778674,1.5979988915063876,454.1537483106765
2021-11-21 08:37:30,45.22440000159829,13.278845045319992,-3.6539729505776704,415.7165678429567,3.4348032407407407,2021-11-25 08:37:30+00:00,403.1389489229567,265.29675505372745,1.5967013557212617,453.1222070454124
2021-11-21 08:52:30,45.988098523343545,13.280856171324482,-3.673342148077318,383.70827607243245,3.4452199074074072,2021-11-25 08:52:30+00:00,403.1389489229567,265.15945816478387,1.595403761612655,448.8724593899886
2021-11-21 09:07:30,46.751454748239254,13.2844047490157,-3.691776773374339,354.3109065270597,3.455636574074074,2021-11-25 09:07:30+00:00,401.83881354982924,265.02216131095133,1.5941061092240874,445.5574104989798
2021-11-21 09:22:30,47.51425650744138,13.28948906366992,-3.7092693586769863,350.6037949111035,3.4660532407407407,2021-11-25 09:22:30+00:00,400.5467257335527,264.88486449225485,1.5928083985990231,440.2575721440496
2021-11-21 09:37:30,48.27629246759471,13.296106662114816,-3.725813564580281,358.6949122323614,3.4764699074074072,2021-11-25 09:37:30+00:00,400.5467257335527,264.7475677086898,1.5915106297810129,443.1324935498558
2021-11-21 09:52:30,49.03735245289835,13.304254357777598,-3.741404188710056,354.75758708045237,3.486886574074074,2021-11-25 09:52:30+00:00,399.26273396911836,264.6102709602953,1.5902128028135358,440.0528658875905
2021-11-21 10:07:30,49.79722776210623,13.313928237223706,-3.756037170574688,368.1115737643154,3.4973032407407407,2021-11-25 10:07:30+00:00,397.98688127474304,264.47297424703777,1.5889149177401003,440.48546519331165
2021-11-21 10:22:30,50.55571148080291,13.325123668156436,-3.7697095926500706,384.11040988917193,3.5077199074074072,2021-11-25 10:22:30+00:00,397.98688127474304,264.33567756898555,1.5876169746042397,436.82231328308126
2021-11-21 10:37:30,51.3125987859628,13.33783530883308,-3.7824196776963217,380.3923205342237,3.518136574074074,2021-11-25 10:37:30+00:00,396.7192057574057,264.19838092609035,1.5863189734494252,437.0087712324774
2021-11-21 10:52:30,52.06768724279417,13.352057118858536,-3.7941667823827743,391.0748683703609,3.5285532407407407,2021-11-25 10:52:30+00:00,396.7192057574057,264.0610843183912,1.5850209143192264,438.2118345390465
2021-11-21 11:07:30,52.82077709278776,13.36778237130837,-3.804951387290357,389.11804226556455,3.5389699074074072,2021-11-25 11:07:30+00:00,395.459741121791,263.9237877458839,1.583722797257111,452.6300447836341
2021-11-21 11:22:30,53.57167153118429,13.385003666123676,-3.814775083386652,377.13146506313115,3.549386574074074,2021-11-25 11:22:30+00:00,394.2085171304108,263.7864912086071,1.5824246223066225,448.8592097941012
2021-11-21 11:37:30,54.320176974282845,13.403712944724196,-3.823640555100137,373.49613189738886,3.5598032407407407,2021-11-25 11:37:30+00:00,394.2085171304108,263.6491947065561,1.5811263895112817,447.1632615205237
2021-11-21 11:52:30,55.066103314017546,13.423901505761975,-3.831551560119262,359.46779986846764,3.5702199074074072,2021-11-25 11:52:30+00:00,392.9655600216012,263.5118982397122,1.5798280989145994,445.70295221380366
2021-11-21 12:07:30,55.80926416026003,13.44556002195392,-3.838512906083756,357.3661985662378,3.580636574074074,2021-11-25 12:07:30+00:00,391.7308928911912,263.3746018081285,1.578529750560138,440.0217293372552
2021-11-21 12:22:30,56.54947707055082,13.468678557944708,-3.844530424341608,368.3956691952475,3.5910532407407407,2021-11-25 12:22:30+00:00,391.7308928911912,263.237305411786,1.577231344491391,439.96475607493966
2021-11-21 12:37:30,57.2865637646284,13.493246589069676,-3.8496109409419335,378.9531653724396,3.6014699074074072,2021-11-25 12:37:30+00:00,390.5045360428649,263.1000090506943,1.5759328807519173,437.6818507035536
2021-11-21 12:52:30,58.02035032561293,13.519253020997816,-3.853762245081779,466.0130520564577,3.611886574074074,2021-11-25 12:52:30+00:00,389.2865073115945,262.96271272489264,1.5746343593852374,443.5567215199937
2021-11-21 13:07:30,58.75066738595942,13.546686210143402,-3.856993055203162,470.55936601162585,3.6223032407407407,2021-11-25 13:07:30+00:00,389.2865073115945,262.82541643437605,1.5733357804348738,437.4226404276488
2021-11-21 13:22:30,59.47735029798904,13.575533984762815,-3.859312982960736,466.4406664168172,3.6327199074074072,2021-11-25 13:22:30+00:00,388.0768223639578,262.68812017913984,1.5720371439444063,439.507645016827
2021-11-21 13:37:30,60.20023928949766,13.605783666676087,-3.860732495285379,451.65456120922977,3.643136574074074,2021-11-25 13:37:30+00:00,386.8754949786865,262.55082395919374,1.570738449957357,438.97404765518286
2021-11-21 13:52:30,60.91917959827908,13.637422090786048,-3.861262875604078,431.22939527043457,3.6535532407407407,2021-11-25 13:52:30+00:00,386.8754949786865,262.41352777457655,1.569439698517247,438.6225720115537
2021-11-21 14:07:30,61.63402160300801,13.670435630808402,-3.860916181836192,400.8311587273287,3.6639699074074072,2021-11-25 14:07:30+00:00,385.68253731038305,262.2762316252544,1.5681408896676547,439.97571710426473
2021-11-21 14:22:30,62.34462094350712,13.704810229482227,-3.85970520193268,326.24860203899703,3.674386574074074,2021-11-25 14:22:30+00:00,384.49796013899555,262.1389355112807,1.5668420234521077,441.22744256300183
2021-11-21 14:37:30,63.05083859088191,13.740531409426437,-3.857643414433965,292.3902296708106,3.6848032407407407,2021-11-25 14:37:30+00:00,384.49796013899555,262.0016394326358,1.5655430999141833,442.672973474309
2021-11-21 14:52:30,63.75254093442325,13.777584301719768,-3.8547449428855023,352.190868275605,3.6952199074074072,2021-11-25 14:52:30+00:00,383.3217731073423,261.8643433893441,1.5642441190974086,441.5560325410074
2021-11-21 15:07:30,64.44959984390684,13.815953669575784,-3.851024511257513,369.7405060213624,3.705636574074074,2021-11-25 15:07:30+00:00,383.3217731073423,261.7270473814151,1.562945081045355,441.92172138749766
2021-11-21 15:22:30,65.14189271813378,13.855623932117004,-3.846497399030037,328.09245182099613,3.7160532407407407,2021-11-25 15:22:30+00:00,382.1539849487185,261.5897514088439,1.561645985801579,436.2170569182255
2021-11-21 15:37:30,65.82930251684465,13.89657918804925,-3.8411793961627274,220.46258326985105,3.7264699074074072,2021-11-25 15:37:30+00:00,380.9946037063912,261.45245547165473,1.5603468334096398,431.8281792405332
2021-11-21 15:52:30,66.51171778060694,13.938803239330856,-3.835086758130815,228.1005559427525,3.736886574074074,2021-11-25 15:52:30+00:00,380.9946037063912,261.31515956985703,1.559047623913098,431.9884993507698
2021-11-21 16:07:30,67.18903263608455,13.982279614643446,-3.8282361612278137,297.0037441042514,3.7473032407407407,2021-11-25 16:07:30+00:00,379.8436369465951,261.1778637034457,1.5577483573555226,431.2213477488936
2021-11-21 16:22:30,67.86114678847034,14.026991592666729,-3.820644658305711,305.66283611844983,3.7577199074074072,2021-11-25 16:22:30+00:00,378.70109196646723,261.0405678724451,1.5564490337804875,423.4633480042495
2021-11-21 16:37:30,68.52796550136192,14.072922225065216,-3.812329635122115,284.44514962954787,3.768136574074074,2021-11-25 16:37:30+00:00,378.70109196646723,260.9032720768645,1.555149653231554,420.9423112595066
2021-11-21 16:52:30,69.18939956512783,14.120054359178033,-3.8033087674417376,295.7293163023644,3.7785532407407407,2021-11-25 16:52:30+00:00,377.5669759982093,260.76597631669875,1.5538502157522978,419.045210030185
2021-11-21 17:07:30,69.84536525322979,14.168370660286428,-3.79359997904396,255.3555536789591,3.7889699074074072,2021-11-25 17:07:30+00:00,376.4412964106272,260.6286805919866,1.5525507213862897,416.2413546386835
2021-11-21 17:22:30,70.49578426872553,14.21785363349644,-3.7832214007534586,250.3043334221108,3.799386574074074,2021-11-25 17:22:30+00:00,376.4412964106272,260.4913849027084,1.5512511701771154,413.0077907623818
2021-11-21 17:37:30,71.14058367992594,14.268485645106718,-3.772191330622896,265.6326435532088,3.8098032407407407,2021-11-25 17:37:30+00:00,375.32406090907864,260.35408924887327,1.549951562168356,417.2774730370723
2021-11-21 17:52:30,71.77969584778457,14.32024894353008,-3.7605281953504974,263.9262584203244,3.8202199074074072,2021-11-25 17:52:30+00:00,374.21527773474696,260.2167936305054,1.5486518974036037,417.8909293266556
2021-11-21 18:07:30,72.41305834388012,14.373125679625604,-3.7482505130448818,233.3501572388089,3.830636574074074,2021-11-25 18:07:30+00:00,374.21527773474696,260.0794980476141,1.547352175926414,420.796565704746
2021-11-21 18:22:30,73.04061386021311,14.42709792643743,-3.735376857408895,229.92406280246587,3.8410532407407407,2021-11-25 18:22:30+00:00,373.1149558640577,259.94220250019407,1.5460523977803848,423.0834459548984
2021-11-21 18:37:30,73.66231011277375,14.482147698399247,-3.721925823388968,242.37294715999536,3.8514699074074072,2021-11-25 18:37:30+00:00,372.0231052089594,259.80490698826924,1.5447525630091257,418.1320719718048
2021-11-21 18:52:30,74.27809973742218,14.538256969849376,-3.707915994373146,222.90847911239877,3.861886574074074,2021-11-25 18:52:30+00:00,372.0231052089594,259.66761151183437,1.5434526716562114,421.2675888385404
2021-11-21 19:07:30,74.88794018056342,14.595407692936146,-3.693365910956116,221.21753309779865,3.8723032407407407,2021-11-25 19:07:30+00:00,370.93973681869943,259.5303160709279,1.5421527237652275,417.779632721202
2021-11-21 19:22:30,75.49179358390873,14.653581814833842,-3.678294041319464,206.6050421259817,3.8827199074074072,2021-11-25 19:22:30+00:00,370.93973681869943,259.3930206655297,1.5408527193797918,417.8419058218724
2021-11-21 19:37:30,76.08962666525039,14.71276129431625,-3.662718753231102,185.86791940055133,3.893136574074074,2021-11-25 19:37:30+00:00,369.86486308364096,259.2557252956492,1.5395526585434878,416.69449081803
2021-11-21 19:52:30,76.68141059462326,14.772928117615692,-3.646658287692655,156.2136634988275,3.9035532407407407,2021-11-25 19:52:30+00:00,368.79849794158173,259.11842996131014,1.5382525412999362,407.7536635132629
2021-11-21 20:07:30,77.2671208672992,14.834064313604609,-3.630130734224828,157.78623286873471,3.9139699074074072,2021-11-25 20:07:30+00:00,368.79849794158173,258.98113466253636,1.5369523676926986,405.7132257466148
2021-11-21 20:22:30,77.84673717377783,14.896151968278357,-3.6131540077891655,165.33392229591473,3.924386574074074,2021-11-25 20:22:30+00:00,367.7406570869526,258.8438393993076,1.53565213776544,411.6702440575562
2021-11-21 20:37:30,78.42024326768097,14.959173238551443,-3.5957458273309024,165.25955958343272,3.9348032407407407,2021-11-25 20:37:30+00:00,366.69135818319273,258.70654417163325,1.5343518515617216,408.1803005008348
2021-11-21 20:52:30,78.98762683116347,15.02311036530967,-3.57792369593425,170.32278180885132,3.9452199074074072,2021-11-25 20:52:30+00:00,366.69135818319273,258.56924897953684,1.5330515091251775,409.3289385442975
2021-11-21 21:07:30,79.54887934036888,15.0879456858872,-3.559704882521679,161.5871413596304,3.955636574074074,2021-11-25 21:07:30+00:00,365.65062107851213,258.43195382301303,1.5317511104994148,403.4978933142539
2021-11-21 21:22:30,80.10399592835964,15.153661645704954,-3.541106405136429,126.01937080607756,3.9660532407407407,2021-11-25 21:22:30+00:00,364.6184680251679,258.29465870209975,1.5304506557280495,398.1450565757744
2021-11-21 21:37:30,80.6529752487476,15.220240809342622,-3.5221450156979146,104.72881158520012,3.9764699074074072,2021-11-25 21:37:30+00:00,364.6184680251679,258.1573636167626,1.5291501448546998,395.0155020271882
2021-11-21 21:52:30,81.195819339408,15.287665870933852,-3.502837186221269,104.4737337845826,3.986886574074074,2021-11-25 21:52:30+00:00,363.59492390229116,258.02006856705435,1.527849577922975,390.1890355980506
2021-11-21 22:07:30,81.73253348579792,15.35591966385352,-3.4831990964677324,103.1874830143262,3.9973032407407407,2021-11-25 22:07:30+00:00,362.58001644221025,257.8827735529545,1.5265489549765283,392.2463364867371
2021-11-21 22:22:30,82.26312608533263,15.424985169766869,-3.4632466229592196,102.4041365960128,4.007719907407408,2021-11-25 22:22:30+00:00,362.58001644221025,257.7454785744869,1.5252482760589627,386.99499165275455
2021-11-21 22:37:30,82.78760851375544,15.494845527159084,-3.442995329277564,108.98784796366036,4.018136574074074,2021-11-25 22:37:30+00:00,361.5737764601154,257.60818363164583,1.5239475412138928,384.76296472957574
2021-11-21 22:52:30,83.30599499138476,15.56548403909544,-3.422460457670013,105.78330940672846,4.028553240740741,2021-11-25 22:52:30+00:00,360.5762380868128,257.4708887244547,1.522646750484968,383.7135967352995
2021-11-21 23:07:30,83.81830245198294,15.6368841804797,-3.401656921831546,104.220211981209,4.038969907407408,2021-11-25 23:07:30+00:00,360.5762380868128,257.33359385292255,1.5213459039158224,384.9511089911757
2021-11-21 23:22:30,84.32455041344811,15.709029604729295,-3.3805993008397275,109.4431055650468,4.049386574074074,2021-11-25 23:22:30+00:00,359.5874390042021,257.1962990170436,1.5200450015500848,382.8802990739552
2021-11-21 23:37:30,84.82476085036129,15.781904149857894,-3.359301834189006,108.50642543774508,4.059803240740741,2021-11-25 23:37:30+00:00,359.5874390042021,257.0590042168413,1.5187440434313857,381.32999443516974
2021-11-21 23:52:30,85.31895806938115,15.85549184406704,-3.3377784178450627,110.00824980674663,4.070219907407408,2021-11-25 23:52:30+00:00,358.6074206829995,256.9217094523243,1.5174430296033712,381.7254948724064
2021-11-22 00:07:30,85.8071685861436,15.929776910699458,-3.316042601304953,107.74377529345276,4.080636574074074,2021-11-26 00:07:30+00:00,357.63622862210434,256.78441472348715,1.516141960109682,378.63105175292145
2021-11-22 00:22:30,86.28942100610429,16.004743772781453,-3.294107585540853,106.1613714166932,4.091053240740741,2021-11-26 00:22:30+00:00,357.63622862210434,256.64712003035294,1.5148408349939626,377.84137583803687
2021-11-22 00:37:30,86.76574590739713,16.08037705718822,-3.2719862218269165,113.20029506541913,4.101469907407408,2021-11-26 00:37:30+00:00,356.6739125888763,256.509825372916,1.5135396542998454,374.75421999629015
2021-11-22 00:52:30,87.23617572676028,16.156661598157132,-3.2496910113728523,176.0638677952229,4.111886574074074,2021-11-26 00:52:30+00:00,355.72052685944976,256.37253075121413,1.5122384180710051,373.6704030527069
2021-11-22 01:07:30,87.70074464860402,16.23358244042008,-3.227234105705371,164.39026284116937,4.122303240740741,2021-11-26 01:07:30+00:00,355.72052685944976,256.23523616521237,1.5109371263510742,373.7247263958449
2021-11-22 01:22:30,88.15948849693977,16.311124841900693,-3.204627307756282,154.60007925011206,4.132719907407408,2021-11-26 01:22:30+00:00,354.7761304580645,256.09794161496285,1.5096357791837196,377.3723401436257
2021-11-22 01:37:30,88.61244463087179,16.389274276048624,-3.181882073584138,159.39356291493573,4.143136574074074,2021-11-26 01:37:30+00:00,353.840787394232,255.96064710044564,1.5083343766125668,374.9768132071972
2021-11-22 01:52:30,89.05965184311992,16.46801643376749,-3.1590095146992017,157.0360458091631,4.153553240740741,2021-11-26 01:52:30+00:00,353.840787394232,255.82335262166887,1.507032918681318,371.07715137765217
2021-11-22 02:07:30,89.5011502613812,16.54733722492421,-3.1360204009518795,164.93380440268666,4.163969907407408,2021-11-26 02:07:30+00:00,352.9145668963883,255.6860581786705,1.5057314054336033,370.22673116162264
2021-11-22 02:22:30,89.93698125370875,16.627222779600103,-3.112925163897897,160.85174382726075,4.174386574074074,2021-11-26 02:22:30+00:00,351.9975436405039,255.5487637714299,1.5044298369130862,369.0069529802418
2021-11-22 02:37:30,90.36718733655664,16.707659448950924,-3.089733900635939,183.0453857203867,4.184803240740741,2021-11-26 02:37:30+00:00,351.9975436405039,255.41146939997023,1.503128213163441,367.6484617219174
2021-11-22 02:52:30,90.79181208644428,16.788633805786098,-3.0664563780520178,162.9720091202588,4.195219907407408,2021-11-26 02:52:30+00:00,351.08979797193456,255.2741750642709,1.5018265342283377,364.66332776850305
2021-11-22 03:07:30,91.21090005455252,16.87013264480978,-3.0431020374483295,105.07434872073613,4.205636574074074,2021-11-26 03:07:30+00:00,350.1914161185925,255.13688076438416,1.5005248001514342,366.8685905079895
2021-11-22 03:22:30,91.62449668497372,16.952142982653598,-3.0196799994861503,107.45535685286112,4.216053240740741,2021-11-26 03:22:30+00:00,350.1914161185925,254.99958650030385,1.499223010976425,368.7357717407801
2021-11-22 03:37:30,92.03264823571664,17.034652057587593,-2.996199069442795,109.96927434180182,4.226469907407408,2021-11-26 03:37:30+00:00,349.3024903933113,254.86229227202392,1.4979211667469374,359.27736704030525
2021-11-22 03:52:30,92.43540170343536,17.11764732905181,-2.9726677427121135,117.72928941231496,4.236886574074074,2021-11-26 03:52:30+00:00,349.3024903933113,254.72499807955273,1.4966192675066985,355.4043063225033
2021-11-22 04:07:30,92.83280475053532,17.20111647687037,-2.949094210557618,116.44601467562217,4.247303240740741,2021-11-26 04:07:30+00:00,348.423119383054,254.58770392291345,1.4953173132993696,353.774809868299
2021-11-22 04:22:30,93.2249056359938,17.28504740033799,-2.9254863660383963,116.32227512780705,4.257719907407408,2021-11-26 04:22:30+00:00,347.55340812238614,254.45040980211417,1.4940153041686242,353.3667223149694
2021-11-22 04:37:30,93.61175314873336,17.36942821704267,-2.9018518101215527,113.14594090926738,4.268136574074074,2021-11-26 04:37:30+00:00,347.55340812238614,254.3131157171634,1.4927132401581582,355.28261388027664
2021-11-22 04:52:30,93.99339654460503,17.454247261609126,-2.878197857904517,114.12016135842488,4.278553240740741,2021-11-26 04:52:30+00:00,346.6934682483992,254.17582166806943,1.4914111213116428,355.5091819699499
2021-11-22 05:07:30,94.36988548521416,17.539493084094914,-2.854531545000407,117.71169002601236,4.288969907407408,2021-11-26 05:07:30+00:00,345.84341813402017,254.0385276548117,1.490108947672777,355.207396943624
2021-11-22 05:22:30,94.74126998072798,17.62515444844002,-2.830859633956077,121.78663531307043,4.299386574074074,2021-11-26 05:22:30+00:00,345.84341813402017,253.90123367742729,1.488806719285253,356.2339348649866
2021-11-22 05:37:30,95.10760033433618,17.71122033057382,-2.807188620791154,122.141553752378,4.309803240740741,2021-11-26 05:37:30+00:00,345.00338299640197,253.76393973592457,1.4875044361927574,357.1693563346318
2021-11-22 05:52:30,95.46892709040615,17.797679916545253,-2.78352474154173,124.32393808097802,4.320219907407408,2021-11-26 05:52:30+00:00,344.1734949768286,253.6266458303118,1.4862020984390034,353.21037708349894
2021-11-22 06:07:30,95.82530098430313,17.88452260042475,-2.759873978861453,133.29968552238228,4.330636574074074,2021-11-26 06:07:30+00:00,344.1734949768286,253.48935196058252,1.4848997060676463,356.24188462251897
2021-11-22 06:22:30,96.17677289553278,17.971737982169707,-2.736242068611588,134.06000922419338,4.341053240740741,2021-11-26 06:22:30+00:00,343.3538931883235,253.35205812675963,1.483597259122443,355.17926703235554
2021-11-22 06:37:30,96.5233938028124,18.059315865344058,-2.7126345064587367,137.88484683775283,4.351469907407408,2021-11-26 06:37:30+00:00,342.54472372689804,253.21476432883668,1.482294757647057,356.4273789649415
2021-11-22 06:52:30,96.865214741591,18.147246254741656,-2.689056554451842,134.0288288522375,4.361886574074074,2021-11-26 06:52:30+00:00,342.54472372689804,253.0774705668364,1.4809922016851946,355.4654583035217
2021-11-22 07:07:30,97.20228676404028,18.235519353964797,-2.6655132475559884,128.9776085953892,4.372303240740741,2021-11-26 07:07:30+00:00,341.74613964213654,252.94017684075223,1.4796895912805736,356.5850491560007
2021-11-22 07:22:30,97.53466090114873,18.324125562912208,-2.6420094001438192,128.21368948247078,4.382719907407408,2021-11-26 07:22:30+00:00,340.9583008625873,252.80288315062143,1.4783869264768947,357.2064552031163
2021-11-22 07:37:30,97.8623881269504,18.413055475190856,-2.618549612432568,127.17694211493864,4.393136574074074,2021-11-26 07:37:30+00:00,340.9583008625873,252.66558949642285,1.477084207317891,357.9060338659671
2021-11-22 07:52:30,98.18551932469184,18.50229987547601,-2.595138276851909,136.2930465504523,4.403553240740741,2021-11-26 07:52:30+00:00,340.18137407121804,252.5282958781646,1.4757814338472497,357.7666481172325
2021-11-22 08:07:30,98.50410525546788,18.59184973687525,-2.5717795843206837,136.8857304326926,4.413969907407408,2021-11-26 08:07:30+00:00,340.18137407121804,252.39100229586927,1.4744786061087105,357.76823806873887
2021-11-22 08:22:30,98.81819652788268,18.68169621812652,-2.5484775304718545,138.15661761851146,4.424386574074074,2021-11-26 08:22:30+00:00,339.4155325260089,252.253708749545,1.4731757241459678,356.3649854133994
2021-11-22 08:37:30,99.1278435704898,18.77183066089961,-2.525235921748521,155.31064390185503,4.434803240740741,2021-11-26 08:37:30+00:00,338.66095582060404,252.11641523918473,1.47187278800277,357.990831279646
2021-11-22 08:52:30,99.4330966053403,18.86224458697627,-2.5020583814255475,138.15661761851146,4.445219907407408,2021-11-26 08:52:30+00:00,338.66095582060404,251.9791217648113,1.4705697977228098,358.20812465219814
2021-11-22 09:07:30,99.73400562354912,18.952929695441615,-2.478948355519369,143.33227233456537,4.455636574074074,2021-11-26 09:07:30+00:00,337.917829579829,251.84182832641795,1.4692667533498311,358.12067731934184
2021-11-22 09:22:30,100.03062036216632,19.04387785984152,-2.4559091185919897,145.4361921031176,4.466053240740741,2021-11-26 09:22:30+00:00,337.18634508481864,251.7045349240272,1.4679636549275548,351.01094416620293
2021-11-22 09:37:30,100.3229902831526,19.135081125368504,-2.432943779432467,152.02769856375411,4.476469907407408,2021-11-26 09:37:30+00:00,337.18634508481864,251.5672415576467,1.4666605024997237,353.24747595198346
2021-11-22 09:52:30,100.61116455311618,19.226531705968625,-2.4100552866410068,143.4677951624801,4.486886574074074,2021-11-26 09:52:30+00:00,336.466698822498,251.42994822725535,1.4653572961100567,355.08338813847996
2021-11-22 10:07:30,100.89519202517732,19.31822198152767,-2.3872464340725164,136.0126800179287,4.497303240740741,2021-11-26 10:07:30+00:00,335.75909195422673,251.29265493291908,1.464054035802312,354.09015025041737
2021-11-22 10:22:30,101.17512122148928,19.410144494964413,-2.364519866182503,149.4234577008192,4.507719907407408,2021-11-26 10:22:30+00:00,335.75909195422673,251.1553616745728,1.4627507216202082,355.13421840633856
2021-11-22 10:37:30,101.45100031766528,19.50229194940748,-2.341878083230956,144.13516691242862,4.518136574074074,2021-11-26 10:37:30+00:00,335.0637296985691,251.01806845229723,1.4614473536074573,356.4088295306993
2021-11-22 10:52:30,101.72287712806296,19.59465720535056,-2.3193234463691796,142.34577008191948,4.528553240740741,2021-11-26 10:52:30+00:00,334.38082062339896,250.8807752660417,1.460143931807848,356.3876301772796
2021-11-22 11:07:30,101.99079908250717,19.687233271385377,-2.296858184333569,145.90075547442882,4.538969907407408,2021-11-26 11:07:30+00:00,334.38082062339896,250.74348211585755,1.4588404562651096,356.60444174634495
2021-11-22 11:22:30,102.2548132431045,19.780013320036815,-2.274484393219119,179.44636409519742,4.549386574074074,2021-11-26 11:22:30+00:00,333.71057584290674,250.60618900170897,1.457536927022988,357.47674695921773
2021-11-22 11:37:30,102.51496626519524,19.87299066744989,-2.2522040459836856,207.8756422831827,4.559803240740741,2021-11-26 11:37:30+00:00,333.0532081155519,250.4688959236325,1.4562333441252209,356.3253570766092
2021-11-22 11:52:30,102.77130439480804,19.966158775345676,-2.230018995721509,215.83258919905268,4.570219907407408,2021-11-26 11:52:30+00:00,333.0532081155519,250.33160288163575,1.4549297076155778,355.221665739195
2021-11-22 12:07:30,103.02387346010858,20.05951124875896,-2.207930979986539,225.85502426222695,4.580636574074074,2021-11-26 12:07:30+00:00,332.40893083962123,250.19430987571187,1.4536260175378026,355.221665739195
2021-11-22 12:22:30,103.27271886339037,20.15304183338723,-2.1859416251084847,231.4982334899251,4.591053240740741,2021-11-26 12:22:30+00:00,332.40893083962123,250.05701690589757,1.452322273935649,355.3250125871161
2021-11-22 12:37:30,103.51788557313466,20.246744412763434,-2.16405245043483,235.1974432094996,4.601469907407408,2021-11-26 12:37:30+00:00,331.7779569438137,249.91972397215645,1.4510184768528789,354.7672046002597
2021-11-22 12:52:30,103.75941811757608,20.340613005630857,-2.142264872408402,233.4045113949606,4.611886574074074,2021-11-26 12:52:30+00:00,331.16049767119785,249.7824310745253,1.449714626333242,355.27996396109916
2021-11-22 13:07:30,103.99736057885788,20.434641763312744,-2.1205802085345646,222.9864300422884,4.622303240740741,2021-11-26 13:07:30+00:00,331.16049767119785,249.64513821301176,1.4484107224205076,357.28330285926285
2021-11-22 13:22:30,104.23175658754054,20.528824966981457,-2.0989996812581984,223.42275886166863,4.632719907407408,2021-11-26 13:22:30+00:00,330.5567612559818,249.50784538760848,1.4471067651584522,356.55722500463736
2021-11-22 13:37:30,104.46264931859774,20.62315702519306,-2.0775244216709683,234.46470446853704,4.643136574074074,2021-11-26 13:37:30+00:00,329.9669514938085,249.3705525983373,1.4458027545908505,356.70032064022047
2021-11-22 13:52:30,104.6900814871616,20.717632471215175,-2.056155473158591,280.378149629227,4.653553240740741,2021-11-26 13:52:30+00:00,329.9669514938085,249.23325984519124,1.4444986907614423,357.113708031905
2021-11-22 14:07:30,104.91409534555868,20.81224596054414,-2.034893794898019,228.2481178098387,4.663969907407408,2021-11-26 14:07:30+00:00,329.39126620774954,249.0959671281923,1.4431945737140168,355.7331001404457
2021-11-22 14:22:30,105.1347326806513,20.906992268406135,-2.0137402652571574,216.8381410878596,4.674386574074074,2021-11-26 14:22:30+00:00,328.8298956138154,248.9586744473478,1.4418904034923383,354.572435540716
2021-11-22 14:37:30,105.35203481174584,21.001866287296217,-1.9926956850831783,217.81048829761664,4.684803240740741,2021-11-26 14:37:30+00:00,328.8298956138154,248.82138180265036,1.440586180140197,353.32432360813
2021-11-22 14:52:30,105.56604258897848,21.09686302453053,-1.9717607808908533,215.76270528400045,4.695219907407408,2021-11-26 14:52:30+00:00,328.28302059163224,248.68408919412175,1.4392819037013744,354.8506770543499
2021-11-22 15:07:30,105.77679639251171,21.191977599916505,-1.9509362079273245,220.3088156005794,4.705636574074074,2021-11-26 15:07:30+00:00,327.7508108679426,248.54679662175488,1.4379775742196437,354.3895911174709
2021-11-22 15:22:30,105.98433613158144,21.28720524331803,-1.9302225531665445,214.96292270062509,4.716053240740741,2021-11-26 15:22:30+00:00,327.7508108679426,248.40950408557143,1.4366731917387687,350.9446961867663
2021-11-22 15:37:30,106.18870124459784,21.382541292424204,-1.9096203381676569,212.6969072968566,4.726469907407408,2021-11-26 15:37:30+00:00,327.23342312276145,248.27221158556404,1.4353687563025657,350.7883509552958
2021-11-22 15:52:30,106.38993069922536,21.47798119041556,-1.8891300218663905,213.4681834064526,4.736886574074074,2021-11-26 15:52:30+00:00,326.73099903033335,248.13491912176897,1.4340642679548243,351.2520868113522
2021-11-22 16:07:30,106.588062993159,21.573520483775013,-1.868752003248788,213.44133867730264,4.747303240740741,2021-11-26 16:07:30+00:00,326.73099903033335,247.99762669414972,1.4327597267393182,348.88450447715894
2021-11-22 16:22:30,106.783136154811,21.66915482001576,-1.8484866239580116,214.24467135147728,4.757719907407408,2021-11-26 16:22:30+00:00,326.2436632494698,247.86033430274244,1.4314551326998426,349.3176458118028
2021-11-22 16:37:30,106.97518774492158,21.76487994561623,-1.828334170774918,201.8110599377692,4.768136574074074,2021-11-26 16:37:30+00:00,326.2436632494698,247.7230419475399,1.4301504858801872,350.4080875533296
2021-11-22 16:52:30,107.16425485786792,21.860691703807344,-1.8082948780508132,201.0676709244089,4.778553240740741,2021-11-26 16:52:30+00:00,325.7715213803576,247.58574962857793,1.4288457863241697,351.2361872962874
2021-11-22 17:07:30,107.35037412377687,21.956586032537647,-1.7883689300247476,214.30659399907756,4.788969907407408,2021-11-26 17:07:30+00:00,325.3146579074759,247.44845734582017,1.4275410340755672,350.7360752769768
2021-11-22 17:22:30,107.53358171060653,22.052558962439427,-1.7685564630663415,209.07714407733815,4.799386574074074,2021-11-26 17:22:30+00:00,325.3146579074759,247.311165099317,1.4262362291782045,349.40774306383656
2021-11-22 17:37:30,107.71391332642756,22.148606614738284,-1.7488575678570302,186.13902548345817,4.809803240740741,2021-11-26 17:37:30+00:00,324.8731341507908,247.17387288904655,1.424931371675879,348.4932800458677
2021-11-22 17:52:30,107.8914042222908,22.244725199385773,-1.7292722914548644,196.3388593392087,4.820219907407408,2021-11-26 17:52:30+00:00,324.4469862498488,247.03658071501567,1.4236264616123775,346.96186766303623
2021-11-22 18:07:30,108.06608919481836,22.340911013053177,-1.709800639319596,204.3483627056768,4.830636574074074,2021-11-26 18:07:30+00:00,324.4469862498488,246.89928857724567,1.4223214990315345,346.66110183639404
2021-11-22 18:22:30,108.23800258948869,22.437160437266392,-1.6904425772431984,212.94405404356095,4.841053240740741,2021-11-26 18:22:30+00:00,324.03622320769415,246.76199647574367,1.4210164839771575,347.17121127805603
2021-11-22 18:37:30,108.40717830359952,22.533469936515168,-1.6711980332204386,229.5498983389956,4.851469907407408,2021-11-26 18:37:30+00:00,323.6408250236186,246.62470441050183,1.4197114164930478,345.32301310264575
2021-11-22 18:52:30,108.57364978991988,22.629836056474105,-1.6520668992362402,241.7789338820515,4.861886574074074,2021-11-26 18:52:30+00:00,323.6408250236186,246.487412381527,1.4184062966230286,345.13751876022326
2021-11-22 19:07:30,108.73745006005878,22.726255422175985,-1.6330490330023737,238.10501289438295,4.872303240740741,2021-11-26 19:07:30+00:00,323.2607409455315,246.35012038885515,1.417101124410924,344.5540547376941
2021-11-22 19:22:30,108.89861168814164,22.822724736269848,-1.614144259618415,282.36595876849015,4.882719907407408,2021-11-26 19:22:30+00:00,322.89588787412913,246.21282843244927,1.4157958999005402,346.32130992732
2021-11-22 19:37:30,109.0571668147832,22.919240777330625,-1.5953523731683288,293.44627556952895,4.893136574074074,2021-11-26 19:37:30+00:00,322.89588787412913,246.07553651234525,1.4144906231357193,344.4550441211543
2021-11-22 19:52:30,109.21314715082718,23.01580039814124,-1.5766731382665602,251.842217649571,4.903553240740741,2021-11-26 19:52:30+00:00,322.5461489519677,245.9382446285644,1.4131852941602714,349.830914772484
2021-11-22 20:07:30,109.36658398143194,23.112400524036335,-1.5581062915413193,236.4797360061841,4.913969907407408,2021-11-26 20:07:30+00:00,322.21137237090915,245.8009527810697,1.4118799130180222,351.21631290245654
2021-11-22 20:22:30,109.51750817020486,23.209038151342813,-1.539651543047661,244.94700469775208,4.924386574074074,2021-11-26 20:22:30+00:00,322.21137237090915,245.66366096988233,1.4105744797528177,350.6362455945093
2021-11-22 20:37:30,109.66595016346696,23.305710345759955,-1.521308577644194,244.79320267891364,4.934803240740741,2021-11-26 20:37:30+00:00,321.891370431153,245.52636919503803,1.409268994408487,344.743885311498
2021-11-22 20:52:30,109.81193999444255,23.402414240820136,-1.5030770563075886,238.1915595760376,4.945219907407408,2021-11-26 20:52:30+00:00,321.891370431153,245.38907745651423,1.4079634570288544,345.64088295306993
2021-11-22 21:07:30,109.95550728765824,23.49914703637775,-1.4849566173952773,239.55100264383572,4.955636574074074,2021-11-26 21:07:30+00:00,321.58591888411314,245.25178575431772,1.4066578676577617,348.85415085748974
2021-11-22 21:22:30,110.09668126332676,23.59590599713484,-1.466946877859329,240.2135855478976,4.966053240740741,2021-11-26 21:22:30+00:00,321.294756589694,245.1144940884693,1.405352226339039,353.7979966611019
2021-11-22 21:37:30,110.23549074173276,23.69268845116269,-1.449047434417437,236.6696432037893,4.976469907407408,2021-11-26 21:37:30+00:00,321.294756589694,244.97720245897565,1.40404653311655,351.0969460885988
2021-11-22 21:52:30,110.37196414795729,23.78949178853089,-1.4312578646642418,225.76927823934832,4.986886574074074,2021-11-26 21:52:30+00:00,321.0175855160372,244.8399108658141,1.4027407880341165,350.40411267456346
2021-11-22 22:07:30,110.50612951613552,23.88631345986815,-1.4135777281557858,223.54311449314753,4.997303240740741,2021-11-26 22:07:30+00:00,320.7540711065202,244.7026193090491,1.4014349911356077,352.105360786496
2021-11-22 22:22:30,110.63801449416285,23.983150975034057,-1.3960065674362792,221.5131574673743,5.007719907407408,2021-11-26 22:22:30+00:00,320.7540711065202,244.56532778862925,1.4001291424648306,348.6260169064844
2021-11-22 22:37:30,110.76764634834733,24.080001901797605,-1.378543909026812,211.6977908917964,5.018136574074074,2021-11-26 22:37:30+00:00,320.5038430347144,244.42803630457513,1.398823242065684,348.7571879057689
2021-11-22 22:52:30,110.89505196781528,24.17686386450437,-1.361189264381968,208.1796509097523,5.028553240740741,2021-11-26 22:52:30+00:00,320.2664963631703,244.2907448569078,1.397517289981996,347.56339931632084
2021-11-22 23:07:30,111.02025786933044,24.27373454283463,-1.343942130795782,215.999534107233,5.038969907407408,2021-11-26 23:07:30+00:00,320.2664963631703,244.15345344563357,1.3962112862576324,344.7690595436839
2021-11-22 23:22:30,111.14329020175283,24.370611670548417,-1.3268019922778331,213.679089013466,5.049386574074074,2021-11-26 23:22:30+00:00,320.0415931163721,244.01616207074412,1.3949052309364545,347.06256459178
2021-11-22 23:37:30,111.26417475081752,24.467493034262585,-1.3097683203932498,211.49202158636487,5.059803240740741,2021-11-26 23:37:30+00:00,319.82866427206363,243.8788707322603,1.393599124062302,349.7681320719718
2021-11-22 23:52:30,111.3829369436038,24.564376472283545,-1.2928405750615986,225.76148314635935,5.070219907407408,2021-11-26 23:52:30+00:00,319.82866427206363,243.74157943017383,1.392292965679038,351.54887775922833
2021-11-23 00:07:30,111.49960185330744,24.6612598734218,-1.2760182053314657,239.4028958770454,5.080636574074074,2021-11-27 00:07:30+00:00,319.6272121685289,243.60428816450545,1.3909867558305458,350.4412115430479
2021-11-23 00:22:30,111.6141942037984,24.75814117589472,-1.2593006501112298,256.38840349999674,5.091053240740741,2021-11-27 00:22:30+00:00,319.4367133184371,243.46699693524673,1.3896804945606895,350.91819699499166
2021-11-23 00:37:30,111.7267383740302,24.855018366126274,-1.2426873388912545,261.1406607912412,5.101469907407408,2021-11-27 00:37:30+00:00,319.4367133184371,243.32970574241833,1.3883741819133313,351.9675649892678
2021-11-23 00:52:30,111.83725840299604,24.95188947778732,-1.2261776923992362,237.32160604899215,5.111886574074074,2021-11-27 00:52:30+00:00,319.25662161271435,243.19241458601184,1.3870678179323452,352.1387497681321
2021-11-23 01:07:30,111.9457779939637,25.048752590631093,-1.209771123265609,215.77823504290097,5.122303240740741,2021-11-27 01:07:30+00:00,319.25662161271435,243.05512346604797,1.3857614026616123,356.55722500463736
2021-11-23 01:22:30,112.05232051916276,25.14560582950412,-1.1934670366362252,226.79433296739705,5.132719907407408,2021-11-27 01:22:30+00:00,319.08637189074847,242.91783238251816,1.384454936144994,352.672973474309
2021-11-23 01:37:30,112.15690902420636,25.242447363298076,-1.177264830771365,231.1061070776876,5.143136574074074,2021-11-27 01:37:30+00:00,318.92538384627295,242.7805413354429,1.3831484184263845,350.5710575827438
2021-11-23 01:52:30,112.25956623274102,25.33927540401943,-1.1611638976037084,212.9736330979648,5.153553240740741,2021-11-27 01:52:30+00:00,318.92538384627295,242.64325032482824,1.3818418495496532,352.754590984975
2021-11-23 02:07:30,112.36031455070948,25.436088205752178,-1.145163623293495,232.4183717047793,5.163969907407408,2021-11-27 02:07:30+00:00,318.77306623168903,242.5059593506656,1.3805352295586777,347.87608977926175
2021-11-23 02:22:30,112.45917607092076,25.53288406374547,-1.1292633887422656,232.6133698836583,5.174386574074074,2021-11-27 02:22:30+00:00,318.6288213175764,242.36866841296097,1.379228558497359,343.6354037355707
2021-11-23 02:37:30,112.55617257733536,25.62966131348393,-1.1134625700906662,239.95806965096867,5.184803240740741,2021-11-27 02:37:30+00:00,318.6288213175764,242.23137751172,1.3779218364095824,343.248005935819
2021-11-23 02:52:30,112.65132554952346,25.72641832978456,-1.0977605391926826,203.8299890219107,5.195219907407408,2021-11-27 02:52:30+00:00,318.49204955888143,242.0940866469924,1.3766150633392318,342.6160002119935
2021-11-23 03:07:30,112.74465616690196,25.823153525903276,-1.0821566640717597,194.84023760531116,5.205636574074074,2021-11-27 03:07:30+00:00,318.3621544149109,241.95679581871104,1.3753082393302096,342.5709515859766
2021-11-23 03:22:30,112.83618531310007,25.91986535269792,-1.066650309349041,192.8467030004612,5.216053240740741,2021-11-27 03:22:30+00:00,318.3621544149109,241.8195050269256,1.3740013644264024,345.10294936004453
2021-11-23 03:37:30,112.9259335801089,26.01655229774772,-1.0512408366640569,190.4724929145475,5.226469907407408,2021-11-27 03:37:30+00:00,318.2385472669413,241.68221427164175,1.3726944386716946,346.16026711185305
2021-11-23 03:52:30,113.01392127248904,26.113212884536757,-1.0359276050681827,193.92632337943263,5.236886574074074,2021-11-27 03:52:30+00:00,318.12065237506044,241.54492355285072,1.3713874621100175,346.52569096642554
2021-11-23 04:07:30,113.10016841164612,26.209845671671136,-1.020709971397978,194.61505610125403,5.247303240740741,2021-11-27 04:07:30+00:00,318.12065237506044,241.40763287057268,1.3700804347852598,345.3231576436919
2021-11-23 04:22:30,113.18469473981357,26.30644925207852,-1.0055872906372472,200.57164015252397,5.257719907407408,2021-11-27 04:22:30+00:00,318.0079118148624,241.2703422248133,1.3687733567413007,346.0343959509235
2021-11-23 04:37:30,113.26751972423553,26.403022252236163,-0.9905589162608,203.41266451838337,5.268136574074074,2021-11-27 04:37:30+00:00,317.8997903348287,241.13305161554908,1.3674662280220953,335.3198091094585
2021-11-23 04:52:30,113.34866256106706,26.499563331419782,-0.9756242005611048,204.7069369831691,5.278553240740741,2021-11-27 04:52:30+00:00,317.8997903348287,240.99576104282937,1.3661590486715076,336.6510321435196
2021-11-23 05:07:30,113.42814217951738,26.596071180961545,-0.9607824949613466,220.26633536514345,5.288969907407408,2021-11-27 05:07:30+00:00,317.79578007663065,240.85847050663068,1.3648518187334524,335.82466504002394
2021-11-23 05:22:30,113.50597724562486,26.692544523556094,-0.9460331503085772,219.6930032544513,5.299386574074074,2021-11-27 05:22:30+00:00,317.79578007663065,240.72118000697296,1.3635445382518792,339.9369319235763
2021-11-23 05:37:30,113.58218616630528,26.78898211253294,-0.9313755171609904,218.01452032457195,5.309803240740741,2021-11-27 05:37:30+00:00,317.695405103113,240.58388954383256,1.3622372072706883,340.87367835281026
2021-11-23 05:52:30,113.65678709309137,26.88538273119238,-0.9168089460534272,220.7804187264117,5.320219907407408,2021-11-27 05:52:30+00:00,317.5982256822736,240.4465991172588,1.3609298258337736,337.7759228343536
2021-11-23 06:07:30,113.7297979259335,26.981745192119647,-0.9023327877561612,218.99289513530303,5.330636574074074,2021-11-27 06:07:30+00:00,317.5982256822736,240.30930872722791,1.3596223939850676,332.2654159048149
2021-11-23 06:22:30,113.8012363170633,27.07806833653319,-0.8879463935179492,218.57830495702953,5.341053240740741,2021-11-27 06:22:30+00:00,317.5038422799969,240.17201837374543,1.3583149117685196,329.8682990168799
2021-11-23 06:37:30,113.87111967459715,27.174351033684125,-0.8736491152918212,217.61462903288424,5.351469907407408,2021-11-27 06:37:30+00:00,317.4118992194761,240.03472805681656,1.3570073792280173,332.0878713199247
2021-11-23 06:52:30,113.9394651661573,27.27059218014535,-0.859440305968095,217.0699544636651,5.361886574074074,2021-11-27 06:52:30+00:00,317.4118992194761,239.89743777647575,1.3556997964075073,330.189204229271
2021-11-23 07:07:30,114.0062897226466,27.3667906993124,-0.8453193195661367,223.73723647940363,5.372303240740741,2021-11-27 07:07:30+00:00,317.32208797099196,239.76014753268484,1.3543921633509175,327.30476720460024
2021-11-23 07:22:30,114.07161004164746,27.462945540701252,-0.8312855114488047,240.70467640620228,5.382719907407408,2021-11-27 07:22:30+00:00,317.2341500418069,239.6228573254925,1.353084480102179,328.3899091077722
2021-11-23 07:37:30,114.1354425910476,27.559055679455145,-0.8173382384967057,236.30081142990255,5.393136574074074,2021-11-27 07:37:30+00:00,317.2341500418069,239.485567154875,1.351776746705205,334.22635609613906
2021-11-23 07:52:30,114.1978036123987,27.655120115705035,-0.8034768592971505,238.94688293719105,5.403553240740741,2021-11-27 07:52:30+00:00,317.1478794422004,239.34827702083757,1.3504689632039917,335.9329040464266
2021-11-23 08:07:30,114.25870912446987,27.751137874061893,-0.7897007343054484,238.3895640020189,5.413969907407408,2021-11-27 08:07:30+00:00,317.06312470991315,239.21098692338543,1.3491611296424253,333.4446299387869
2021-11-23 08:22:30,114.31817492653757,27.847108003053023,-0.7760092260075085,228.8288522375165,5.424386574074074,2021-11-27 08:22:30+00:00,317.06312470991315,239.07369686255268,1.3478532460644577,333.8977661181334
2021-11-23 08:37:30,114.37621660172796,27.94302957459386,-0.7624016990710452,232.81438055674187,5.434803240740741,2021-11-27 08:37:30+00:00,316.9797904813182,238.93640683830097,1.3465453125140323,330.95900575032465
2021-11-23 08:52:30,114.43284952033214,28.03890168349008,-0.748877520484569,235.4157058131906,5.445219907407408,2021-11-27 08:52:30+00:00,316.89783860333404,238.79911685066432,1.3452373290351038,333.40753107030235
2021-11-23 09:07:30,114.48808884300384,28.134723446881427,-0.735436059699737,225.59692510773772,5.455636574074074,2021-11-27 09:07:30+00:00,316.89783860333404,238.66182689963313,1.3439292956716185,337.69245038026344
2021-11-23 09:22:30,114.541949523878,28.230494003788586,-0.7220766887524537,227.85446561389608,5.466053240740741,2021-11-27 09:22:30+00:00,316.817288785307,238.5245369852272,1.3426212124675208,341.1002464424835
2021-11-23 09:37:30,114.59444631390429,28.32621251463168,-0.708798782382372,218.6706526381178,5.476469907407408,2021-11-27 09:37:30+00:00,316.817288785307,238.3872471074514,1.3413130794667738,350.3199777406789
2021-11-23 09:52:30,114.64559376377552,28.421878160732096,-0.6956017181492449,225.0092566729244,5.486886574074074,2021-11-27 09:52:30+00:00,316.7382187947185,238.2499572662961,1.340004896713321,350.3696637252563
2021-11-23 10:07:30,114.69540622704814,28.517490143869654,-0.6824848765363322,223.75276623830416,5.497303240740741,2021-11-27 10:07:30+00:00,316.6607642045365,238.11266746176625,1.3386966642511196,352.8844370246707
2021-11-23 10:22:30,114.7438978631486,28.613047685834953,-0.6694476410500808,224.51037072163072,5.507719907407408,2021-11-27 10:22:30+00:00,316.6607642045365,237.97537769388123,1.3373883821241483,354.3233431380343
2021-11-23 10:37:30,114.79108264026792,28.708550027951816,-0.6564893983180614,225.04173622704508,5.518136574074074,2021-11-27 10:37:30+00:00,316.5851177033083,237.8380879626459,1.3360800503763577,350.65850491560013
2021-11-23 10:52:30,114.8369743383516,28.803996430698906,-0.6436095381699118,208.4992497222998,5.528553240740741,2021-11-27 10:52:30+00:00,316.5115279816638,237.70079826805045,1.3347716690517089,352.53199777406786
2021-11-23 11:07:30,114.88158655201408,28.899386173250683,-0.6308074537240519,204.13868074698135,5.538969907407408,2021-11-27 11:07:30+00:00,316.5115279816638,237.56350861008517,1.333463238194179,351.6972732331664
2021-11-23 11:22:30,114.9249326932463,28.99471855310019,-0.6180825414602797,207.4547072617787,5.549386574074074,2021-11-27 11:22:30+00:00,316.44029821080727,237.42621898881296,1.3321547578477155,349.32294565015764
2021-11-23 11:37:30,114.9670259942613,29.089992885605767,-0.6054342012976952,208.61513375004853,5.559803240740741,2021-11-27 11:37:30+00:00,316.3717841298758,237.28892940418044,1.3308462280563136,347.6163976998702
2021-11-23 11:52:30,115.0078795102896,29.185208503660103,-0.5928618366527642,206.00092241933703,5.570219907407408,2021-11-27 11:52:30+00:00,316.3717841298758,237.1516398562212,1.329537648863951,346.011871637915
2021-11-23 12:07:30,115.0475061222002,29.28036475725838,-0.5803648545078102,219.9892167880319,5.580636574074074,2021-11-27 12:07:30+00:00,316.3063917598273,237.01435034491087,1.328229020314578,347.16061160134615
2021-11-23 12:22:30,115.0859185391514,29.375461013126,-0.567942665467632,222.7239197111465,5.591053240740741,2021-11-27 12:22:30+00:00,316.24457476190895,236.87706087029767,1.3269203424521838,343.0856983861992
2021-11-23 12:37:30,115.12312930136343,29.470496654406556,-0.5555946838050675,238.6155914851601,5.601469907407408,2021-11-27 12:37:30+00:00,316.24457476190895,236.73977143235703,1.32561161532077,341.8196994991653
2021-11-23 12:52:30,115.15915078248344,29.565471080209683,-0.5433203275223296,257.2349264277672,5.611886574074074,2021-11-27 12:52:30+00:00,316.18683145887906,236.60248203109353,1.3243028389642924,341.21035058430715
2021-11-23 13:07:30,115.1939951922992,29.660383705373217,-0.5311190183808407,250.0743781789363,5.622303240740741,2021-11-27 13:07:30+00:00,316.1337015371843,236.46519266652615,1.3229940134267666,340.82465484802714
2021-11-23 13:22:30,115.22767457913402,29.755233960022135,-0.5189901819552208,252.3003455371355,5.632719907407408,2021-11-27 13:22:30+00:00,316.1337015371843,236.3279033386449,1.3216851387521409,340.1886742454355
2021-11-23 13:37:30,115.26020083233514,29.850021289286325,-0.5069332476637761,244.22805843721375,5.643136574074074,2021-11-27 13:37:30+00:00,316.0857624483851,236.19061404748325,1.3203762149844205,339.59376739009457
2021-11-23 13:52:30,115.29158568474764,29.944745152964273,-0.4949476488038077,249.41957526109408,5.653553240740741,2021-11-27 13:52:30+00:00,316.0857624483851,236.05332479298727,1.3190672421676248,337.41420886662956
2021-11-23 14:07:30,115.32184071495426,30.03940502517977,-0.4830328225849493,239.64454375970328,5.663969907407408,2021-11-27 14:07:30+00:00,316.0436255284778,235.9160355752197,1.317758220345722,336.3754405490633
2021-11-23 14:22:30,115.35097734981814,30.134000394122488,-0.4711882101500939,262.3636293046551,5.674386574074074,2021-11-27 14:22:30+00:00,316.007931854571,235.7787463941557,1.316449149562707,334.7351405782124
2021-11-23 14:37:30,115.3790068666694,30.22853076169998,-0.4594132566051718,223.5437791909993,5.684803240740741,2021-11-27 14:37:30+00:00,316.007931854571,235.641457249814,1.3151400298626064,336.0786496011872
2021-11-23 14:52:30,115.40594039549386,30.32299564322691,-0.4477074110424678,228.1515704468688,5.695219907407408,2021-11-27 14:52:30+00:00,315.97934785982847,235.50416814218423,1.3138308612894078,336.7967776982802
2021-11-23 15:07:30,115.4317889214311,30.41739456719628,-0.4360701265512605,219.26427314005832,5.705636574074074,2021-11-27 15:07:30+00:00,315.95856072991796,235.3668790712709,1.3125216438871044,332.28444714254397
2021-11-23 15:22:30,115.45656328667536,30.51172707491971,-0.4245008602435723,238.96804752106223,5.716053240740741,2021-11-27 15:22:30+00:00,315.95856072991796,235.22959003710707,1.3112123776997069,332.70265256909664
2021-11-23 15:37:30,115.48027419286252,30.60599272029826,-0.4129990732615434,222.45636371903885,5.726469907407408,2021-11-27 15:37:30+00:00,315.9462736075846,235.0923010396532,1.309903062771245,330.54164347987387
2021-11-23 15:52:30,115.50293220306094,30.700191069538427,-0.4015642307905447,231.9524789377645,5.736886574074074,2021-11-27 15:52:30+00:00,315.9432006366337,234.95501207894256,1.3085936991457114,327.73140419217214
2021-11-23 16:07:30,115.52454774395,30.794321700867243,-0.3901958020700809,243.41347121986703,5.747303240740741,2021-11-27 16:07:30+00:00,315.9432006366337,234.81772315495013,1.3072842868671142,327.87979966611016
2021-11-23 16:22:30,115.54513110779118,30.888384204294084,-0.3788932603983359,233.41615871413595,5.757719907407408,2021-11-27 16:22:30+00:00,315.9500618827472,234.6804342677235,1.305974825979494,323.7247263958449
2021-11-23 16:37:30,115.56469245464068,30.98237818136998,-0.3676560831352932,231.44410593531373,5.768136574074074,2021-11-27 16:37:30+00:00,315.9675781763916,234.5431454172376,1.3046653165268514,325.80226303097754
2021-11-23 16:52:30,115.58324181409807,31.076303244882588,-0.3564837517125069,251.8693947276469,5.778553240740741,2021-11-27 16:52:30+00:00,315.9675781763916,234.4058566034965,1.303355758553206,324.021517343721
2021-11-23 17:07:30,115.6007890874116,31.1701590186676,-0.3453757516272889,263.30469481656417,5.788969907407408,2021-11-27 17:07:30+00:00,315.99646593281665,234.2685678265185,1.302046152102598,320.756816917084
2021-11-23 17:22:30,115.61734404945769,31.26394513733932,-0.3343315724460922,241.8604651162791,5.799386574074074,2021-11-27 17:22:30+00:00,316.03743201600383,234.13127908629292,1.3007364972190376,321.75848636616587
2021-11-23 17:37:30,115.6329163505021,31.35766124608814,-0.3233507077984274,240.20968800140312,5.809803240740741,2021-11-27 17:37:30+00:00,316.03743201600383,233.9939903828383,1.299426793946555,319.1191668654106
2021-11-23 17:52:30,115.64751551814943,31.45130700040791,-0.3124326553783504,222.61909383856815,5.820219907407408,2021-11-27 17:52:30+00:00,316.09116872764736,233.8567017161438,1.298117042329189,318.27119272862177
2021-11-23 18:07:30,115.66115095915352,31.544882065903757,-0.3015769169348199,233.19020676484155,5.830636574074074,2021-11-27 18:07:30+00:00,316.09116872764736,233.71941308622775,1.2968072424109658,318.9558354833814
2021-11-23 18:22:30,115.67383196134172,31.638386118103416,-0.2907829982624193,227.1887253950382,5.841053240740741,2021-11-27 18:22:30+00:00,316.1583490190924,233.58212449307933,1.2954973942359331,319.35633463179374
2021-11-23 18:37:30,115.68556769517426,31.73181884216437,-0.2800504092014536,233.59944914676217,5.851469907407408,2021-11-27 18:37:30+00:00,316.23962204391194,233.4448359367022,1.294187497848099,304.8414023372287
2021-11-23 18:52:30,115.6963672156766,31.82517993274777,-0.2693786636194397,254.87440307489223,5.861886574074074,2021-11-27 18:52:30+00:00,316.23962204391194,233.30754741711465,1.2928775532915209,304.84477496163635
2021-11-23 19:07:30,115.70623946407493,31.91846909375447,-0.2587672794068979,258.574927083401,5.872303240740741,2021-11-27 19:07:30+00:00,316.3356091918351,233.17025893430576,1.2915675606102563,302.2895301693298
2021-11-23 19:22:30,115.71519326957076,32.01168603816533,-0.2482157784610586,231.8942423418877,5.882719907407408,2021-11-27 19:22:30+00:00,316.4469007714799,233.0329704882935,1.290257519848343,301.0977892447008
2021-11-23 19:37:30,115.72323735090366,32.104830487828806,-0.2377236866748591,257.5186919833965,5.893136574074074,2021-11-27 19:37:30+00:00,316.4469007714799,232.895682079067,1.2889474310498108,302.7604930776884
2021-11-23 19:52:30,115.73038031804658,32.19790217326796,-0.2272905339230984,238.4594479170711,5.903553240740741,2021-11-27 19:52:30+00:00,316.57405354034154,232.7583937066298,1.2876372942587218,301.56928213689486
2021-11-23 20:07:30,115.7366306738168,32.2909008335212,-0.2169158540442089,258.76858255823197,5.913969907407408,2021-11-27 20:07:30+00:00,316.7175893164445,232.62110537099977,1.286327109519135,300.797625672417
2021-11-23 20:22:30,115.74199681549572,32.38382621590809,-0.2065991848303074,249.42348791435796,5.924386574074074,2021-11-27 20:22:30+00:00,316.7175893164445,232.48381707218053,1.2850168768750838,298.5875930784111
2021-11-23 20:37:30,115.74648703626124,32.476678075898135,-0.1963400680047393,244.0799516704235,5.934803240740741,2021-11-27 20:37:30+00:00,316.8779949478696,232.34652881014617,1.283706596370651,298.55314412910406
2021-11-23 20:52:30,115.7501095269332,32.56945617693215,-0.1861380492052032,249.52440113367243,5.945219907407408,2021-11-27 20:52:30+00:00,317.0557239651388,232.2092405849293,1.2823962680498635,300.2331928876169
2021-11-23 21:07:30,115.75287237726492,32.66216029021477,-0.1759926779692493,255.38283650442048,5.955636574074074,2021-11-27 21:07:30+00:00,317.0557239651388,232.0719523965332,1.2810858919568249,299.2858467816731
2021-11-23 21:22:30,115.75478357755678,32.75479019459254,-0.1659035077100021,238.32744496641692,5.966053240740741,2021-11-27 21:22:30+00:00,317.25120029859784,231.93466424494656,1.279775468135556,299.3229456501577
2021-11-23 21:37:30,115.75585102009376,32.84734567635527,-0.1558700957003245,252.7870705390956,5.976469907407408,2021-11-27 21:37:30+00:00,317.25120029859784,231.7973761301581,1.278464996630157,300.6704295518987
2021-11-23 21:52:30,115.7560825006046,32.93982652912041,-0.1458920030474792,238.6263928252514,5.986886574074074,2021-11-27 21:52:30+00:00,317.46482451020665,231.6600880522146,1.277154477484669,316.8243368577259
