time,longitude,radius,latitude,Vr,Time_days,Times_Earth,Vr_pred_Earth,Lon-L1,Lat-L1,Vr_obs_Earth
2022-05-30 09:37:30,121.70716593993376,32.85021829182751,2.314495050109892,440.71921156158425,2.549363425925926,2022-06-03 09:37:30+00:00,351.37824514776975,279.11687010527976,-0.4082250840001405,340.7047460052468
2022-05-30 09:52:30,121.70838142719694,32.757666710965566,2.3064459614855917,445.6644794373245,2.5597800925925926,2022-06-03 09:52:30+00:00,351.37824514776975,278.9790172872865,-0.4069673053279587,343.4984232980894
2022-05-30 10:07:30,121.71043989014248,32.665040711906194,2.2983355280112785,453.77424983383366,2.570196759259259,2022-06-03 10:07:30+00:00,350.5411714941983,278.84116443103335,-0.4057095182152714,339.7236134297904
2022-05-30 10:22:30,121.71334919257237,32.572340508199396,2.2901631110264935,445.5913221879471,2.580613425925926,2022-06-03 10:22:30+00:00,349.7142993071566,278.70331153651244,-0.4044517226992756,339.0253597265284
2022-05-30 10:37:30,121.7171172956138,32.4795663208591,2.281928063731562,441.7462185436131,2.5910300925925926,2022-06-03 10:37:30+00:00,349.7142993071566,278.56545860371625,-0.4031939188171625,335.19839463078193
2022-05-30 10:52:30,121.72175225919204,32.38671837853755,2.2736297310736693,425.7269646864649,2.601446759259259,2022-06-03 10:52:30+00:00,348.8976412390706,278.4276056326661,-0.4019361066060982,335.2152577528204
2022-05-30 11:07:30,121.72726224363012,32.29379691764034,2.2652674496250413,411.77721317403046,2.611863425925926,2022-06-03 11:07:30+00:00,348.09121176720316,278.28975262338344,-0.4006782861032801,331.87973221362205
2022-05-30 11:22:30,121.73365551096803,32.20080218253103,2.2568405474685997,422.79035979424015,2.6222800925925926,2022-06-03 11:22:30+00:00,348.09121176720316,278.15189957584624,-0.3994204573459033,331.7884304528712
2022-05-30 11:37:30,121.7409404266064,32.1077344257309,2.2483483440797376,483.28326140317694,2.632696759259259,2022-06-03 11:37:30+00:00,347.2950271503046,278.014046490076,-0.3981626203711148,330.71954941737914
2022-05-30 11:52:30,121.74912546078478,32.014593908047544,2.2397901502008164,441.6302302779765,2.643113425925926,2022-06-03 11:52:30+00:00,346.5091053814711,277.876193366094,-0.3969047752161264,330.8556589024035
2022-05-30 12:07:30,121.75821919017,31.921380898781127,2.231165267720157,441.0001597939101,2.6535300925925926,2022-06-03 12:07:30+00:00,346.5091053814711,277.7383402038783,-0.3956469219181169,328.8729078378494
2022-05-30 12:22:30,121.76823029949531,31.82809567590473,2.222472989546856,432.8019659777163,2.663946759259259,2022-06-03 12:22:30+00:00,345.7334661371895,277.60048700345027,-0.3943890605142962,328.78408458542015
2022-05-30 12:37:30,121.77916758314866,31.734738526254674,2.213712599484756,414.4880321018323,2.674363425925926,2022-06-03 12:37:30+00:00,345.7334661371895,277.4626337648172,-0.3931311910418087,325.52402151734367
2022-05-30 12:52:30,121.7910399467556,31.641309745742134,2.20488337210586,431.40678179332934,2.6847800925925926,2022-06-03 12:52:30+00:00,344.96813072254685,277.32478048798583,-0.3918733135378858,324.8916544409032
2022-05-30 13:07:30,121.80385640896186,31.547809639530907,2.1959845726189133,403.9973536739333,2.695196759259259,2022-06-03 13:07:30+00:00,344.213122012578,277.1869271729635,-0.3906154280396579,327.2093701142115
2022-05-30 13:22:30,121.81762610315567,31.454238522231343,2.1870154567372206,409.64874427634936,2.705613425925926,2022-06-03 13:22:30+00:00,344.213122012578,277.04907381974243,-0.3893575345843892,327.9751967564989
2022-05-30 13:37:30,121.8323582790526,31.360596718144123,2.1779752705493474,419.4495293059125,2.7160300925925926,2022-06-03 13:37:30+00:00,343.46846438971613,276.9112204283589,-0.3880996332092206,326.8002225932109
2022-05-30 13:52:30,121.84806230456806,31.266884561457584,2.168863250383106,404.89929452313,2.726446759259259,2022-06-03 13:52:30+00:00,342.7341836772893,276.77336699879095,-0.3868417239513312,329.2246336486737
2022-05-30 14:07:30,121.8647476676629,31.173102396436,2.1596786226664415,394.5609049202603,2.736863425925926,2022-06-03 14:07:30+00:00,342.7341836772893,276.63551353107476,-0.3855838068479472,328.0527068924398
2022-05-30 14:22:30,121.88242397802304,31.079250577678607,2.1504206037932705,390.4014544743886,2.7472800925925926,2022-06-03 14:22:30+00:00,342.01030706898734,276.49766002518834,-0.3843258819362319,325.6235139373704
2022-05-30 14:37:30,121.90110096894242,30.98532947035423,2.1410883999847945,390.62233980708294,2.757696759259259,2022-06-03 14:37:30+00:00,341.2968630541857,276.3598064811533,-0.3830679492533896,321.6312902456475
2022-05-30 14:52:30,121.92078849930316,30.891339450401475,2.1316812071451507,385.25053026738715,2.768113425925926,2022-06-03 14:52:30+00:00,341.2968630541857,276.22195289897695,-0.3818100088365948,322.263601729378
2022-05-30 15:07:30,121.94149655539196,30.797280904762506,2.1221982107179533,369.7182642906135,2.7785300925925926,2022-06-03 15:07:30+00:00,340.59388133897534,276.08409927866643,-0.3805520607230708,321.9725182997303
2022-05-30 15:22:30,121.9632352528645,30.703154231665696,2.112638585546009,392.4508219165982,2.788946759259259,2022-06-03 15:22:30+00:00,339.90139276269616,275.9462456202434,-0.379294104949974,322.5826112303575
2022-05-30 15:37:30,121.98601483874776,30.608959840854073,2.103001495723313,396.36288976250745,2.799363425925926,2022-06-03 15:37:30+00:00,339.90139276269616,275.8083919236861,-0.3780361415545095,322.12947505101096
2022-05-30 15:52:30,122.0098456934066,30.51469815381758,2.0932860944449105,405.67429928097454,2.8097800925925926,2022-06-03 15:52:30+00:00,339.21942920971264,275.67053818900155,-0.3767781705738667,324.85889180379996
2022-05-30 16:07:30,122.0347383326348,30.42036960408869,2.0834915238608196,430.0445940033897,2.820196759259259,2022-06-03 16:07:30+00:00,338.54802351610067,275.53268441622623,-0.375520192045263,323.52810239287703
2022-05-30 16:22:30,122.06070340961634,30.3259746375043,2.0736169149253145,429.3987872352944,2.830613425925926,2022-06-03 16:22:30+00:00,338.54802351610067,275.3948306053529,-0.3742622060058514,321.40869703474044
2022-05-30 16:37:30,122.08775171717824,30.23151371244697,2.063661387240679,400.4526009923037,2.8410300925925926,2022-06-03 16:37:30+00:00,337.88720937083826,275.25697675638884,-0.3730042124928576,319.566280501172
2022-05-30 16:52:30,122.11589418986084,30.136987300170112,2.053624048907869,425.0901994718458,2.851446759259259,2022-06-03 16:52:30+00:00,337.88720937083826,275.1191228693412,-0.3717462115434645,321.36099848954603
2022-05-30 17:07:30,122.14514190603845,30.042395885025034,2.0435039963651955,395.07209857556205,2.861863425925926,2022-06-03 17:07:30+00:00,337.2370212110031,274.98126894420284,-0.370488203194861,319.85295357582504
2022-05-30 17:22:30,122.1755060902854,29.94773996481105,2.033300314236618,393.0908930093057,2.8722800925925926,2022-06-03 17:22:30+00:00,336.5974941103861,274.8434149810102,-0.369230187484262,320.494474918515
2022-05-30 17:37:30,122.20699811540332,29.853020051042147,2.023012075170109,385.0525112021692,2.882696759259259,2022-06-03 17:37:30+00:00,336.5974941103861,274.7055609797414,-0.3679721644488545,321.178154066301
2022-05-30 17:52:30,122.2396295049565,29.75823666924161,2.0126383396761063,383.4390996423242,2.893113425925926,2022-06-03 17:52:30+00:00,335.9686636608271,274.5677069404186,-0.3667141341258024,320.10016694490815
2022-05-30 18:07:30,122.27341193535936,29.66339035929356,2.002178155969869,379.84929647101217,2.9035300925925926,2022-06-03 18:07:30+00:00,335.3505658454674,274.42985286304884,-0.3654560965523465,311.686143572621
2022-05-30 18:22:30,122.30835723836692,29.56848167572821,1.9916305598048416,381.9843180364819,2.913946759259259,2022-06-03 18:22:30+00:00,335.3505658454674,274.2919987476543,-0.364198051765663,311.83285273435524
2022-05-30 18:37:30,122.34447740341746,29.47351118805367,1.9809945743086532,436.80386189556697,2.924363425925926,2022-06-03 18:37:30+00:00,334.7432369030016,274.15414459421334,-0.3629399998029547,310.00344489493074
2022-05-30 18:52:30,122.38178458013864,29.378479481112254,1.9702692098195895,383.6542471284585,2.9347800925925926,2022-06-03 18:52:30+00:00,334.1467131818957,274.0162904027478,-0.3616819407014197,309.0428491930996
2022-05-30 19:07:30,122.4202910807112,29.283387155373752,1.9594534637137733,374.4429251597198,2.945196759259259,2022-06-03 19:07:30+00:00,334.1467131818957,273.8784361732652,-0.360423874498247,313.0853008983226
2022-05-30 19:22:30,122.46000938243898,29.18823482736496,1.948546320246044,374.1379923230459,2.955613425925926,2022-06-03 19:22:30+00:00,333.5610309834169,273.74058190578745,-0.3591658012306423,314.8580968280467
2022-05-30 19:37:30,122.500952130314,29.09302312994011,1.9375467503698984,383.6055462808384,2.9660300925925926,2022-06-03 19:37:30+00:00,332.986226392214,273.60272760027857,-0.3579077209358173,315.9710628825821
2022-05-30 19:52:30,122.54313213955892,28.997752712700024,1.926453711572922,371.7972621209481,2.976446759259259,2022-06-03 19:52:30+00:00,332.986226392214,273.46487325678953,-0.3566496336509518,314.80244852531996
2022-05-30 20:07:30,122.58656239830368,28.902424242357316,1.9152661477040889,381.6330694258539,2.986863425925926,2022-06-03 20:07:30+00:00,332.4223350930732,273.32701887531334,-0.3553915394132589,313.12902456475075
2022-05-30 20:22:30,122.63125607022889,28.807038403108177,1.9039829887985844,375.69027766478786,2.9972800925925926,2022-06-03 20:22:30+00:00,331.8693921723799,273.18916445585756,-0.3541334382599199,312.221427246469
2022-05-30 20:37:30,122.6772264972556,28.711595897061375,1.8926031509090973,396.20398193539194,3.007696759259259,2022-06-03 20:37:30+00:00,331.8693921723799,273.0513099984152,-0.352875330228153,312.57651641624926
2022-05-30 20:52:30,122.72448720240254,28.616097444578426,1.8811255359233587,392.3827243089185,3.018113425925926,2022-06-03 20:52:30+00:00,331.3274319027335,272.913455503023,-0.3516172153551481,308.67517290722634
2022-05-30 21:07:30,122.7730518924734,28.520543784723145,1.8695490313928909,379.9992595185524,3.0285300925925926,2022-06-03 21:07:30+00:00,331.3274319027335,272.7756009696737,-0.3503590936781229,305.01762196253014
2022-05-30 21:22:30,122.82293446087093,28.424935675708255,1.8578725103606395,377.62484600151896,3.038946759259259,2022-06-03 21:22:30+00:00,330.7964875090959,272.6377463983609,-0.3491009652342498,304.8308026605188
2022-05-30 21:37:30,122.87414899065485,28.32927389524931,1.8460948311741692,380.7216328289084,3.049363425925926,2022-06-03 21:37:30+00:00,330.27659091481485,272.4998917891061,-0.3478428300607666,303.70061213133
2022-05-30 21:52:30,122.9267097573522,28.233559241069816,1.8342148373164011,362.71022457219306,3.0597800925925926,2022-06-03 21:52:30+00:00,330.27659091481485,272.3620371419321,-0.3465846881948616,300.8426742984339
2022-05-30 22:07:30,122.98063123181367,28.13779253136223,1.8222313572291884,359.18159779368267,3.070196759259259,2022-06-03 22:07:30+00:00,329.7677724658495,272.224182456817,-0.3453265396737243,301.29846039695786
2022-05-30 22:22:30,123.03592808351036,28.0419746051652,1.8101432041249532,360.7274183224751,3.080613425925926,2022-06-03 22:22:30+00:00,329.27006063155045,272.0863277337978,-0.344068384534575,300.946021146355
2022-05-30 22:37:30,123.09261518331049,27.946106322942697,1.7979491758215824,379.945807463437,3.0910300925925926,2022-06-03 22:37:30+00:00,329.27006063155045,271.94847297285315,-0.3428102228146011,300.5639028009645
2022-05-30 22:52:30,123.15070760677963,27.85018856698216,1.7856480545536892,368.23491518807623,3.101446759259259,2022-06-03 22:52:30+00:00,328.78348168040424,271.81061817400496,-0.3415520545510376,301.27196120518323
2022-05-30 23:07:30,123.21022063726146,27.754222241913514,1.773238606797865,387.38768721791274,3.111863425925926,2022-06-03 23:07:30+00:00,328.30805932926154,271.6727633372759,-0.3402938797810499,300.7048785012057
2022-05-30 23:22:30,123.27116976904436,27.658208275258747,1.760719583100067,376.4840548114116,3.1222800925925926,2022-06-03 23:22:30+00:00,328.30805932926154,271.5349084626444,-0.3390356985418826,299.6475607493972
2022-05-30 23:37:30,123.33357071062136,27.5621476178919,1.7480897178909998,383.9492805469433,3.132696759259259,2022-06-03 23:37:30+00:00,327.8438143647253,271.3970535501329,-0.3377775108707035,299.36799427617456
2022-05-30 23:52:30,123.39743938803709,27.466041244582993,1.73534772931142,364.84459530204623,3.143113425925926,2022-06-03 23:52:30+00:00,327.39076423558623,271.2591985997491,-0.3365193168047228,298.08940827304764
2022-05-31 00:07:30,123.46279194816502,27.36989015458165,1.722492319040316,353.47611971567585,3.1535300925925926,2022-06-04 00:07:30+00:00,327.39076423558623,271.1213436115007,-0.3352611163811868,297.7438588123062
2022-05-31 00:22:30,123.5296447620455,27.27369537214103,1.7095221721137523,364.35791973403457,3.163946759259259,2022-06-04 00:22:30+00:00,326.94892261546624,270.9834885853958,-0.3340029096372524,296.64997217584863
2022-05-31 00:37:30,123.59801442845264,27.17745794706553,1.696435956755466,358.7794013660462,3.174363425925926,2022-06-04 00:37:30+00:00,326.94892261546624,270.8456335214418,-0.3327446966101597,300.5750324615099
2022-05-31 00:52:30,123.66791777715012,27.0811789553274,1.6832323242058311,366.5316594525059,3.1847800925925926,2022-06-04 00:52:30+00:00,326.5182989351648,270.7077784196469,-0.3314864773371131,300.7141532183268
2022-05-31 01:07:30,123.73937187274116,26.98485949959984,1.6699099085421292,355.0843795418086,3.195196759259259,2022-06-04 01:07:30+00:00,326.09889788460566,270.5699232800188,-0.3302282518553082,303.527042425206
2022-05-31 01:22:30,123.81239401787134,26.888500709961708,1.656467326523282,351.20322912355,3.205613425925926,2022-06-04 01:22:30+00:00,326.09889788460566,270.4320681025509,-0.3289700202019504,306.1027638657021
2022-05-31 01:37:30,123.88700175705354,26.79210374445404,1.6429031774138303,365.55892971763393,3.2160300925925926,2022-06-04 01:37:30+00:00,325.69071888475065,270.29421288728025,-0.3277117824142563,306.97829716193655
2022-05-31 01:52:30,123.96321288038222,26.695669789715577,1.6292160428194098,357.43227663399824,3.226446759259259,2022-06-04 01:52:30+00:00,325.2937555303839,270.15635763420005,-0.3264535385294336,306.0073667753133
2022-05-31 02:07:30,124.04104542697692,26.599200061700465,1.6154044865342958,356.92612399878334,3.236863425925926,2022-06-04 02:07:30+00:00,325.2937555303839,270.0185023433039,-0.3251952885846926,307.61707222475167
2022-05-31 02:22:30,124.12051768907912,26.50269580626612,1.6014670543721097,371.33633204099334,3.2472800925925926,2022-06-04 02:22:30+00:00,324.9079950052747,269.8806470146288,-0.3239370326172298,302.37167766383124
2022-05-31 02:37:30,124.20164821560262,26.406158299912605,1.5874022740176883,379.4571865995735,3.257696759259259,2022-06-04 02:37:30+00:00,324.53341747189603,269.7427916481679,-0.3226787706642864,301.1574846967167
2022-05-31 02:52:30,124.28445581600444,26.30958885046833,1.5732086548750608,356.224378059695,3.268113425925926,2022-06-04 02:52:30+00:00,324.53341747189603,269.60493624392944,-0.3214205027630616,298.8499350769801
2022-05-31 03:07:30,124.3689595643159,26.212988797800048,1.558884687918341,358.16959890415654,3.2785300925925926,2022-06-04 03:07:30+00:00,324.1699954386014,269.46708080190695,-0.3201622289507392,299.9907252828789
2022-05-31 03:22:30,124.45517880295624,26.11635951455448,1.5444288455503348,341.04430165963305,3.288946759259259,2022-06-04 03:22:30+00:00,323.81769310794107,269.3292253221229,-0.3189039492645447,301.80724487903115
2022-05-31 03:37:30,124.54313314679912,26.019702406886736,1.529839581461702,351.3495562448118,3.299363425925926,2022-06-04 03:37:30+00:00,323.81769310794107,269.1913698045999,-0.3176456637417085,302.97634103978004
2022-05-31 03:52:30,124.63284248703302,25.92301891528933,1.515115330507222,334.36745119985306,3.3097800925925926,2022-06-04 03:52:30+00:00,323.4764657106189,269.05351424931683,-0.3163873724194058,303.79799666110176
2022-05-31 04:07:30,124.724326995458,25.826310515309128,1.5002545085688574,339.79300564591955,3.320196759259259,2022-06-04 04:07:30+00:00,323.1462588304416,268.91565865631094,-0.315129075334882,307.53637014071074
2022-05-31 04:22:30,124.81760712843368,25.729578718378068,1.485255512438837,336.4240039214369,3.330613425925926,2022-06-04 04:22:30+00:00,323.1462588304416,268.77780302557574,-0.3138707725253524,304.87075528811755
2022-05-31 04:37:30,124.91270363106642,25.63282507266269,1.4701167197100724,333.2533293265323,3.3410300925925926,2022-06-04 04:37:30+00:00,322.82700772647655,268.63994735710486,-0.3126124640280125,294.7597848265628
2022-05-31 04:52:30,125.00963754148437,25.536051163849603,1.4548364886611065,350.0518651202415,3.351446759259259,2022-06-04 04:52:30+00:00,322.82700772647655,268.50209165092093,-0.3113541498800697,291.2429807254515
2022-05-31 05:07:30,125.1084301948859,25.439258616089813,1.4394131581692131,357.2428702214905,3.361863425925926,2022-06-04 05:07:30+00:00,322.5186366595019,268.36423590703197,-0.3100958301187656,291.4805098444497
2022-05-31 05:22:30,125.20910322798224,25.34244909280277,1.4238450476092095,358.77186857591715,3.3722800925925926,2022-06-04 05:22:30+00:00,322.22105823067375,268.22638012544644,-0.3088375047812855,290.05581693394714
2022-05-31 05:37:30,125.3116785832299,25.245624297628837,1.4081304567790476,368.96583767855145,3.382696759259259,2022-06-04 05:37:30+00:00,322.22105823067375,268.08852430618697,-0.3075791739048523,290.6102763865702
2022-05-31 05:52:30,125.41617851317356,25.148785975339937,1.392267665826794,394.1470196734346,3.393113425925926,2022-06-04 05:52:30+00:00,321.93417274114273,267.9506684492325,-0.3063208375266925,291.1519198664441
2022-05-31 06:07:30,125.52262558481875,25.0519359127648,1.3762549351856426,357.4889048835157,3.4035300925925926,2022-06-04 06:07:30+00:00,321.657867582092,267.8128125546061,-0.305062495684006,290.55833797069187
2022-05-31 06:22:30,125.63104268405216,24.95507593979852,1.360090505531584,353.90822505724236,3.413946759259259,2022-06-04 06:22:30+00:00,321.657867582092,267.6749566223156,-0.3038041484140117,290.2522723056947
2022-05-31 06:37:30,125.74145302007318,24.858207930364276,1.343772597739976,345.5116017367845,3.424363425925926,2022-06-04 06:37:30+00:00,321.39201666532125,267.53710065236965,-0.3025457957539334,290.81273021172854
2022-05-31 06:52:30,125.85388012980891,24.76133380343013,1.3272994128611786,382.1957076939625,3.4347800925925926,2022-06-04 06:52:30+00:00,321.13647990504387,267.39924464477633,-0.3012874377409852,292.02838063439066
2022-05-31 07:07:30,125.96834788246667,24.664455524061733,1.3106691321112096,356.58908690609286,3.445196759259259,2022-06-04 07:07:30+00:00,321.13647990504387,267.261388599544,-0.3000290744123803,289.02986458913006
2022-05-31 07:22:30,126.08488048394982,24.567575104466226,1.293879916871758,349.4014906370619,3.455613425925926,2022-06-04 07:22:30+00:00,320.8911027619693,267.1235325166954,-0.2987707058053418,287.4287834221056
2022-05-31 07:37:30,126.2035024815888,24.47069460506511,1.2769299087056796,367.0257381873517,3.4660300925925926,2022-06-04 07:37:30+00:00,320.65571586098537,266.98567639620995,-0.2975123319570724,289.31552587646075
2022-05-31 07:52:30,126.32423876837213,24.37381613565606,1.259817229400502,361.4877933723021,3.476446759259259,2022-06-04 07:52:30+00:00,320.65571586098537,266.8478202381105,-0.2962539529048083,289.6374910565227
2022-05-31 08:07:30,126.4471145878244,24.276941856479137,1.2425399810073492,345.19655783267103,3.486863425925926,2022-06-04 08:07:30+00:00,320.43013469381646,266.7099640424054,-0.2949955686857416,289.0150250417362
2022-05-31 08:22:30,126.57215553831668,24.180073979446867,1.2250962459237482,379.3987586147853,3.4972800925925926,2022-06-04 08:22:30+00:00,320.2141594178873,266.5721078091029,-0.2937371793371357,290.0310040543763
2022-05-31 08:37:30,126.6993875778268,24.08321476927179,1.207484086971828,378.4971453531957,3.507696759259259,2022-06-04 08:37:30+00:00,320.2141594178873,266.434251538197,-0.2924787848961627,288.17473567056203
2022-05-31 08:52:30,126.8288370283736,23.986366544727595,1.1897015475167685,387.5336467982065,3.518113425925926,2022-06-04 08:52:30+00:00,320.00757476225584,266.29639522972514,-0.2912203854000648,290.0071547817792
2022-05-31 09:07:30,126.9605305807678,23.889531679847572,1.1717466515914907,364.9601495293928,3.5285300925925926,2022-06-04 09:07:30+00:00,320.00757476225584,266.15853888368133,-0.2899619808860672,298.3524729768469
2022-05-31 09:22:30,127.09449529892562,23.792712605252756,1.1536174040614806,369.82853230745815,3.538946759259259,2022-06-04 09:22:30+00:00,319.81015005087625,266.020682500074,-0.288703571391351,298.21130455521103
2022-05-31 09:37:30,127.2307586246721,23.695911809389635,1.135311790794678,365.6948724360308,3.549363425925926,2022-06-04 09:37:30+00:00,319.6216393526035,265.8828260789115,-0.2874451569532029,296.8720761709075
2022-05-31 09:52:30,127.36934838221472,23.59913183989152,1.116827778872553,363.9129996538774,3.5597800925925926,2022-06-04 09:52:30+00:00,319.6216393526035,265.74496962021703,-0.2861867376087785,296.3987598378249
2022-05-31 10:07:30,127.51029278248586,23.502375304943303,1.098163316825136,357.8251845044876,3.570196759259259,2022-06-04 10:07:30+00:00,319.44178176625735,265.6071131239553,-0.2849283133953537,298.1715557675491
2022-05-31 10:22:30,127.6536204279172,23.405644874642416,1.0793163348886596,347.97231777651126,3.580613425925926,2022-06-04 10:22:30+00:00,319.27030184772036,265.46925659019325,-0.283669884350103,300.48599517714706
2022-05-31 10:37:30,127.79936031669318,23.30894328242288,1.060284745299232,357.5614617186778,3.5910300925925926,2022-06-04 10:37:30+00:00,319.27030184772036,265.3314000188811,-0.2824114505102712,299.70426901979494
2022-05-31 10:52:30,127.94754184729898,23.212273326517096,1.0410664426206764,360.6789751810722,3.601446759259259,2022-06-04 10:52:30+00:00,319.1069101844687,265.1935434100711,-0.2811530119130733,297.6349471341124
2022-05-31 11:07:30,128.09819482280434,23.115637871423985,1.0216593041012512,350.6539562042761,3.611863425925926,2022-06-04 11:07:30+00:00,318.9513041211393,265.05568676374264,-0.2798945685957442,297.44812783210114
2022-05-31 11:22:30,128.25134945503402,23.01903984945954,1.0020611900777017,356.62746462628115,3.6222800925925926,2022-06-04 11:22:30+00:00,318.9513041211393,264.9178300799481,-0.2786361205954942,299.5328915195359
2022-05-31 11:37:30,128.4070363692831,22.922482262215738,0.9822699443896687,357.71350726268497,3.632696759259259,2022-06-04 11:37:30+00:00,318.80316863774425,264.779973358638,-0.2773776679495339,298.2292424696431
2022-05-31 11:52:30,128.5652866079559,22.82596818223199,0.9622833948728744,369.86462154383344,3.643113425925926,2022-06-04 11:52:30+00:00,318.6621773799895,264.6421165998789,-0.2761192106951275,296.70880038158833
2022-05-31 12:07:30,128.72613163499676,22.729500754555016,0.9420993538632662,341.2002735110966,3.6535300925925926,2022-06-04 12:07:30+00:00,318.6621773799895,264.504259803636,-0.2748607488694584,296.5657047460053
2022-05-31 12:22:30,128.8896033397848,22.633083198400072,0.9217156187594976,344.55246988410835,3.663946759259259,2022-06-04 12:22:30+00:00,318.5279938388704,264.36640296991794,-0.2736022825097721,298.5659860451179
2022-05-31 12:37:30,129.05573404103808,22.5367188088286,0.9011299726291424,345.6883750207938,3.674363425925926,2022-06-04 12:37:30+00:00,318.40027267435204,264.2285460987771,-0.2723438116532815,297.4540901502504
2022-05-31 12:52:30,129.2245564907303,22.440410958446577,0.8803401848590655,350.64540607757795,3.6847800925925926,2022-06-04 12:52:30+00:00,318.40027267435204,264.0906891901639,-0.2710853363372019,299.81980549593237
2022-05-31 13:07:30,129.39610387747658,22.34416309920579,0.8593440118734929,320.1328812214117,3.695196759259259,2022-06-04 13:07:30+00:00,318.2786611755353,263.95283224413083,-0.2698268565987977,299.1016773988393
2022-05-31 13:22:30,129.57040983041992,22.2479787641324,0.8381391978817737,331.39427230294706,3.705613425925926,2022-06-04 13:22:30+00:00,318.2786611755353,263.8149752606722,-0.2685683724752344,301.76484617219177
2022-05-31 13:37:30,129.74750842239632,22.151861569175708,0.816723475700748,328.21644488386795,3.7160300925925926,2022-06-04 13:37:30+00:00,318.1628008473226,263.67711823979664,-0.2673098840038001,298.2007048785012
2022-05-31 13:52:30,129.92743417317584,22.0558152150817,0.7950945676355745,328.11442505753035,3.726446759259259,2022-06-04 13:52:30+00:00,318.05232911127615,263.5392611815128,-0.2660513912216927,297.32358163076026
2022-05-31 14:07:30,130.11022205263504,21.959843489247845,0.773250186409583,336.4252741145285,3.736863425925926,2022-06-04 14:07:30+00:00,318.05232911127615,263.4014040858153,-0.2647928941661268,296.91151919866445
2022-05-31 14:22:30,130.29590748349534,21.863950267704507,0.7511880361792307,346.8305716649201,3.7472800925925926,2022-06-04 14:22:30+00:00,317.9468811061627,263.26354695274176,-0.2635343928743469,293.59514534806686
2022-05-31 14:37:30,130.48452634410452,21.768139517037003,0.728905813597807,330.27123811416436,3.757696759259259,2022-06-04 14:37:30+00:00,317.8460915716542,263.1256897823012,-0.2622758873835556,293.25542570951586
2022-05-31 14:52:30,130.67611497067512,21.672415296450193,0.7064012089731712,334.24930545937696,3.768113425925926,2022-06-04 14:52:30+00:00,317.8460915716542,262.9878325744587,-0.2610173777310192,295.94562365847844
2022-05-31 15:07:30,130.8707101597335,21.576781759753736,0.683671907474906,329.39537986472436,3.7785300925925926,2022-06-04 15:07:30+00:00,317.7495967968554,262.849975329267,-0.259758863953945,294.544780020573
2022-05-31 15:22:30,131.068349169879,21.48124315748811,0.6607155904439752,340.9996357000334,3.788946759259259,2022-06-04 15:22:30+00:00,317.65703661380047,262.7121180467203,-0.2585003460895415,292.78997759799097
2022-05-31 15:37:30,131.26906972347598,21.385803839025076,0.6375299367702272,318.66977007558995,3.799363425925926,2022-06-04 15:37:30+00:00,317.65703661380047,262.5742607268276,-0.2572418241750641,294.8830060683149
2022-05-31 15:52:30,131.47291000799004,21.290468254759507,0.6141126243685411,321.4795492487479,3.8097800925925926,2022-06-04 15:52:30+00:00,317.56805641483885,262.4364033695977,-0.2559832982477402,296.65941552419014
2022-05-31 16:07:30,131.6799086771472,21.195240958250515,0.5904613317252646,316.4572405774315,3.820196759259259,2022-06-04 16:07:30+00:00,317.4823091719528,262.29854597503993,-0.2547247683447831,297.41367888279404
2022-05-31 16:22:30,131.890104851507,21.100126608517563,0.5665737395647464,314.89918735897965,3.830613425925926,2022-06-04 16:22:30+00:00,317.4823091719528,262.16068854314835,-0.2534662345034176,297.6020640461375
2022-05-31 16:37:30,132.10353811887484,21.00512997226041,0.5424475325899897,317.19750210925014,3.8410300925925926,2022-06-04 16:37:30+00:00,317.39945743552977,262.02283107397574,-0.252207696760888,296.84593369902217
2022-05-31 16:52:30,132.3202485341799,20.91025592621747,0.5180804013477256,305.8112013775953,3.851446759259259,2022-06-04 16:52:30+00:00,317.3191752899752,261.8849735674874,-0.2509491551544404,296.3643108885179
2022-05-31 17:07:30,132.54027661894503,20.815509459511556,0.4934700441917127,299.92915802431656,3.861863425925926,2022-06-04 17:07:30+00:00,317.3191752899752,261.74711602370695,-0.2496906097212781,297.0532898746588
2022-05-31 17:22:30,132.7636633605886,20.720895675979605,0.4686141693411363,298.73565841528847,3.8722800925925926,2022-06-04 17:22:30+00:00,317.24115024378716,261.60925844264364,-0.2484320604986236,297.1754270585656
2022-05-31 17:37:30,132.99045021082725,20.626419796663665,0.4435104970901733,296.30843601894634,3.882696759259259,2022-06-04 17:37:30+00:00,317.24115024378716,261.47140082430633,-0.2471735075237423,295.8560563902801
2022-05-31 17:52:30,133.2206790838303,20.53208716222775,0.4181567621102379,292.68477765973597,3.893113425925926,2022-06-04 17:52:30+00:00,317.1650850323315,261.3335431687043,-0.2459149508338365,296.8936832042007
2022-05-31 18:07:30,133.4543923497634,20.437903236069342,0.3925507177322472,299.4623051433481,3.9035300925925926,2022-06-04 18:07:30+00:00,317.09069931252003,261.19568547584646,-0.244656390466144,295.1029493600445
2022-05-31 18:22:30,133.6916328404706,20.343873605511902,0.3666901345446365,299.50907067334447,3.913946759259259,2022-06-04 18:22:30+00:00,317.09069931252003,261.05782774574214,-0.2433978264578863,298.83138564273787
2022-05-31 18:37:30,133.93244384396695,20.25000398474469,0.3405728040222887,300.50345689587357,3.924363425925926,2022-06-04 18:37:30+00:00,317.0177312299006,260.9199699784003,-0.2421392588463303,299.1484123370601
2022-05-31 18:52:30,134.17686909406595,20.156300218273405,0.3141965440989911,309.1464941569282,3.9347800925925926,2022-06-04 18:52:30+00:00,316.9459388402625,260.7821121738303,-0.2408806876686725,299.75355751649573
2022-05-31 19:07:30,134.42495276900578,20.062768283022677,0.2875592006501682,295.72431490621193,3.945196759259259,2022-06-04 19:07:30+00:00,316.9459388402625,260.64425433205577,-0.2396221129621641,299.30018043540576
2022-05-31 19:22:30,134.6767394854952,19.969414291062,0.2606586506620637,294.9743028218702,3.955613425925926,2022-06-04 19:22:30+00:00,316.87510136971997,260.5063964530568,-0.2383635347640314,300.0657661759498
2022-05-31 19:37:30,134.93227429274182,19.876244492195937,0.2334928055174151,305.4593358599245,3.9660300925925926,2022-06-04 19:37:30+00:00,316.80502029930454,260.3685385368573,-0.2371049531115039,298.8174735670562
2022-05-31 19:52:30,135.19160266484212,19.783265276781048,0.2060596144998574,295.40691772720027,3.976446759259259,2022-06-04 19:52:30+00:00,316.80502029930454,260.23068058346644,-0.2358463680418259,299.0221798235154
2022-05-31 20:07:30,135.4547704931805,19.690483178364545,0.1783570684123725,307.34340784424256,3.986863425925926,2022-06-04 20:07:30+00:00,316.7355202623317,260.0928225929081,-0.2345877795922169,299.00676211193735
2022-05-31 20:22:30,135.72182407715624,19.59790487654625,0.1503832034298073,279.3780011359138,3.9972800925925926,2022-06-04 20:22:30+00:00,316.6664497451511,259.95496456516236,-0.2333291877999304,297.5011262156504
2022-05-31 20:37:30,135.99281011467747,19.50553719966551,0.1221361050764467,280.88659926773516,4.007696759259259,2022-06-04 20:37:30+00:00,316.6664497451511,259.8171065002533,-0.2320705927021754,297.19373559106447
2022-05-31 20:52:30,136.2677756910305,19.41338712769229,0.0936139124490571,283.5473711957602,4.018113425925926,2022-06-04 20:52:30+00:00,316.59768158430006,259.67924839820455,-0.2308119943361961,296.4705485573599
2022-05-31 21:07:30,136.5467682673029,19.321461794988704,0.064814822588301,266.6571522451269,4.028530092592592,2022-06-04 21:07:30+00:00,316.5291132554989,259.5413902589965,-0.229553392739231,295.5719850544558
2022-05-31 21:22:30,136.82983566723735,19.229768493166173,0.0357370950792773,267.0426320289914,4.038946759259259,2022-06-04 21:22:30+00:00,316.5291132554989,259.403532082653,-0.2282947879485274,294.97310332034874
2022-05-31 21:37:30,137.11702606335643,19.138314673914348,0.0063790568442588,257.20210767946577,4.049363425925926,2022-06-04 21:37:30+00:00,316.46066695231497,259.2656738691979,-0.2270361800013104,296.26300243996405
2022-05-31 21:52:30,137.40838796139997,19.047107951886417,-0.0232608928330158,263.18491017367256,4.059780092592592,2022-06-04 21:52:30+00:00,316.46066695231497,259.12781561861186,-0.225777568934807,294.8896308662586
2022-05-31 22:07:30,137.70397018405882,18.95615610751954,-0.0531842770885976,278.3415725237856,4.070196759259259,2022-06-04 22:07:30+00:00,316.39228945463316,258.9899573309476,-0.2245189547862438,294.0853803958979
2022-05-31 22:22:30,138.0038218529529,18.86546708992391,-0.0833925360090623,273.0374153000098,4.080613425925926,2022-06-04 22:22:30+00:00,316.3239517892688,258.8520990061567,-0.2232603375928872,293.0439621591542
2022-05-31 22:37:30,138.3079923695181,18.775049019695125,-0.1138870209579755,276.49875541071447,4.091030092592592,2022-06-04 22:37:30+00:00,316.3239517892688,258.71424064427737,-0.2220017173919541,292.23838672920476
2022-05-31 22:52:30,138.61653139423538,18.68491019180247,-0.1446689886361911,279.4181762993419,4.101446759259259,2022-06-04 22:52:30+00:00,316.25564868711587,258.57638224533395,-0.2207430942206954,292.51530328324986
2022-05-31 23:07:30,138.92948882448113,18.595059078390047,-0.1757395949254718,295.0247818997941,4.111863425925926,2022-06-04 23:07:30+00:00,316.1873978431134,258.4385238093211,-0.2194844681163176,290.69878368709755
2022-05-31 23:22:30,139.24691477068507,18.505504331622618,-0.2070998884627078,274.48879247539116,4.122280092592592,2022-06-04 23:22:30+00:00,316.1873978431134,258.3006653362486,-0.2182258391161039,291.13403291199614
2022-05-31 23:37:30,139.56885953131427,18.41625478640391,-0.2387508039989219,285.52052774040874,4.132696759259259,2022-06-04 23:37:30+00:00,316.1192389870163,258.1628068261113,-0.2169672072572561,289.37117417918756
2022-05-31 23:52:30,139.89537356504616,18.32731946325738,-0.2706931554338057,274.5960849626067,4.143113425925926,2022-06-04 23:52:30+00:00,316.051232774471,258.02494827894805,-0.2157085725770251,289.86202074682876
2022-06-01 00:07:30,140.22650746254615,18.238707570930977,-0.3029276286736169,277.35699850628237,4.153530092592592,2022-06-05 00:07:30+00:00,316.051232774471,257.8870896947536,-0.2144499351126509,289.2678273312664
2022-06-01 00:22:30,140.56231191536352,18.150428509151475,-0.3354547741573621,275.5524530809115,4.163946759259259,2022-06-05 00:22:30+00:00,315.98345950921174,257.7492310735378,-0.2131912949013537,288.77132883810674
2022-06-01 00:37:30,140.9028376832668,18.06249187124419,-0.3682749991434538,280.7734031427217,4.174363425925926,2022-06-05 00:37:30+00:00,315.91601770830846,257.61137241531026,-0.2119326519803891,289.14183571946506
2022-06-01 00:52:30,141.24813555957846,17.97490744670663,-0.4013885597239162,278.3001254556411,4.184780092592592,2022-06-05 00:52:30+00:00,315.91601770830846,257.4735137200806,-0.210674006386998,289.1035323422636
2022-06-01 01:07:30,141.5982563344347,17.88768522371172,-0.4347955525662355,277.25054578143056,4.195196759259259,2022-06-05 01:07:30+00:00,315.8490225233372,257.3356549878585,-0.2094153581584156,289.2531323249186
2022-06-01 01:22:30,141.95325075576292,17.800835391568697,-0.4684959063699042,275.6506265020455,4.205613425925926,2022-06-05 01:22:30+00:00,315.7826040310965,257.1977962186533,-0.208156707331889,288.8146911519199
2022-06-01 01:37:30,142.31316948799247,17.714368343094637,-0.5024893730513076,274.5888817320206,4.216030092592592,2022-06-05 01:37:30+00:00,315.7826040310965,257.0599374124899,-0.206898053944643,286.4960118716379
2022-06-01 01:52:30,142.67806306890873,17.628294676825664,-0.5367755186793509,290.4478624669553,4.226446759259259,2022-06-05 01:52:30+00:00,315.71690540809465,256.9220785693339,-0.2056393980339184,288.34168057874234
2022-06-01 02:07:30,143.04798186330368,17.54262519925217,-0.5713537140904819,295.9780217538396,4.236863425925926,2022-06-05 02:07:30+00:00,315.71690540809465,256.78421968925346,-0.2043807396369598,287.93226806582396
2022-06-01 02:22:30,143.42297601484603,17.457370926858147,-0.6062231252639568,331.42591738500613,4.247280092592592,2022-06-05 02:22:30+00:00,315.65208100349116,256.64636077221473,-0.2031220787910042,289.18567983676496
2022-06-01 02:37:30,143.80309539524657,17.37254308803252,-0.641382703433096,342.69205506445167,4.257696759259259,2022-06-05 02:37:30+00:00,315.5882943255116,256.50850181825626,-0.2018634155333148,287.32278665500706
2022-06-01 02:52:30,144.1883895504604,17.28815312491121,-0.6768311749061096,351.73853550172134,4.268113425925926,2022-06-05 02:52:30+00:00,315.5882943255116,256.37064282735906,-0.2006047499011038,287.05249489890565
2022-06-01 03:07:30,144.5789076447876,17.204212694996805,-0.7125670306614105,370.1232011157837,4.278530092592592,2022-06-05 03:07:30+00:00,315.525715956593,256.2327837995622,-0.1993460819316214,287.7653231576437
2022-06-01 03:22:30,144.97469840163103,17.120733672701082,-0.7485885156597832,396.6000244309622,4.288946759259259,2022-06-05 03:22:30+00:00,315.4645214126704,256.09492473484613,-0.1980874116621127,287.0710443331478
2022-06-01 03:37:30,145.37581004170622,17.037728150662204,-0.7848936179379138,407.1484837188194,4.299363425925926,2022-06-05 03:37:30+00:00,315.4645214126704,255.95706563325,-0.1968287391298123,287.28038794816763
2022-06-01 03:52:30,145.78229021853087,16.955208440866755,-0.8214800574755534,392.744593892626,4.309780092592592,2022-06-05 03:52:30+00:00,315.4048889621093,255.81920649476896,-0.195570064371977,286.6536820626971
2022-06-01 04:07:30,146.1941859503396,16.87318707566845,-0.8583452748054226,379.77859539361714,4.320196759259259,2022-06-05 04:07:30+00:00,315.3469974198312,255.68134731941305,-0.1943113874258404,287.6566764713676
2022-06-01 04:22:30,146.61154354977785,16.79167680846243,-0.895486419474327,371.70014540362973,4.330613425925926,2022-06-05 04:22:30+00:00,315.3469974198312,255.54348810717755,-0.1930527083286273,284.90076052680394
2022-06-01 04:37:30,147.03440854988807,16.71069061422562,-0.9329003382777922,365.78473850710975,4.341030092592592,2022-06-05 04:37:30+00:00,315.29102393219694,255.40562885810164,-0.191794027117608,285.7411925859338
2022-06-01 04:52:30,147.46282562735863,16.630241689783098,-0.9705835633380948,362.1920028526508,4.351446759259259,2022-06-05 04:52:30+00:00,315.23714176819334,255.26776957218084,-0.1905353438300119,284.3389776611814
2022-06-01 05:07:30,147.89683852231286,16.5503434538286,-1.008532300028681,360.8122913188648,4.361863425925926,2022-06-05 05:07:30+00:00,315.23714176819334,255.1299102494249,-0.1892766585030889,286.70680089711806
2022-06-01 05:22:30,148.33648995515298,16.471009546639774,-1.0467424147874236,365.98386691683777,4.372280092592592,2022-06-05 05:22:30+00:00,315.1855181324488,254.9920508898439,-0.1880179711740769,286.4854121949281
2022-06-01 05:37:30,148.78182154000967,16.3922538295419,-1.0852094228107445,365.7196029291598,4.382696759259259,2022-06-05 05:37:30+00:00,315.13631201555233,254.85419149344804,-0.186759281880222,286.3747271092847
2022-06-01 05:52:30,149.23287369500443,16.314090384032397,-1.1239284756925878,348.8594406999217,4.393113425925926,2022-06-05 05:52:30+00:00,315.13631201555233,254.71633206026172,-0.1855005906587637,283.95473938044887
2022-06-01 06:07:30,149.68968554950948,16.236533510554004,-1.1628943490334576,348.1880804577208,4.403530092592592,2022-06-05 06:07:30+00:00,315.089672097096,254.57847259026607,-0.1842418975469317,283.05045446113894
2022-06-01 06:22:30,150.15229484743475,16.15959772701071,-1.2021014300036414,358.2372210808604,4.413946759259259,2022-06-05 06:22:30+00:00,315.089672097096,254.44061308348552,-0.1829832025820127,283.4623362169272
2022-06-01 06:37:30,150.6207378484793,16.08329776677943,-1.241543705004937,340.1867696160267,4.424363425925926,2022-06-05 06:37:30+00:00,315.04573471677327,254.30275353994503,-0.1817245058012149,284.9709833850067
2022-06-01 06:52:30,151.09504922457967,16.007648576502728,-1.2812147473240671,341.64798473646556,4.434780092592592,2022-06-05 06:52:30+00:00,315.00462192875284,254.1648939596254,-0.1804658072417979,282.99546863820655
2022-06-01 07:07:30,151.57526195498113,15.932665313293878,-1.3211077049955755,348.56101470578454,4.445196759259259,2022-06-05 07:07:30+00:00,315.00462192875284,254.027034342566,-0.1792071069410114,284.91930996104617
2022-06-01 07:22:30,152.06140721655245,15.858363341692645,-1.3612152887390818,349.42838063439063,4.455613425925926,2022-06-05 07:22:30+00:00,314.96643965438415,253.88917468874777,-0.1779484049360875,283.8487426133503
2022-06-01 07:37:30,152.55351427221106,15.784758230052068,-1.40152976017602,332.7604831582048,4.466030092592592,2022-06-05 07:37:30+00:00,314.9312759480707,253.75131499821032,-0.1766897012642573,282.82852373002623
2022-06-01 07:52:30,153.05161035594716,15.71186574650508,-1.4420429202914504,323.6742533271231,4.476446759259259,2022-06-05 07:52:30+00:00,314.9312759480707,253.61345527094903,-0.1754309959628053,281.06102763865704
2022-06-01 08:07:30,153.5557205546539,15.639701854487068,-1.4827460982000744,310.40111898208727,4.486863425925926,2022-06-05 08:07:30+00:00,314.89919939084103,253.4755955069596,-0.1741722890689642,283.1571137080319
2022-06-01 08:22:30,154.06586768808074,15.568282707668647,-1.523630140345602,327.9751967564989,4.497280092592592,2022-06-05 08:22:30+00:00,314.8702576257472,253.33773570629623,-0.172913580619938,283.94546466332775
2022-06-01 08:37:30,154.58207218543316,15.497624644447647,-1.5646854001042845,335.5177328067104,4.507696759259259,2022-06-05 08:37:30+00:00,314.8702576257472,253.1998758689253,-0.1716548706530423,284.2992288735193
2022-06-01 08:52:30,155.10435195981347,15.427744181860998,-1.6059017279279872,335.8583750695604,4.518113425925926,2022-06-05 08:52:30+00:00,314.8444760486985,253.06201599485703,-0.1703961592054771,284.58542014468554
2022-06-01 09:07:30,155.6327222807747,15.358658008913196,-1.6472684620867146,343.0279632721202,4.528530092592592,2022-06-05 09:07:30+00:00,314.82185666767333,252.9241560841456,-0.1691374463145111,284.87691125420673
2022-06-01 09:22:30,156.1671956439815,15.290382979418071,-1.6887744200212311,338.03385389150696,4.538946759259259,2022-06-05 09:22:30+00:00,314.82185666767333,252.7862961367577,-0.1678787320173629,285.7624660629669
2022-06-01 09:37:30,156.70778164020828,15.222936104119327,-1.7304078905041878,330.27472972753947,4.549363425925926,2022-06-05 09:37:30+00:00,314.80237714243304,252.6484361527182,-0.1666200163513191,286.4888774738525
2022-06-01 09:52:30,157.25448682183367,15.156334542308326,-1.7721566265560909,312.33837772806226,4.559780092592592,2022-06-05 09:52:30+00:00,314.7859900158635,252.510576132052,-0.1653612993535889,286.9922092376183
2022-06-01 10:07:30,157.80731456860025,15.090595592757415,-1.814007839290946,305.20159862396923,4.570196759259259,2022-06-05 10:07:30+00:00,314.7859900158635,252.37271607474048,-0.1641025810614378,288.1115962501605
2022-06-01 10:22:30,158.36626495256195,15.025736684011829,-1.855948192746692,297.4192399807862,4.580613425925926,2022-06-05 10:22:30+00:00,314.77262214688886,252.2348559808231,-0.1628438615121294,288.4013037602353
2022-06-01 10:37:30,158.931334601999,14.9617753640533,-1.8979637997664545,315.4752657938669,4.591030092592592,2022-06-05 10:37:30+00:00,314.77262214688886,252.0969958502958,-0.1615851407428971,287.0617696160267
2022-06-01 10:52:30,159.50251656555116,14.89872928927484,-1.940040219048023,325.7049509599333,4.601446759259259,2022-06-05 10:52:30+00:00,314.7621743535165,251.9591356831545,-0.1603264187909663,287.3121869782971
2022-06-01 11:07:30,160.0798001762182,14.83661621279433,-1.982162453429934,345.30790754543955,4.611863425925926,2022-06-05 11:07:30+00:00,314.7545212729966,251.82127547945328,-0.1590676956936256,290.0667779632721
2022-06-01 11:22:30,160.66317091594766,14.775453972094905,-2.0243149495001784,339.34357262103504,4.622280092592592,2022-06-05 11:22:30+00:00,314.7545212729966,251.68341523914464,-0.1578089714880934,290.7968306966638
2022-06-01 11:37:30,161.25261028174307,14.715260475920688,-2.066481598661789,344.3015144288099,4.632696759259259,2022-06-05 11:37:30+00:00,314.7495114443003,251.5455549622828,-0.1565502462116281,291.98495809514174
2022-06-01 11:52:30,161.84809565278672,14.656053690539023,-2.108645739672298,318.9420759631812,4.643113425925926,2022-06-05 11:52:30+00:00,314.74696761615513,251.4076946488779,-0.1552915199014756,292.5510771921456
2022-06-01 12:07:30,162.4496001598564,14.597851625274837,-2.1507901627929424,299.40178074568723,4.653530092592592,2022-06-05 12:07:30+00:00,314.74696761615513,251.26983429891183,-0.1540327925948928,292.25679162240095
2022-06-01 12:22:30,163.0570925571273,14.540672317368074,-2.1928971156153256,324.18360497736774,4.663946759259259,2022-06-05 12:22:30+00:00,314.7466872817433,251.1319739124096,-0.1527740643291327,289.413572886027
2022-06-01 12:37:30,163.67053709752057,14.484533816104449,-2.2349483106718706,392.7442598650965,4.674363425925926,2022-06-05 12:37:30+00:00,314.74844343888134,250.9941134893963,-0.1515153351414505,290.82944508654026
2022-06-01 12:52:30,164.289893410796,14.429454166335637,-2.2769249348371026,378.2971619365609,4.684780092592592,2022-06-05 12:52:30+00:00,314.74844343888134,250.8562530298537,-0.1502566050690694,290.0931752350784
2022-06-01 13:07:30,164.91511638769762,14.375451391197934,-2.318807660740723,381.80933467311235,4.695196759259259,2022-06-05 13:07:30+00:00,314.7519855721013,250.71839253382143,-0.1489978741492468,294.27352465749794
2022-06-01 13:22:30,165.54615606687855,14.32254347432,-2.3605766600527684,374.1991369263237,4.705613425925926,2022-06-05 13:22:30+00:00,314.7570408505706,250.5805320012957,-0.1477391424192409,295.1956965312558
2022-06-01 13:37:30,166.18295752902773,14.270748341265056,-2.402211618910703,356.14935915769314,4.716030092592592,2022-06-05 13:37:30+00:00,314.7570408505706,250.44267143228703,-0.1464804099162993,293.7859395288444
2022-06-01 13:52:30,166.82546079670777,14.220083840397727,-2.443691755413611,405.4246439100629,4.726446759259259,2022-06-05 13:52:30+00:00,314.7633155332647,250.30481082680635,-0.1452216766776702,294.1086996846596
2022-06-01 14:07:30,167.47360074060725,14.170567723154983,-2.4849958392658857,408.6033112832164,4.736863425925926,2022-06-05 14:07:30+00:00,314.77049657029863,250.1669501848644,-0.1439629427406027,294.9148050984445
2022-06-01 14:22:30,168.12730699411725,14.122217623716184,-2.5261022136343523,412.9213176645171,4.747280092592592,2022-06-05 14:22:30+00:00,314.77049657029863,250.02908950647193,-0.1427042081423525,293.2758300871823
2022-06-01 14:37:30,168.78650387566069,14.075051038141314,-2.56698881921911,404.8279390381819,4.757696759259259,2022-06-05 14:37:30+00:00,314.77825338686665,249.89122879165416,-0.1414454729201783,293.23873121869786
2022-06-01 14:52:30,169.45111031343046,14.029085300810245,-2.607633220986086,387.5707947483802,4.768113425925926,2022-06-05 14:52:30+00:00,314.77825338686665,249.753368040393,-0.140186737111323,292.84919309961043
2022-06-01 15:07:30,170.12103980089722,13.9843375672159,-2.6480126358638887,375.73592041157025,4.778530092592592,2022-06-05 15:07:30+00:00,314.78623983389633,249.6155072527284,-0.1389280007530389,292.34438349630335
2022-06-01 15:22:30,170.7962003447409,13.940824790820807,-2.688103963693939,407.92724716632983,4.788946759259259,2022-06-05 15:22:30+00:00,314.7940962873478,249.47764642864175,-0.1376692638825757,291.66559650699884
2022-06-01 15:37:30,171.47649441636537,13.898563696996954,-2.7278838208991836,432.49883138564275,4.799363425925926,2022-06-05 15:37:30+00:00,314.7940962873478,249.33978556817368,-0.1364105265371674,291.7340867257395
2022-06-01 15:52:30,172.16181893130673,13.857570761888486,-2.767328575362355,421.3618442084325,4.809780092592592,2022-06-05 15:52:30+00:00,314.8014518761213,249.20192467131997,-0.1351517887540992,292.01314359912027
2022-06-01 16:07:30,172.85206523520046,13.817862189139582,-2.8064143838039017,454.0703230641726,4.820196759259259,2022-06-05 16:07:30+00:00,314.80792681683533,249.064063738092,-0.1338930505706037,287.75990286841704
2022-06-01 16:22:30,173.54711910213416,13.77945388643464,-2.845117231212908,434.341958820256,4.830613425925926,2022-06-05 16:22:30+00:00,314.80792681683533,248.92620276850025,-0.1326343120239312,287.26713835228026
2022-06-01 16:37:30,174.246860746057,13.74236144188372,-2.883412972278896,416.93755737710273,4.841030092592592,2022-06-05 16:37:30+00:00,314.8131348323418,248.78834176255603,-0.1313755731513578,287.1148884504477
2022-06-01 16:52:30,174.95116484663154,13.706600100294764,-2.9212773747503347,393.4402641603409,4.851446759259259,2022-06-05 16:52:30+00:00,314.8166856297885,248.65048072027025,-0.1301168339900961,287.3002623419985
2022-06-01 17:07:30,175.65990058847896,13.672184739455274,-2.958686164557178,401.5117058614752,4.861863425925926,2022-06-05 17:07:30+00:00,314.8166856297885,248.51261964166852,-0.1288580945774234,286.677796327212
2022-06-01 17:22:30,176.3729317156485,13.63912984644709,-2.9956150726190347,426.1926098447458,4.872280092592592,2022-06-05 17:22:30+00:00,314.8181874133531,248.37475852674723,-0.127599354950588,286.09587407584064
2022-06-01 17:37:30,177.09011660066483,13.6074494941017,-3.032039883157027,413.1789122980345,4.882696759259259,2022-06-05 17:37:30+00:00,314.81724940647706,248.2368973755031,-0.1263406151468462,285.53987285205983
2022-06-01 17:52:30,177.811308328855,13.577157317652537,-3.0679364833713327,345.88824511440635,4.893113425925926,2022-06-05 17:52:30+00:00,314.81724940647706,248.09903618797617,-0.125081875203442,284.2486765692108
2022-06-01 18:07:30,178.53635479840608,13.54826649166652,-3.1032809143100653,323.5846726793176,4.903530092592592,2022-06-05 18:07:30+00:00,314.81348435852885,247.9611749641629,-0.1238231351576365,284.01466832184695
2022-06-01 18:22:30,179.2650988351932,13.520789707359596,-3.138049422704969,344.3118530884808,4.913946759259259,2022-06-05 18:22:30+00:00,314.8065110113242,247.82331370407456,-0.1225643950466831,285.20598303569926
2022-06-01 18:37:30,179.9973783241539,13.494739150329108,-3.172218513628912,371.2186978297162,4.924363425925926,2022-06-05 18:37:30+00:00,314.8065110113242,247.68545240772232,-0.1213056549078392,283.1730132230967
2022-06-01 18:52:30,180.73302635565636,13.470126478835184,-3.205765003701773,385.0553511515957,4.934780092592592,2022-06-05 18:52:30+00:00,314.7959565018159,247.5475910751173,-0.12004691477834,283.528102392877
2022-06-01 19:07:30,181.4718713877748,13.446962802672738,-3.238666074658507,386.1533929097516,4.945196759259259,2022-06-05 19:07:30+00:00,314.7959565018159,247.40972970628528,-0.1187881746954556,281.8940658673547
2022-06-01 19:22:30,182.21373742312483,13.425258662760728,-3.2708993269964703,377.41414754618575,4.955613425925926,2022-06-05 19:22:30+00:00,314.78145867851805,247.27186830122284,-0.1175294346964316,282.6933778519755
2022-06-01 19:37:30,182.9584442016989,13.40502401147718,-3.302442833509224,363.6651995750493,4.966030092592592,2022-06-05 19:37:30+00:00,314.7626683108089,247.1340068599268,-0.1162706948185167,282.07956020977724
2022-06-01 19:52:30,183.70580740758712,13.386268193860872,-3.333275192409181,352.73899175896213,4.976446759259259,2022-06-05 19:52:30+00:00,314.7626683108089,246.99614538243745,-0.1150119550989921,281.5211499685623
2022-06-01 20:07:30,184.45563889010504,13.368999929744568,-3.363375579793451,382.6947991249331,4.986863425925926,2022-06-05 20:07:30+00:00,314.739251172146,246.85828386875164,-0.1137532155750829,279.8632641704428
2022-06-01 20:22:30,185.20774689870265,13.35322729688307,-3.392723801208447,354.8965447462943,4.997280092592592,2022-06-05 20:22:30+00:00,314.7108899803521,246.72042231888057,-0.1124944762840579,279.96964638033086
2022-06-01 20:37:30,185.96193633054892,13.338957715172649,-3.4213003420158565,336.34786046920306,5.007696759259259,2022-06-05 20:37:30+00:00,314.7108899803521,246.58256073285017,-0.1112357372631602,280.69533879216687
2022-06-01 20:52:30,186.71800899075183,13.326197932001664,-3.449086416344463,310.62081419746266,5.018113425925926,2022-06-05 20:52:30+00:00,314.67728618047056,246.44469911064263,-0.1099769985496603,281.46911519198665
2022-06-01 21:07:30,187.47576386373711,13.314954008825383,-3.4760640143244492,283.8553860726966,5.028530092592592,2022-06-05 21:07:30+00:00,314.6381615581656,246.306837452284,-0.1087182601808064,280.50159356503264
2022-06-01 21:22:30,188.2349973953805,13.305231309003618,-3.502215947386291,273.8807102747003,5.038946759259259,2022-06-05 21:22:30+00:00,314.6381615581656,246.16897575780015,-0.107459522193836,280.19715398680336
2022-06-01 21:37:30,188.99550378443743,13.29703448696949,-3.5275258913597622,270.1337393824873,5.049363425925926,2022-06-05 21:37:30+00:00,314.59325967421836,246.03111402718787,-0.1062007846260359,279.30596578342823
2022-06-01 21:52:30,189.75707528305767,13.290367478766475,-3.551978427164569,261.2256673744266,5.059780092592592,2022-06-05 21:52:30+00:00,314.5423471132773,245.89325226045895,-0.1049420475146284,279.9639610991865
2022-06-01 22:07:30,190.51950250461647,13.285233494009672,-3.5755590788492,253.5175706066585,5.070196759259259,2022-06-05 22:07:30+00:00,314.5423471132773,245.75539045762457,-0.1036833108968962,280.0667779632721
2022-06-01 22:22:30,191.28257473757472,13.281635009301567,-3.5982543487757574,281.14987642992367,5.080613425925926,2022-06-05 22:22:30+00:00,314.4852145426135,245.61752861869616,-0.102424574810069,276.35742109865646
2022-06-01 22:37:30,192.04608026497388,13.279573763134335,-3.620051749778414,284.32435936917517,5.091030092592592,2022-06-05 22:37:30+00:00,314.42167757915274,245.47966674370005,-0.1011658392914367,277.7062299599862
2022-06-01 22:52:30,192.80980668781203,13.279050752300323,-3.6409398341097687,293.4051082870544,5.101446759259259,2022-06-05 22:52:30+00:00,314.42167757915274,245.34180483261855,-0.099907104378208,278.4919309961046
2022-06-01 23:07:30,193.5735412505408,13.280066229833553,-3.660908219017677,300.2101541785329,5.111863425925926,2022-06-05 23:07:30+00:00,314.3515774654645,245.2039428854923,-0.0986483701076747,277.91099644188125
2022-06-01 23:22:30,194.33707116912285,13.282619704484468,-3.67994760885602,313.04322308013354,5.122280092592592,2022-06-05 23:22:30+00:00,314.3515774654645,245.0660809023184,-0.0973896365170723,277.5703613767053
2022-06-01 23:37:30,195.10018395833876,13.28670994173895,-3.6980498135812057,355.1885839456419,5.132696759259259,2022-06-05 23:37:30+00:00,314.2747815576436,244.92821888310849,-0.0961309036436859,276.22227522060575
2022-06-01 23:52:30,195.8626677578355,13.292334966364706,-3.7152077635661698,341.7288222305994,5.143113425925926,2022-06-05 23:52:30+00:00,314.1911836300786,244.7903568278595,-0.0948721715247302,275.90984974958263
2022-06-02 00:07:30,196.62431165660465,13.299492066493658,-3.7314155206924378,381.97339919148993,5.153530092592592,2022-06-06 00:07:30+00:00,314.1911836300786,244.65249473662695,-0.0936134401974974,278.1302170283806
2022-06-02 00:22:30,197.38490601320927,13.30817779920879,-3.746668285653981,358.99793227280725,5.163946759259259,2022-06-06 00:22:30+00:00,314.1007040039527,244.5146326093787,-0.0923547096992154,276.8709754352492
2022-06-02 00:37:30,198.1442427710549,13.318387997562391,-3.760962401476746,347.52819324724885,5.174363425925926,2022-06-06 00:37:30+00:00,314.00328950793175,244.3767704461557,-0.0910959800671498,275.4451864218141
2022-06-02 00:52:30,198.9021157675256,13.33011777909003,-3.774295353265317,338.47152661843813,5.184780092592592,2022-06-06 00:52:30+00:00,314.00328950793175,244.23890824695505,-0.0898372513385725,276.9043644168853
2022-06-02 01:07:30,199.65832103666543,13.343361555722424,-3.786665764226498,347.816057064805,5.195196759259259,2022-06-06 01:07:30+00:00,313.89891328085287,244.1010460117739,-0.0885785235507141,274.7542199962901
2022-06-02 01:22:30,200.41265710223396,13.358113045043511,-3.7980733880017015,335.13445027426667,5.205613425925926,2022-06-06 01:22:30+00:00,313.78757442733615,243.96318374066783,-0.0873197967408484,273.0476720460026
2022-06-02 01:37:30,201.16492526234796,13.37436528286814,-3.808519097425054,329.3566948149829,5.216030092592592,2022-06-06 01:37:30+00:00,313.78757442733615,243.82532143360493,-0.0860610709462385,272.10072342793546
2022-06-02 01:52:30,201.91492986331392,13.392110637063857,-3.818004869789994,332.27227451915655,5.226446759259259,2022-06-06 01:52:30+00:00,313.6692975380887,243.68745909061147,-0.084802346204109,273.149693934335
2022-06-02 02:07:30,202.66247856223984,13.411340822568452,-3.826533768762498,353.5441421977806,5.236863425925926,2022-06-06 02:07:30+00:00,313.54413208727277,243.5495967117139,-0.0835436225517422,270.8243898561094
2022-06-02 02:22:30,203.40738257771375,13.432046917531183,-3.834109923078436,326.6957534265793,5.247280092592592,2022-06-06 02:22:30+00:00,313.54413208727277,243.41173429689513,-0.0822849000263979,272.11490049553487
2022-06-02 02:37:30,204.14945692734025,13.45421938050541,-3.840738502190188,329.7262427670713,5.257696759259259,2022-06-06 02:37:30+00:00,313.41215171967394,243.27387184621057,-0.0810261786653289,271.30031534038216
2022-06-02 02:52:30,204.8885206520503,13.477848068628267,-3.846425689040179,343.2094291101027,5.268113425925926,2022-06-06 02:52:30+00:00,313.27345344054584,243.13600935962853,-0.079767458505769,270.97543524922486
2022-06-02 03:07:30,205.6243970260622,13.502922256699428,-3.851178650148742,329.14036414858094,5.278530092592592,2022-06-06 03:07:30+00:00,313.27345344054584,242.99814683717543,-0.0785087395849809,269.9276572064552
2022-06-02 03:22:30,206.35691375272825,13.529430657097215,-3.855005503223971,333.9515275134303,5.288946759259259,2022-06-06 03:22:30+00:00,313.1281567209453,242.86028427886347,-0.0772500219402567,269.73262315499375
2022-06-02 03:37:30,207.0859031446869,13.557361440425044,-3.857915282497026,331.5623125921844,5.299363425925926,2022-06-06 03:37:30+00:00,313.1281567209453,242.72242168470447,-0.075991305608813,269.9684659617882
2022-06-02 03:52:30,207.8112022896389,13.586702256843598,-3.859917902013008,313.12144979578125,5.309780092592592,2022-06-06 03:52:30+00:00,312.97640253113144,242.5845590547395,-0.0747325906279293,271.04963298619396
2022-06-02 04:07:30,208.53265319985735,13.617440257966486,-3.861024117092091,337.74686447405827,5.320196759259259,2022-06-06 04:07:30+00:00,312.818352314196,242.4466963889224,-0.0734738770348689,269.0409942496754
2022-06-02 04:22:30,209.25010294662877,13.649562119271977,-3.861245484195418,341.08235948803565,5.330613425925926,2022-06-06 04:22:30+00:00,312.818352314196,242.3088336873091,-0.0722151648668713,268.4315128388584
2022-06-02 04:37:30,209.96340377874503,13.683054062922654,-3.8605943194245382,327.2943490292039,5.341030092592592,2022-06-06 04:37:30+00:00,312.65418691155963,242.17097094991144,-0.0709564541611874,268.6143572621035
2022-06-02 04:52:30,210.6724132255448,13.717901880931096,-3.859083655882026,320.32799764313074,5.351446759259259,2022-06-06 04:52:30+00:00,312.48410545131884,242.03310817671263,-0.0696977449550975,267.6815857116358
2022-06-02 05:07:30,211.37699418192105,13.754090957883864,-3.856727200621166,308.1561055866057,5.361863425925926,2022-06-06 05:07:30+00:00,312.48410545131884,241.8952453677392,-0.0684390372858321,268.42886291968097
2022-06-02 05:22:30,212.07701497870204,13.79160629387485,-3.853539290863312,290.72768339389177,5.372280092592592,2022-06-06 05:22:30+00:00,312.3083242096949,241.75738252301795,-0.0671803311906761,268.35599014230064
2022-06-02 05:37:30,212.7723494604268,13.83043253427386,-3.8495348449547366,276.23659829649984,5.382696759259259,2022-06-06 05:37:30+00:00,312.1270754550396,241.61951964254655,-0.0659216267068589,265.8263772954925
2022-06-02 05:52:30,213.46287700216007,13.870553986106568,-3.844729322732537,245.53154934599735,5.393113425925926,2022-06-06 05:52:30+00:00,312.1270754550396,241.4816567263371,-0.0646629238716643,265.75605807659235
2022-06-02 06:07:30,214.14848254663409,13.911954644380856,-3.8391386785764383,260.1311804258745,5.403530092592592,2022-06-06 06:07:30+00:00,311.94060628300974,241.34379377440192,-0.0634042227223349,265.8359170045313
2022-06-02 06:22:30,214.8290566188886,13.954618215675556,-3.832779316536187,243.011256577727,5.413946759259259,2022-06-06 06:22:30+00:00,311.7491774506608,241.2059307867678,-0.0621455232961196,265.08996475607495
2022-06-02 06:37:30,215.50449532706517,13.998528141553091,-3.8256680457843713,248.02502552798353,5.424363425925926,2022-06-06 06:37:30+00:00,311.7491774506608,241.06806776343257,-0.0608868256303051,265.3152078861595
2022-06-02 06:52:30,216.1747003504771,14.043667621729288,-3.8178220365689346,218.13459484006285,5.434780092592592,2022-06-06 06:52:30+00:00,311.5530622163368,240.93020470440837,-0.0596281297621308,266.89296976442216
2022-06-02 07:07:30,216.83957891527496,14.090019636954034,-3.8092587768251382,192.26390963496664,5.445196759259259,2022-06-06 07:07:30+00:00,311.3525451913795,240.79234160970765,-0.0583694357288288,268.6143572621035
2022-06-02 07:22:30,217.49904375863176,14.137566971552552,-3.79999602959547,192.70625774139697,5.455613425925926,2022-06-06 07:22:30+00:00,311.3525451913795,240.65447847935732,-0.0571107435677027,271.6008161751067
2022-06-02 07:37:30,218.15301308127684,14.186292235541918,-3.79005179140071,192.46835340454157,5.466030092592592,2022-06-06 07:37:30+00:00,311.14792120883703,240.51661531332604,-0.0558520533159918,269.99544695704964
2022-06-02 07:52:30,218.80141049060873,14.236177886352374,-3.779444251673748,187.25967226931616,5.476446759259259,2022-06-06 07:52:30+00:00,311.14792120883703,240.3787521116845,-0.0545933650109337,270.2917561014389
2022-06-02 08:07:30,219.44416493314225,14.28720625002644,-3.7681917533800062,216.96743763878305,5.486863425925926,2022-06-06 08:07:30+00:00,310.93949421355745,240.240888874416,-0.0533346786898177,266.6759413837878
2022-06-02 08:22:30,220.08121061849872,14.33935954192092,-3.756312754915258,256.3002138981636,5.497280092592592,2022-06-06 08:22:30+00:00,310.72757617728763,240.10302560153312,-0.0520759943898635,270.6653947054615
2022-06-02 08:37:30,220.71248693448572,14.392619886829836,-3.743825793371983,252.51051948178736,5.507696759259259,2022-06-06 08:37:30+00:00,310.72757617728763,239.96516229306255,-0.0508173121483736,272.5399475316003
2022-06-02 08:52:30,221.33793835507703,14.446969338562551,-3.730749449236556,253.52510594580713,5.518113425925926,2022-06-06 08:52:30+00:00,310.5124860416954,239.82729894897355,-0.049558632002575,274.47862840183376
2022-06-02 09:07:30,221.95751434062356,14.50238989885514,-3.717102312599299,252.04803281058983,5.528530092592592,2022-06-06 09:07:30+00:00,310.29454869157905,239.68943556933672,-0.0482999539897327,274.79806411359
2022-06-02 09:22:30,222.57116923243132,14.558863535708108,-3.7029029508991766,291.7926451859819,5.538946759259259,2022-06-06 09:22:30+00:00,310.29454869157905,239.5515721541354,-0.0470412781471038,275.67374195087046
2022-06-02 09:37:30,223.17886214087315,14.616372201015317,-3.6881698782704264,313.81726746223126,5.549363425925926,2022-06-06 09:37:30+00:00,310.0740939599375,239.4137087033823,-0.0457826045119438,290.2615470228158
2022-06-02 09:52:30,223.78055682922175,14.674897847579878,-3.6729215264905,354.4840105677747,5.559780092592592,2022-06-06 09:52:30+00:00,309.8514556660422,239.27584521710463,-0.0445239331215091,315.73919495455385
2022-06-02 10:07:30,224.37622159235937,14.734422445409,-3.657176217572008,353.7176631433076,5.570196759259259,2022-06-06 10:07:30+00:00,309.8514556660422,239.13798169528584,-0.043265264013068,316.0730847709145
2022-06-02 10:22:30,224.9658291320221,14.794927997340594,-3.6409521379896153,261.19068261121896,5.580613425925926,2022-06-06 10:22:30+00:00,309.6269706871891,239.0001181379676,-0.0420065972238733,315.06214060471154
2022-06-02 10:37:30,225.54935642882165,14.8563965539901,-3.6242673145444,327.06377849666455,5.591030092592592,2022-06-06 10:37:30+00:00,309.400978064397,238.86225454513377,-0.0407479327911756,313.2972944325198
2022-06-02 10:52:30,226.12678461123497,14.918810227958174,-3.607139591870705,232.23201459797335,5.601446759259259,2022-06-06 10:52:30+00:00,309.400978064397,238.72439091682588,-0.0394892707522295,314.6169541828974
2022-06-02 11:07:30,226.6980988228417,14.98215120738904,-3.589586611544123,263.66512280519413,5.611863425925926,2022-06-06 11:07:30+00:00,309.1738181419814,238.5865272530569,-0.0382306111443072,315.3801309060073
2022-06-02 11:22:30,227.26328808783376,15.046401768816624,-3.5716257927880597,267.24696803362286,5.622280092592592,2022-06-06 11:22:30+00:00,308.94583174064223,238.4486635538103,-0.0369719540046398,315.74846967167497
2022-06-02 11:37:30,227.82234517493453,15.111544289289672,-3.5532743147509778,295.0717863105175,5.632696759259259,2022-06-06 11:37:30+00:00,308.94583174064223,238.31079981911356,-0.0357132993705156,313.7610302885762
2022-06-02 11:52:30,228.375266461807,15.17756125792063,-3.534549100281519,294.52027889619956,5.643113425925926,2022-06-06 11:52:30+00:00,308.71735936347795,238.172936048994,-0.0344546472791873,313.0773511407902
2022-06-02 12:07:30,228.9220517974158,15.2444352865927,-3.5154668012406254,284.4899602103638,5.653530092592592,2022-06-06 12:07:30+00:00,308.71735936347795,238.03507224344852,-0.0331959977680521,313.7636802077537
2022-06-02 12:22:30,229.4627043664418,15.312149120181664,-3.4960437852081347,285.64273789649417,5.663946759259259,2022-06-06 12:22:30+00:00,308.48874043416305,237.89720840252323,-0.0319373508739031,315.42941940270816
2022-06-02 12:37:30,229.99723055264857,15.380685645977676,-3.4762961236296936,317.6188589283046,5.674363425925926,2022-06-06 12:37:30+00:00,308.2603125663973,237.75934452615425,-0.0306787066344544,312.0173834698041
2022-06-02 12:52:30,230.52563980431367,15.45002790259535,-3.4562395812764075,370.82346546569863,5.684780092592592,2022-06-06 12:52:30+00:00,308.2603125663973,237.6214806144417,-0.0294200650869993,313.7936446784527
2022-06-02 13:07:30,231.0479444999287,15.520159088155852,-3.4358896070295497,368.1037786713264,5.695196759259259,2022-06-06 13:07:30+00:00,308.03241086366097,237.4836166673152,-0.0281614262682973,309.0567612687813
2022-06-02 13:22:30,231.564159816128,15.59106256794695,-3.415261325882729,348.75179562837286,5.705613425925926,2022-06-06 13:22:30+00:00,307.80536724826555,237.34575268485665,-0.0269027902160906,311.12807059384687
2022-06-02 13:37:30,232.07430359669843,15.662721881418353,-3.3943695321515026,324.7981395711399,5.716030092592592,2022-06-06 13:37:30+00:00,307.80536724826555,237.2078886670789,-0.0256441569676106,309.4817119441493
2022-06-02 13:52:30,232.57839622421548,15.735120748669534,-3.37322868379174,323.7488837985791,5.726446759259259,2022-06-06 13:52:30+00:00,307.57950981869783,237.0700246139409,-0.0243855265596567,306.81029228608526
2022-06-02 14:07:30,233.0764604934789,15.808243076359895,-3.3518528977973405,399.42446230098153,5.736863425925926,2022-06-06 14:07:30+00:00,307.3551622342844,236.93216052548053,-0.0231268990299794,308.2342624913576
2022-06-02 14:22:30,233.56852148729425,15.88207296304391,-3.3302559466225303,402.6012346158326,5.747280092592592,2022-06-06 14:22:30+00:00,307.3551622342844,236.79429640174035,-0.0218682744158159,311.10051143440126
2022-06-02 14:37:30,234.05460645536996,15.95659470407841,-3.308451255535319,265.5476377620288,5.757696759259259,2022-06-06 14:37:30+00:00,307.132643126274,236.65643224270815,-0.0206096527539206,310.03524392506023
2022-06-02 14:52:30,234.5347446952697,16.03179279593897,-3.286451900896908,243.46779516248012,5.768113425925926,2022-06-06 14:52:30+00:00,306.91226553452157,236.51856804836396,-0.0193510340820725,309.2296684951109
2022-06-02 15:07:30,235.00896743659263,16.107651940120537,-3.264270609267318,241.5309562630324,5.778530092592592,2022-06-06 15:07:30+00:00,306.91226553452157,236.38070381880843,-0.0180924184375173,309.53440920051935
2022-06-02 15:22:30,235.47730772806537,16.184157046560035,-3.2419197573042418,256.5089101991692,5.788946759259259,2022-06-06 15:22:30+00:00,306.6943363690788,236.2428395539565,-0.0168338058570011,311.7557039510295
2022-06-02 15:37:30,235.939800327629,16.261293236617075,-3.2194113723965745,256.01423903652653,5.799363425925926,2022-06-06 15:37:30+00:00,306.6943363690788,236.10497525387584,-0.0155751963783088,311.9700926044832
2022-06-02 15:52:30,236.39648159567113,16.33904584564645,-3.1967571339761394,237.03459253795089,5.809780092592592,2022-06-06 15:52:30+00:00,306.47915589612285,235.96711091857983,-0.0143165900386636,313.5058430717863
2022-06-02 16:07:30,236.84738939161525,16.41740042518961,-3.1739683754536467,201.88121577466984,5.820196759259259,2022-06-06 16:07:30+00:00,306.26701724780696,235.829246548071,-0.0130579868748344,313.2601955640353
2022-06-02 16:22:30,237.2925629732045,16.49634274472032,-3.1510560867538873,200.5862483984936,5.830613425925926,2022-06-06 16:22:30+00:00,306.26701724780696,235.691382142344,-0.0117993869245809,306.9198664440735
2022-06-02 16:37:30,237.7320428997321,16.57585879312024,-3.128030917356062,207.54824837764625,5.841030092592592,2022-06-06 16:37:30+00:00,306.05820595577313,235.553517701456,-0.0105407902251631,308.9554018602432
2022-06-02 16:52:30,238.16587093806965,16.655934779747312,-3.104903179839692,233.49380750863844,5.851446759259259,2022-06-06 16:52:30+00:00,305.8529995082354,235.41565322538065,-0.0092821968133333,308.1047778042769
2022-06-02 17:07:30,238.5940899720979,16.736557135204936,-3.0816828538640264,229.89677997700448,5.861863425925926,2022-06-06 17:07:30+00:00,305.8529995082354,235.27778871415637,-0.0080236067268486,309.9875453798659
2022-06-02 17:22:30,239.01674391539404,16.817712511809827,-3.05837959054609,229.17265209457625,5.872280092592592,2022-06-06 17:22:30+00:00,305.6516669307109,235.13992416776745,-0.0067650200029439,311.8530884808013
2022-06-02 17:37:30,239.4338776272229,16.89938778375997,-3.0350027172006313,193.95750375138851,5.882696759259259,2022-06-06 17:37:30+00:00,305.45446839064766,235.00205958627492,-0.005506436678411,315.12520868113523
2022-06-02 17:52:30,239.84553683176915,16.981570047056177,-3.011561242393181,164.27767208914082,5.893113425925926,2022-06-06 17:52:30+00:00,305.45446839064766,234.8641949696593,-0.0042478567909679,320.14468558708955
2022-06-02 18:07:30,240.25176804033225,17.064246619127964,-2.988063861289635,160.12680017928713,5.903530092592592,2022-06-06 18:07:30+00:00,305.2616548263639,234.72633031790497,-0.0029892803778948,324.29710893817736
2022-06-02 18:22:30,240.65261847699543,17.147405038271323,-2.964518961239823,171.14959040260902,5.913946759259259,2022-06-06 18:22:30+00:00,305.07346760087563,234.58846563108736,-0.0017307074759359,321.8777327291518
2022-06-02 18:37:30,241.0481360070662,17.231033062806176,-2.94093462759523,172.3611986254653,5.924363425925926,2022-06-06 18:37:30+00:00,305.07346760087563,234.4506009091871,-0.0004721381228573,325.7373400111297
2022-06-02 18:52:30,241.43836906890272,17.315118670100517,-2.917318649692131,184.77307139806652,5.934780092592592,2022-06-06 18:52:30+00:00,304.89013818133526,234.31273615221775,0.0007864276440886,330.06068314916394
2022-06-02 19:07:30,241.82336660843873,17.399650055325235,-2.8936785270129586,209.38399277654713,5.945196759259259,2022-06-06 19:07:30+00:00,304.7118878449438,234.17487136022604,0.0020449897881518,330.0315340382119
2022-06-02 19:22:30,242.20317801681256,17.484615630094215,-2.870021475460506,174.9660286524052,5.955613425925926,2022-06-06 19:22:30+00:00,304.7118878449438,234.0370065331634,0.00330354827158,330.00768476561467
2022-06-02 19:37:30,242.57785307083805,17.570004020889726,-2.8463544337517592,219.51371611570517,5.966030092592592,2022-06-06 19:37:30+00:00,304.538927412312,233.899141671087,0.0045621030571204,325.7112021719701
2022-06-02 19:52:30,242.94744187596072,17.655804067345365,-2.822684069890389,171.90278370928291,5.976446759259259,2022-06-06 19:52:30+00:00,304.538927412312,233.76127677401456,0.0058206541080059,322.4395155947744
2022-06-02 20:07:30,243.31199481260217,17.742004820427383,-2.7990167876884864,165.0455038553231,5.986863425925926,2022-06-06 20:07:30+00:00,304.37145700934514,233.6234118419268,0.0070792013864924,323.1775180856984
2022-06-02 20:22:30,243.67156248451653,17.828595540447076,-2.7753587333401124,166.36254222153204,5.997280092592592,2022-06-06 20:22:30+00:00,304.209665858797,233.4855468748809,0.0083377448553183,323.7088268807801
2022-06-02 20:37:30,244.0261956699332,17.91556569494889,-2.7517158020183756,167.11899859038735,6.007696759259259,2022-06-06 20:37:30+00:00,304.209665858797,233.34768187285133,0.0095962844777666,323.19963471883335
2022-06-02 20:52:30,244.37594527529893,18.002904956527892,-2.7280936444661448,180.43638622510383,6.018113425925926,2022-06-06 20:52:30+00:00,304.05373210268084,233.20981683586183,0.0108548202160059,324.72924960404094
2022-06-02 21:07:30,244.7208622913412,18.090603200516966,-2.7044976735847333,180.1407014284508,6.028530092592592,2022-06-06 21:07:30+00:00,303.9038226567395,233.0719517639413,0.0121133520328615,326.81983199512416
2022-06-02 21:22:30,245.0609977513639,18.178650502597804,-2.6809330709946573,181.197344411228,6.038946759259259,2022-06-06 21:22:30+00:00,303.9038226567395,232.93408665707815,0.0133718798915091,328.3991838248933
2022-06-02 21:37:30,245.39640269225723,18.26703713637677,-2.657404793545753,182.4012783952502,6.049363425925926,2022-06-06 21:37:30+00:00,303.76009309815373,232.79622151531171,0.0146304037542772,328.47338156186237
2022-06-02 21:52:30,245.7271281168229,18.355753570761976,-2.6339175798104137,175.4358038591451,6.059780092592592,2022-06-06 21:52:30+00:00,303.6226875876111,232.65835633866993,0.0158889235838361,323.38156186236324
2022-06-02 22:07:30,246.05322495919657,18.444790467449813,-2.610475956471205,173.88903685130214,6.070196759259259,2022-06-06 22:07:30+00:00,303.6226875876111,232.52049112711285,0.0171474393434736,324.1858123327238
2022-06-02 22:22:30,246.37474405175675,18.53413867824662,-2.5870842446656512,180.93969845981957,6.080613425925926,2022-06-06 22:22:30+00:00,303.49173882675984,232.38262588067957,0.018405950995428,319.9406418104248
2022-06-02 22:37:30,246.6917360939414,18.623789242362054,-2.5637465662473526,172.98986683231743,6.091030092592592,2022-06-06 22:37:30+00:00,303.3673680519367,232.2447605994131,0.0196644585024534,322.79990460290963
2022-06-02 22:52:30,247.00425162311075,18.713733383668743,-2.5404668499577814,170.43581065719133,6.101446759259259,2022-06-06 22:52:30+00:00,303.3673680519367,232.1068952833022,0.0209229618277783,325.4053051381933
2022-06-02 23:07:30,247.3123409873159,18.80396250795143,-2.5172488374979056,171.72419148192725,6.111863425925926,2022-06-06 23:07:30+00:00,303.24968506487664,231.96902993235713,0.0221814609336742,324.3351714136355
2022-06-02 23:22:30,247.61605431945776,18.894468200075227,-2.4940960895134583,170.7748972022112,6.122280092592592,2022-06-06 23:22:30+00:00,303.13878830089436,231.8311645465919,0.0234399557828639,324.93472026026285
2022-06-02 23:37:30,247.9154415135785,18.98524222121116,-2.47101199145398,176.72865628761113,6.132696759259259,2022-06-06 23:37:30+00:00,303.13878830089436,231.69329912602456,0.0246984463386122,322.7045075125209
2022-06-02 23:52:30,248.2105522021442,19.076276505942708,-2.4479997593494787,195.45965730890396,6.143113425925926,2022-06-06 23:52:30+00:00,303.0347649347623,231.5554336706652,0.0259569325631816,318.28603227601553
2022-06-03 00:07:30,248.501435735647,19.16756315949605,-2.4250624454377787,192.14095205156,6.153530092592592,2022-06-07 00:07:30+00:00,303.0347649347623,231.41756818055725,0.0272154144192945,322.15434815601765
2022-06-03 00:22:30,248.78814116282405,19.259094454804988,-2.4022029437155696,174.64905841772605,6.163946759259259,2022-06-07 00:22:30+00:00,302.93769102421066,231.27970265568953,0.0284738918702013,326.4567930678114
2022-06-03 00:37:30,249.070717212788,19.350862829696116,-2.3794239953391,173.7049672158912,6.174363425925926,2022-06-07 00:37:30+00:00,302.8476316906278,231.14183709605783,0.0297323648781526,325.0139120756817
2022-06-03 00:52:30,249.34921227837472,19.44286088402677,-2.356728193915273,154.05287129033826,6.184780092592592,2022-06-07 00:52:30+00:00,302.8476316906278,231.0039715017055,0.0309908334058988,326.4488433102791
2022-06-03 01:07:30,249.62367440078532,19.535081376837407,-2.334117990667554,191.28774494708009,6.195196759259259,2022-06-07 01:07:30+00:00,302.76464133616525,230.86610587262177,0.0322492974167092,321.86050825449826
2022-06-03 01:22:30,249.89415125526935,19.62751722348862,-2.311595699483637,197.18689725594436,6.205613425925926,2022-06-07 01:22:30+00:00,302.68876389604196,230.7282402088605,0.0335077568728145,322.23149693934334
2022-06-03 01:37:30,250.1606901382032,19.720161492863703,-2.2891635018239884,200.6236932103668,6.216030092592592,2022-06-07 01:37:30+00:00,302.68876389604196,230.59037451039248,0.0347662117369616,322.7972546837322
2022-06-03 01:52:30,250.42333795515052,19.81300740453544,-2.2668234515191297,203.75452864040344,6.226446759259259,2022-06-07 01:52:30+00:00,302.62003312440345,230.4525087772795,0.036024661972411,318.46198690939923
2022-06-03 02:07:30,250.68214120989268,19.906048325961983,-2.2445774794367073,200.41542105058815,6.236863425925926,2022-06-07 02:07:30+00:00,302.5584729116361,230.31464300947383,0.0372831075414154,319.3078207268524
2022-06-03 02:22:30,250.93714599464585,19.999277769733723,-2.2224273980182527,202.3801017259635,6.247280092592592,2022-06-07 02:22:30+00:00,302.5584729116361,230.17677720706288,0.0385415484067046,322.8514761069018
2022-06-03 02:37:30,251.1883979810098,20.09268939079507,-2.2003749057009996,201.2773226695655,6.257696759259259,2022-06-07 02:37:30+00:00,302.5040976305645,230.0389113699921,0.0397999845315438,323.83072316294357
2022-06-03 02:52:30,251.4359424109954,20.186276984896793,-2.1784215927677764,202.58277414367657,6.268113425925926,2022-06-07 02:52:30+00:00,302.4569125084808,229.9010454983302,0.0410584158781967,323.6555875954875
2022-06-03 03:07:30,251.67982409208412,20.280034482990395,-2.1565689416671545,209.7293939511589,6.278530092592592,2022-06-07 03:07:30+00:00,302.4569125084808,229.76317959204792,0.0423168424093727,324.2441105546281
2022-06-03 03:22:30,251.9200873895538,20.373955950172636,-2.134818333256069,205.903483756975,6.288946759259259,2022-06-07 03:22:30+00:00,302.4169140214839,229.6253136511786,0.0435752640883818,323.491533508228
2022-06-03 03:37:30,252.15677622024833,20.4680355837707,-2.1131710516717805,218.99289513530303,6.299363425925926,2022-06-07 03:37:30+00:00,302.3840903071389,229.48744767574715,0.0448336808774194,323.61872962874634
2022-06-03 03:52:30,252.3899340483,20.5622677101208,-2.091628287296884,224.88063763860652,6.309780092592592,2022-06-07 03:52:30+00:00,302.3840903071389,229.3495816657683,0.0460920927392788,325.53919832717827
2022-06-03 04:07:30,252.61960388068871,20.65664678195059,-2.070191140463498,221.45436192103116,6.320196759259259,2022-06-07 04:07:30+00:00,302.35842159103123,229.211715621246,0.0473504996371852,327.5379600922172
2022-06-03 04:22:30,252.84582826370857,20.751167375821563,-2.0488606250354575,222.50313427697265,6.330613425925926,2022-06-07 04:22:30+00:00,302.35842159103123,229.07384954217648,0.0486089015334177,325.95065850491557
2022-06-03 04:37:30,253.068649279973,20.845824189629223,-2.027637671874076,232.17294712978185,6.341030092592592,2022-06-07 04:37:30+00:00,302.3398806223799,228.9359834286034,0.0498672983906987,325.14905795373244
2022-06-03 04:52:30,253.2881085460831,20.940612040124908,-2.0065231321956127,230.53597760209948,6.351446759259259,2022-06-07 04:52:30+00:00,302.32843311351314,228.7981172805456,0.0511256901723008,324.2812094231126
2022-06-03 05:07:30,253.50424721050183,21.03552586042888,-1.985517780831569,233.1870947703537,6.361863425925926,2022-06-07 05:07:30+00:00,302.32843311351314,228.66025109799912,0.0523840768404742,325.53329623446484
2022-06-03 05:22:30,253.71710595252017,21.130560697691443,-1.9646223193569337,248.9090117770863,6.372280092592592,2022-06-07 05:22:30+00:00,302.3240381776998,228.52238488097885,0.053642458357972,322.8449532289265
2022-06-03 05:37:30,253.9267249809855,21.225711710630385,-1.943837379152188,254.13285708739377,6.382696759259259,2022-06-07 05:37:30+00:00,302.3266487595866,228.38451862950353,0.0549008346880405,322.29473364698737
2022-06-03 05:52:30,254.13314403416624,21.32097416726445,-1.9231635243274536,258.3605620262045,6.393113425925926,2022-06-07 05:52:30+00:00,302.3266487595866,228.24665234359853,0.0561592057929521,323.58428067943925
2022-06-03 06:07:30,254.3364023795916,21.41634344258984,-1.9026012545688056,264.90365749023937,6.403530092592592,2022-06-07 06:07:30+00:00,302.3362120523241,228.10878602326437,0.0574175716354423,321.75848636616587
2022-06-03 06:22:30,254.53653881433263,21.51181501629036,-1.88215100789053,257.4877399833055,6.413946759259259,2022-06-07 06:22:30+00:00,302.35266989537877,227.97091966853424,0.0586759321787707,321.0748072183798
2022-06-03 06:37:30,254.7335916659563,21.607384470587284,-1.8618131632689283,255.72465737469423,6.424363425925926,2022-06-07 06:37:30+00:00,302.35266989537877,227.83305327938996,0.0599342873851984,323.149693934335
2022-06-03 06:52:30,254.92759879328497,21.703047487944172,-1.8415880432257787,258.49723497495825,6.434780092592592,2022-06-07 06:52:30+00:00,302.37595914703934,227.69518685589037,0.061192637217482,321.6047910538728
2022-06-03 07:07:30,255.1185975881672,21.79879984903517,-1.821475916272821,268.73859533330744,6.445196759259259,2022-06-07 07:07:30+00:00,302.4060120257326,227.55732039802507,0.0624509816388615,321.8697829716194
2022-06-03 07:22:30,255.3066249768999,21.894637430561243,-1.8014769993116244,257.7837251450212,6.455613425925926,2022-06-07 07:22:30+00:00,302.4060120257326,227.4194539057908,0.0637093206116193,327.98115907464825
2022-06-03 07:37:30,255.4917174222379,21.990556203163106,-1.781591459934629,259.84392592305005,6.466030092592592,2022-06-07 07:37:30+00:00,302.4427564144791,227.28158737923155,0.064967654098492,328.762222752206
2022-06-03 07:52:30,255.67391092581028,22.086552229488937,-1.7618194186208078,262.75041736227047,6.476446759259259,2022-06-07 07:52:30+00:00,302.48611612314164,227.14372081835188,0.0662259820627302,329.3941080251598
2022-06-03 08:07:30,255.8532410304583,22.182621662081523,-1.7421609508966287,260.3227601558153,6.486863425925926,2022-06-07 08:07:30+00:00,302.48611612314164,227.00585422317744,0.0674843044666183,327.05791704122254
2022-06-03 08:22:30,256.02974282293536,22.278760741489997,-1.7226160893809896,264.81489902106625,6.497280092592592,2022-06-07 08:22:30+00:00,302.5360111035499,226.8679875937089,0.0687426212728727,326.9894268224819
2022-06-03 08:37:30,256.20345093683693,22.37496579431991,-1.7031848257754545,263.926151428852,6.507696759259259,2022-06-07 08:37:30+00:00,302.5360111035499,226.73012092996527,0.0700009324447964,330.9033574475979
2022-06-03 08:52:30,256.3743995557768,22.47123323136542,-1.6838671127713791,261.49029186127336,6.518113425925926,2022-06-07 08:52:30+00:00,302.5923576131335,226.59225423197248,0.0712592379446258,330.61584121684285
2022-06-03 09:07:30,256.54262241658853,22.56755954575349,-1.6646628658933142,279.06588500213536,6.528530092592592,2022-06-07 09:07:30+00:00,302.6550683233401,226.4543874997311,0.0725175377351157,318.9522219572303
2022-06-03 09:22:30,256.70815281275804,22.66394131112409,-1.6455719652718497,281.67568515619416,6.538946759259259,2022-06-07 09:22:30+00:00,302.6550683233401,226.31652073326023,0.0737758317795237,318.6792802819514
2022-06-03 09:37:30,256.8710235981148,22.76037517988257,-1.6265942573439565,276.4855005255673,6.549363425925926,2022-06-07 09:37:30+00:00,302.72405236987584,226.17865393258623,0.0750341200401243,320.98259003100407
2022-06-03 09:52:30,257.03126719038187,22.856857881429423,-1.607729556500873,278.52745352926814,6.559780092592592,2022-06-07 09:52:30+00:00,302.7992153426512,226.0407870976949,0.0762924024796639,320.4769854519437
2022-06-03 10:07:30,257.18891557524796,22.953386220481075,-1.5889776466620331,278.502797939341,6.570196759259259,2022-06-07 10:07:30+00:00,302.7992153426512,225.90292022864932,0.0775506790614101,327.73140419217214
2022-06-03 10:22:30,257.34400031009443,23.049957075371935,-1.570338282799512,282.49114377621237,6.580613425925926,2022-06-07 10:22:30+00:00,302.8804592142546,225.7650533254173,0.0788089497476061,329.11996184116384
2022-06-03 10:37:30,257.49655252820077,23.146567396448653,-1.551811192393128,276.946072912218,6.591030092592592,2022-06-07 10:37:30+00:00,302.9676822067889,225.62718638805788,0.0800672145010393,332.5264329437952
2022-06-03 10:52:30,257.6466029428995,23.243214204460287,-1.5333960768364447,277.14570397302487,6.601446759259259,2022-06-07 10:52:30+00:00,302.9676822067889,225.48931941654683,0.0813254732849486,332.60195564035297
2022-06-03 11:07:30,257.79418185174745,23.339894588981075,-1.5150926127883668,279.36871530069493,6.611863425925926,2022-06-07 11:07:30+00:00,303.060778597981,225.35145241092485,0.0825837260616162,331.73470936409166
2022-06-03 11:22:30,257.939319140815,23.436605706885395,-1.4969004534687032,282.2603171303664,6.622280092592592,2022-06-07 11:22:30+00:00,303.15963846859773,225.2135853711929,0.0838419727937777,333.4307178631052
2022-06-03 11:37:30,258.08204428911654,23.5333447808378,-1.4788192299059584,277.1867841751757,6.632696759259259,2022-06-07 11:37:30+00:00,303.15963846859773,225.0757182973557,0.0851002134447081,332.32530407822566
2022-06-03 11:52:30,258.2223863730311,23.630109097837146,-1.4608485521319174,285.66434253167046,6.643113425925926,2022-06-07 11:52:30+00:00,303.2641473943533,224.9378511894835,0.0863584479766885,334.4621989029335
2022-06-03 12:07:30,258.3603740706591,23.726896007755087,-1.4429880103357915,278.72854757929883,6.653530092592592,2022-06-07 12:07:30+00:00,303.37418608666417,224.79998404750415,0.0876166763524457,336.18994620664074
2022-06-03 12:22:30,258.4960356664663,23.823702921942708,-1.4252371759653035,279.3922101037397,6.663946759259259,2022-06-07 12:22:30+00:00,303.37418608666417,224.66211687153947,0.0888748985352847,335.29692344383494
2022-06-03 12:37:30,258.6293990557518,23.920527311848996,-1.4075956027877912,301.96289139516085,6.674363425925926,2022-06-07 12:37:30+00:00,303.4896299877623,224.52424966151375,0.0901331144874292,334.9842329808941
2022-06-03 12:52:30,258.76049174933974,24.017366707708756,-1.3900628279006506,295.5619200700661,6.684780092592592,2022-06-07 12:52:30+00:00,303.4896299877623,224.38638241750095,0.091391324171662,332.31576436918675
2022-06-03 13:07:30,258.8893408779056,24.11421869713416,-1.372638372724015,277.5372331688631,6.695196759259259,2022-06-07 13:07:30+00:00,303.6103488268198,224.24851513949156,0.0926495275512533,327.2623684977608
2022-06-03 13:22:30,259.01597319685277,24.211080923922477,-1.3553217439196952,281.5026453532491,6.705613425925926,2022-06-07 13:22:30+00:00,303.736206144823,224.11064782748292,0.0939077245884543,323.66064653209895
2022-06-03 13:37:30,259.1404150908154,24.30795108673488,-1.3381124343000674,301.31316763683463,6.716030092592592,2022-06-07 13:37:30+00:00,303.736206144823,223.9727804815345,0.0951659152460523,327.70914487108143
2022-06-03 13:52:30,259.2626925782882,24.404826937901564,-1.321009923682784,277.93583621280953,6.726446759259259,2022-06-07 13:52:30+00:00,303.86705879696746,223.83491310162245,0.0964240994872942,327.9337616566331
2022-06-03 14:07:30,259.38283131627435,24.501706282182383,-1.304013679722602,284.97893700915273,6.736863425925926,2022-06-07 14:07:30+00:00,304.00275644228446,223.6970456877878,0.0976822772744448,328.01229562498344
2022-06-03 14:22:30,259.50085660481994,24.598586975597744,-1.2871231587006036,295.52629705840485,6.747280092592592,2022-06-07 14:22:30+00:00,304.00275644228446,223.55917824003183,0.0989404485702847,329.3544796883695
2022-06-03 14:37:30,259.6167933917493,24.6954669242826,-1.2703378062826074,280.44827484324423,6.757696759259259,2022-06-07 14:37:30+00:00,304.1431410310525,223.421310758389,0.1001986133380769,328.8700540787352
2022-06-03 14:52:30,259.7306662772408,24.792344083370228,-1.2536570582427364,290.0227639338883,6.768113425925926,2022-06-07 14:52:30+00:00,304.2880463012766,223.2834432428423,0.1014567715400797,326.26599888703396
2022-06-03 15:07:30,259.84249951835915,24.88921645586447,-1.237080341165539,318.15211095448745,6.778530092592592,2022-06-07 15:07:30+00:00,304.2880463012766,223.14557569343688,0.1027149231390615,323.37397345744586
2022-06-03 15:22:30,259.9523170336493,24.986082091563716,-1.220607073111336,313.81240051248204,6.788946759259259,2022-06-07 15:22:30+00:00,304.4372972961036,223.0077081102071,0.1039730680983156,328.4724540901502
2022-06-03 15:37:30,260.06014240770844,25.08293908603728,-1.2042366642500435,327.97638109683857,6.799363425925926,2022-06-07 15:37:30+00:00,304.59070991449045,222.86984049310703,0.1052312063800907,328.07385528587525
2022-06-03 15:52:30,260.1659988957183,25.179785579571828,-1.187968517476346,326.710183388919,6.809780092592592,2022-06-07 15:52:30+00:00,304.59070991449045,222.73197284221104,0.1064893379471715,325.43983562347506
2022-06-03 16:07:30,260.2699094279034,25.276619756145355,-1.1718020289975597,318.38478967812347,6.820196759259259,2022-06-07 16:07:30+00:00,304.7480905077272,222.59410515750983,0.1077474627627993,328.3249860879243
2022-06-03 16:22:30,260.37189661411554,25.373439842516312,-1.155736588881246,330.12105354623895,6.830613425925926,2022-06-07 16:22:30+00:00,304.90923553453814,222.45623743901595,0.1090055807892676,325.8764607679466
2022-06-03 16:37:30,260.4719827480674,25.470244107156752,-1.139771581607516,331.9802281238154,6.841030092592592,2022-06-07 16:37:30+00:00,304.90923553453814,222.31836968674543,0.1102636919893512,325.84996157617195
2022-06-03 16:52:30,260.57018981204396,25.56703085943581,-1.1239063865608916,338.64572153054957,6.851446759259259,2022-06-07 16:52:30+00:00,305.0739312874313,222.1805019007476,0.1115217963263052,330.5562180353499
2022-06-03 17:07:30,260.6665394809232,25.663798448567267,-1.1081403785409631,334.4946066128792,6.861863425925926,2022-06-07 17:07:30+00:00,305.0739312874313,222.04263408099112,0.1127798937624045,334.52049712483773
2022-06-03 17:22:30,260.76105312690527,25.76054526284124,-1.0924729282092889,306.41476103583494,6.872280092592592,2022-06-07 17:22:30+00:00,305.241953702738,221.9047662275069,0.1140379842604436,337.5944033706972
2022-06-03 17:37:30,260.85375182349026,25.85726972865875,-1.076903402550364,313.272025468301,6.882696759259259,2022-06-07 17:37:30+00:00,305.41306826637884,221.7668983403297,0.1152960677836785,342.07725125922116
2022-06-03 17:52:30,260.944656349911,25.953970309700622,-1.0614311652939037,309.9073150206134,6.893113425925926,2022-06-07 17:52:30+00:00,305.41306826637884,221.629030419472,0.1165541442943755,336.7676285873281
2022-06-03 18:07:30,261.03378719535965,26.050645506113288,-1.046055577318768,296.5156158336259,6.903530092592592,2022-06-07 18:07:30+00:00,305.5870300268145,221.4911624649357,0.1178122137553275,337.70172509738455
2022-06-03 18:22:30,261.12116456308206,26.147293853641816,-1.0307759970494828,288.90528141217277,6.913946759259259,2022-06-07 18:22:30+00:00,305.76358372588834,221.35329447675568,0.1190702761297903,334.5609686177299
2022-06-03 18:37:30,261.20680837466153,26.243913922911744,-1.0155917808143815,280.1521216587706,6.924363425925926,2022-06-07 18:37:30+00:00,305.76358372588834,221.21542645491533,0.1203283313800653,332.85104804303467
2022-06-03 18:52:30,261.29073827395234,26.34050431854372,-1.0005022832160733,278.5529437451183,6.934780092592592,2022-06-07 18:52:30+00:00,305.94246405736044,221.07755839947492,0.121586379468911,328.69597477276943
2022-06-03 19:07:30,261.37297363127624,26.437063678471855,-0.9855068574561036,278.66983862690694,6.945196759259259,2022-06-07 19:07:30+00:00,306.1233960618691,220.9396903104113,0.1228444203596016,330.35482417786255
2022-06-03 19:22:30,261.4535335473913,26.533590673167694,-0.9706048556615682,249.6460509117263,6.955613425925926,2022-06-07 19:22:30+00:00,306.1233960618691,220.801822187766,0.1241024540144042,329.53811908736776
2022-06-03 19:37:30,261.53243685736385,26.630084004901907,-0.9557956291930694,246.2263895432548,6.966030092592592,2022-06-07 19:37:30+00:00,306.30609566585656,220.66395403154135,0.1253604803961432,326.6316877335241
2022-06-03 19:52:30,261.60970213473644,26.72654240707592,-0.941078528930012,241.42174942734013,6.976446759259259,2022-06-07 19:52:30+00:00,306.4902703706715,220.52608584177244,0.1266184994680502,320.96457058059724
2022-06-03 20:07:30,261.68534769510944,26.822964643462267,-0.926452905558442,245.72991301975404,6.986863425925926,2022-06-07 20:07:30+00:00,306.4902703706715,220.38821761844272,0.1278765111924107,321.00524683997133
2022-06-03 20:22:30,261.7593916001486,26.919349507570292,-0.9119181098289256,243.90159309443388,6.997280092592592,2022-06-07 20:22:30+00:00,306.6756200966291,220.2503493616127,0.1291345155320121,323.47430903357446
2022-06-03 20:37:30,261.8318516613585,27.015695821991187,-0.8974734928063812,249.64802850154217,7.007696759259259,2022-06-07 20:37:30+00:00,306.8618381852878,220.1124810712595,0.1303925124501545,324.97018840925347
2022-06-03 20:52:30,261.9027454437279,27.11200243768501,-0.8831184061196513,243.03199130333505,7.018113425925926,2022-06-07 20:52:30+00:00,306.8618381852878,219.97461274742508,0.1316505019091002,325.1605239501734
2022-06-03 21:07:30,261.97209026952356,27.20826823343002,-0.8688522021761667,236.825462815602,7.028530092592592,2022-06-07 21:07:30+00:00,307.04861256160774,219.83674439014055,0.1329084838716075,325.8507769359189
2022-06-03 21:22:30,262.0399032218898,27.304492115168213,-0.8546742343831293,241.94747861456008,7.038946759259259,2022-06-07 21:22:30+00:00,307.04861256160774,219.69887599938335,0.1341664583009984,325.5637703050057
2022-06-03 21:37:30,262.10620114837513,27.400673015355416,-0.8405838573593638,238.88289674591024,7.049363425925926,2022-06-07 21:37:30+00:00,307.2356270560096,219.5610075751954,0.1354244251595252,322.4169912817659
2022-06-03 21:52:30,262.1710006646031,27.49680989243969,-0.8265804271195031,248.5838400533435,7.059780092592592,2022-06-07 21:52:30+00:00,307.42256288467576,219.42313911757904,0.1366823844099873,321.3503988128362
2022-06-03 22:07:30,262.2343181577148,27.59290173027861,-0.8126633012594676,285.4111819078333,7.070196759259259,2022-06-07 22:07:30+00:00,307.42256288467576,219.28527062654084,0.1379403360156833,322.1665739194954
2022-06-03 22:22:30,262.2961697897725,27.688947537506348,-0.7988318391408034,249.51729910978497,7.080613425925926,2022-06-07 22:22:30+00:00,307.60910028473893,219.14740210212267,0.139198279938873,321.57299202374327
2022-06-03 22:37:30,262.3565715012175,27.78494634706068,-0.7850854020455206,252.54949774123577,7.091030092592592,2022-06-07 22:37:30+00:00,307.7949202993149,219.0095335443563,0.1404562161423155,323.8866123674137
2022-06-03 22:52:30,262.41553901425874,27.88089721561111,-0.7714233533369285,250.81666531369527,7.101446759259259,2022-06-07 22:52:30+00:00,307.7949202993149,218.871664953219,0.1417141445893699,323.59059971747786
2022-06-03 23:07:30,262.4730878360859,27.97679922300814,-0.757845058611512,249.05923463603904,7.111863425925926,2022-06-07 23:07:30+00:00,307.9797067056682,218.73379632875327,0.1429720652422784,326.2103505843072
2022-06-03 23:22:30,262.52923326221116,28.072651471825623,-0.7443498858308422,246.1596978713285,7.122280092592592,2022-06-07 23:22:30+00:00,308.16314807816264,218.5959276709905,0.1442299780638181,321.83268410313485
2022-06-03 23:37:30,262.5839903797124,28.16845308683004,-0.7309372054574865,259.18789242861277,7.132696759259259,2022-06-07 23:37:30+00:00,308.16314807816264,218.4580589798938,0.1454878830172887,322.4890486993993
2022-06-03 23:52:30,262.637374070265,28.264203214450035,-0.7176063905853246,251.4171089874782,7.143113425925926,2022-06-07 23:52:30+00:00,308.34493997606774,218.32019025551992,0.1467457800649897,321.5433129289557
2022-06-04 00:07:30,262.6893990134576,28.35990102237329,-0.7043568170451435,245.9035703691193,7.153530092592592,2022-06-08 00:07:30+00:00,308.52478724476634,218.18232149787187,0.1480036691697033,318.31624135463863
2022-06-04 00:22:30,262.7400796896851,28.455545698962545,-0.691187863527226,236.66576076406415,7.163946759259259,2022-06-08 00:22:30+00:00,308.52478724476634,218.0444527069997,0.1492615502947165,318.4891485809682
2022-06-04 00:37:30,262.78943038336604,28.551136452956747,-0.6780989116736645,244.69400510423657,7.174363425925926,2022-06-08 00:37:30+00:00,308.70240641745346,217.90658388288773,0.1505194234023086,318.5865331107401
2022-06-04 00:52:30,262.83746518576595,28.64667251291092,-0.6650893461863667,240.220781405702,7.184780092592592,2022-06-08 00:52:30+00:00,308.8775282030367,217.76871502552436,0.1517772884552907,315.9641068447412
2022-06-04 01:07:30,262.88419799804416,28.742153126803064,-0.6521585549121476,248.3435319133272,7.195196759259259,2022-06-08 01:07:30+00:00,308.8775282030367,217.630846135018,0.1530351454169382,315.0965895540186
2022-06-04 01:22:30,262.9296425341009,28.837577561587075,-0.639305928930953,286.05462945642313,7.205613425925926,2022-06-08 01:22:30+00:00,309.0499000446438,217.49297721129508,0.1542929942495622,311.44500092747165
2022-06-04 01:37:30,262.9738123235294,28.932945102794115,-0.6265308626334919,251.79351711918488,7.216030092592592,2022-06-08 01:37:30+00:00,309.0499000446438,217.35510825443117,0.15555083491594,312.031163049527
2022-06-04 01:52:30,263.01672071429783,29.028255054102186,-0.6138327537991454,262.871846778752,7.226446759259259,2022-06-08 01:52:30+00:00,309.2192887319125,217.2172392643896,0.1568086673793844,309.9880271833527
2022-06-04 02:07:30,263.0583808756112,29.12350673695921,-0.6012110036624724,257.8106198894978,7.236863425925926,2022-06-08 02:07:30+00:00,309.3854830490855,217.07937024125653,0.1580664916021748,310.67387444682936
2022-06-04 02:22:30,263.0988058005941,29.21869949015125,-0.5886650169840135,303.1749983061905,7.247280092592592,2022-06-08 02:22:30+00:00,309.3854830490855,216.94150118500616,0.1593243075471042,311.7788907438323
2022-06-04 02:37:30,263.1380083090275,29.31383266948732,-0.5761942021013664,257.0421204404673,7.257696759259259,2022-06-08 02:37:30+00:00,309.54829643983425,216.80363209564524,0.1605821151774616,311.05118216971306
2022-06-04 02:52:30,263.17600104996035,29.408905647382685,-0.5637979709911901,266.47613452331757,7.268113425925926,2022-06-08 02:52:30+00:00,309.7075696687019,216.66576297321672,0.1618399144555788,312.0259957071309
2022-06-04 03:07:30,263.21279650427147,29.503917812487643,-0.5514757393211833,263.4090308237142,7.278530092592592,2022-06-08 03:07:30+00:00,309.7075696687019,216.5278938177528,0.1630977053442223,314.07902058987196
2022-06-04 03:22:30,263.24840698735767,29.598868569372968,-0.5392269264924685,273.3899343696476,7.288946759259259,2022-06-08 03:22:30+00:00,309.8631734580459,216.39002462921692,0.1643554878066801,315.16813737181013
2022-06-04 03:37:30,263.2828446515529,29.693757338143197,-0.5270509556880316,270.4971679759116,7.299363425925926,2022-06-08 03:37:30+00:00,310.0150110783883,216.25215540769577,0.165613261805288,316.90913427140475
2022-06-04 03:52:30,263.3161214886125,29.788583554120148,-0.5149472539095417,278.1407032844253,7.309780092592592,2022-06-08 03:52:30+00:00,310.0150110783883,216.1142861531344,0.1668710273028454,316.85806310180266
2022-06-04 04:07:30,263.3482493322243,29.883346667491782,-0.502915252015889,273.1417363708391,7.320196759259259,2022-06-08 04:07:30+00:00,310.16302086909735,215.97641686561255,0.1681287842626192,314.7375255054721
2022-06-04 04:22:30,263.37923986036134,29.978046143011515,-0.4909543847529808,283.4474906379767,7.330613425925926,2022-06-08 04:22:30+00:00,310.3071786653263,215.8385475451299,0.1693865326469276,314.8580968280467
2022-06-04 04:37:30,263.4091045976817,30.07268145967654,-0.4790640907838109,288.58245878031596,7.341030092592592,2022-06-08 04:37:30+00:00,310.3071786653263,215.7006781916897,0.1706442724185823,316.54575808165123
2022-06-04 04:52:30,263.4378549178489,30.16725211039495,-0.4672438127180035,297.4808686377673,7.351446759259259,2022-06-08 04:52:30+00:00,310.44750010609596,215.56280880529928,0.1719020035408635,318.25264329437954
2022-06-04 05:07:30,263.46550204581354,30.26175760170038,-0.4554929971329489,310.7551376819699,7.361863425925926,2022-06-08 05:07:30+00:00,310.58404279729695,215.42493938600177,0.1731597259761104,318.1572462039907
2022-06-04 05:22:30,263.49205706009354,30.356197453458407,-0.4438110945938543,326.43403688687494,7.372280092592592,2022-06-08 05:22:30+00:00,310.58404279729695,215.28706993381533,0.174417439687097,319.18180131869616
2022-06-04 05:37:30,263.51753089503205,30.45057119859024,-0.4321975596704401,303.40312977839966,7.382696759259259,2022-06-08 05:37:30+00:00,310.71690830219785,215.14920044874728,0.1756751446371472,316.4830272676684
2022-06-04 05:52:30,263.54193434281825,30.544878382730893,-0.420651850959669,307.76587308710737,7.393113425925926,2022-06-08 05:52:30+00:00,310.71690830219785,215.01133093082632,0.17693284078854,315.025041736227
2022-06-04 06:07:30,263.5652780558708,30.639118564031115,-0.4091734310883722,294.3699012899951,7.403530092592592,2022-06-08 06:07:30+00:00,310.8462439307426,214.8734613800562,0.1781905281041271,315.4185547340806
2022-06-04 06:22:30,263.58757254883346,30.733291312853936,-0.3977617667287197,304.0449377117105,7.413946759259259,2022-06-08 06:22:30+00:00,310.97224429750304,214.73559179647347,0.17944820654718,316.907809311816
2022-06-04 06:37:30,263.6088282005866,30.82739621146114,-0.3864163286118752,306.32388854599554,7.424363425925926,2022-06-08 06:37:30+00:00,310.97224429750304,214.5977221800925,0.1807058760800221,315.5351511778891
2022-06-04 06:52:30,263.6290552564694,30.921432853850693,-0.3751365915229044,326.8944487324017,7.434780092592592,2022-06-08 06:52:30+00:00,311.0951526166045,214.4598525309023,0.1819635366654528,315.01112966054535
2022-06-04 07:07:30,263.6482638301581,31.01540084542955,-0.3639220343142048,313.3678140686966,7.445196759259259,2022-06-08 07:07:30+00:00,311.2152617002709,214.32198284896884,0.1832211882668129,312.122055277314
2022-06-04 07:22:30,263.66646390572856,31.109299802800088,-0.3527721399034499,339.31954326729937,7.455613425925926,2022-06-08 07:22:30+00:00,311.2152617002709,214.1841131342628,0.1844788308463651,316.3993861823578
2022-06-04 07:37:30,263.6836653394894,31.203129353485803,-0.3416863952779179,349.4989081873366,7.466030092592592,2022-06-08 07:37:30+00:00,311.3329146258478,214.04624338683195,0.1857364643669754,313.81005379335926
2022-06-04 07:52:30,263.69987786208037,31.296889135745936,-0.3306642914875827,324.91024467302134,7.476446759259259,2022-06-08 07:52:30+00:00,311.4485050342927,213.90837360668365,0.1869940887919185,315.47817791557355
2022-06-04 08:07:30,263.7151110802449,31.390578798312777,-0.3197053236455675,313.60631912162984,7.486863425925926,2022-06-08 08:07:30+00:00,311.4485050342927,213.77050379384735,0.1882517040835259,321.0907067334446
2022-06-04 08:22:30,263.7293744787168,31.484198000173304,-0.3088089909232531,308.92093220844265,7.497280092592592,2022-06-08 08:22:30+00:00,311.5624770212122,213.63263394834135,0.1895093102045895,317.92935315472874
2022-06-04 08:37:30,263.7426774219716,31.577746410311537,-0.2979747965479811,304.3318843066359,7.507696759259259,2022-06-08 08:37:30+00:00,311.67532457964364,213.49476407017357,0.1907669071184642,315.025041736227
2022-06-04 08:52:30,263.7550291561968,31.671223707559164,-0.2872022477884365,308.29345114750265,7.518113425925926,2022-06-08 08:52:30+00:00,311.67532457964364,213.35689415937333,0.1920244947874524,319.087367835281
2022-06-04 09:07:30,263.7664388109204,31.76462958035425,-0.2764908559493281,308.1818815271924,7.528530092592592,2022-06-08 09:07:30+00:00,311.7875905520164,213.21902421594427,0.1932820731743413,317.75990286841704
2022-06-04 09:22:30,263.7769154007783,31.85796372651513,-0.2658401363633799,308.363658410364,7.538946759259259,2022-06-08 09:22:30+00:00,311.89986504720605,213.0811542399096,0.1945396422424958,316.5895540186024
2022-06-04 09:37:30,263.7864678272565,31.95122585306518,-0.255249608377482,312.49377452877405,7.549363425925926,2022-06-08 09:37:30+00:00,311.89986504720605,212.94328423128368,0.1957972019542315,320.4785754034502
2022-06-04 09:52:30,263.7951048803471,32.044415676011134,-0.2447187953427853,311.5215036650557,7.559780092592592,2022-06-08 09:52:30+00:00,312.0127832774553,212.80541419011436,0.1970547522723253,318.5017356970613
2022-06-04 10:07:30,263.80283524019836,32.13753292018767,-0.2342472245972126,314.6587982554904,7.570196759259259,2022-06-08 10:07:30+00:00,312.0127832774553,212.66754411639533,0.1983122931601276,316.5507327026525
2022-06-04 10:22:30,263.8096674788332,32.23057731902621,-0.2238344274555463,312.82479292188793,7.580613425925926,2022-06-08 10:22:30+00:00,312.1270227693708,212.52967401014143,0.1995698245799794,319.77104698306704
2022-06-04 10:37:30,263.81561006157824,32.32354861439847,-0.21347993919139,310.5343948674982,7.591030092592592,2022-06-08 10:37:30+00:00,312.24329990341914,212.391803871386,0.200827346494658,319.4769059543684
2022-06-04 10:52:30,263.82067134882544,32.41644655641229,-0.2031832990226827,311.67061625029623,7.601446759259259,2022-06-08 10:52:30+00:00,312.24329990341914,212.2539337001374,0.2020848588675359,320.2559821925431
2022-06-04 11:07:30,263.82485959747913,32.50927090328043,-0.1929440500903403,315.30779188954165,7.611863425925926,2022-06-08 11:07:30+00:00,312.3623657375899,212.1160634964252,0.2033423616609062,319.6366238102465
2022-06-04 11:22:30,263.8281829625035,32.602021421069935,-0.1827617394481973,312.15275296700725,7.622280092592592,2022-06-08 11:22:30+00:00,312.485001073446,211.9781932602682,0.2045998548376145,322.37061769616025
2022-06-04 11:37:30,263.8306494983851,32.69469788361696,-0.172635918035303,316.8124668896773,7.632696759259259,2022-06-08 11:37:30+00:00,312.485001073446,211.840322991675,0.2058573383609817,320.06677796327216
2022-06-04 11:52:30,263.83226716073057,32.78730007230268,-0.1625661406633104,314.0666015259523,7.643113425925926,2022-06-08 11:52:30+00:00,312.6120107269405,211.70245269067513,0.2071148121933365,319.40734557595994
2022-06-04 12:07:30,263.8330438075643,32.87982777592846,-0.1525519659915619,289.24175952168343,7.653530092592592,2022-06-08 12:07:30+00:00,312.74421697246754,211.5645823572586,0.2083722762974998,317.79806170457255
