time,longitude,radius,latitude,Vr,Time_days,Times_Earth,Vr_pred_Earth,Lon-L1,Lat-L1,Vr_obs_Earth
2022-09-03 16:52:30,195.73526026363592,32.84084267085163,2.313796318289461,217.03475743727253,17.02554398148148,2022-09-07 16:52:30+00:00,567.9102074123786,85.33213145047067,7.251182491434044,576.9616026711185
2022-09-03 17:07:30,195.7365602717209,32.748283374373486,2.305741267031331,227.87042079005403,17.035960648148148,2022-09-07 17:07:30+00:00,567.9102074123786,85.19456399311255,7.251204806050429,574.2070116861436
2022-09-03 17:22:30,195.7387040463623,32.65564967929786,2.297624807100544,235.7569617382484,17.046377314814816,2022-09-07 17:22:30+00:00,565.1811608543062,85.05699658406553,7.251226892991343,562.3817473567057
2022-09-03 17:37:30,195.74169946120068,32.56294179988545,2.2894462990107356,228.9108234313416,17.05679398148148,2022-09-07 17:37:30+00:00,562.485276779264,84.91942922331974,7.251248752252622,550.703553541617
2022-09-03 17:52:30,195.74555448728017,32.47015995794541,2.281205095130636,218.9157671127411,17.067210648148148,2022-09-07 17:52:30+00:00,562.485276779264,84.78186191091542,7.251270383830141,552.2112611928973
2022-09-03 18:07:30,195.7502771946273,32.37730438287447,2.272900539557801,214.89389837372156,17.077627314814816,2022-09-07 18:07:30+00:00,559.8237856300765,84.64429464688236,7.25129178771973,552.5572924571255
2022-09-03 18:22:30,195.75587575390088,32.2843753118342,2.264531968002356,212.24238009577917,17.08804398148148,2022-09-07 18:22:30+00:00,559.8237856300765,84.50672743118174,7.251312963917278,558.3194212576517
2022-09-03 18:37:30,195.76235843747452,32.191372990047824,2.2560987076803745,231.56694151354304,17.098460648148148,2022-09-07 18:37:30+00:00,557.1983007364726,84.3691602638685,7.251333912418686,550.139120756817
2022-09-03 18:52:30,195.7697336213289,32.098297670831315,2.247600077180691,220.99151666046728,17.108877314814816,2022-09-07 18:52:30+00:00,554.6109656873025,84.23159314497249,7.251354633219836,547.1341124095715
2022-09-03 19:07:30,195.778009786491,32.00514961579419,2.239035386345397,217.63726400897303,17.11929398148148,2022-09-07 19:07:30+00:00,554.6109656873025,84.09402607446954,7.251375126316684,555.3839732888147
2022-09-03 19:22:30,195.7871955204489,31.911929095142913,2.2304039361575865,230.0452766423182,17.129710648148148,2022-09-07 19:22:30+00:00,552.0646584361033,83.9564590523857,7.251395391705108,556.2206852690992
2022-09-03 19:37:30,195.79729951901064,31.81863638770269,2.221705018601629,225.0427879459404,17.140127314814816,2022-09-07 19:37:30+00:00,549.5632749080936,83.81889207873644,7.251415429381071,560.6566499721758
2022-09-03 19:52:30,195.80833058780627,31.725271781184528,2.2129379165434813,226.17960132167855,17.15054398148148,2022-09-07 19:52:30+00:00,549.5632749080936,83.6813251535558,7.251435239340535,558.025280228953
2022-09-03 20:07:30,195.82029764386832,31.63183557244576,2.2041019036089287,227.2783887791405,17.160960648148148,2022-09-07 20:07:30+00:00,547.1121238988695,83.54375827685523,7.251454821579462,555.8708959376739
2022-09-03 20:22:30,195.8332097173549,31.5383280675711,2.195196244042788,235.80849302475872,17.171377314814816,2022-09-07 20:22:30+00:00,544.7184774499306,83.40619144862151,7.251474176093817,557.8185865331108
2022-09-03 20:37:30,195.8470759534558,31.44474958210588,2.186220192580091,260.2262523251192,17.18179398148148,2022-09-07 20:37:30+00:00,544.7184774499306,83.26862466893235,7.251493302879623,552.6955181713112
2022-09-03 20:52:30,195.86190561373957,31.351100441363183,2.177172994322625,230.41310724175204,17.192210648148148,2022-09-07 20:52:30+00:00,542.3923376851257,83.1310579377121,7.251512201932877,555.5688051514429
2022-09-03 21:07:30,195.87770807823196,31.25738098052154,2.1680538845932578,223.4505436547751,17.202627314814816,2022-09-07 21:07:30+00:00,540.1475034017741,82.99349125507833,7.251530873249589,553.9080285324025
2022-09-03 21:22:30,195.89449284722423,31.16359154482751,2.158862088798005,280.3377906821994,17.21304398148148,2022-09-07 21:22:30+00:00,540.1475034017741,82.85592462096362,7.251549316825805,552.2060577152397
2022-09-03 21:37:30,195.91226954278687,31.069732489971535,2.149596822302656,285.22555857539294,17.223460648148148,2022-09-07 21:37:30+00:00,538.0030484184543,82.71835803539422,7.251567532657571,569.8330550918196
2022-09-03 21:52:30,195.93104791094504,30.975804182170343,2.140257290279451,252.35584145550368,17.233877314814816,2022-09-07 21:52:30+00:00,535.9853587568413,82.58079149845878,7.251585520740941,563.7491056522775
2022-09-03 22:07:30,195.9508378234247,30.881806998408017,2.130842687565921,270.5889712126677,17.24429398148148,2022-09-07 22:07:30+00:00,535.9853587568413,82.44322501008985,7.251603281071969,547.1847017756868
2022-09-03 22:22:30,195.97164927954,30.78774132680112,2.1213521985350066,256.8895741703134,17.254710648148148,2022-09-07 22:22:30+00:00,534.1309147231811,82.30565857035744,7.251620813646793,557.8185865331106
2022-09-03 22:37:30,195.9934924081559,30.69360756671197,2.1117849969371307,252.56311682140543,17.265127314814816,2022-09-07 22:37:30+00:00,534.1309147231811,82.16809217923414,7.251638118461449,539.323114281378
2022-09-03 22:52:30,196.01637746987063,30.59940612898999,2.102140245753053,288.94433326548864,17.27554398148148,2022-09-07 22:52:30+00:00,532.4900389719016,82.0305258367687,7.251655195512094,534.6243739565942
2022-09-03 23:07:30,196.04031485860597,30.505137436369683,2.092417097060772,225.73047688767315,17.285960648148148,2022-09-07 23:07:30+00:00,531.1318437154234,81.89295954295878,7.251672044794835,537.4341851804289
2022-09-03 23:22:30,196.06531510399097,30.410801923600808,2.0826146918722968,249.22895716430733,17.296377314814816,2022-09-07 23:22:30+00:00,531.1318437154234,81.75539329782045,7.251688666305795,542.4517052229907
2022-09-03 23:37:30,196.0913888734533,30.3164000377062,2.072732159981783,249.1767710914504,17.30679398148148,2022-09-07 23:37:30+00:00,530.1505594673245,81.61782710138831,7.251705060041163,536.9425232530407
2022-09-03 23:52:30,196.11854697127632,30.22193223787914,2.062768621112045,236.2672053656152,17.317210648148148,2022-09-07 23:52:30+00:00,529.673237634528,81.48026095368907,7.25172122599708,536.6422670262403
2022-09-04 00:07:30,196.1468003449313,30.12739899632236,2.052723182951248,277.8605645523921,17.327627314814816,2022-09-08 00:07:30+00:00,529.673237634528,81.34269485468067,7.251737164169712,542.7045075125208
2022-09-04 00:22:30,196.1761600919081,30.032800799552767,2.0425949386954123,251.31789442288897,17.33804398148148,2022-09-08 00:22:30+00:00,529.8683568503208,81.2051288044271,7.251752874555277,533.2935845456713
2022-09-04 00:37:30,196.2066374516564,29.938138146748937,2.0323829717517925,252.31394601192696,17.348460648148148,2022-09-08 00:37:30+00:00,530.9539244413518,81.0675628029404,7.251768357149966,534.7653496568354
2022-09-04 00:52:30,196.238243812204,29.843411550806895,2.022086353532412,242.22414231574285,17.358877314814816,2022-09-08 00:52:30+00:00,530.9539244413518,80.92999685022242,7.251783611949995,530.1812544717386
2022-09-04 01:07:30,196.27099071253576,29.748621538662047,2.011704143294736,239.34943038259595,17.36929398148148,2022-09-08 01:07:30+00:00,533.202003106239,80.79243094629344,7.251798638951575,531.3578185865331
2022-09-04 01:22:30,196.3048898447335,29.653768651667296,2.0012353879870224,238.6177644490202,17.379710648148148,2022-09-08 01:22:30+00:00,536.9340735436278,80.65486509119492,7.251813438150975,521.5120438826616
2022-09-04 01:37:30,196.33995305648196,29.558853445837247,1.9906791220767104,230.69743990167407,17.390127314814816,2022-09-08 01:37:30+00:00,536.9340735436278,80.5172992848996,7.251828009544443,528.9092932665553
2022-09-04 01:52:30,196.37619235341455,29.463876492165312,1.9800343673843852,270.54074949837167,17.40054398148148,2022-09-08 01:52:30+00:00,542.4986689034815,80.37973352744248,7.251842353128248,526.18650131171
2022-09-04 02:07:30,196.413619901531,29.3688383770739,1.9693001329308273,266.89457534868893,17.410960648148148,2022-09-08 02:07:30+00:00,550.2210262933546,80.24216781886513,7.251856468898654,525.0139120756817
2022-09-04 02:22:30,196.45224802964415,29.27373970263616,1.9584754147558796,234.08227444411784,17.421377314814816,2022-09-08 02:22:30+00:00,550.2210262933546,80.1046021591403,7.251870356851978,533.5177677080849
2022-09-04 02:37:30,196.4920892320872,29.178581086941,1.9475591957514329,237.06094149216935,17.43179398148148,2022-09-08 02:37:30+00:00,560.3179839608249,79.96703654831761,7.251884016984529,528.5475792988314
2022-09-04 02:52:30,196.533156170948,29.08336316454763,1.936550445502638,237.5607848059964,17.442210648148148,2022-09-08 02:52:30+00:00,560.3179839608249,79.8294709864097,7.251897449292614,550.7187303514515
2022-09-04 03:07:30,196.5754616789443,28.988086586753766,1.9254481201056175,299.65399628542286,17.452627314814816,2022-09-08 03:07:30+00:00,572.7852708508649,79.69190547340395,7.251910653772573,531.582941265746
2022-09-04 03:22:30,196.61901876191217,28.89275202198022,1.914251161996147,281.8009835064391,17.46304398148148,2022-09-08 03:22:30+00:00,587.2901154004343,79.55434000935024,7.251923630420744,540.3005008347245
2022-09-04 03:37:30,196.6638406015487,28.797360156224055,1.902958499784953,247.87552267593583,17.473460648148148,2022-09-08 03:37:30+00:00,587.2901154004343,79.41677459426114,7.251936379233496,540.0111296605453
2022-09-04 03:52:30,196.7099405580738,28.701911693384783,1.8915690480755347,254.7813194002705,17.483877314814816,2022-09-08 03:52:30+00:00,603.1277346655316,79.27920922815333,7.251948900207206,537.8575403450195
2022-09-04 04:07:30,196.7573321730439,28.60640735567589,1.880081707290697,235.7088672997808,17.49429398148148,2022-09-08 04:07:30+00:00,619.2975598955259,79.14164391103301,7.251961193338257,537.0140710708323
2022-09-04 04:22:30,196.8060291720676,28.510847884087763,1.8684953635024617,266.3495414315753,17.504710648148148,2022-09-08 04:22:30+00:00,619.2975598955259,79.00407864291294,7.25197325862303,534.1265745940203
2022-09-04 04:37:30,196.85604546776733,28.415234038743343,1.8568088882483416,269.3619412214931,17.515127314814816,2022-09-08 04:37:30+00:00,634.7025234871844,78.86651342380972,7.251985096057965,529.8386199220923
2022-09-04 04:52:30,196.9073951626751,28.319566599340675,1.8450211383556143,301.5889078398863,17.52554398148148,2022-09-08 04:52:30+00:00,648.3966707228172,78.72894825375917,7.25199670563946,530.8569838619923
2022-09-04 05:07:30,196.96009255195432,28.22384636566113,1.8331309557714948,300.75088832315765,17.535960648148148,2022-09-08 05:07:30+00:00,648.3966707228172,78.59138313275906,7.252008087363982,529.0961125685667
2022-09-04 05:22:30,197.0141521265581,28.12807415795329,1.821137167377861,246.40310238373755,17.546377314814816,2022-09-08 05:22:30+00:00,659.7695415573442,78.45381806085584,7.252019241227957,513.3941184024657
2022-09-04 05:37:30,197.06958857631403,28.032250817372095,1.8090385848095705,233.8588067880046,17.55679398148148,2022-09-08 05:37:30+00:00,668.5983632201873,78.31625303802656,7.25203016722784,515.4044619820914
2022-09-04 05:52:30,197.12641679277937,27.936377206545217,1.7968340042882132,235.5633469365955,17.567210648148148,2022-09-08 05:52:30+00:00,668.5983632201873,78.17868806431328,7.252040865360143,510.8911678193815
2022-09-04 06:07:30,197.18465187246957,27.840454209999233,1.7845222064366792,235.04368427817985,17.577627314814816,2022-09-08 06:07:30+00:00,674.9807407564277,78.04112313971827,7.252051335621344,524.4852531997774
2022-09-04 06:22:30,197.2443091201259,27.74448273462571,1.772101956097112,243.90280921334625,17.58804398148148,2022-09-08 06:22:30+00:00,679.2117130064296,77.90355826426271,7.25206157800794,515.7834486048176
2022-09-04 06:37:30,197.3054040516024,27.64846371026563,1.7595720021630052,245.934062814535,17.598460648148148,2022-09-08 06:37:30+00:00,679.2117130064296,77.76599343798891,7.252071592516436,518.9840209873599
2022-09-04 06:52:30,197.3679523974089,27.552398090178155,1.7469310773957492,263.20531421548566,17.608877314814816,2022-09-08 06:52:30+00:00,681.6662664048042,77.62842866088457,7.252081379143375,518.745528261388
2022-09-04 07:07:30,197.43197010595557,27.456286851536472,1.734177898242821,246.70106631515185,17.61929398148148,2022-09-08 07:07:30+00:00,681.6662664048042,77.49086393295639,7.252090937885291,508.4784164082995
2022-09-04 07:22:30,197.4974733467056,27.360130996088028,1.721311164677635,316.1335584410904,17.629710648148148,2022-09-08 07:22:30+00:00,682.7176051644446,77.35329925424642,7.2521002687387535,509.20581922251375
2022-09-04 07:37:30,197.56447851371988,27.263931550606536,1.7083295600108157,270.49733547747456,17.640127314814816,2022-09-08 07:37:30+00:00,682.6938580134412,77.21573462478653,7.252109371700323,513.1036576111701
2022-09-04 07:52:30,197.63300222923155,27.167689567456804,1.6952317507155736,241.65844375159384,17.65054398148148,2022-09-08 07:52:30+00:00,682.6938580134412,77.07817004456881,7.252118246766566,514.8580968280468
2022-09-04 08:07:30,197.70306134669417,27.071406125286952,1.682016386270785,207.59613943552665,17.660960648148148,2022-09-08 08:07:30+00:00,681.8629280474186,76.9406055135919,7.252126893934091,513.7610302885763
2022-09-04 08:22:30,197.7746729546936,26.975082329516788,1.668682098975424,202.40878380070413,17.671377314814816,2022-09-08 08:22:30+00:00,680.4334979576973,76.80304103191662,7.252135313199488,500.80690038953816
2022-09-04 08:37:30,197.84785438046856,26.87871931295309,1.6552275037807644,202.80763757598115,17.68179398148148,2022-09-08 08:37:30+00:00,680.4334979576973,76.66547659952082,7.252143504559411,494.2014468558709
2022-09-04 08:52:30,197.9226231933128,26.78231823652356,1.6416511981388793,197.92461427202736,17.692210648148148,2022-09-08 08:52:30+00:00,678.5632649183693,76.52791221646122,7.252151468010461,492.68477765973586
2022-09-04 09:07:30,197.99899720847716,26.68588028977448,1.6279517618194583,199.31698283502428,17.702627314814816,2022-09-08 09:07:30+00:00,676.369130913417,76.39034788272618,7.252159203549295,492.16312902456474
2022-09-04 09:22:30,198.0769944907757,26.589406691605785,1.6141277567590433,200.51117662701168,17.71304398148148,2022-09-08 09:22:30+00:00,676.369130913417,76.25278359832251,7.252166711172555,494.51864218141344
2022-09-04 09:37:30,198.15663335835924,26.492898690950593,1.6001777269053232,205.91579447449507,17.723460648148148,2022-09-08 09:37:30+00:00,673.936775342131,76.11521936332183,7.252173990876933,504.684445585948
2022-09-04 09:52:30,198.23793238646584,26.39635756744312,1.5861001980593077,209.14918865026075,17.733877314814816,2022-09-08 09:52:30+00:00,671.3286429414696,75.97765517768316,7.25218104265911,497.4958263772955
2022-09-04 10:07:30,198.3209104114567,26.299784632043064,1.571893677713116,193.00957483587445,17.74429398148148,2022-09-08 10:07:30+00:00,671.3286429414696,75.84009104145738,7.252187866515776,502.4299758857355
2022-09-04 10:22:30,198.40558653441033,26.203181227928816,1.557556654929274,195.57702825404,17.754710648148148,2022-09-08 10:22:30+00:00,668.5901942188584,75.70252695462858,7.2521944624436445,524.9712483769244
2022-09-04 10:37:30,198.49198012537047,26.10654873106271,1.5430876001728486,204.7160255242144,17.765127314814816,2022-09-08 10:37:30+00:00,665.7546112424722,75.56496291724352,7.252200830439444,513.6656331981875
2022-09-04 10:52:30,198.58011082718724,26.00988855100452,1.5284849651832575,210.1159078424648,17.77554398148148,2022-09-08 10:52:30+00:00,665.7546112424722,75.42739892932362,7.25220697049989,501.3176723109945
2022-09-04 11:07:30,198.66999855945025,25.913202131757092,1.5137471828538296,211.7119502549693,17.785960648148148,2022-09-08 11:07:30+00:00,662.8462556090559,75.28983499089718,7.25221288262175,507.4939714338713
2022-09-04 11:22:30,198.7616635227558,25.81649095244342,1.4988726670889123,206.40919317181175,17.796377314814816,2022-09-08 11:22:30+00:00,662.8462556090559,75.15227110192332,7.252218566801784,505.83710946816126
2022-09-04 11:37:30,198.8551262027849,25.719756528113976,1.4838598126834288,197.52798800701848,17.80679398148148,2022-09-08 11:37:30+00:00,659.8831703521214,75.01470726246751,7.252224023036779,488.4302119694441
2022-09-04 11:52:30,198.95040737425884,25.623000410709835,1.46870699523148,191.8473828661366,17.817210648148148,2022-09-08 11:52:30+00:00,656.8788723912492,74.8771434725579,7.2522292513234765,503.6680181254472
2022-09-04 12:07:30,199.04752810528737,25.526224189776393,1.4534125710002754,195.13486100092243,17.827627314814816,2022-09-08 12:07:30+00:00,656.8788723912492,74.73957973216847,7.252234251658706,490.1224262659989
2022-09-04 12:22:30,199.14650976189608,25.429429493290183,1.437974876825666,200.6776016157594,17.83804398148148,2022-09-08 12:22:30+00:00,653.8436290389662,74.60201604136458,7.252239024039299,492.63322468664705
2022-09-04 12:37:30,199.2473740115525,25.33261798874349,1.4223922300551863,196.8569735977227,17.848460648148148,2022-09-08 12:37:30+00:00,650.7853641336907,74.46445240013075,7.252243568462048,501.89061541315294
2022-09-04 12:52:30,199.35014282821135,25.23579138386317,1.406662928438087,196.3393866141909,17.858877314814816,2022-09-08 12:52:30+00:00,650.7853641336907,74.32688880847024,7.252247884923813,511.3284044836632
2022-09-04 13:07:30,199.4548384963612,25.138951427576067,1.390785250060765,200.87072013564287,17.86929398148148,2022-09-08 13:07:30+00:00,647.7103004957854,74.18932526641942,7.252251973421438,501.98816208832903
2022-09-04 13:22:30,199.56148361520195,25.0420999110565,1.374757453302923,191.97053454850175,17.879710648148148,2022-09-08 13:22:30+00:00,644.623415632288,74.05176177402116,7.252255833951786,508.0133555926545
2022-09-04 13:37:30,199.67010110351225,24.94523866855835,1.358577776766272,194.1172138948225,17.890127314814816,2022-09-08 13:37:30+00:00,644.623415632288,73.9141983312786,7.252259466511734,518.9999205024246
2022-09-04 13:52:30,199.7807142036476,24.848369578492623,1.3422444392517996,195.7322913612977,17.90054398148148,2022-09-08 13:52:30+00:00,641.5287655639795,73.77663493821372,7.252262871098183,500.9698704189522
2022-09-04 14:07:30,199.89334648629085,24.751494564434775,1.325755639733868,203.54537982413373,17.910960648148148,2022-09-08 14:07:30+00:00,638.4297156515141,73.6390715948113,7.252266047707996,497.0691893897236
2022-09-04 14:22:30,200.00802185477653,24.654615596147757,1.3091095573477776,201.3055942574472,17.921377314814816,2022-09-08 14:22:30+00:00,638.4297156515141,73.50150830111824,7.252268996338142,500.71710426468354
2022-09-04 14:37:30,200.12476454974689,24.55773469062449,1.2923043513896153,201.55470141881605,17.93179398148148,2022-09-08 14:37:30+00:00,635.3291058470736,73.36394505714185,7.252271716985523,500.6147812491719
2022-09-04 14:52:30,200.24359915346255,24.46085391324111,1.2753381613472303,207.8601149608579,17.942210648148148,2022-09-08 14:52:30+00:00,632.2293696728507,73.2263818629253,7.252274209647083,504.7161936560935
2022-09-04 15:07:30,200.364550594545,24.36397537882787,1.2582091069293873,203.83944066150093,17.952627314814816,2022-09-08 15:07:30+00:00,632.2293696728507,73.08881871844272,7.25227647431977,504.74600524684
2022-09-04 15:22:30,200.48764415262005,24.267101252747384,1.2409152881075705,199.36242288437583,17.96304398148148,2022-09-08 15:22:30+00:00,629.1326204939228,72.95125562376005,7.252278511000571,514.0882953069931
2022-09-04 15:37:30,200.61290546249407,24.170233752209363,1.2234547852151962,197.170610096491,17.973460648148148,2022-09-08 15:37:30+00:00,629.1326204939228,72.81369257883283,7.252280319686426,511.9087367835281
2022-09-04 15:52:30,200.7403605191146,24.07337514732288,1.2058256590143916,197.5998537492077,17.983877314814816,2022-09-08 15:52:30+00:00,626.0407146207107,72.67612958373729,7.252281900374368,505.2051037443359
2022-09-04 16:07:30,200.87003568209687,23.97652776232845,1.1880259508104418,195.1591850979678,17.99429398148148,2022-09-08 16:07:30+00:00,622.9552979458166,72.5385666384664,7.252283253061376,503.2037522855553
2022-09-04 16:22:30,201.0019576799531,23.879693976979773,1.1700536826109147,205.31733358142233,18.004710648148148,2022-09-08 16:22:30+00:00,622.9552979458166,72.40100374306357,7.252284377744483,520.4653258075629
2022-09-04 16:37:30,201.1361536151242,23.782876227632,1.1519068572500195,216.03024295305875,18.015127314814816,2022-09-08 16:37:30+00:00,619.8778408350182,72.26344089750289,7.252285274420706,530.8885179002041
2022-09-04 16:52:30,201.2726509683867,23.686077008613815,1.1335834585832356,212.64458378289575,18.02554398148148,2022-09-08 16:52:30+00:00,616.8096646001293,72.12587810182119,7.252285943087112,531.5525876460769
2022-09-04 17:07:30,201.41147760310795,23.589298873659292,1.115081451715075,212.10267389170212,18.035960648148148,2022-09-08 17:07:30+00:00,616.8096646001293,71.98831535606172,7.252286383740726,521.5561289017048
2022-09-04 17:22:30,201.55266177017344,23.492544437102307,1.096398783204065,250.0812246627256,18.046377314814816,2022-09-08 17:22:30+00:00,613.7519619047016,71.85075266022808,7.252286596378608,522.4576573491431
2022-09-04 17:37:30,201.69623211223004,23.39581637536157,1.0775333813454069,218.6817155040012,18.05679398148148,2022-09-08 17:37:30+00:00,610.7058127675109,71.71319001431326,7.25228658099789,519.2125765164163
2022-09-04 17:52:30,201.8422176682384,23.299117428362347,1.058483156467895,267.8894857909168,18.067210648148148,2022-09-08 17:52:30+00:00,610.7058127675109,71.57562741836075,7.252286337595629,515.3774809868299
2022-09-04 18:07:30,201.99064787778653,23.20245040095773,1.039246001256026,266.4854026528335,18.077627314814816,2022-09-08 18:07:30+00:00,607.6721973463036,71.4380648723885,7.252285866168951,491.79744017807457
2022-09-04 18:22:30,202.1415525856094,23.105818164410323,1.019819791112627,249.8110153943807,18.08804398148148,2022-09-08 18:22:30+00:00,604.6520063443791,71.30050237641902,7.2522851667149375,504.5472613085301
2022-09-04 18:37:30,202.2949620457132,23.00922365795312,1.000202384566699,285.09417990405933,18.098460648148148,2022-09-08 18:37:30+00:00,604.6520063443791,71.16293993043719,7.252284239230771,516.1240957150807
2022-09-04 18:52:30,202.4509069257178,22.912669890305537,0.9803916237045378,280.4754503814043,18.108877314814816,2022-09-08 18:52:30+00:00,601.6460496426879,71.02537753450522,7.252283083713546,491.5752444550441
2022-09-04 19:07:30,202.6094183112428,22.81615994120204,0.9603853346354178,273.1492317391297,18.11929398148148,2022-09-08 19:07:30+00:00,598.6550635904326,70.88781518858696,7.252281700160466,509.64305588679537
2022-09-04 19:22:30,202.7705277094152,22.71969696314899,0.9401813280406478,279.6764533500355,18.129710648148148,2022-09-08 19:22:30+00:00,598.6550635904326,70.75025289276968,7.252280088568662,509.037284362827
2022-09-04 19:37:30,202.9342670534504,22.62328418293103,0.9197773997082588,278.8465675997464,18.140127314814816,2022-09-08 19:37:30+00:00,595.6797172668569,70.61269064702796,7.2522782489353395,523.1205448233829
2022-09-04 19:52:30,203.1006687064116,22.526924903335356,0.8991713311515185,298.7079847025039,18.15054398148148,2022-09-08 19:52:30+00:00,595.6797172668569,70.47512845138414,7.252276181257701,511.3522537562605
2022-09-04 20:07:30,203.2697654646633,22.43062250494388,0.8783608902848189,396.435876275581,18.160960648148148,2022-09-08 20:07:30+00:00,592.7206179413683,70.33756630588174,7.252273885532924,510.15382780825183
2022-09-04 20:22:30,203.441590561864,22.33438044781203,0.8573438321193612,390.1122619934128,18.171377314814816,2022-09-08 20:22:30+00:00,589.7783158981858,70.20000421049545,7.252271361758258,496.447783342608
2022-09-04 20:37:30,203.61617767257113,22.238202273230577,0.8361178995227388,402.4926895436885,18.18179398148148,2022-09-08 20:37:30+00:00,589.7783158981858,70.06244216526231,7.252268609930914,490.6753420943739
2022-09-04 20:52:30,203.793560915181,22.14209160566887,0.8146808240677659,410.15236310468663,18.192210648148148,2022-09-08 20:52:30+00:00,586.8533087480929,69.92488017022583,7.252265630048146,499.678034819938
2022-09-04 21:07:30,203.97377485553977,22.04605215453621,0.7930303268926494,411.2816477353378,18.202627314814816,2022-09-08 21:07:30+00:00,583.9460453185812,69.7873182253607,7.25226242210722,495.76436918673977
2022-09-04 21:22:30,204.15685450992464,21.950087716088316,0.7711641196487792,412.2139266944917,18.21304398148148,2022-09-08 21:22:30+00:00,583.9460453185812,69.64975633074775,7.25225898610539,493.9899833055092
2022-09-04 21:37:30,204.34283534764023,21.8542021754298,0.7490799055261855,415.7446419313744,18.223460648148148,2022-09-08 21:37:30+00:00,581.0569291911328,69.51219448634319,7.252255322039943,498.5319447756843
2022-09-04 21:52:30,204.53175329384632,21.75839950843097,0.7267753803218739,412.943218777644,18.233877314814816,2022-09-08 21:52:30+00:00,578.1863219380639,69.3746326921945,7.252251429908183,512.8547579298831
2022-09-04 22:07:30,204.72364473211644,21.662683783739936,0.7042482335924132,409.635106129263,18.24429398148148,2022-09-08 22:07:30+00:00,578.1863219380639,69.23707094829523,7.252247309707427,503.4223706176961
2022-09-04 22:22:30,204.9185465062273,21.567059164879815,0.6814961498934272,415.53841382541384,18.254710648148148,2022-09-08 22:22:30+00:00,575.3345460994855,69.09950925471814,7.252242961434964,492.1986379415427
2022-09-04 22:37:30,205.11649592228537,21.47152991230207,0.6585168100799761,420.83368519516966,18.265127314814816,2022-09-08 22:37:30+00:00,572.5018879322502,68.96194761142347,7.252238385088152,501.25924159313143
2022-09-04 22:52:30,205.31753075063136,21.376100385456773,0.6353078926839211,412.7188725395039,18.27554398148148,2022-09-08 22:52:30+00:00,572.5018879322502,68.8243860184338,7.252233580664344,506.54795028751624
2022-09-04 23:07:30,205.5216892264406,21.28077504511826,0.6118670754308941,399.9517267735382,18.285960648148148,2022-09-08 23:07:30+00:00,569.6885999563541,68.68682447582194,7.252228548160858,521.7492116490447
2022-09-04 23:22:30,205.72901005151024,21.18555845540426,0.588192036763945,408.2294019444172,18.296377314814816,2022-09-08 23:22:30+00:00,566.894903319505,68.5492629835628,7.252223287575113,516.4215491427511
2022-09-04 23:37:30,205.93953239452316,21.090455286108593,0.5642804575300033,404.45925500834727,18.30679398148148,2022-09-08 23:37:30+00:00,566.894903319505,68.41170154167902,7.2522177989044625,511.9677577106625
2022-09-04 23:52:30,206.15329589133563,20.9954703149861,0.5401300227434922,403.3048277741815,18.317210648148148,2022-09-08 23:52:30+00:00,564.1209899970079,68.27414015021436,7.252212082146316,514.9972175848636
2022-09-05 00:07:30,206.37034064486977,20.90060843006395,0.5157384234509753,403.76517496798874,18.327627314814816,2022-09-09 00:07:30+00:00,564.1209899970079,68.13657880912918,7.252206137298061,514.4567869526134
2022-09-05 00:22:30,206.5907072250226,20.805874631895065,0.4911033586773075,396.16650156900505,18.33804398148148,2022-09-09 00:22:30+00:00,561.3670248414115,67.9990175185335,7.252199964357152,523.5164019805088
2022-09-05 00:37:30,206.8144366669036,20.71127403615099,0.4662225375683792,397.6013944809978,18.348460648148148,2022-09-09 00:37:30+00:00,558.6331474942923,67.86145627835457,7.252193563320983,521.3111596250161
2022-09-05 00:52:30,207.04157047003676,20.616811875866304,0.4410936815446606,408.9454933480199,18.358877314814816,2022-09-09 00:52:30+00:00,558.6331474942923,67.72389508864035,7.252186934187029,506.8354665182712
2022-09-05 01:07:30,207.27215059636865,20.52249350392885,0.415714526633631,393.7152552285037,18.36929398148148,2022-09-09 01:07:30+00:00,555.9194741709276,67.58633394945709,7.25218007695273,488.343005538331
2022-09-05 01:22:30,207.50621946735504,20.42832439567366,0.3900828259474557,388.57830277353014,18.379710648148148,2022-09-09 01:22:30+00:00,553.2260993273452,67.44877286076128,7.252172991615572,480.40252272305696
2022-09-05 01:37:30,207.74381996122185,20.33431015135971,0.3641963522534098,382.7192358427501,18.390127314814816,2022-09-09 01:37:30+00:00,553.2260993273452,67.31121182258622,7.252165678173021,480.2475024511753
2022-09-05 01:52:30,207.9849954094473,20.240456498666106,0.3380529006764834,379.26390567263434,18.40054398148148,2022-09-09 01:52:30+00:00,550.5530972182054,67.1736508349837,7.252158136622571,484.0363568911148
2022-09-05 02:07:30,208.22978959209144,20.14676929541306,0.3116502915980473,385.1192316412128,18.410960648148148,2022-09-09 02:07:30+00:00,547.9005233531319,67.03608989792488,7.2521503669617555,501.2818984020987
2022-09-05 02:22:30,208.47824673297217,20.053254532123407,0.2849863736509591,400.2662840270975,18.421377314814816,2022-09-09 02:22:30+00:00,547.9005233531319,66.89852901148683,7.25214236918805,499.3043962159154
2022-09-05 02:37:30,208.73041149414593,19.95991833466392,0.2580590268810262,373.38105662485464,18.43179398148148,2022-09-09 02:37:30+00:00,545.2684158584178,66.7609681756338,7.252134143299033,494.3059861674219
2022-09-05 02:52:30,208.98632896911272,19.866766967009077,0.2308661660960569,381.00720932495864,18.442210648148148,2022-09-09 02:52:30+00:00,542.6567967504338,66.62340739039539,7.25212568929222,499.7303197637087
2022-09-05 03:07:30,209.24604467580505,19.773806833896025,0.2034057443414765,375.01341521583595,18.452627314814816,2022-09-09 03:07:30+00:00,542.6567967504338,66.48584665581947,7.252117007165165,494.8655166017437
2022-09-05 03:22:30,209.50960454854467,19.681044483544255,0.1756757565576709,376.1329122835247,18.46304398148148,2022-09-09 03:22:30+00:00,540.0656731265669,66.34828597188508,7.252108096915458,485.9289291676603
2022-09-05 03:37:30,209.77705492861375,19.588486610534552,0.1476742434563812,378.00861518168136,18.473460648148148,2022-09-09 03:37:30+00:00,537.495038279067,66.2107253386363,7.252098958540675,481.36709330365426
2022-09-05 03:52:30,210.0484425548428,19.49614005847873,0.1193992955110165,375.19509259618746,18.483877314814816,2022-09-09 03:52:30+00:00,537.495038279067,66.07316475610644,7.252089592038373,477.8148766462623
2022-09-05 04:07:30,210.32381455253852,19.404011822843845,0.0908490571771409,384.0616273759704,18.49429398148148,2022-09-09 04:07:30+00:00,534.9448727367951,65.93560422426006,7.25207999740622,480.58337970691895
2022-09-05 04:22:30,210.60321842122968,19.312109053843898,0.0620217313252659,385.0926407400312,18.504710648148148,2022-09-09 04:22:30+00:00,534.9448727367951,65.79804374318488,7.252070174641788,485.80133555926545
2022-09-05 04:37:30,210.8867020219753,19.22043905921907,0.0329155838357815,431.67836805634965,18.515127314814816,2022-09-09 04:37:30+00:00,532.4151452395062,65.66048331285596,7.252060123742727,488.6291968094973
2022-09-05 04:52:30,211.17431356309328,19.129009307056595,0.0035289484117849,435.07535600809337,18.52554398148148,2022-09-09 04:52:30+00:00,529.905813648991,65.52292293328183,7.252049844706666,480.6741394387471
2022-09-05 05:07:30,211.46610158447427,19.037827428735408,-0.0261397683578056,436.9138437480189,18.535960648148148,2022-09-09 05:07:30+00:00,529.905813648991,65.38536260452096,7.25203933753125,494.7505101094416
2022-09-05 05:22:30,211.76211494135032,18.946901221687632,-0.056092081774045,436.6715610354607,18.546377314814816,2022-09-09 05:22:30+00:00,527.4168258011096,65.24780232656309,7.252028602214192,496.0330709913348
2022-09-05 05:37:30,212.06240278610264,18.85623865227425,-0.0863294235418265,444.53921802443847,18.55679398148148,2022-09-09 05:37:30+00:00,524.9481203024786,65.11024209944563,7.252017638753129,487.3050525805117
2022-09-05 05:52:30,212.36701454872943,18.765847858719862,-0.1168531360304775,449.8436169125413,18.567210648148148,2022-09-09 05:52:30+00:00,524.9481203024786,64.97268192316908,7.252006447145748,502.0561334417762
2022-09-05 06:07:30,212.67599991607415,18.675737153869672,-0.1476644663545071,426.89549248747915,18.577627314814816,2022-09-09 06:07:30+00:00,522.4996272753414,64.83512179778137,7.251995027389793,492.12974004292863
2022-09-05 06:22:30,212.98940880996776,18.58591502800684,-0.1787645601846855,425.7256069352535,18.58804398148148,2022-09-09 06:22:30+00:00,520.0712690539087,64.69756172326181,7.251983379482934,502.2352068261918
2022-09-05 06:37:30,213.30729136255053,18.496390151749083,-0.2101544552807722,466.8438625779809,18.598460648148148,2022-09-09 06:37:30+00:00,520.0712690539087,64.56000169965442,7.25197150342292,500.108646686276
2022-09-05 06:52:30,213.6296978911042,18.407171378795223,-0.2418350748122599,456.9105371697928,18.608877314814816,2022-09-09 06:52:30+00:00,517.6629608352622,64.4224417269781,7.251959399207509,496.39635082039086
2022-09-05 07:07:30,213.9566788709621,18.31826774861738,-0.2738072204323504,424.5821138438542,18.61929398148148,2022-09-09 07:07:30+00:00,515.2746112877036,64.28488180525596,7.251947066834415,498.4126984126984
2022-09-05 07:22:30,214.28828490593585,18.229688489307065,-0.3060715650221821,410.10658790291507,18.629710648148148,2022-09-09 07:22:30+00:00,515.2746112877036,64.14732193447377,7.251934506301435,488.6310517529216
2022-09-05 07:37:30,214.62456669757023,18.141443020171117,-0.3386286452442015,418.6313682361598,18.640127314814816,2022-09-09 07:37:30+00:00,512.9061231192601,64.00976211469407,7.251921717606327,487.6672761480775
2022-09-05 07:52:30,214.96557501257504,18.053540954352393,-0.3714788538005069,401.2253591782692,18.65054398148148,2022-09-09 07:52:30+00:00,510.55739360887526,63.87220234591087,7.251908700746869,485.7917958502266
2022-09-05 08:07:30,215.31136064735355,17.9659921014557,-0.4046224313961828,405.9605515365114,18.660960648148148,2022-09-09 08:07:30+00:00,510.55739360887526,63.73464262815367,7.25189545572088,484.5668707104433
2022-09-05 08:22:30,215.66197439115572,17.8788064700552,-0.4380594584501932,402.76217938989225,18.671377314814816,2022-09-09 08:22:30+00:00,508.22831510266593,63.59708296144131,7.251881982526177,482.7437263163473
2022-09-05 08:37:30,216.0174669874156,17.791994270034923,-0.4717898465659607,436.1743256304366,18.68179398148148,2022-09-09 08:37:30+00:00,508.22831510266593,63.45952334578248,7.251868281160576,488.11908736783533
2022-09-05 08:52:30,216.37788909151615,17.705565915070906,-0.5058133296423047,415.5206594323873,18.692210648148148,2022-09-09 08:52:30+00:00,505.9187754774624,63.32196378119211,7.251854351621902,494.1927021225852
2022-09-05 09:07:30,216.74329122753625,17.61953202481493,-0.5401294547882058,412.3553261037303,18.702627314814816,2022-09-09 09:07:30+00:00,503.62865857372134,63.18440426770371,7.251840193908024,488.6211868265291
2022-09-05 09:22:30,217.1137237423453,17.533903427012397,-0.5747375729517477,449.4957032842757,18.71304398148148,2022-09-09 09:22:30+00:00,503.62865857372134,63.04684480532581,7.251825808016767,481.4273789649416
2022-09-05 09:37:30,217.48923675614077,17.44869115968455,-0.6096368292063784,439.06510851419034,18.723460648148148,2022-09-09 09:37:30+00:00,501.35784459975974,62.90928539408781,7.251811193946047,475.4855976892704
2022-09-05 09:52:30,217.8698801119874,17.36390647294737,-0.6448261528658247,456.9098214538355,18.733877314814816,2022-09-09 09:52:30+00:00,499.10621050913886,62.77172603402352,7.251796351693724,471.728012295625
2022-09-05 10:07:30,218.2557033220676,17.279560830784007,-0.6803042473020263,432.0521026480234,18.74429398148148,2022-09-09 10:07:30+00:00,499.10621050913886,62.63416672509767,7.251781281257702,479.60767946577624
2022-09-05 10:22:30,218.6467555105978,17.195665912782772,-0.7160695794591446,430.8946283020721,18.754710648148148,2022-09-09 10:22:30+00:00,496.8736303529115,62.49660746739804,7.251765982635882,503.796804197472
2022-09-05 10:37:30,219.04308535486163,17.11223361556838,-0.7521203691786926,427.96673411138386,18.765127314814816,2022-09-09 10:37:30+00:00,494.6599756083351,62.35904826088543,7.251750455826191,498.14969393433506
2022-09-05 10:52:30,219.44474102346933,17.029276054078498,-0.7884545782793145,437.1686143572622,18.77554398148148,2022-09-09 10:52:30+00:00,494.6599756083351,62.22148910562669,7.2517347008265585,495.7548294777009
2022-09-05 11:07:30,219.8517701104536,16.946805562813378,-0.8250698993379856,426.4132528573263,18.785960648148148,2022-09-09 11:07:30+00:00,492.46511548555276,62.08393000157851,7.251718717634943,493.0439621591542
2022-09-05 11:22:30,220.26421956555345,16.86483469558123,-0.8619637444214299,421.97748936399375,18.796377314814816,2022-09-09 11:22:30+00:00,490.2889172136495,61.94637094883278,7.251702506249259,484.7068346233621
2022-09-05 11:37:30,220.68213562227643,16.78337622593876,-0.8991332335124103,413.8073259353825,18.80679398148148,2022-09-09 11:37:30+00:00,490.2889172136495,61.808811947383454,7.251686066667504,466.22822549366794
2022-09-05 11:52:30,221.1055637409914,16.702443154997688,-0.9365751822725478,416.9406923997909,18.817210648148148,2022-09-09 11:52:30+00:00,488.13124630739793,61.671252997216456,7.251669398887682,446.455203116305
2022-09-05 12:07:30,221.53454850943797,16.622048702263037,-0.9742860906807164,417.7324681149464,18.827627314814816,2022-09-09 12:07:30+00:00,488.13124630739793,61.53369409838003,7.251652502907745,442.9631396242415
2022-09-05 12:22:30,221.9691335708277,16.54220630905932,-1.0122621307610242,415.0345189580888,18.83804398148148,2022-09-09 12:22:30+00:00,485.99196681592935,61.39613525091174,7.251635378725685,447.4309033574475
2022-09-05 12:37:30,222.40936153929263,16.462929638367807,-1.0504991342970336,420.8805720977749,18.848460648148148,2022-09-09 12:37:30+00:00,483.87094155448125,61.25857645476845,7.251618026339559,450.3654238545725
2022-09-05 12:52:30,222.85527391428553,16.384232574084603,-1.0889925806059195,405.7842500569517,18.858877314814816,2022-09-09 12:52:30+00:00,483.87094155448125,61.121017710041905,7.251600445747386,458.78686700055647
2022-09-05 13:07:30,223.30691099008536,16.306129220158713,-1.1277375841515196,398.8337369794728,18.86929398148148,2022-09-09 13:07:30+00:00,481.76803232030386,60.98345901669721,7.251582636947169,447.4663159137283
2022-09-05 13:22:30,223.764311762144,16.22863389942377,-1.1667288821045407,383.2562903644187,18.879710648148148,2022-09-09 13:22:30+00:00,479.6831000937346,60.845900374792976,7.25156459993699,444.7857540345019
2022-09-05 13:37:30,224.22751383099305,16.15176115195004,-1.205960821968598,398.0227793327145,18.890127314814816,2022-09-09 13:37:30+00:00,479.6831000937346,60.70834178428994,7.251546334714928,442.50959576502146
2022-09-05 13:52:30,224.69655330230367,16.075525733107828,-1.245427349202571,390.5484035456584,18.90054398148148,2022-09-09 13:52:30+00:00,477.6160052253893,60.57078324529873,7.251527841279,435.13262845483206
2022-09-05 14:07:30,225.1714646836925,15.999942611273768,-1.285121994905417,325.4295112315906,18.910960648148148,2022-09-09 14:07:30+00:00,475.5666076103531,60.433224757746984,7.251509119627338,434.8803561491374
2022-09-05 14:22:30,225.65228077893377,15.92502696502426,-1.3250378636766682,337.74346132442963,18.921377314814816,2022-09-09 14:22:30+00:00,475.5666076103531,60.295666321712055,7.251490169758034,435.1755089651584
2022-09-05 14:37:30,226.1390325784593,15.85079418000217,-1.3651676215967887,347.65709840024635,18.93179398148148,2022-09-09 14:37:30+00:00,473.5347668502019,60.158107937187744,7.251470991669199,444.38230383973286
2022-09-05 14:52:30,226.63174914706784,15.777259845310049,-1.4055034844369458,328.79084187932267,18.942210648148148,2022-09-09 14:52:30+00:00,471.52034240362894,60.02054960418952,7.251451585358924,446.1059437687151
2022-09-05 15:07:30,227.1304575086289,15.70443974941467,-1.446037206160124,345.7828487151387,18.952627314814816,2022-09-09 15:07:30+00:00,471.52034240362894,59.88299132277974,7.251431950825369,443.00288841190337
2022-09-05 15:22:30,227.6351825283512,15.632349875556582,-1.4867600677551285,384.8394382794854,18.96304398148148,2022-09-09 15:22:30+00:00,469.52319372640335,59.745433092923406,7.251412088066673,439.27842700797623
2022-09-05 15:37:30,228.1459467911779,15.561006396767604,-1.527662866400619,403.3671939107552,18.973460648148148,2022-09-09 15:37:30+00:00,467.543180401338,59.6078749146503,7.2513919970809795,443.5911704693006
2022-09-05 15:52:30,228.66277047929043,15.490425670166136,-1.5687359051977845,394.5332951368651,18.983877314814816,2022-09-09 15:52:30+00:00,467.543180401338,59.47031678797935,7.25137167786648,454.3683917640512
2022-09-05 16:07:30,229.1856712460157,15.420624230861945,-1.60996898334033,376.7234137575364,18.99429398148148,2022-09-09 16:07:30+00:00,465.5801622589045,59.33275871297732,7.251351130421339,441.439436097199
2022-09-05 16:22:30,229.7146640875579,15.351618785299207,-1.6513513868777552,372.5068447412354,19.004710648148148,2022-09-09 16:22:30+00:00,465.5801622589045,59.19520068960117,7.2513303547437475,434.2793544796884
2022-09-05 16:37:30,230.24976121313583,15.28342620394045,-1.6928718801925735,365.013213655688,19.015127314814816,2022-09-09 16:37:30+00:00,463.6339994890882,59.05764271789898,7.251309350831917,427.1341124095715
2022-09-05 16:52:30,230.79097191371957,15.216063513348534,-1.7345186982290586,353.98828556068025,19.02554398148148,2022-09-09 16:52:30+00:00,461.7045527450411,58.920084797893935,7.251288118684044,429.42867742533855
2022-09-05 17:07:30,231.3383024281208,15.149547887782145,-1.7762795394676605,345.41110183639404,19.035960648148148,2022-09-09 17:07:30+00:00,461.7045527450411,58.78252692957192,7.251266658298343,434.687442033018
2022-09-05 17:22:30,231.89175580861487,15.08389664003696,-1.818141559882692,350.372572173134,19.046377314814816,2022-09-09 17:22:30+00:00,459.7916832390534,58.644969113010255,7.251244969673106,435.1085141903172
2022-09-05 17:37:30,232.4513317865384,15.01912721162858,-1.8600913679035371,1007.109023513766,19.05679398148148,2022-09-09 17:37:30+00:00,457.89525283133105,58.50741134818847,7.251223052806512,435.9045378661405
2022-09-05 17:52:30,233.0170266347679,14.955257162506031,-1.902115020330881,1162.984756014122,19.067210648148148,2022-09-09 17:52:30+00:00,457.89525283133105,58.36985363512148,7.251200907696886,431.6917084028937
2022-09-05 18:07:30,233.58883303312072,14.892304159841055,-1.944198019583921,1036.2094376043406,19.077627314814816,2022-09-09 18:07:30+00:00,456.0151241120365,58.23229597384295,7.251178534342445,434.2237061769616
2022-09-05 18:22:30,234.16673993195332,14.830285966311417,-1.9863253120893407,971.247005879364,19.08804398148148,2022-09-09 18:22:30+00:00,454.1511604770203,58.09473836436149,7.25115593274152,433.3704322018178
2022-09-05 18:37:30,234.75073241670705,14.769220427689213,-2.0284812880169385,926.1278160229596,19.098460648148148,2022-09-09 18:37:30+00:00,454.1511604770203,57.957180806692065,7.251133102892366,437.38770967485493
2022-09-05 18:52:30,235.3407915740298,14.709125459665524,-2.070649782494008,804.1696342596022,19.108877314814816,2022-09-09 18:52:30+00:00,452.30322619764456,57.81962330089748,7.251110044793296,434.9935076980152
2022-09-05 19:07:30,235.9368943597252,14.65001903399382,-2.1128140783312275,716.8124348316592,19.11929398148148,2022-09-09 19:07:30+00:00,450.47118648507296,57.682065846927955,7.251086758442638,436.2482444285449
2022-09-05 19:22:30,236.53901346755296,14.59191916402549,-2.15495691029238,663.3646438843855,19.129710648148148,2022-09-09 19:22:30+00:00,450.47118648507296,57.54450844487142,7.251063243838722,433.7308212099531
2022-09-05 19:37:30,237.14711720158553,14.534843889457846,-2.1970604711152597,662.5608337127535,19.140127314814816,2022-09-09 19:37:30+00:00,448.65490754938054,57.406951094674056,7.251039500979895,436.21524088969824
2022-09-05 19:52:30,237.76116935263647,14.478811260359524,-2.2391064193338064,672.2183538728701,19.15054398148148,2022-09-09 19:52:30+00:00,446.8542566538138,57.26939379644623,7.251015529864474,434.3005538331081
2022-09-05 20:07:30,238.3811290756454,14.423839320688248,-2.28107588882169,640.7707814911646,19.160960648148148,2022-09-09 20:07:30+00:00,446.8542566538138,57.13183655013036,7.250991330490856,433.6849294278343
2022-09-05 20:22:30,239.00695077466565,14.369946090924229,-2.3229495004098686,693.6136840971511,19.171377314814816,2022-09-09 20:22:30+00:00,445.0691021645104,56.994279355730704,7.250966902857406,436.04155073270266
2022-09-05 20:37:30,239.63858399100175,14.317149550151578,-2.3647073754260455,629.5296081704803,19.18179398148148,2022-09-09 20:37:30+00:00,445.0691021645104,56.85672221335789,7.250942246962499,439.6772398441847
2022-09-05 20:52:30,240.2759732966473,14.265467617534068,-2.4063291512530407,699.8765776943414,19.192210648148148,2022-09-09 20:52:30+00:00,443.29931359597083,56.71916512295399,7.250917362804555,442.07011686143574
2022-09-05 21:07:30,240.91905819585375,14.21491813303632,-2.4477939991039293,721.1378186945881,19.202627314814816,2022-09-09 21:07:30+00:00,441.5447616525563,56.5816080845963,7.250892250381953,432.6989426822482
2022-09-05 21:22:30,241.5677730319526,14.16551883765788,-2.4890806438686344,742.6955862914944,19.21304398148148,2022-09-09 21:22:30+00:00,441.5447616525563,56.44405109822054,7.250866909693129,434.2979039139306
2022-09-05 21:37:30,242.22204690217632,14.117287353070653,-2.5301673861738134,787.0568108563778,19.223460648148148,2022-09-09 21:37:30+00:00,439.80531826627134,56.30649416392901,7.250841340736529,428.46410684474125
2022-09-05 21:52:30,242.88180358126036,14.07024116067628,-2.5710321267027028,692.2077336100708,19.233877314814816,2022-09-09 21:52:30+00:00,438.0808566310734,56.16893728171164,7.250815543510558,430.8242675521474
2022-09-05 22:07:30,243.54696145395368,14.024397580181867,-2.6116523927383772,651.9507464270895,19.24429398148148,2022-09-09 22:07:30+00:00,438.0808566310734,56.03138045156237,7.250789518013701,427.5280228953017
2022-09-05 22:22:30,244.2174334562729,13.979773747743716,-2.6520053669255192,633.1174525636112,19.254710648148148,2022-09-09 22:22:30+00:00,436.371251233941,55.89382367352524,7.250763264244389,423.66907809311823
2022-09-05 22:37:30,244.89312702832953,13.936386593621643,-2.692067918333792,648.599045117659,19.265127314814816,2022-09-09 22:37:30+00:00,434.6763778829168,55.75626694761919,7.25073678220113,417.64581180274
2022-09-05 22:52:30,245.57394407784824,13.894252819479638,-2.7318166357219926,637.3446838879047,19.27554398148148,2022-09-09 22:52:30+00:00,434.6763778829168,55.618710273867336,7.250710071882415,415.4938365288949
2022-09-05 23:07:30,246.25978095383135,13.853388875435384,-2.771227862923427,688.815431484107,19.285960648148148,2022-09-09 23:07:30+00:00,432.9961137323319,55.48115365227,7.250683133286707,414.648753213027
2022-09-05 23:22:30,246.9505284345216,13.813810936720742,-2.810277736476581,704.8620128197201,19.296377314814816,2022-09-09 23:22:30+00:00,431.33033730540626,55.34359708284619,7.250655966412548,401.7621962530143
2022-09-05 23:37:30,247.64607172732136,13.77553488019871,-2.8489422252705214,642.1955705693442,19.30679398148148,2022-09-09 23:37:30+00:00,431.33033730540626,55.20604056564801,7.250628571258418,408.17861418863095
2022-09-05 23:52:30,248.34629048051912,13.738576260775492,-2.887197172133068,719.9377603449115,19.317210648148148,2022-09-09 23:52:30+00:00,429.67892851441337,55.06848410066125,7.2506009478229,413.34631793730296
2022-09-06 00:07:30,249.05105881161455,13.702950287610063,-2.925018337425151,768.5279616481425,19.327627314814816,2022-09-10 00:07:30+00:00,428.04176867858286,54.930927687919414,7.250573096104507,419.96184116384455
2022-09-06 00:22:30,249.76024534774567,13.6686718003668,-2.9623814443417853,729.5187772501095,19.33804398148148,2022-09-10 00:22:30+00:00,428.04176867858286,54.793371327431,7.250545016101797,423.53495141475105
2022-09-06 00:37:30,250.47371328128108,13.6357552456735,-2.9992622258305253,685.4088812014679,19.348460648148148,2022-09-10 00:37:30+00:00,426.41874053991467,54.65581501923983,7.250516707813336,417.20327530010337
2022-09-06 00:52:30,251.19132044052577,13.604214653526808,-3.0356364730799794,781.1375122921766,19.358877314814816,2022-09-10 00:52:30+00:00,426.41874053991467,54.5182587633359,7.2504881712377,413.5225375626043
2022-09-06 01:07:30,251.91291937651744,13.574063613938822,-3.071480085354697,842.779632721202,19.36929398148148,2022-09-10 01:07:30+00:00,424.809728277064,54.38070255972756,7.2504594063734515,412.4373956594324
2022-09-06 01:22:30,252.6383574626922,13.545315253955737,-3.1067691209124977,782.4451795938014,19.379710648148148,2022-09-10 01:22:30+00:00,423.214617517455,54.243146408473194,7.250430413219241,409.2747171211278
2022-09-06 01:37:30,253.36747700482184,13.51798221336272,-3.14147984874273,521.0609815531061,19.390127314814816,2022-09-10 01:37:30+00:00,423.214617517455,54.10559030956274,7.250401191773642,395.46719279607424
2022-09-06 01:52:30,254.1001153858342,13.492076624684133,-3.175588801680773,449.1212061510385,19.40054398148148,2022-09-10 01:52:30+00:00,421.6332953477736,53.96803426306288,7.250371742035253,397.4295783978589
2022-09-06 02:07:30,254.83610522672416,13.467610094346863,-3.2090728300049167,365.8882360004493,19.410960648148148,2022-09-10 02:07:30+00:00,420.0656503229836,53.830478268929994,7.250342064002758,400.12719612051825
2022-09-06 02:22:30,255.57527452009225,13.444593675761638,-3.241909154123025,318.1540384070917,19.421377314814816,2022-09-10 02:22:30+00:00,420.0656503229836,53.69292232718305,7.25031215767476,403.18308291597106
2022-09-06 02:37:30,256.3174468222284,13.423037851401547,-3.2740754186439087,331.36586868081105,19.43179398148148,2022-09-10 02:37:30+00:00,418.51157247400977,53.55536643790326,7.250282023049915,411.924636298593
2022-09-06 02:52:30,257.06244144613254,13.402952513249003,-3.3055497458464806,308.01432808726514,19.442210648148148,2022-09-10 02:52:30+00:00,416.97095331422247,53.41781060104704,7.250251660126923,415.5258764607679
2022-09-06 03:07:30,257.8100736706986,13.384346944062948,-3.336310788783696,267.539284020709,19.452627314814816,2022-09-10 03:07:30+00:00,416.97095331422247,53.28025481666237,7.250221068904413,423.4942853473738
2022-09-06 03:22:30,258.5601549635726,13.36722979960626,-3.366337783681032,295.12293952704346,19.46304398148148,2022-09-10 03:22:30+00:00,415.4436858448593,53.14269908477226,7.250190249381077,423.2181841530756
2022-09-06 03:37:30,259.31249321614035,13.35160909190594,-3.3956106013507372,315.1971732823314,19.473460648148148,2022-09-10 03:37:30+00:00,413.9296645595149,53.00514340539132,7.250159201555632,421.4431459840475
2022-09-06 03:52:30,260.06689299345015,13.33749217355799,-3.424109797473939,336.71653402920725,19.483877314814816,2022-09-10 03:52:30+00:00,413.9296645595149,52.86758777853837,7.2501279254267725,410.7586718605083
2022-09-06 04:07:30,260.8231557957039,13.324885723204943,-3.451816661383711,332.68457137300027,19.49429398148148,2022-09-10 04:07:30+00:00,412.428785447826,52.73003220420726,7.250096420993224,413.6152847338156
2022-09-06 04:22:30,261.5810803297967,13.313795732245437,-3.478713263096909,325.93351378511113,19.504710648148148,2022-09-10 04:22:30+00:00,410.9409459984799,52.59247668245625,7.250064688253711,408.0690038953812
2022-09-06 04:37:30,262.3404627932996,13.304227492792458,-3.50478249842748,323.7162260725805,19.515127314814816,2022-09-10 04:37:30+00:00,410.9409459984799,52.45492121327504,7.250032727206959,411.64048342679393
2022-09-06 04:52:30,263.1010971670693,13.29618558697843,-3.530008131859848,312.6395124560351,19.52554398148148,2022-09-10 04:52:30+00:00,409.4660452016695,52.31736579670103,7.250000537851728,413.9009460211464
2022-09-06 05:07:30,263.8627755155076,13.289673877644494,-3.5543748369549704,301.6211485161353,19.535960648148148,2022-09-10 05:07:30+00:00,409.4660452016695,52.17981043273428,7.249968120186804,417.54113999523014
2022-09-06 05:22:30,264.62528829588746,13.284695500436609,-3.577868234137213,285.1431998314343,19.546377314814816,2022-09-10 05:22:30+00:00,408.00398355111906,52.04225512142275,7.249935474210917,428.2288662923053
2022-09-06 05:37:30,265.38842467314123,13.281252857373628,-3.6004749255893764,275.2198648232491,19.55679398148148,2022-09-10 05:37:30+00:00,406.5546630458023,51.90469986274542,7.249902599922879,431.1074012242627
2022-09-06 05:52:30,266.15197283877086,13.279347611903216,-3.6221825270677774,265.613896052435,19.567210648148148,2022-09-10 05:52:30+00:00,406.5546630458023,51.767144656760586,7.249869497321473,421.38749768132067
2022-09-06 06:07:30,266.9157203353152,13.278980685466292,-3.642979696540789,257.21898957809947,19.577627314814816,2022-09-10 06:07:30+00:00,405.1179871914726,51.629589503443405,7.2498361664054976,424.75421999629015
2022-09-06 06:22:30,267.67945438244084,13.280152255591736,-3.662856159423984,254.38903026079063,19.58804398148148,2022-09-10 06:22:30+00:00,403.6938610021271,51.49203440286013,7.249802607173772,415.2635344621988
2022-09-06 06:37:30,268.4429622037542,13.282861755529792,-3.681802730306897,247.96473086211648,19.598460648148148,2022-09-10 06:37:30+00:00,403.6938610021271,51.35447935499636,7.249768819625133,414.5562469435592
2022-09-06 06:52:30,269.20603135504405,13.287107875424086,-3.6998113311044256,239.58960727425972,19.608877314814816,2022-09-10 06:52:30+00:00,402.2821910015221,51.21692435988533,7.249734803758389,419.31459840474866
2022-09-06 07:07:30,269.9684500508319,13.292888565019554,-3.716875005504388,255.92168176734685,19.61929398148148,2022-09-10 07:07:30+00:00,400.88288522485885,51.07936941754959,7.249700559572408,417.014468558709
2022-09-06 07:22:30,270.7300074867323,13.300201037884554,-3.732987929649294,237.06501126472924,19.629710648148148,2022-09-10 07:22:30+00:00,400.88288522485885,50.94181452798927,7.24966608706605,419.81397567374194
2022-09-06 07:37:30,271.49049416049274,13.309041777143728,-3.748145419081187,233.2294925198956,19.640127314814816,2022-09-10 07:37:30+00:00,399.4958532207577,50.8042596912229,7.249631386238183,420.6708149946881
2022-09-06 07:52:30,272.2497021869811,13.319406542684453,-3.7623439318814698,231.9924793750101,19.65054398148148,2022-09-10 07:52:30+00:00,398.12100605363645,50.66670490731684,7.249596457087644,418.31027903648936
2022-09-06 08:07:30,273.0074256054137,13.331290379785523,-3.775581068018171,248.24480931001503,19.660960648148148,2022-09-10 08:07:30+00:00,398.12100605363645,50.52915017622743,7.249561299613392,416.25942226943897
2022-09-06 08:22:30,273.7634606823615,13.344687629180678,-3.787855565013371,276.661101836394,19.671377314814816,2022-09-10 08:22:30+00:00,396.75825630661035,50.39159549800223,7.24952591381428,422.5792988313856
2022-09-06 08:37:30,274.5176062037868,13.359591938452876,-3.7991672899054754,245.66380861306055,19.68179398148148,2022-09-10 08:37:30+00:00,395.4075180850275,50.2540408726348,7.249490299689199,426.81188223759176
2022-09-06 08:52:30,275.26966375777823,13.375996274724908,-3.8095172276359737,222.43480234047036,19.692210648148148,2022-09-10 08:52:30+00:00,395.4075180850275,50.11648630019779,7.249454457237133,425.3663513262846
2022-09-06 09:07:30,276.0194380084519,13.393892938627356,-3.8189074659866913,225.61593687536023,19.702627314814816,2022-09-10 09:07:30+00:00,394.06870702075406,49.97893178065169,7.249418386456958,428.30908657285954
2022-09-06 09:22:30,276.7667369571166,13.413273579430324,-3.8273411771538335,233.64949647261565,19.71304398148148,2022-09-10 09:22:30+00:00,394.06870702075406,49.84137731406232,7.249382087347632,428.46410684474125
2022-09-06 09:37:30,277.5113721906609,13.434129211274058,-3.834822596120071,228.96891644804833,19.723460648148148,2022-09-10 09:37:30+00:00,392.7417402773229,49.70382290041544,7.249345559908109,430.7099133476429
2022-09-06 09:52:30,278.253159119188,13.4564502304942,-3.8413569960132063,243.11493310587227,19.733877314814816,2022-09-10 09:52:30+00:00,391.42653655605517,49.56626853974376,7.249308804137371,430.5913896898872
2022-09-06 10:07:30,278.99191719840667,13.480226433889564,-3.846950660592402,250.23702256533232,19.74429398148148,2022-09-10 10:07:30+00:00,391.42653655605517,49.4287142320408,7.2492718200343536,432.1845933699022
2022-09-06 10:22:30,279.7274701375452,13.505447037873688,-3.8516108540712306,237.3431447234063,19.754710648148148,2022-09-10 10:22:30+00:00,390.1230161032641,49.29115997739375,7.249234607598057,433.87126692635866
2022-09-06 10:37:30,280.45964609423856,13.53210069848138,-3.8553457884894424,227.1667300285955,19.765127314814816,2022-09-10 10:37:30+00:00,388.8311007186493,49.1536057757336,7.249197166827483,435.7792087341336
2022-09-06 10:52:30,281.1882778540553,13.56017553211874,-3.858164588832872,203.85528676157983,19.77554398148148,2022-09-10 10:52:30+00:00,388.8311007186493,49.01605162712652,7.249159497721609,446.9671675013912
2022-09-06 11:07:30,281.91320299257995,13.589659136895603,-3.8600772561178616,183.78203154124188,19.785960648148148,2022-09-10 11:07:30+00:00,387.5507137649823,48.87849753157225,7.2491216002794925,453.0619816095609
2022-09-06 11:22:30,282.6342640250315,13.620538614625003,-3.8610946286859313,204.20830834562457,19.796377314814816,2022-09-10 11:22:30+00:00,386.281780179188,48.74094348911824,7.249083474500122,454.1245991997244
2022-09-06 11:37:30,283.3513085390064,13.652800593279174,-3.861228341916226,235.16086681686303,19.80679398148148,2022-09-10 11:37:30+00:00,386.281780179188,48.60338949975791,7.249045120382529,453.3945464663328
2022-09-06 11:52:30,284.06418931049564,13.686431249825144,-3.8604907865965914,265.52037827516926,19.817210648148148,2022-09-10 11:52:30+00:00,385.0242264849152,48.46583556351994,7.249006537925777,453.4819937991892
2022-09-06 12:07:30,284.772764405921,13.721416333431083,-3.858895066181358,263.926151428852,19.827627314814816,2022-09-10 12:07:30+00:00,383.77798080669106,48.3282816804082,7.24896772712894,454.572435540716
2022-09-06 12:22:30,285.47689726860114,13.757741188935697,-3.8564549531598566,266.76536365640845,19.83804398148148,2022-09-10 12:22:30+00:00,383.77798080669106,48.19072785047408,7.248928687991016,461.9339110157141
2022-09-06 12:37:30,286.1764567880673,13.795390780408308,-3.8531848447611217,259.62841808742496,19.848460648148148,2022-09-10 12:37:30+00:00,382.5429728857458,48.053174073717265,7.248889420511157,459.99743161679726
2022-09-06 12:52:30,286.871317356761,13.834349714891893,-3.8490997182136617,251.24702787474075,19.858877314814816,2022-09-10 12:52:30+00:00,381.31913409759045,47.91562035012679,7.248849924688409,456.9971115880965
2022-09-06 13:07:30,287.56135891108875,13.87460226615319,-3.8442150857656174,255.78272001196837,19.86929398148148,2022-09-10 13:07:30+00:00,381.31913409759045,47.77806667975431,7.248810200521856,452.9280402402272
2022-09-06 13:22:30,288.2464669574011,13.91613239832551,-3.838546949680079,258.43849781999126,19.879710648148148,2022-09-10 13:22:30+00:00,380.1063974714217,47.64051306259914,7.248770248010651,451.4985292948565
2022-09-06 13:37:30,288.92653258514895,13.958923789488033,-3.8321117573851944,253.89444453627337,19.890127314814816,2022-09-10 13:37:30+00:00,380.1063974714217,47.50295949870879,7.248730067153862,444.268224819143
2022-09-06 13:52:30,289.6014524669947,14.002959855089806,-3.82492635696229,251.8025160483651,19.90054398148148,2022-09-10 13:52:30+00:00,378.90469771142335,47.36540598806182,7.248689657950632,436.2588441052548
2022-09-06 14:07:30,290.27112884467493,14.048223771042624,-3.8170079531637433,263.42770831203933,19.910960648148148,2022-09-10 14:07:30+00:00,377.7139712200232,47.22785253073034,7.248649020400113,433.0312425471023
2022-09-06 14:22:30,290.93546950380727,14.094698496594194,-3.808374064094323,263.0948020163055,19.921377314814816,2022-09-10 14:22:30+00:00,377.7139712200232,47.090299126674566,7.248608154501446,428.17659061398626
2022-09-06 14:37:30,291.59438773742886,14.14236679685306,-3.799042478715352,257.99504027748515,19.93179398148148,2022-09-10 14:37:30+00:00,376.5341561231575,46.95274577596009,7.248567060253763,426.50449161300577
2022-09-06 14:52:30,292.2478022966559,14.19121126482487,-3.78903121532391,265.48912911217434,19.942210648148148,2022-09-10 14:52:30+00:00,375.36519229758346,46.81519247854279,7.2485257376562595,431.41346688925984
2022-09-06 15:07:30,292.8956373330567,14.241214343106437,-3.7783584810952497,259.4382222798515,19.952627314814816,2022-09-10 15:07:30+00:00,375.36519229758346,46.67763923451364,7.248484186708112,432.49860879243187
2022-09-06 15:22:30,293.53782233080193,14.292358345066722,-3.767042632820356,258.88333863577475,19.96304398148148,2022-09-10 15:22:30+00:00,374.20702140027015,46.5400860438364,7.248442407408477,432.70728992765726
2022-09-06 15:37:30,294.1742920283827,14.344625475413052,-3.7551021389537,232.7451902037376,19.973460648148148,2022-09-10 15:37:30+00:00,373.0595868998868,46.40253290656872,7.248400399756599,448.2868272517688
2022-09-06 15:52:30,294.8049863178722,14.397997846293483,-3.742555541988813,234.23894192586351,19.983877314814816,2022-09-10 15:52:30+00:00,373.0595868998868,46.26497982269963,7.248358163751645,449.9418222289675
2022-09-06 16:07:30,295.42985019836357,14.4524575081268,-3.7294214262129697,252.59380520932947,19.99429398148148,2022-09-10 16:07:30+00:00,371.9228341103929,46.12742679226559,7.248315699392832,456.7639187004795
2022-09-06 16:22:30,296.04883363320255,14.50798645853863,-3.715718381485767,283.5969334003274,20.004710648148148,2022-09-10 16:22:30+00:00,370.7967102267222,45.98987381529513,7.248273006679398,461.27712854757937
2022-09-06 16:37:30,296.6618914533061,14.5645666625947,-3.701464971661564,281.61109940515746,20.015127314814816,2022-09-10 16:37:30+00:00,370.7967102267222,45.85232089174795,7.248230085610598,457.67946577629385
2022-09-06 16:52:30,297.2689832476018,14.62218007104677,-3.686679704266148,287.424672188275,20.02554398148148,2022-09-10 16:52:30+00:00,369.6811643625361,45.71476802170432,7.2481869361856415,452.5399475316003
2022-09-06 17:07:30,297.87007324535637,14.680808637204567,-3.6713810016278026,302.90484140233724,20.035960648148148,2022-09-10 17:07:30+00:00,368.5761475900066,45.577215205148946,7.248143558403819,444.268224819143
2022-09-06 17:22:30,298.4651301954315,14.74043433323151,-3.655587173615617,345.5176102565765,20.046377314814816,2022-09-10 17:22:30+00:00,368.5761475900066,45.439662442128736,7.248099952264406,436.89482470784645
2022-09-06 17:37:30,299.0541272409948,14.801039165688374,-3.63931639203522,341.96216995964147,20.05679398148148,2022-09-10 17:37:30+00:00,367.4816129815694,45.30210973263652,7.2480561177666125,436.56093489148583
2022-09-06 17:52:30,299.6370417905783,14.8626051903617,-3.622586666671243,138.0725333402623,20.067210648148148,2022-09-10 17:52:30+00:00,367.4816129815694,45.16455707668618,7.248012054909793,435.58708959376736
2022-09-06 18:07:30,300.2138553876219,14.92511452646646,-3.6054158229394906,116.4037149294131,20.077627314814816,2022-09-10 18:07:30+00:00,366.3975156535721,45.027004474310075,7.247967763693225,445.15859766277134
2022-09-06 18:22:30,300.78455357740614,14.988549370118212,-3.5878214811615976,115.33397085757817,20.08804398148148,2022-09-10 18:22:30+00:00,365.32381281171774,44.88945192552982,7.247923244116198,450.9897448127833
2022-09-06 18:37:30,301.3491257715831,15.052892007049264,-3.569821037446401,116.1664262443879,20.098460648148148,2022-09-10 18:37:30+00:00,365.32381281171774,44.75189943035949,7.247878496178027,458.2600630680765
2022-09-06 18:52:30,301.90756511326816,15.1181248247678,-3.55143164609546,236.4629220744251,20.108877314814816,2022-09-10 18:52:30+00:00,364.2604637981874,44.61434698878749,7.247833519878067,463.3198187455282
2022-09-06 19:07:30,302.4598683404577,15.184230323959516,-3.532670203550899,154.95256707466632,20.11929398148148,2022-09-10 19:07:30+00:00,363.2074301402986,44.47679460087931,7.247788315215625,465.525876460768
2022-09-06 19:22:30,303.0060356487075,15.251191129144807,-3.513553333851604,120.35982300598084,20.129710648148148,2022-09-10 19:22:30+00:00,363.2074301402986,44.339242266619415,7.247742882190058,471.33317433818274
2022-09-06 19:37:30,303.5460705552233,15.318989998819546,-3.4940973754871476,132.56919769005412,20.140127314814816,2022-09-10 19:37:30+00:00,362.1646756005347,44.20168998604016,7.247697220800711,469.0118451387232
2022-09-06 19:52:30,304.0799797634187,15.38760983490743,-3.4743183696555673,145.97533105337374,20.15054398148148,2022-09-10 19:52:30+00:00,361.1321662277535,44.06413775916311,7.2476513310469635,464.93361952460447
2022-09-06 20:07:30,304.6077730267525,15.45703369144168,-3.4542320499036756,117.4812389581341,20.160960648148148,2022-09-10 20:07:30+00:00,361.1321662277535,43.926585586002055,7.247605212928158,474.8569043644168
2022-09-06 20:22:30,305.12946301587925,15.527244782820452,-3.4338538330014656,105.2064119811336,20.171377314814816,2022-09-10 20:22:30+00:00,360.1098704093582,43.78903346655984,7.2475588664437245,476.4236690780931
2022-09-06 20:37:30,305.6450651863486,15.598226491366022,-3.413198811077931,108.55762840980924,20.18179398148148,2022-09-10 20:37:30+00:00,359.0977589241836,43.65148140085813,7.247512291593019,485.4960287347599
2022-09-06 20:52:30,306.1545976475933,15.669962374228737,-3.392281744956001,112.23374885509573,20.192210648148148,2022-09-10 20:52:30+00:00,359.0977589241836,43.513929388924936,7.247465488375472,475.7626346941872
2022-09-06 21:07:30,306.65808103496096,15.742436169862632,-3.3711170585709422,109.74796181337828,20.202627314814816,2022-09-10 21:07:30+00:00,358.095804995823,43.37637743077798,7.247418456790469,492.89291676603864
2022-09-06 21:22:30,307.15553838342964,15.815631803856617,-3.3497188344784754,113.72935474982576,20.21304398148148,2022-09-10 21:22:30+00:00,357.1039843460903,43.23882552645316,7.247371196837451,504.3683917640512
2022-09-06 21:37:30,307.6469950035351,15.889533394224044,-3.328100810375362,109.49900319302397,20.223460648148148,2022-09-10 21:37:30+00:00,357.1039843460903,43.10127367590571,7.247323708515841,479.5214245965499
2022-09-06 21:52:30,308.1324783604024,15.964125256238956,-3.3062763765515095,107.43342463977176,20.233877314814816,2022-09-10 21:52:30+00:00,356.12227524827836,42.963721879211406,7.247275991825069,460.378408458542
2022-09-06 22:07:30,308.61201795547794,16.039391906759118,-3.2842585742418513,107.01914193558844,20.24429398148148,2022-09-10 22:07:30+00:00,356.12227524827836,42.826170136362485,7.2472280467646195,442.7935447968837
2022-09-06 22:22:30,309.0856452102527,16.115318067994828,-3.262060094838975,114.32452145161028,20.254710648148148,2022-09-10 22:22:30+00:00,355.1506585798451,42.688618447401566,7.2471798733339075,444.8366324827093
2022-09-06 22:37:30,309.5533933543113,16.191888670953226,-3.2396932798481566,121.5715512909866,20.265127314814816,2022-09-10 22:37:30+00:00,354.189117874121,42.551066812316755,7.247131471532449,450.8180300500835
2022-09-06 22:52:30,310.0152973155431,16.26908885837403,-3.217170121594329,116.45622963839408,20.27554398148148,2022-09-10 22:52:30+00:00,354.189117874121,42.41351523112955,7.247082841359681,465.4201446855871
2022-09-06 23:07:30,310.4713936134369,16.34690398720569,-3.194502264614841,125.02001718073812,20.285960648148148,2022-09-10 23:07:30+00:00,353.2376393705991,42.27596370388219,7.2470339828151245,441.29104062326104
2022-09-06 23:22:30,310.9217202561275,16.42531963079423,-3.171701007646488,119.49041282396226,20.296377314814816,2022-09-10 23:22:30+00:00,352.29621206333275,42.13841223056306,7.246984895898267,451.43095635583114
2022-09-06 23:37:30,311.3663166403687,16.504321580625778,-3.148777306206745,125.51987941066828,20.30679398148148,2022-09-10 23:37:30+00:00,352.29621206333275,42.000860811207865,7.2469355806085884,448.8777592283435
2022-09-06 23:52:30,311.8052234544303,16.583895847681575,-3.125741775710235,124.22065309887428,20.317210648148148,2022-09-10 23:52:30+00:00,351.36482774692877,41.86330944580074,7.246886036945649,451.3262845483213
2022-09-07 00:07:30,312.2384825849498,16.66402866354428,-3.102604695039546,174.44833477326023,20.327627314814816,2022-09-11 00:07:30+00:00,350.44348105958665,41.72575813440262,7.246836264908955,446.0282288662923
2022-09-07 00:22:30,312.6661370267328,16.744706481137,-3.079376010564157,215.34920660648004,20.33804398148148,2022-09-11 00:22:30+00:00,350.44348105958665,41.588206877005504,7.246786264498041,440.2838063439065
2022-09-07 00:37:30,313.08823079520175,16.825915975079788,-3.05606534058817,129.1097141068447,20.348460648148148,2022-09-11 00:37:30+00:00,349.5321695225975,41.45065567363716,7.246736035712463,444.97238988057023
2022-09-07 00:52:30,313.50480884334223,16.90764404191768,-3.032681980095689,123.0050083472454,20.358877314814816,2022-09-11 00:52:30+00:00,348.630893575678,41.313104524314625,7.24668557855176,446.72072501788693
2022-09-07 01:07:30,313.915916981192,16.9898778000141,-3.009234905834424,121.8846827200168,20.36929398148148,2022-09-11 01:07:30+00:00,348.630893575678,41.17555342905926,7.246634893015477,444.85253199777407
2022-09-07 01:22:30,314.3216017977532,17.072604589055235,-2.9857327817186228,142.68821050957945,20.379710648148148,2022-09-11 01:22:30+00:00,347.7396566074769,41.03800238785468,7.246583979103239,439.8812836208496
2022-09-07 01:37:30,314.721910587514,17.155811969542974,-2.9621839644160963,113.09917824205392,20.390127314814816,2022-09-11 01:37:30+00:00,346.85846498055463,40.90045140077638,7.246532836814607,444.2245011527148
2022-09-07 01:52:30,315.1168912794999,17.2394877219905,-2.9385965091676285,117.42119218305018,20.40054398148148,2022-09-11 01:52:30+00:00,346.85846498055463,40.76290046778709,7.246481466149149,440.81803005008345
2022-09-07 02:07:30,315.50659236839243,17.323619845750592,-2.914978175837463,138.9127712854758,20.410960648148148,2022-09-11 02:07:30+00:00,345.9873280500982,40.62534958892895,7.246429867106476,445.715080690039
2022-09-07 02:22:30,315.8910628502866,17.408196557913573,-2.8913364350438457,123.6270977945699,20.421377314814816,2022-09-11 02:22:30+00:00,345.9873280500982,40.48779876420424,7.246378039686228,445.3847321293063
2022-09-07 02:37:30,316.2703521602767,17.49320629185764,-2.867678474466157,112.46122177739598,20.43179398148148,2022-09-11 02:37:30+00:00,345.1262581755993,40.35024799366317,7.246325983887963,444.4073455759599
2022-09-07 02:52:30,316.6445101129944,17.5786376956521,-2.8440112052486968,114.46067069711656,20.442210648148148,2022-09-11 02:52:30+00:00,344.2752707246866,40.212697277274934,7.246273699711365,436.56093489148583
2022-09-07 03:07:30,317.0135868462792,17.664479630364372,-2.8203412684701856,115.8766228503817,20.452627314814816,2022-09-11 03:07:30+00:00,344.2752707246866,40.075146615099946,7.246221187156058,441.86024326258047
2022-09-07 03:22:30,317.3776327675845,17.750721168221467,-2.7966750416727715,119.82495097006338,20.46304398148148,2022-09-11 03:22:30+00:00,343.4343840682732,39.93759600713009,7.2461684462216835,440.7455649525767
2022-09-07 03:37:30,317.7366985023538,17.837351590539193,-2.773018645457898,130.7032756860139,20.473460648148148,2022-09-11 03:37:30+00:00,342.6036195661449,39.80004545339264,7.246115476907874,437.7723556354608
2022-09-07 03:52:30,318.09083484584824,17.924360385691436,-2.7493779500589635,131.86443425126018,20.483877314814816,2022-09-11 03:52:30+00:00,342.6036195661449,39.66249495388987,7.246062279214327,438.2303839732888
2022-09-07 04:07:30,318.440092716957,18.011737246891435,-2.72575858193896,158.8863792595502,20.49429398148148,2022-09-11 04:07:30+00:00,341.783001542092,39.524944508671666,7.246008853140706,439.7746243739566
2022-09-07 04:22:30,318.78452311438343,18.099472069830828,-2.7021659303887495,161.9787023680244,20.504710648148148,2022-09-11 04:22:30+00:00,340.972557247656,39.38739411772163,7.245955198686697,439.5950923496833
2022-09-07 04:37:30,319.1241770753141,18.187554950308503,-2.67860515407656,156.0601001669449,20.515127314814816,2022-09-11 04:37:30+00:00,340.972557247656,39.24984378107093,7.245901315851983,441.14476508466487
2022-09-07 04:52:30,319.45910563672567,18.27597618183686,-2.655081187543371,154.20069047117363,20.52554398148148,2022-09-11 04:52:30+00:00,340.17231681354906,39.11229349872586,7.245847204636267,457.95770728992767
2022-09-07 05:07:30,319.78935979754925,18.364726252913375,-2.631598747718221,146.79611650485435,20.535960648148148,2022-09-11 05:07:30+00:00,339.3823131877795,38.974743270698895,7.245792865039249,448.1636060100167
2022-09-07 05:22:30,320.1149904848009,18.45379584460101,-2.6081623402705527,142.72330907499554,20.546377314814816,2022-09-11 05:22:30+00:00,339.3823131877795,38.837193097021235,7.245738297060685,487.66992606725495
2022-09-07 05:37:30,320.4360485205479,18.543175827829646,-2.5847762659537956,134.16146652187302,20.55679398148148,2022-09-11 05:37:30+00:00,338.60258205951175,38.69964297772813,7.245683500700247,440.87765323157646
2022-09-07 05:52:30,320.7525845904731,18.63285726059118,-2.561444626881198,131.88193915425384,20.567210648148148,2022-09-11 05:52:30+00:00,337.8331617676806,38.562092912802775,7.24562847595773,449.08180300500834
2022-09-07 06:07:30,321.06464921553066,18.722831385299784,-2.5381713326616624,143.09244277988668,20.577627314814816,2022-09-11 06:07:30+00:00,337.8331617676806,38.42454290224731,7.245573222832839,442.0701168614357
2022-09-07 06:22:30,321.372292724816,18.81308962604688,-2.5149601064591063,180.09627696646515,20.58804398148148,2022-09-11 06:22:30+00:00,337.0740931933814,38.286992946140494,7.245517741325328,443.0717863105175
2022-09-07 06:37:30,321.6755652293341,18.903623585645427,-2.4918144909992384,187.938473507626,20.598460648148148,2022-09-11 06:37:30+00:00,337.0740931933814,38.149443044436346,7.245462031434992,437.06176961602665
2022-09-07 06:52:30,321.974516599051,18.994425042968917,-2.468737854387805,188.4072159100118,20.608877314814816,2022-09-11 06:52:30+00:00,336.32541963506793,38.011893197180534,7.245406093161586,433.8544038043203
2022-09-07 07:07:30,322.26919644044216,19.08548595007279,-2.445733395871676,190.16354117704265,20.61929398148148,2022-09-11 07:07:30+00:00,335.5871866656078,37.87434340439351,7.245349926504876,442.96684951108983
2022-09-07 07:22:30,322.55965407532346,19.176798429248908,-2.422804151499434,192.37110394346564,20.629710648148148,2022-09-11 07:22:30+00:00,335.5871866656078,37.73679366608749,7.245293531464659,444.89300349066633
2022-09-07 07:37:30,322.84593852218177,19.268354770280585,-2.399952999611724,181.91289689936303,20.640127314814816,2022-09-11 07:37:30+00:00,334.8594419702717,37.59924398227884,7.245236908040756,432.43501073217266
2022-09-07 07:52:30,323.12809847823183,19.36014742759324,-2.3771826662390216,182.38941925863497,20.65054398148148,2022-09-11 07:52:30+00:00,334.1422351647715,37.46169435297329,7.245180056232953,437.89278427007974
2022-09-07 08:07:30,323.4061823024191,19.45216901727604,-2.3544957304095937,197.08964779486848,20.660960648148148,2022-09-11 08:07:30+00:00,334.1422351647715,37.32414477818318,7.245122976041069,437.6924503802634
2022-09-07 08:22:30,323.68023800071046,19.54441231434662,-2.331894629274528,236.8841272671281,20.671377314814816,2022-09-11 08:22:30+00:00,333.4356175925138,37.18659525793919,7.245065667464963,436.4703076556165
2022-09-07 08:37:30,323.9503132118191,19.636870249906504,-2.3093816631390367,253.84832325720865,20.68179398148148,2022-09-11 08:37:30+00:00,332.7396421002937,37.04904579227622,7.245008130504398,446.05294538516574
2022-09-07 08:52:30,324.2164551940841,19.729535908228833,-2.2869590003872884,242.58878065384056,20.692210648148148,2022-09-11 08:52:30+00:00,332.7396421002937,36.91149638117717,7.24495036515926,447.81302170283806
2022-09-07 09:07:30,324.47871081392026,19.822402524012293,-2.264628682245304,248.76023145371735,20.702627314814816,2022-09-11 09:07:30+00:00,332.0543627917333,36.77394702464361,7.244892371429429,465.685232964031
2022-09-07 09:22:30,324.73712653507516,19.915463479604476,-2.2423926274299206,266.11537027732305,20.71304398148148,2022-09-11 09:22:30+00:00,331.379834757858,36.636397722739545,7.244834149314706,446.65351343147665
2022-09-07 09:37:30,324.9917484083653,20.008712302129428,-2.220252636701691,281.76785871188827,20.723460648148148,2022-09-11 09:37:30+00:00,331.379834757858,36.4988484754477,7.244775698814991,434.83583750695607
2022-09-07 09:52:30,325.2426220632662,20.10214266082257,-2.1982103972481224,265.6245257246927,20.733877314814816,2022-09-11 09:52:30+00:00,330.71611378430987,36.36129928281316,7.244717019930192,448.85920979410133
2022-09-07 10:07:30,325.48979270000655,20.19574836431386,-2.176267486961592,222.43091236202733,20.74429398148148,2022-09-11 10:07:30+00:00,330.0632560348189,36.22375014481251,7.2446581126601215,423.92877017250976
2022-09-07 10:22:30,325.73330508190855,20.28952335780985,-2.1544253786268266,211.21415952153265,20.754710648148148,2022-09-11 10:22:30+00:00,330.0632560348189,36.08620106150119,7.244598977004728,444.3119484855712
2022-09-07 10:37:30,325.9732035296179,20.38346172055524,-2.1326854439256775,194.12189039345412,20.765127314814816,2022-09-11 10:37:30+00:00,329.4213177106926,35.94865203286615,7.244539612963908,442.36690780931184
2022-09-07 10:52:30,326.2095319153543,20.477557663137176,-2.1110489573679923,217.9718134875956,20.77554398148148,2022-09-11 10:52:30+00:00,329.4213177106926,35.81110305894179,7.244480020537537,442.4564750775101
2022-09-07 11:07:30,326.44233365780997,20.571805524802745,-2.08951710010759,260.481566774664,20.785960648148148,2022-09-11 11:07:30+00:00,328.79035468624005,35.67355413972536,7.244420199725591,452.3205342237061
2022-09-07 11:22:30,326.6716517181887,20.66619977097288,-2.0680909636049662,265.4424040066778,20.796377314814816,2022-09-11 11:22:30+00:00,328.17042212022096,35.53600527523268,7.244360150527989,440.18602432625806
2022-09-07 11:37:30,326.8975285969619,20.76073499069539,-2.0467715531968373,268.5721338417467,20.80679398148148,2022-09-11 11:37:30+00:00,328.17042212022096,35.3984564655275,7.244299872944619,437.23666428173937
2022-09-07 11:52:30,327.12000633023683,20.855405894021693,-2.025559791579403,268.70753581550645,20.817210648148148,2022-09-11 11:52:30+00:00,327.5615740436047,35.260907710563,7.24423936697548,438.20255982192543
2022-09-07 12:07:30,327.3391264879743,20.950207309635037,-2.0044565221305253,237.1314395383382,20.827627314814816,2022-09-11 12:07:30+00:00,326.96386292413223,35.12335901038427,7.244178632620505,443.262580491295
2022-09-07 12:22:30,327.5549301720466,21.045134182406017,-1.9834625121503648,247.02890233722871,20.83804398148148,2022-09-11 12:22:30+00:00,326.96386292413223,34.985810365010785,7.244117669879646,446.2834883536052
2022-09-07 12:37:30,327.76745801461965,21.140181570874503,-1.9625784560231936,264.9415692821369,20.848460648148148,2022-09-11 12:37:30+00:00,326.3773392084033,34.84826177442527,7.244056478752913,441.21313299944353
2022-09-07 12:52:30,327.97675017764533,21.23534464501382,-1.9418049782166351,270.58663664246615,20.858877314814816,2022-09-11 12:52:30+00:00,325.80205084245966,34.710713238672504,7.243995059240241,438.9792511328404
2022-09-07 13:07:30,328.1828463524341,21.330618683837308,-1.92114263622576,284.3805824233645,20.86929398148148,2022-09-11 13:07:30+00:00,325.80205084245966,34.57316475780102,7.243933411341633,439.93322203672784
2022-09-07 13:22:30,328.3857857592687,21.42599907305347,-1.9005919234150432,308.2424195364367,20.879710648148148,2022-09-11 13:22:30+00:00,325.2380427720928,34.435616331778775,7.243871535057108,453.6894824707847
2022-09-07 13:37:30,328.5856071483367,21.521481302897815,-1.8801532717340277,316.37943914305947,20.890127314814816,2022-09-11 13:37:30+00:00,324.6853564243865,34.29806796059224,7.243809430386657,455.4535336672232
2022-09-07 13:52:30,328.782348800288,21.61706096590493,-1.8598270543606696,328.32628023449934,20.90054398148148,2022-09-11 13:52:30+00:00,324.6853564243865,34.16051964433367,7.243747097330281,445.0903020185158
2022-09-07 14:07:30,328.9760485270486,21.712733754599753,-1.839613588278896,336.61550054240854,20.910960648148148,2022-09-11 14:07:30+00:00,324.1440291722924,34.02297138297081,7.243684535888019,434.2622319250032
2022-09-07 14:22:30,329.16674367376305,21.80849545952668,-1.819513136702494,334.9992770102402,20.921377314814816,2022-09-11 14:22:30+00:00,323.6140937843388,33.885423176519126,7.243621746059898,443.11948485571185
2022-09-07 14:37:30,329.3544711203348,21.904341967066923,-1.7995259114659217,339.0081508396347,20.93179398148148,2022-09-11 14:37:30+00:00,323.6140937843388,33.747875025012455,7.243558727845932,442.3837709313502
2022-09-07 14:52:30,329.53926728307886,22.000269257308087,-1.7796520753280296,330.2830298559615,20.942210648148148,2022-09-11 14:52:30+00:00,323.0955778618847,33.61032692847684,7.243495481246204,453.338898163606
2022-09-07 15:07:30,329.721168117525,22.096273402111276,-1.7598917441597437,320.18734206816805,20.952627314814816,2022-09-11 15:07:30+00:00,323.0955778618847,33.472778886898375,7.243432006260766,454.37395659432394
2022-09-07 15:22:30,329.90020912076295,22.192350563112765,-1.7402449890745768,319.9782122746951,20.96304398148148,2022-09-11 15:22:30+00:00,322.58850326664566,33.33523090029639,7.243368302889639,463.3436680181254
2022-09-07 15:37:30,330.07642533385393,22.288496989688053,-1.720711838496377,344.53516277128546,20.973460648148148,2022-09-11 15:37:30+00:00,322.092885541536,33.197682968696654,7.24330437113296,465.0545521997942
2022-09-07 15:52:30,330.24985134513537,22.384709017088937,-1.7012922801254382,330.34382198178395,20.983877314814816,2022-09-11 15:52:30+00:00,322.092885541536,33.06013509209982,7.243240210990761,468.3387656676471
2022-09-07 16:07:30,330.42052129331,22.480983064624105,-1.681986262830348,323.37943264714863,20.99429398148148,2022-09-11 16:07:30+00:00,321.60873332818875,32.92258727055419,7.24317582246313,466.11945835652017
2022-09-07 16:22:30,330.5884688704467,22.577315633653672,-1.6627936985131808,338.98131126455894,21.004710648148148,2022-09-11 16:22:30+00:00,321.1360477848214,32.78503950402723,7.2431112055502,460.942841243342
2022-09-07 16:37:30,330.7537273257698,22.673703305940975,-1.6437144638434291,321.7541557589497,21.015127314814816,2022-09-11 16:37:30+00:00,321.1360477848214,32.647491792577775,7.243046360252045,466.0730847709145
2022-09-07 16:52:30,330.9163294691835,22.770142741839713,-1.6247484019652352,324.3421266312856,21.02554398148148,2022-09-11 16:52:30+00:00,320.6748220084167,32.50994413619557,7.242981286568778,468.36526485942176
2022-09-07 17:07:30,331.07630767479964,22.86663067847144,-1.60589532414963,332.9565023069946,21.035960648148148,2022-09-11 17:07:30+00:00,320.2250404654657,32.37239653490628,7.242915984500535,464.8859209794102
2022-09-07 17:22:30,331.23369388505506,22.963163928130815,-1.5871550113464996,340.16187316413436,21.046377314814816,2022-09-11 17:22:30+00:00,320.2250404654657,32.23484898869582,7.242850454047459,457.9298831385643
2022-09-07 17:37:30,331.3885196146214,23.059739376601012,-1.5685272157009422,334.64345337467205,21.05679398148148,2022-09-11 17:37:30+00:00,319.78667843578114,32.097301497641446,7.242784695209648,462.8487956117339
2022-09-07 17:52:30,331.54081595261283,23.156353980704584,-1.5500116622219646,330.1995260918735,21.067210648148148,2022-09-11 17:52:30+00:00,319.3597014741189,31.95975406169561,7.242718707987256,440.5556880515144
2022-09-07 18:07:30,331.6906135625115,23.25300476476501,-1.531608050692829,341.04127033427807,21.077627314814816,2022-09-11 18:07:30+00:00,319.3597014741189,31.822206680902585,7.242652492380476,444.6219890293346
2022-09-07 18:22:30,331.83794271011124,23.349688829527793,-1.5133160542224195,328.61941216768986,21.08804398148148,2022-09-11 18:22:30+00:00,318.94406489454457,31.68465935528099,7.242586048389402,449.80523094045634
2022-09-07 18:37:30,331.982833240291,23.44640333860619,-1.4951353237627716,317.9905288380654,21.098460648148148,2022-09-11 18:37:30+00:00,318.53971328263714,31.547112084856305,7.242519376014257,445.1811219757797
2022-09-07 18:52:30,332.125314591375,23.543145521299405,-1.4770654881889933,360.1190036491498,21.108877314814816,2022-09-11 18:52:30+00:00,318.53971328263714,31.409564869584877,7.24245247525523,449.7310332034872
2022-09-07 19:07:30,332.2654157995059,23.6399126711174,-1.4591061554933025,316.8912473169568,21.11929398148148,2022-09-11 19:07:30+00:00,318.14658004073607,31.272017709529372,7.242385346112448,460.77987121392795
2022-09-07 19:22:30,332.4031655029065,23.736702144235178,-1.441256913950554,326.4707737447019,21.129710648148148,2022-09-11 19:22:30+00:00,318.14658004073607,31.134470604714977,7.242317988586127,442.5616768688555
2022-09-07 19:37:30,332.53859194666336,23.8335113582027,-1.4235173331964173,314.8730537209264,21.140127314814816,2022-09-11 19:37:30+00:00,317.7645869714985,30.99692355512712,7.2422504026765075,449.9443516972733
2022-09-07 19:52:30,332.671722987295,23.930337790570785,-1.405886965283491,329.70188206625886,21.15054398148148,2022-09-11 19:52:30+00:00,317.39364390504005,30.859376560798967,7.242182588383754,455.54760579802314
2022-09-07 20:07:30,332.80258609696403,24.027178977429184,-1.388365345714741,343.62585388150274,21.160960648148148,2022-09-11 20:07:30+00:00,317.39364390504005,30.721829621726613,7.242114545708088,449.39714338712673
2022-09-07 20:22:30,332.9312083683906,24.124032512208576,-1.3709519943950332,343.9187656892453,21.171377314814816,2022-09-11 20:22:30+00:00,317.0336483748761,30.584282737924553,7.242046274649787,445.5971592866417
2022-09-07 20:37:30,333.05761651957306,24.22089604439287,-1.3536464165636843,338.43790528318505,21.18179398148148,2022-09-11 20:37:30+00:00,316.6844853477643,30.44673590944044,7.241977775209,443.2515731347117
2022-09-07 20:52:30,333.18183689783405,24.317767278141343,-1.336448103710515,313.1442094007378,21.192210648148148,2022-09-11 20:52:30+00:00,316.6844853477643,30.309189136255537,7.2419090473860335,440.69480880833135
2022-09-07 21:07:30,333.30389548516837,24.414643971193648,-1.3193565344088374,323.45360378857237,21.202627314814816,2022-09-11 21:07:30+00:00,316.34602701236037,30.171642418413523,7.241840091181105,433.27768503060656
2022-09-07 21:22:30,333.4238179023623,24.511523933624577,-1.3023711751460223,337.95674852202836,21.21304398148148,2022-09-11 21:22:30+00:00,316.0181326313512,30.034095755888984,7.241770906594478,431.635216944065
2022-09-07 21:37:30,333.5416294137588,24.60840502661232,-1.2854914811208706,345.75239778716167,21.223460648148148,2022-09-11 21:37:30+00:00,316.0181326313512,29.896549148721455,7.241701493626435,429.20397632417667
2022-09-07 21:52:30,333.6573549319597,24.705285161337148,-1.2687168969907792,345.9268383071956,21.233877314814816,2022-09-11 21:52:30+00:00,315.7006484613983,29.75900259691059,7.241631852277238,428.1103426345496
2022-09-07 22:07:30,333.77101902236825,24.802162297912457,-1.2520468575850543,338.5286320698669,21.24429398148148,2022-09-11 22:07:30+00:00,315.3934077448416,29.62145610050396,7.241561982547148,426.206375705541
2022-09-07 22:22:30,333.88264590762896,24.899034444120495,-1.235480788627225,343.10278747407295,21.254710648148148,2022-09-11 22:22:30+00:00,315.3934077448416,29.4839096594971,7.241491884436474,426.08050454461136
2022-09-07 22:37:30,333.99225947237466,24.99589965449178,-1.2190181073718098,338.22375686573633,21.265127314814816,2022-09-11 22:37:30+00:00,315.096230776652,29.34636327387506,7.241421557945508,426.9337785197551
2022-09-07 22:52:30,334.09988326795803,25.09275602926191,-1.2026582232394525,364.0360664905922,21.27554398148148,2022-09-11 22:52:30+00:00,314.80892504960383,29.208816943685164,7.2413510030745485,425.78371359673537
2022-09-07 23:07:30,334.20554051645615,25.189601713186978,-1.1864005384509564,343.84101568993054,21.285960648148148,2022-09-11 23:07:30+00:00,314.80892504960383,29.07127066893759,7.241280219823901,427.56975912234674
2022-09-07 23:22:30,334.3092541155523,25.286434894664215,-1.1702444485889432,348.38262066438057,21.296377314814816,2022-09-11 23:22:30+00:00,314.531285480062,28.933724449646267,7.241209208193928,430.23557781487665
2022-09-07 23:37:30,334.41104664309,25.383253804782733,-1.154189343149427,337.91363497968354,21.30679398148148,2022-09-11 23:37:30+00:00,314.531285480062,28.79617828580024,7.241137968184886,429.5080545497907
2022-09-07 23:52:30,334.5109403611445,25.480056716228155,-1.13823460609751,330.6508334253587,21.317210648148148,2022-09-11 23:52:30+00:00,314.26309471615303,28.658632177438538,7.241066499797173,426.785383045817
2022-09-08 00:07:30,334.608957220641,25.57684194244542,-1.1223796163581876,341.2105297097451,21.327627314814816,2022-09-12 00:07:30+00:00,314.0041235294205,28.521086124589655,7.240994803031117,421.7293372552137
2022-09-08 00:22:30,334.7051188659698,25.673607836737624,-1.106623748298838,341.6798750186758,21.33804398148148,2022-09-12 00:22:30+00:00,314.0041235294205,28.3835401272426,7.240922877887025,422.3056946763124
2022-09-08 00:37:30,334.79944663878547,25.77035279125935,-1.0909663722212353,328.7879307711531,21.348460648148148,2022-09-12 00:37:30+00:00,313.7541312903667,28.245994185421615,7.240850724365296,425.271749211649
2022-09-08 00:52:30,334.89196158274615,25.867075236281124,-1.075406854778984,310.8725643891404,21.358877314814816,2022-09-12 00:52:30+00:00,313.51286652756005,28.108448299125985,7.240778342466296,424.1977369690224
2022-09-08 01:07:30,334.98268444766273,25.96377363927879,-1.059944559411657,300.1371130861049,21.36929398148148,2022-09-12 01:07:30+00:00,313.51286652756005,27.970902468373563,7.240705732190383,417.43932194683447
2022-09-08 01:22:30,335.07163569361904,26.06044650404692,-1.0445788467573855,299.05468196124554,21.379710648148148,2022-09-12 01:22:30+00:00,313.2800675692581,27.833356693203243,7.240632893537947,417.4735670562048
2022-09-08 01:37:30,335.1588354951923,26.157092369941513,-1.0293090750310938,304.1720246285682,21.390127314814816,2022-09-12 01:37:30+00:00,313.0554632657696,27.69581097359957,7.240559826509367,429.9016879985161
2022-09-08 01:52:30,335.24430374585603,26.253709811137767,-1.014134600385101,291.31601634110706,21.40054398148148,2022-09-12 01:52:30+00:00,313.0554632657696,27.558265309594887,7.240486531105024,429.100882423086
2022-09-08 02:07:30,335.3280600615741,26.350297435660597,-0.9990547772910578,303.24175628631696,21.410960648148148,2022-09-12 02:07:30+00:00,312.8387737900704,27.4207197011841,7.240413007325359,427.51252086811354
2022-09-08 02:22:30,335.41012378524374,26.44685388482095,-0.9840689588449784,294.4547762022516,21.421377314814816,2022-09-12 02:22:30+00:00,312.62971151351184,27.283174148395503,7.240339255170779,414.39899833055097
2022-09-08 02:37:30,335.49051399071186,26.543377832415832,-0.9691764970961088,302.6599888703394,21.43179398148148,2022-09-12 02:37:30+00:00,312.62971151351184,27.145628651246607,7.240265274641656,413.9637491056522
2022-09-08 02:52:30,335.56924948638346,26.639867983895044,-0.9543767433687644,308.2714597827334,21.442210648148148,2022-09-12 02:52:30+00:00,312.4279819528302,27.008083209732472,7.240191065738479,411.31780480695335
2022-09-08 03:07:30,335.64634881946614,26.736323075787823,-0.939669048531218,333.29127885619096,21.452627314814816,2022-09-12 03:07:30+00:00,312.2332847840954,26.87053782386635,7.24011662846164,408.8592097941012
2022-09-08 03:22:30,335.72183027992133,26.83274187500717,-0.9250527632729784,301.3213730343845,21.46304398148148,2022-09-12 03:22:30+00:00,312.2332847840954,26.73299249368054,7.2400419628115875,408.4247555449559
2022-09-08 03:37:30,335.795711903832,26.92912317801529,-0.910527238392277,308.17049003486267,21.473460648148148,2022-09-12 03:37:30+00:00,312.045314918747,26.5954472191842,7.239967068788766,408.9071010606904
2022-09-08 03:52:30,335.8680114776442,27.02546581034489,-0.8960918250179222,303.20642700874345,21.483877314814816,2022-09-12 03:52:30+00:00,312.045314918747,26.457902000390774,7.239891946393649,406.9374884066035
2022-09-08 04:07:30,335.93874654173425,27.121768625889736,-0.8817458748569814,313.0200041807124,21.49429398148148,2022-09-12 04:07:30+00:00,311.86376363645854,26.320356837317508,7.239816595626679,403.5939528844371
2022-09-08 04:22:30,336.0079343939415,27.21803050619377,-0.8674887404332478,312.4469109538064,21.504710648148148,2022-09-12 04:22:30+00:00,311.6883197692743,26.18281172994476,7.23974101648834,404.1652754590985
2022-09-08 04:37:30,336.0755920934108,27.314250359929193,-0.8533197752872512,316.5797431550431,21.515127314814816,2022-09-12 04:37:30+00:00,311.6883197692743,26.04526667831468,7.239665208979107,406.1287330736413
2022-09-08 04:52:30,336.1417364641952,27.41042712229191,-0.8392383341803485,329.0621134353068,21.52554398148148,2022-09-12 04:52:30+00:00,311.5186709312784,25.90772168244452,7.239589173099454,405.295863476164
2022-09-08 05:07:30,336.20638409858407,27.50655975434007,-0.8252437732996409,317.10122259875726,21.535960648148148,2022-09-12 05:07:30+00:00,311.3545047880037,25.770176742343462,7.239512908849893,405.00834724540897
2022-09-08 05:22:30,336.26955136082944,27.60264724248363,-0.8113354504306103,329.86307053043447,21.546377314814816,2022-09-12 05:22:30+00:00,311.3545047880037,25.632631858009955,7.239436416230938,403.5522166573919
2022-09-08 05:37:30,336.33125439043835,27.698688597909868,-0.7975127251337304,335.51732122751656,21.55679398148148,2022-09-12 05:37:30+00:00,311.19551035987945,25.495087029490392,7.23935969524304,402.9361104486313
2022-09-08 05:52:30,336.39150910559664,27.79468285597483,-0.7837749589171007,330.2643809429629,21.567210648148148,2022-09-12 05:52:30+00:00,311.0413793542638,25.357542256750044,7.239282745886742,402.0775366351327
2022-09-08 06:07:30,336.4503312066153,27.890629075761456,-0.7701215153780337,345.60362637684494,21.577627314814816,2022-09-12 06:07:30+00:00,311.0413793542638,25.219997539845497,7.239205568162608,405.838301931791
2022-09-08 06:22:30,336.5077361791752,27.986526339503005,-0.756551760358604,313.37886966821054,21.58804398148148,2022-09-12 06:22:30+00:00,310.8918075210231,25.082452878735506,7.2391281620711,405.57339155001927
2022-09-08 06:37:30,336.5637392975887,28.082373752061304,-0.7430650620852409,334.56855001968955,21.598460648148148,2022-09-12 06:37:30+00:00,310.7464960272249,24.94490827351635,7.2390505276127985,403.3425672824671
2022-09-08 06:52:30,336.618355627879,28.178170440405697,-0.7296607913032944,336.47169451657766,21.608877314814816,2022-09-12 06:52:30+00:00,310.7464960272249,24.807363724113426,7.2389726647882435,400.19079418077746
2022-09-08 07:07:30,336.67160003127475,28.273915553242627,-0.7163383213839232,326.51983649382413,21.61929398148148,2022-09-12 07:07:30+00:00,310.605152847314,24.669819230602094,7.238894573597944,397.8389909107773
2022-09-08 07:22:30,336.7234871670205,28.36960826037722,-0.703097028463231,313.73823971972473,21.629710648148148,2022-09-12 07:22:30+00:00,310.605152847314,24.532274792961697,7.238816254042518,395.04531361793465
2022-09-08 07:37:30,336.77403149553277,28.46524775231017,-0.6899362915428503,303.34294758998595,21.640127314814816,2022-09-12 07:37:30+00:00,310.4674941661667,24.39473041120508,7.238737706122501,389.48247078464107
2022-09-08 07:52:30,336.82324728158926,28.560833239872917,-0.6768554925807232,298.28053240485116,21.65054398148148,2022-09-12 07:52:30+00:00,310.33324579369196,24.25718608536358,7.238658929838452,387.2247396454409
2022-09-08 08:07:30,336.8711485970136,28.656363953607777,-0.663854016611862,302.10767160781967,21.660960648148148,2022-09-12 08:07:30+00:00,310.33324579369196,24.119641815445775,7.2385799251909875,389.7050639955481
2022-09-08 08:22:30,336.917749323916,28.751839143455545,-0.6509312518221102,295.4692820922691,21.671377314814816,2022-09-12 08:22:30+00:00,310.20214459118927,23.98209760146433,7.238500692180679,396.8697829716194
2022-09-08 08:37:30,336.9630631574952,28.84725807835346,-0.6380865896298947,286.23590735346386,21.68179398148148,2022-09-12 08:37:30+00:00,310.0739399115317,23.844553443435743,7.238421230808093,401.7751808569839
2022-09-08 08:52:30,337.0071036087498,28.942620045666107,-0.6253194247870753,293.9156992921018,21.692210648148148,2022-09-12 08:52:30+00:00,310.0739399115317,23.707009341339507,7.238341541073892,398.33055091819705
2022-09-08 09:07:30,337.0498840074063,29.037924350910657,-0.6126291554342257,287.85139397606355,21.702627314814816,2022-09-12 09:07:30+00:00,309.94839505744676,23.56946529521718,7.238261622978623,396.6097341723385
2022-09-08 09:22:30,337.0914175047847,29.13317031736972,-0.6000151831696444,274.4112095278769,21.71304398148148,2022-09-12 09:22:30+00:00,309.8252887647832,23.43192130508525,7.238181476522919,394.1726238888175
2022-09-08 09:37:30,337.13171707633234,29.22835728557515,-0.5874769131299992,272.37131299920776,21.723460648148148,2022-09-12 09:37:30+00:00,309.8252887647832,23.294377370952144,7.238101101707431,393.3699022179824
2022-09-08 09:52:30,337.17079552436195,29.3234846130514,-0.5750137540336734,269.6587424733105,21.733877314814816,2022-09-12 09:52:30+00:00,309.70441672073645,23.15683349283006,7.238020498532778,392.3622704507513
2022-09-08 10:07:30,337.2086654808699,29.418551673930818,-0.5626251182381669,275.9874465475596,21.74429398148148,2022-09-12 10:07:30+00:00,309.5855931306461,23.01928967070645,7.237939666999555,392.71404722155984
2022-09-08 10:22:30,337.2453394097921,29.513557858489698,-0.5503104218040961,279.95899489139356,21.754710648148148,2022-09-12 10:22:30+00:00,309.5855931306461,22.88174590461853,7.237858607108447,392.4040066777963
2022-09-08 10:37:30,337.28082960990423,29.60850257290736,-0.5380690845274302,265.56899306886316,21.765127314814816,2022-09-12 10:37:30+00:00,309.4686523512639,22.744202194593097,7.237777318860113,390.399342820044
2022-09-08 10:52:30,337.31514821723067,29.70338523890816,-0.5259005299840418,266.17750279123885,21.77554398148148,2022-09-12 10:52:30+00:00,309.353450613444,22.60665854058822,7.237695802255184,390.4006677796328
2022-09-08 11:07:30,337.34830720735283,29.798205293309643,-0.5138041855836653,267.98460036073953,21.785960648148148,2022-09-12 11:07:30+00:00,309.353450613444,22.469114942684804,7.237614057294339,390.0787025995707
2022-09-08 11:22:30,337.38031839805234,29.892962187842592,-0.5017794825862378,259.1255128055804,21.796377314814816,2022-09-12 11:22:30+00:00,309.2398678631587,22.33157140085131,7.237532083978248,388.7126692635875
2022-09-08 11:37:30,337.41119345176475,29.987655388762747,-0.4898258561428509,270.7909677371504,21.80679398148148,2022-09-12 11:37:30+00:00,309.2398678631587,22.19402791510365,7.237449882307578,387.2008903728436
2022-09-08 11:52:30,337.4409438776682,30.082284376456716,-0.4779427453345456,269.61343841803523,21.817210648148148,2022-09-12 11:52:30+00:00,309.1278097567598,22.056484485449975,7.23736745228305,383.9944881681108
2022-09-08 12:07:30,337.469581034234,30.17684864526657,-0.466129593181574,278.50753664853687,21.827627314814816,2022-09-12 12:07:30+00:00,309.0172098546683,21.918941111945976,7.237284793905332,385.37377109998147
2022-09-08 12:22:30,337.497116131627,30.271347703170154,-0.4543858466689304,289.2509020410361,21.83804398148148,2022-09-12 12:22:30+00:00,309.0172098546683,21.78139779453485,7.237201907175101,385.0465060815646
2022-09-08 12:37:30,337.5235602334934,30.365781071319496,-0.4427109567875019,307.6065004579617,21.848460648148148,2022-09-12 12:37:30+00:00,308.9080320674025,21.64385453328249,7.237118792093102,383.8248933407531
2022-09-08 12:52:30,337.54892425966204,30.460148283962855,-0.4311043785251029,379.016467090777,21.858877314814816,2022-09-12 12:52:30+00:00,308.8002734192938,21.506311328186406,7.237035448660031,383.4104459813975
2022-09-08 13:07:30,337.5732189882321,30.554448888109583,-0.4195655708890856,313.89513434626235,21.86929398148148,2022-09-12 13:07:30+00:00,308.8002734192938,21.3687681792332,7.236951876876602,381.1959326149643
2022-09-08 13:22:30,337.5964550574375,30.648682443101222,-0.4080939969367879,295.22485392320533,21.879710648148148,2022-09-12 13:22:30+00:00,308.6939672086562,21.231225086459776,7.2368680767435665,378.45904790812966
2022-09-08 13:37:30,337.61864296808415,30.7428485205544,-0.3966891237604416,300.798002471109,21.890127314814816,2022-09-12 13:37:30+00:00,308.58918665888257,21.093682049877867,7.236784048261666,376.5442404006678
2022-09-08 13:52:30,337.6397930855158,30.83694670400128,-0.3853504225067697,303.60440764369184,21.90054398148148,2022-09-12 13:52:30+00:00,308.58918665888257,20.95613906950313,7.236699791431599,377.8201764846171
2022-09-08 14:07:30,337.6599156415133,30.930976588576215,-0.3740773683899958,298.9618716499445,21.910960648148148,2022-09-12 14:07:30+00:00,308.48604917326435,20.818596145343296,7.236615306254134,373.4478098417998
2022-09-08 14:22:30,337.6790207365685,31.024937780857467,-0.3628694406841533,301.1891537158079,21.921377314814816,2022-09-12 14:22:30+00:00,308.384721327617,20.681053277380656,7.236530592730044,372.411691443411
2022-09-08 14:37:30,337.6971183417323,31.118829898606283,-0.3517261227271913,297.38957183595784,21.93179398148148,2022-09-12 14:37:30+00:00,308.384721327617,20.543510465660113,7.236445650860067,370.6494951903967
2022-09-08 14:52:30,337.71421830053293,31.212652570459372,-0.3406469019294103,305.76529509967594,21.942210648148148,2022-09-12 14:52:30+00:00,308.2854247594097,20.40596771018902,7.236360480644979,369.03357447597847
2022-09-08 15:07:30,337.73033033087927,31.306405435749912,-0.3296312697647697,313.6073843293787,21.952627314814816,2022-09-12 15:07:30+00:00,308.1884431403932,20.268425010978813,7.23627508208557,369.46498131806976
2022-09-08 15:22:30,337.7454640271565,31.40008814430655,-0.3186787217646464,315.86735805369295,21.96304398148148,2022-09-12 15:22:30+00:00,308.1884431403932,20.130882368030544,7.236189455182593,367.8445557410499
2022-09-08 15:37:30,337.7596288617132,31.493700356128084,-0.3077887575253999,298.1069521296966,21.973460648148148,2022-09-12 15:37:30+00:00,308.0941304520199,19.993339781351384,7.236103599936872,366.2029308106102
2022-09-08 15:52:30,337.77283418703195,31.587241741230898,-0.2969608806933237,299.3591296908908,21.983877314814816,2022-09-12 15:52:30+00:00,308.0941304520199,19.855797250981936,7.23601751634917,363.63383416805783
2022-09-08 16:07:30,337.78508923739525,31.6807119794812,-0.2861945989523718,313.1091019582483,21.99429398148148,2022-09-12 16:07:30+00:00,308.00292081951835,19.718254776908314,7.235931204420313,360.55860296260965
2022-09-08 16:22:30,337.7964031305945,31.774110760265735,-0.2754894240290096,312.42025193612506,22.004710648148148,2022-09-12 16:22:30+00:00,307.91534020146776,19.58071235916688,7.235844664151087,358.9649415692822
2022-09-08 16:37:30,337.8067848696464,31.867437782348063,-0.2648448716745256,336.5477550303137,22.015127314814816,2022-09-12 16:37:30+00:00,307.91534020146776,19.44316999771066,7.235757895542341,356.09627156371727
2022-09-08 16:52:30,337.81624334473366,31.96069275372748,-0.2542604616469863,350.28079418807084,22.02554398148148,2022-09-12 16:52:30+00:00,307.83202027707324,19.305627692613037,7.235670898594872,359.07994806158416
2022-09-08 17:07:30,337.82478733461,32.05387539130356,-0.243735717714494,313.0162639089281,22.035960648148148,2022-09-12 17:07:30+00:00,307.75371492276116,19.16808544385195,7.2355836733095025,360.5559530434321
2022-09-08 17:22:30,337.83242550841095,32.14698542081422,-0.2332701676273895,333.75429637631345,22.046377314814816,2022-09-12 17:22:30+00:00,307.75371492276116,19.030543251438488,7.235496219687114,360.6718267820104
2022-09-08 17:37:30,337.8391664272183,32.24002257658778,-0.2228633431094398,316.8423114809502,22.05679398148148,2022-09-12 17:37:30+00:00,307.6813197224452,18.89300111540241,7.235408537728477,364.29739802026944
2022-09-08 17:52:30,337.8450185456854,32.3329866013327,-0.2125147798459693,298.0262826789984,22.067210648148148,2022-09-12 17:52:30+00:00,307.61589501054164,18.755459035750448,7.235320627434519,365.1657524445504
2022-09-08 18:07:30,337.8499902136166,32.4258772460139,-0.2022240174612267,310.51256780041706,22.077627314814816,2022-09-12 18:07:30+00:00,307.61589501054164,18.617917012493635,7.235232488806043,365.2828788721944
2022-09-08 18:22:30,337.8540896775237,32.51869426965985,-0.1919905995023384,319.6884790822157,22.08804398148148,2022-09-12 18:22:30+00:00,307.55869300133696,18.480375045647023,7.235144121843928,363.7888544399396
2022-09-08 18:37:30,337.8573250820635,32.61143743915892,-0.1818140734253948,325.9430115952892,22.098460648148148,2022-09-12 18:37:30+00:00,307.51118960930427,18.3428331351882,7.235055526549035,364.7468002225932
2022-09-08 18:52:30,337.85970447168665,32.70410652911761,-0.171693990573216,343.7987555015936,22.108877314814816,2022-09-12 18:52:30+00:00,307.51118960930427,18.205291281157127,7.234966702922262,364.936269443782
2022-09-08 19:07:30,337.8612357919888,32.79670132172926,-0.1616299061524833,307.99028925072327,22.11929398148148,2022-09-12 19:07:30+00:00,307.475121607451,18.0677494835686,7.234877650964453,363.3092190688183
2022-09-08 19:22:30,337.86192689122214,32.88922160650515,-0.1516213792250838,320.57028858473126,22.129710648148148,2022-09-12 19:22:30+00:00,307.45252979766815,17.93020774242928,7.234788370676549,357.8344860481755
