time,longitude,radius,latitude,Vr,Time_days,Times_Earth,Vr_pred_Earth,Lon-L1,Lat-L1,Vr_obs_Earth
2022-12-09 00:07:30,269.77918895070945,32.82349928119301,2.3121771915510756,237.3784897663088,4.226435185185185,2022-12-13 00:07:30+00:00,351.25239871833253,255.19411426603295,-0.6161453174665863,424.5260619551104
2022-12-09 00:22:30,269.7806509939499,32.7309283494323,2.3041101524457734,251.3723598583235,4.236851851851852,2022-12-13 00:22:30+00:00,351.25239871833253,255.05686414651507,-0.6174770612853603,433.8474176537616
2022-12-09 00:37:30,269.7829582760894,32.63828307227942,2.2959815834322352,247.92625828307823,4.247268518518519,2022-12-13 00:37:30+00:00,350.2411055823864,254.91961406311316,-0.6188087874032716,423.8823965869041
2022-12-09 00:52:30,269.78611868864044,32.54556366550094,2.287790843515497,239.40541847629245,4.257685185185185,2022-12-13 00:52:30+00:00,349.2365856023642,254.78236401582305,-0.6201404957752154,422.0923761825264
2022-12-09 01:07:30,269.79014022091667,32.45277035237136,2.2795372835284113,244.56501963551423,4.268101851851852,2022-12-13 01:07:30+00:00,349.2365856023642,254.64511400467364,-0.6214721863566204,421.3596735299573
2022-12-09 01:22:30,269.79503096142747,32.359903363870565,2.271220246019092,242.20461876907325,4.278518518518519,2022-12-13 01:22:30+00:00,348.23885794481293,254.50786402962729,-0.6228038591018664,418.9363224421655
2022-12-09 01:37:30,269.800799099388,32.26696293881472,2.262839065130535,243.46851244072045,4.288935185185185,2022-12-13 01:37:30+00:00,347.2479412674912,254.37061409076696,-0.6241355139658661,417.4735670562048
2022-12-09 01:52:30,269.8074529263162,32.17394932397021,2.2543930664769727,235.6275962376922,4.299351851851852,2022-12-13 01:52:30+00:00,347.2479412674912,254.2333641880487,-0.6254671509040565,415.9710628825821
2022-12-09 02:07:30,269.8150008374082,32.08086277433886,2.245881567033301,244.85422253500064,4.309768518518519,2022-12-13 02:07:30+00:00,346.2638537335336,254.09611432149308,-0.6267987698708184,418.0578742348359
2022-12-09 02:22:30,269.82345133320234,31.987703553277704,2.2373038750079415,242.3269898778725,4.320185185185185,2022-12-13 02:22:30+00:00,345.2866130227311,253.9588644911248,-0.6281303708210566,424.9940376818506
2022-12-09 02:37:30,269.832813021121,31.8944719326441,2.2286592897158157,241.46054091839764,4.330601851851852,2022-12-13 02:37:30+00:00,345.2866130227311,253.82161469694356,-0.6294619537101999,422.1559742427856
2022-12-09 02:52:30,269.84309461705743,31.801168193088326,2.219947101462947,246.30647486181903,4.341018518518519,2022-12-13 02:52:30+00:00,344.31623633996236,253.68436493896985,-0.6307935184926668,412.93637544054906
2022-12-09 03:07:30,269.85430494698494,31.70779262415278,2.2111665914113767,240.51763608356927,4.351435185185185,2022-12-13 03:07:30+00:00,343.35274042081704,253.54711521716987,-0.6321250651233348,410.2949360044519
2022-12-09 03:22:30,269.86645294879264,31.61434552446795,2.202317031450425,240.18199875511448,4.361851851851852,2022-12-13 03:22:30+00:00,343.35274042081704,253.40986553163089,-0.6334565935576673,400.1821217180148
2022-12-09 03:37:30,269.87954767366705,31.52082720203626,2.193397684074823,239.23509515839143,4.372268518518519,2022-12-13 03:37:30+00:00,342.39614153445825,253.27261588230027,-0.6347881037500384,398.4878643893669
2022-12-09 03:52:30,269.8935982880308,31.427237974361333,2.184407802246141,243.94800703514775,4.382685185185185,2022-12-13 03:52:30+00:00,341.44645548377895,253.13536626920273,-0.6361195956553676,395.9636431088852
2022-12-09 04:07:30,269.90861407530815,31.333578168640173,2.1753466292571333,249.45254422658397,4.393101851851852,2022-12-13 04:07:30+00:00,341.44645548377895,252.99811669238144,-0.6374510692290983,398.67040305270694
2022-12-09 04:22:30,269.92460443745074,31.239848122095857,2.166213398608835,271.3318689972447,4.403518518518519,2022-12-13 04:22:30+00:00,340.5036976029157,252.86086715179857,-0.6387825244256191,403.8039589792511
2022-12-09 04:37:30,269.9415788969447,31.146048182079205,2.1570073338624876,255.73626294720592,4.413935185185185,2022-12-13 04:37:30+00:00,340.5036976029157,252.72361764747853,-0.6401139611998539,407.35021331849384
2022-12-09 04:52:30,269.9595470986935,31.052178706285805,2.147727648500452,241.4038285785772,4.424351851851852,2022-12-13 04:52:30+00:00,339.5678827521897,252.5863681794501,-0.6414453795072315,409.51108991175767
2022-12-09 05:07:30,269.97851881161574,30.958240063101808,2.1383735457976134,247.3204136022939,4.434768518518519,2022-12-13 05:07:30+00:00,338.6390253105573,252.44911874771884,-0.6427767793021638,406.05639028009654
2022-12-09 05:22:30,269.9985039307648,30.86423263173767,2.1289442186703336,236.1327499416668,4.445185185185185,2022-12-13 05:22:30+00:00,338.6390253105573,252.31186935225105,-0.6441081605395731,409.5609083922941
2022-12-09 05:37:30,270.01951247922693,30.77015680244894,2.119438849530874,250.31295158148887,4.455601851851852,2022-12-13 05:37:30+00:00,337.7171391656601,252.17461999311885,-0.6454395231748835,414.00747277208046
2022-12-09 05:52:30,270.0415546098881,30.676012976916557,2.1098566101562892,242.44458356520124,4.466018518518519,2022-12-13 05:52:30+00:00,336.8022377015764,252.03737067031363,-0.646770867162508,389.83544001907944
2022-12-09 06:07:30,270.06464060759185,30.581801568367137,2.1001966615290164,250.49274618566255,4.476435185185185,2022-12-13 06:07:30+00:00,336.8022377015764,251.9001213838303,-0.648102192457371,387.4958263772955
2022-12-09 06:22:30,270.0887808912545,30.487523001808537,2.0904581536859506,249.4176601453676,4.486851851851852,2022-12-13 06:22:30+00:00,335.89433378438736,251.7628721336685,-0.649433499014914,383.11352253756263
2022-12-09 06:37:30,270.1139860155097,30.39317771447112,2.080640225587749,244.6355793291162,4.497268518518519,2022-12-13 06:37:30+00:00,334.9934397456846,251.62562291984824,-0.650764786789531,373.3842117815406
2022-12-09 06:52:30,270.1402666732576,30.298766155885637,2.0707420049474514,233.7979516088171,4.507685185185185,2022-12-13 06:52:30+00:00,334.9934397456846,251.48837374240853,-0.6520960557361648,366.126878130217
2022-12-09 07:07:30,270.16763369755853,30.20428878820089,2.060762608081757,236.7879446343553,4.518101851851852,2022-12-13 07:07:30+00:00,334.0995673641579,251.35112460131944,-0.6534273058102464,368.6203195802528
2022-12-09 07:22:30,270.19609806367083,30.109746086592654,2.0507011397705357,261.62719405956955,4.528518518518519,2022-12-13 07:22:30+00:00,333.2127278454163,251.2138754966303,-0.6547585369661953,368.75533296234465
2022-12-09 07:37:30,270.2256708913957,30.015138539395117,2.040556693084049,234.43878059391156,4.538935185185185,2022-12-13 07:37:30+00:00,333.2127278454163,251.07662642830704,-0.6560897491589233,364.06831899319377
2022-12-09 07:52:30,270.256363447448,29.920466648393575,2.0303283492248245,236.28845441744411,4.549351851851852,2022-12-13 07:52:30+00:00,332.33293180021116,250.9393773963781,-0.6574209423438933,365.23836023001303
2022-12-09 08:07:30,270.28818714728413,29.82573092929704,2.0200151773874433,234.2572544131856,4.559768518518519,2022-12-13 08:07:30+00:00,331.4601892212452,250.8021284008634,-0.6587521164755157,366.07679465776295
2022-12-09 08:22:30,270.32115355774334,29.73093191186091,2.009616234577937,233.1809937936428,4.570185185185185,2022-12-13 08:22:30+00:00,331.4601892212452,250.66487944175825,-0.6600832715087097,364.82099795956225
2022-12-09 08:37:30,270.3552743993886,29.63607014024876,1.99913056545659,233.9155066401829,4.580601851851852,2022-12-13 08:37:30+00:00,330.59450945876586,250.52763051907627,-0.661414407398928,361.05546280838433
2022-12-09 08:52:30,270.39056154854956,29.541146173449555,1.988557202184972,230.36213645960348,4.591018518518519,2022-12-13 08:52:30+00:00,330.59450945876586,250.39038163283732,-0.6627455241005944,370.2281580411797
2022-12-09 09:07:30,270.427027040053,29.446160585493192,1.9778951642489,227.8182351951382,4.601435185185185,2022-12-13 09:07:30+00:00,329.73590119516325,250.25313278302204,-0.6640766215686204,370.3500543233431
2022-12-09 09:22:30,270.46468306960566,29.351113965777383,1.967143458290454,227.85020128153909,4.611851851851852,2022-12-13 09:22:30+00:00,328.8843724188036,250.1158839696732,-0.665407699758503,369.6253014283064
2022-12-09 09:37:30,270.50354199612053,29.256006919549996,1.9563010779564296,226.27836387284296,4.622268518518519,2022-12-13 09:37:30+00:00,328.8843724188036,249.97863519279605,-0.6667387586245924,370.6773193417601
2022-12-09 09:52:30,270.54361634434395,29.16084006813147,1.9453670037149473,227.35057152490245,4.632685185185185,2022-12-13 09:52:30+00:00,328.0399303973543,249.8413864523858,-0.6680697981218646,375.23650528658874
2022-12-09 10:07:30,270.58491880753877,29.065614049274764,1.9343402026850285,224.1314581765721,4.643101851851852,2022-12-13 10:07:30+00:00,327.2025816508699,249.70413774845576,-0.6694008182057836,376.2103505843071
2022-12-09 10:22:30,270.6274622497687,28.970329517648903,1.9232196284789105,225.64402866357736,4.653518518518519,2022-12-13 10:22:30+00:00,327.2025816508699,249.566889081026,-0.6707318188307382,376.6118133396931
2022-12-09 10:37:30,270.6712597088775,28.874987145112193,1.9120042210178376,236.4163106298089,4.663935185185185,2022-12-13 10:37:30+00:00,326.372331924931,249.42964045007668,-0.6720627999516876,374.5548135781858
2022-12-09 10:52:30,270.71632439901884,28.77958762107487,1.900692906355755,238.38812644473796,4.674351851851852,2022-12-13 10:52:30+00:00,325.5491861641467,249.2923918556652,-0.6733937615240784,376.0155815247635
2022-12-09 11:07:30,270.7626697132432,28.684131653052972,1.8892845965248897,239.25793635387143,4.684768518518519,2022-12-13 11:07:30+00:00,325.5491861641467,249.15514329775309,-0.6747247035023344,374.6243739565943
2022-12-09 11:22:30,270.8103092265553,28.588619966905565,1.8777781893395855,227.26986401021597,4.695185185185185,2022-12-13 11:22:30+00:00,324.7331484863496,249.0178947763788,-0.6760556258413981,383.1703633039192
2022-12-09 11:37:30,270.859256698593,28.493053307270884,1.866172568224569,224.60125619226616,4.705601851851852,2022-12-13 11:37:30+00:00,323.9242221578353,248.8806462915413,-0.6773865284967234,387.9698487377953
2022-12-09 11:52:30,270.90952607630993,28.39743243811368,1.8544666020524443,219.79285210594853,4.716018518518519,2022-12-13 11:52:30+00:00,323.9242221578353,248.74339784321677,-0.6787174114227505,386.90124566585337
2022-12-09 12:07:30,270.9611314971519,28.301758143045554,1.8426591449539016,219.5836742746523,4.726435185185185,2022-12-13 12:07:30+00:00,323.122409570016,248.6061494315015,-0.6800482745743981,386.3383416805788
2022-12-09 12:22:30,271.0140872919142,28.206031225726235,1.8307490361344392,216.29995039537255,4.736851851851852,2022-12-13 12:22:30+00:00,322.3277122178801,248.4689010563076,-0.6813791179071378,382.86032276015584
2022-12-09 12:37:30,271.0684079874625,28.11025251050631,1.8187350997201224,217.26481159397807,4.747268518518519,2022-12-13 12:37:30+00:00,322.3277122178801,248.3316527177416,-0.6827099413753979,383.9785886530461
2022-12-09 12:52:30,271.1241083101857,28.01442284269973,1.806616144556074,217.9637155946988,4.757685185185185,2022-12-13 12:52:30+00:00,321.54013068066894,248.1944044157256,-0.6840407449341352,382.02559821925433
2022-12-09 13:07:30,271.1812031888153,27.91854308911439,1.7943909640344942,221.11231169817188,4.768101851851852,2022-12-13 13:07:30+00:00,321.54013068066894,248.05715615030212,-0.6853715285387948,381.10077642631904
2022-12-09 13:22:30,271.23970775753054,27.822614138622196,1.782058335928019,217.44309231784155,4.778518518518519,2022-12-13 13:22:30+00:00,320.75966460520135,247.91990792149065,-0.6867022921438103,378.0226303097755
2022-12-09 13:37:30,271.2996373592159,27.726636902547895,1.7696170221971332,219.04965691051925,4.788935185185185,2022-12-13 13:37:30+00:00,319.98631269229924,247.7826597292714,-0.6880330357041339,378.1169674324933
2022-12-09 13:52:30,271.3610075486138,27.63061231521628,1.757065768817945,227.68436829797028,4.799351851851852,2022-12-13 13:52:30+00:00,319.98631269229924,247.6454115737013,-0.6893637591752303,379.646633277685
2022-12-09 14:07:30,271.42383409562564,27.534541334519723,1.7444033056107762,218.17626849289027,4.809768518518519,2022-12-13 14:07:30+00:00,319.22007268678294,247.50816345474172,-0.6906944625115452,380.4886450963245
2022-12-09 14:22:30,271.4881329885109,27.438424942384685,1.731628346055185,223.1700310110798,4.820185185185185,2022-12-13 14:22:30+00:00,318.46094137152824,247.3709153724308,-0.6920251456679981,382.2537562604341
2022-12-09 14:37:30,271.55392043749407,27.34226414530664,1.7187395871126747,220.05445833391207,4.830601851851852,2022-12-13 14:37:30+00:00,318.46094137152824,247.23366732676735,-0.69335580860009,380.03815883615545
2022-12-09 14:52:30,271.62121287770674,27.246059975027183,1.7057357090680174,225.35161531968524,4.841018518518519,2022-12-13 14:52:30+00:00,317.70891456609303,247.09641931775616,-0.6946864512622228,381.78445557410504
2022-12-09 15:07:30,271.6900269731069,27.149813488967737,1.6926153753374849,228.1956637203,4.851435185185185,2022-12-13 15:07:30+00:00,316.96398713044,246.95917134542097,-0.6960170736093872,381.29205241058327
2022-12-09 15:22:30,271.7603796196706,27.053525770865704,1.6793772323038327,211.96382078387143,4.861851851851852,2022-12-13 15:22:30+00:00,316.96398713044,246.82192340977497,-0.6973476755970224,380.4541961470175
2022-12-09 15:37:30,271.83228794903135,26.957197931434983,1.6660199091545214,214.84027179031503,4.872268518518519,2022-12-13 15:37:30+00:00,316.2261529742997,246.68467551077927,-0.6986782571795818,378.8907438323131
2022-12-09 15:52:30,271.90576933191534,26.860831108894555,1.6525420177024657,214.6384240834152,4.882685185185185,2022-12-13 15:52:30+00:00,315.4954050727342,246.54742764848655,-0.7000088183120232,375.22325569070136
2022-12-09 16:07:30,271.98084138215717,26.764426469588415,1.6389421522184655,214.16431101176997,4.893101851851852,2022-12-13 16:07:30+00:00,315.4954050727342,246.41017982291007,-0.7013393589498114,376.810557278003
2022-12-09 16:22:30,272.0575219598567,26.66798520874367,1.6252188892845711,219.86343745666605,4.903518518518519,2022-12-13 16:22:30+00:00,314.77173548847844,246.27293203403997,-0.7026698790473944,382.3382886821952
2022-12-09 16:37:30,272.1358291753792,26.571508551012744,1.6113707876173442,224.6246335170656,4.913935185185185,2022-12-13 16:37:30+00:00,314.0551354016488,246.13568428189973,-0.704000378559717,377.62938230383975
2022-12-09 16:52:30,272.2157813932993,26.47499775115404,1.597396387911476,230.24387383937267,4.924351851851852,2022-12-13 16:52:30+00:00,314.0551354016488,245.99843656648787,-0.7053308574422711,373.699552163659
2022-12-09 17:07:30,272.29739723575557,26.37845409480293,1.5832942126976048,208.32595605006256,4.934768518518519,2022-12-13 17:07:30+00:00,313.3455951474246,245.86118888779455,-0.7066613156494939,373.9734574459115
2022-12-09 17:22:30,272.3806955866152,26.281878899133073,1.569062766186346,219.4627380284356,4.945185185185185,2022-12-13 17:22:30+00:00,313.3455951474246,245.72394124584332,-0.7079917531363293,373.6098625914986
2022-12-09 17:37:30,272.46569559553694,26.1852735134884,1.554700534108898,215.88432587077816,4.955601851851852,2022-12-13 17:37:30+00:00,312.64310426232186,245.5866936406907,-0.709322169858291,374.234835837507
2022-12-09 17:52:30,272.5524166814057,26.088639320304495,1.5402059836032178,226.4388570873446,4.966018518518519,2022-12-13 17:52:30+00:00,311.9476515396869,245.44944607225412,-0.7106525657697942,372.8213689482471
2022-12-09 18:07:30,272.6408785367402,25.9919777357275,1.5255775630572763,214.75117567053735,4.976435185185185,2022-12-13 18:07:30+00:00,311.9476515396869,245.31219854061507,-0.7119829408257986,372.7462437395659
2022-12-09 18:22:30,272.7311011317146,25.8952902103843,1.5108137019777714,223.6959169992257,4.986851851851852,2022-12-13 18:22:30+00:00,311.25922509505347,245.17495104575747,-0.7133132949818243,370.3792034342953
2022-12-09 18:37:30,272.8231047180202,25.798578230279062,1.4959128108810018,226.27509414601263,4.997268518518519,2022-12-13 18:37:30+00:00,310.5778124420131,245.0377035876859,-0.7146436281922867,370.4878501205713
2022-12-09 18:52:30,272.9169098330567,25.701843317511766,1.4808732811602845,251.79976466718963,5.007685185185185,2022-12-13 18:52:30+00:00,310.5778124420131,244.9004561664383,-0.7159739404121466,374.7356705620478
2022-12-09 19:07:30,273.0125373042991,25.60508703111523,1.4656934849763814,275.1665454702501,5.018101851851852,2022-12-13 19:07:30+00:00,309.9034005792607,244.76320878196915,-0.7173042315969158,373.2517158226674
2022-12-09 19:22:30,273.11000825316194,25.508310967978822,1.4503717751638507,274.2056880423042,5.028518518518519,2022-12-13 19:22:30+00:00,309.23597608948387,244.62596143432677,-0.7186345017010154,371.63454241918345
2022-12-09 19:37:30,273.2093440995126,25.41151676362776,1.4349064851220958,257.06172329943394,5.038935185185185,2022-12-13 19:37:30+00:00,309.23597608948387,244.48871412351988,-0.7199647506794362,367.95513890672487
2022-12-09 19:52:30,273.31056656588333,25.314706093107596,1.4192959287260067,244.9134698278862,5.049351851851852,2022-12-13 19:52:30+00:00,308.57552525077386,244.35146684951744,-0.7212949784876473,369.3495893829784
2022-12-09 20:07:30,273.4136976816246,25.21788067202092,1.4035384002691078,224.8716522908819,5.059768518518519,2022-12-13 20:07:30+00:00,307.9220341612402,244.21421961239696,-0.7226251850801219,369.74852267005855
2022-12-09 20:22:30,273.51875978743874,25.12104225733165,1.3876321743745048,219.18300892232017,5.070185185185185,2022-12-13 20:22:30+00:00,307.9220341612402,244.0769724120941,-0.7239553704118046,368.02872512388376
2022-12-09 20:37:30,273.625775539853,25.024192648297937,1.3715755059335804,251.503515960945,5.080601851851852,2022-12-13 20:37:30+00:00,307.2754888775208,243.93972524867988,-0.7252855344382043,366.8929697644223
2022-12-09 20:52:30,273.73476791521534,24.927333687595468,1.355366630084336,244.47061117062904,5.091018518518519,2022-12-13 20:52:30+00:00,306.63587556787985,243.80247812211505,-0.7266156771137707,367.00585632138217
2022-12-09 21:07:30,273.84576021449504,24.83046726221457,1.339003762160883,222.64203818160536,5.101435185185185,2022-12-13 21:07:30+00:00,306.63587556787985,243.66523103243725,-0.7279457983934647,364.8859209794102
2022-12-09 21:22:30,273.95877606782705,24.73359530439695,1.3224850976577505,233.39150992330715,5.111851851851852,2022-12-13 21:22:30+00:00,306.0031806805963,243.52798397965915,-0.7292758982328065,365.0687654026552
2022-12-09 21:37:30,274.0738394385744,24.63671979287998,1.3058088122559954,240.96928354916008,5.122268518518519,2022-12-13 21:37:30+00:00,306.0031806805963,243.3907369637416,-0.7306059765862327,365.1177889074383
2022-12-09 21:52:30,274.19097462816063,24.539842753835753,1.2889730618090065,232.20447211023816,5.132685185185185,2022-12-13 21:52:30+00:00,305.37739112834134,243.2534899847365,-0.731936033408721,362.1088056814267
2022-12-09 22:07:30,274.31020628072366,24.442966261910943,1.271975982355698,273.031171667943,5.143101851851852,2022-12-13 22:07:30+00:00,304.75849448925516,243.11624304265655,-0.7332660686557745,361.4079020589872
2022-12-09 22:22:30,274.4315593872076,24.346092441510542,1.2548156901884862,219.9978967570623,5.153518518518519,2022-12-13 22:22:30+00:00,304.75849448925516,242.9789961374916,-0.7345960822818544,360.5771523968519
2022-12-09 22:37:30,274.55505929032273,24.249223467807475,1.2374902818877913,221.23217654291577,5.163935185185185,2022-12-13 22:37:30+00:00,304.1464792254257,242.8417492692645,-0.735926074241915,360.9905397885364
2022-12-09 22:52:30,274.6807316890265,24.152361567927187,1.2199978343990656,219.3195557999414,5.174351851851852,2022-12-13 22:52:30+00:00,303.54133491947806,242.70450243797333,-0.7372560444914803,360.9647030765562
2022-12-09 23:07:30,274.80860264292886,24.0555090222195,1.202336405143212,226.2009204768267,5.184768518518519,2022-12-13 23:07:30+00:00,303.54133491947806,242.56725564360775,-0.7385859929849997,359.7106288258208
2022-12-09 23:22:30,274.9386985770198,23.958668165407477,1.184504032119216,220.95999409714577,5.195185185185185,2022-12-13 23:22:30+00:00,302.9430525299812,242.4300088861906,-0.7399159196774572,358.9633516177757
2022-12-09 23:37:30,275.07104628634255,23.861841387824164,1.166498734040074,225.12933501369753,5.205601851851852,2022-12-13 23:37:30+00:00,302.3516246663697,242.29276216574897,-0.7412458245243664,361.37265813392696
2022-12-09 23:52:30,275.205672940206,23.765031136790807,1.1483185105145406,226.19112140968497,5.216018518518519,2022-12-13 23:52:30+00:00,302.3516246663697,242.155515482287,-0.7425757074801512,360.90984974958263
2022-12-10 00:07:30,275.34260608706745,23.668239917830164,1.1299613422200177,216.9743260472601,5.226435185185185,2022-12-14 00:07:30+00:00,301.76704588407887,242.01826883579835,-0.7439055684998462,358.2637729549249
2022-12-10 00:22:30,275.4818736591362,23.57147029596846,1.1114251911189186,216.38537887947015,5.236851851851852,2022-12-14 00:22:30+00:00,301.18931300057596,241.8810222262811,-0.7452354075389402,358.59766277128546
2022-12-10 00:37:30,275.6235039763151,23.47472489728461,1.092708000708711,211.95961288127785,5.247268518518519,2022-12-14 00:37:30+00:00,301.18931300057596,241.74377565378273,-0.7465652245518724,356.5943238731219
2022-12-10 00:52:30,275.7675257512704,23.37800641010844,1.0738076962679268,213.84966441944377,5.257685185185185,2022-12-14 00:52:30+00:00,300.61842543295757,241.60652911826816,-0.7478950194936551,362.6043405676127
2022-12-10 01:07:30,275.913968093848,23.281317586500126,1.0547221851694055,234.89123933590105,5.268101851851852,2022-12-14 01:07:30+00:00,300.054385557763,241.4692826197784,-0.7492247923197858,362.2346768423563
2022-12-10 01:22:30,276.0628605149791,23.18466124380125,1.035449357234538,217.694233956772,5.278518518518519,2022-12-14 01:22:30+00:00,300.054385557763,241.33203615830328,-0.7505545429847382,361.9143016138008
2022-12-10 01:37:30,276.21423293143795,23.088040266031495,1.015987085083997,246.50826935060735,5.288935185185185,2022-12-14 01:37:30+00:00,299.49719909362733,241.1947897338363,-0.7518842714434865,362.7421363648409
2022-12-10 01:52:30,276.36811567019646,22.991457605384152,0.9963332245394196,212.69752607879295,5.299351851851852,2022-12-14 01:52:30+00:00,299.49719909362733,241.0575433464334,-0.7532139776515687,360.56390280096457
2022-12-10 02:07:30,276.5245394723745,22.894916283893597,0.9764856150906172,207.13183643489015,5.309768518518519,2022-12-14 02:07:30+00:00,298.946875507359,240.92029699605484,-0.7545436615634259,360.6427378964941
2022-12-10 02:22:30,276.68353549748997,22.798419394937973,0.9564420803629812,212.12236392883065,5.320185185185185,2022-12-14 02:22:30+00:00,298.4034284439832,240.7830506827234,-0.7558733231340695,361.0302885761984
2022-12-10 02:37:30,276.84513532769773,22.70197010484007,0.9362004286427316,220.91642105123717,5.330601851851852,2022-12-14 02:37:30+00:00,298.4034284439832,240.6458044064657,-0.7572029623190015,361.7362270450751
2022-12-10 02:52:30,277.0093709714608,22.60557165465111,0.9157584534744868,217.84982973623207,5.341018518518519,2022-12-14 02:52:30+00:00,297.86687618123165,240.50855816725655,-0.7585325790726922,361.34668892598773
2022-12-10 03:07:30,277.176274867672,22.50922736169433,0.8951139342522133,211.0616603777844,5.351435185185185,2022-12-14 03:07:30+00:00,297.33724210888334,240.37131196514764,-0.7598621733501457,361.5907464822323
2022-12-10 03:22:30,277.345879889436,22.41294062131329,0.8742646368930295,207.67480886397985,5.361851851851852,2022-12-14 03:22:30+00:00,297.33724210888334,240.2340658001077,-0.7611917451068804,361.51456130588014
2022-12-10 03:37:30,277.5182193473974,22.316714908759973,0.8532083145863832,216.662687010402,5.372268518518519,2022-12-14 03:37:30+00:00,296.8145552332704,240.09681967216932,-0.762521294297353,363.6060100166945
2022-12-10 03:52:30,277.6933269934677,22.22055378086165,0.8319427085432171,214.7583856564971,5.382685185185185,2022-12-14 03:52:30+00:00,296.2988507071417,239.959573581326,-0.7638508208765707,358.97130137530803
2022-12-10 04:07:30,277.87123702432353,22.124460877848133,0.8104655488282962,208.00036377100616,5.393101851851852,2022-12-14 04:07:30+00:00,296.2988507071417,239.82232752759012,-0.7651803248000624,357.0209608606938
2022-12-10 04:22:30,278.05198408406886,22.02843992534914,0.7887745552839945,199.88392111853088,5.403518518518519,2022-12-14 04:22:30+00:00,295.79017038494044,239.68508151097953,-0.7665098060222827,361.33156400268246
2022-12-10 04:37:30,278.23560326784116,21.932494736145916,0.7668674384533045,196.39347031043957,5.413935185185185,2022-12-14 04:37:30+00:00,295.2885634033767,239.54783553147337,-0.767839264498253,361.2687813021703
2022-12-10 04:52:30,278.4221301242027,21.836629212194477,0.7447419006220138,210.33505454827812,5.424351851851852,2022-12-14 04:52:30+00:00,295.2885634033767,239.41058958911265,-0.7691687001834825,360.4451864218142
2022-12-10 05:07:30,278.6116006578004,21.7408473466414,0.722395636921376,209.79713270496225,5.434768518518519,2022-12-14 05:07:30+00:00,294.7940867869666,239.27334368387196,-0.7704981130324565,360.39165805442934
2022-12-10 05:22:30,278.8040513318061,21.64515322578755,0.6998263364822297,197.8103039950305,5.445185185185185,2022-12-14 05:22:30+00:00,294.3068060779635,239.13609781580277,-0.7718275030001607,362.71563717306617
2022-12-10 05:37:30,278.9995190701755,21.54955103107921,0.677031683663535,206.81550963668371,5.455601851851852,2022-12-14 05:37:30+00:00,294.3068060779635,238.998851984888,-0.773156870042144,362.2731006704296
2022-12-10 05:52:30,279.1980412591258,21.45404504137572,0.6540093594158001,223.86898273982808,5.466018518518519,2022-12-14 05:52:30+00:00,293.82679598980786,238.8616061911166,-0.7744862141128687,358.8641000994924
2022-12-10 06:07:30,279.39965574892847,21.35863963495658,0.6307570426593675,204.71862962265251,5.476435185185185,2022-12-14 06:07:30+00:00,293.82679598980786,238.72436043451103,-0.7758155351673491,359.9252722791955
2022-12-10 06:22:30,279.6044008553922,21.263339291666867,0.6072724117722401,204.41045152774,5.486851851851852,2022-12-14 06:22:30+00:00,293.3541410828754,238.5871147150976,-0.7771448331611155,356.78511805389934
2022-12-10 06:37:30,279.812315360303,21.168148595253065,0.5835531462075304,202.5282084927538,5.497268518518519,2022-12-14 06:37:30+00:00,292.8889364608916,238.44986903288,-0.7784741080486375,357.11033540749736
2022-12-10 06:52:30,280.0234385124255,21.073072235510644,0.5595969281504647,201.37050122296853,5.507685185185185,2022-12-14 06:52:30+00:00,292.8889364608916,238.31262338785135,-0.7798033597849248,353.7658918710672
2022-12-10 07:07:30,280.2378100276391,20.978115010546105,0.5354014442949477,216.8044780516547,5.518101851851852,2022-12-14 07:07:30+00:00,292.43128848590277,238.1753777799943,-0.7811325883255311,352.6075204706256
2022-12-10 07:22:30,280.4554700885898,20.883281829209256,0.5109643877555262,213.1770004270684,5.528518518518519,2022-12-14 07:22:30+00:00,291.981315509142,238.0381322093997,-0.7824617936249176,349.43954209396617
2022-12-10 07:37:30,280.6764593441686,20.78857771338301,0.4862834600457449,199.04769947318164,5.538935185185185,2022-12-14 07:37:30+00:00,291.981315509142,237.90088667597325,-0.7837909756380943,349.06896108899446
2022-12-10 07:52:30,280.9008189087738,20.694007800308032,0.4613563731660693,205.8081298287844,5.549351851851852,2022-12-14 07:52:30+00:00,291.53914861449164,237.76364117979944,-0.7851201343205979,351.9543153933805
2022-12-10 08:07:30,281.12859036007535,20.599577345200785,0.4361808518779684,211.26844874259223,5.559768518518519,2022-12-14 08:07:30+00:00,291.1049323705121,237.62639572082372,-0.7864492696269331,350.62477867152325
2022-12-10 08:22:30,281.35981573762,20.50529172356082,0.4107546360110919,198.19078308809253,5.570185185185185,2022-12-14 08:22:30+00:00,291.1049323705121,237.48915029912612,-0.7877783815120842,351.25738664970714
2022-12-10 08:37:30,281.5945375400166,20.411156433694757,0.3850754829445593,195.5749855465984,5.580601851851852,2022-12-14 08:37:30+00:00,290.6788255861817,237.35190491464584,-0.789107469931621,351.1036913374142
2022-12-10 08:52:30,281.83279872154543,20.31717709935236,0.3591411702433285,196.61173291413056,5.591018518518519,2022-12-14 08:52:30+00:00,290.26100206455175,237.2146595674297,-0.790436534840006,348.1636060100166
2022-12-10 09:07:30,282.07464268865783,20.22335947220856,0.3329494983830945,193.04937541817424,5.601435185185185,2022-12-14 09:07:30+00:00,290.26100206455175,237.07741425747065,-0.7917655761922614,348.94453719161567
2022-12-10 09:22:30,282.32011329568724,20.12970943443126,0.3064982936317319,197.9112474278837,5.611851851851852,2022-12-14 09:22:30+00:00,289.85165134747217,236.94016898479495,-0.7930945939439232,349.0877653231576
2022-12-10 09:37:30,282.5692548390004,20.036233001488085,0.2797854111394626,222.54210974191747,5.622268518518519,2022-12-14 09:37:30+00:00,289.45097944336305,236.80292374937676,-0.7944235880494811,347.1786310517529
2022-12-10 09:52:30,282.8221120520152,19.94293632462334,0.2528087380830657,187.78972706448732,5.632685185185185,2022-12-14 09:52:30+00:00,289.45097944336305,236.665678551238,-0.7957525584639813,348.4974958263773
2022-12-10 10:07:30,283.07873009831053,19.849825693613077,0.2255661970403123,188.97643933144087,5.643101851851852,2022-12-14 10:07:30+00:00,289.0592095287102,236.5284333904048,-0.7970815051429313,346.24373956594326
2022-12-10 10:22:30,283.33915456383363,19.756907539558316,0.1980557495360274,198.52369794201095,5.653518518518519,2022-12-14 10:22:30+00:00,289.0592095287102,236.3911882668659,-0.7984104280408435,343.906510851419
2022-12-10 10:37:30,283.6034314489858,19.664188437556625,0.1702753997177348,190.9602904971321,5.663935185185185,2022-12-14 10:37:30+00:00,288.67658261252654,236.25394318064315,-0.799739327112721,342.4373956594324
2022-12-10 10:52:30,283.8716071596343,19.571675109436914,0.1422231982202184,205.80036494933415,5.674351851851852,2022-12-14 10:52:30+00:00,288.30335815145736,236.11669813171892,-0.8010682023141392,342.6377295492487
2022-12-10 11:07:30,284.1437284964783,19.479374426663178,0.1138972462613415,241.12561142760632,5.684768518518519,2022-12-14 11:07:30+00:00,288.30335815145736,235.9794531201401,-0.8023970535995602,340.13832578106366
2022-12-10 11:22:30,284.41984264426907,19.3872934130447,0.0852956998624761,242.69130721745543,5.695185185185185,2022-12-14 11:22:30+00:00,287.93981460151144,235.8422081458556,-0.8037258809240384,345.575959933222
2022-12-10 11:37:30,284.69999715986154,19.295439247557624,0.0564167742950214,239.78095788701012,5.705601851851852,2022-12-14 11:37:30+00:00,287.5862498905832,235.7049632089061,-0.8050546842430888,342.00590728136643
2022-12-10 11:52:30,284.9842399582619,19.203819267289383,0.0272587487650772,248.9020161808142,5.716018518518519,2022-12-14 11:52:30+00:00,287.5862498905832,235.56771830932368,-0.8063834635112398,342.96554864167547
2022-12-10 12:07:30,285.2726192987329,19.112440970176504,-0.0021800287610087,247.6178245794273,5.726435185185185,2022-12-14 12:07:30+00:00,287.24298179399864,235.43047344705752,-0.8077122186835101,343.63224421655144
2022-12-10 12:22:30,285.56518376943046,19.02131201783742,-0.031901136489793,251.84221764957096,5.736851851851852,2022-12-14 12:22:30+00:00,286.9103481932926,235.2932286221914,-0.8090409497154378,339.0865117075468
2022-12-10 12:37:30,285.8619822695105,18.9304402385778,-0.0619060734563937,256.5910759177098,5.747268518518519,2022-12-14 12:37:30+00:00,286.9103481932926,235.1559838346705,-0.810369656561524,337.8964941569282
2022-12-10 12:52:30,286.16306399183287,18.83983363009733,-0.0921962540508381,258.0114143727919,5.757685185185185,2022-12-14 12:52:30+00:00,286.58870719632887,235.0187390844872,-0.8116983391768321,338.39732888146915
2022-12-10 13:07:30,286.4684784029681,18.749500362380044,-0.1227730022499613,247.4006156093489,5.768101851851852,2022-12-14 13:07:30+00:00,286.27843709473973,234.88149437172564,-0.8130269975168576,332.5661817314572
2022-12-10 13:22:30,286.77827522185737,18.659448780587088,-0.1536375456067774,235.6832618679819,5.778518518518519,2022-12-14 13:22:30+00:00,286.27843709473973,234.74424969633057,-0.8143556315361461,332.04547261308534
2022-12-10 13:37:30,287.09250439756556,18.569687407830074,-0.1847910090318855,230.0215014648279,5.788935185185185,2022-12-14 13:37:30+00:00,285.9799361325339,234.60700505835248,-0.8156842411897149,329.5568371528305
2022-12-10 13:52:30,287.41121608512407,18.480224947941448,-0.2162344083211347,236.7012247302928,5.799351851851852,2022-12-14 13:52:30+00:00,285.9799361325339,234.46976045773016,-0.8170128264331299,332.3528632376713
2022-12-10 14:07:30,287.73446061886233,18.391070288399803,-0.2479686433654276,241.58941946044965,5.809768518518519,2022-12-14 14:07:30+00:00,285.6936220576552,234.33251589453903,-0.8183413872208768,329.79207770526637
2022-12-10 14:22:30,288.06228848578456,18.30223250291556,-0.2799944912124835,220.6595947850828,5.820185185185185,2022-12-14 14:22:30+00:00,285.4199314263328,234.19527136877156,-0.8196699235080028,330.81591011474154
2022-12-10 14:37:30,288.39475029571986,18.21372085419358,-0.3123125987910586,215.38999107038865,5.830601851851852,2022-12-14 14:37:30+00:00,285.4199314263328,234.05802688039532,-0.8209984352500772,331.6369032562689
2022-12-10 14:52:30,288.7318967495918,18.12554479670831,-0.3449234753472417,243.53236949593196,5.841018518518519,2022-12-14 14:52:30+00:00,285.15931862833645,233.9207824294568,-0.8223269224015902,331.1445000927472
2022-12-10 15:07:30,289.073778606891,18.037713979165815,-0.377827484706146,213.77652767582808,5.851435185185185,2022-12-14 15:07:30+00:00,284.91225459982246,233.78353801596273,-0.823655384917576,332.87128378948074
2022-12-10 15:22:30,289.42044665005693,17.9502382471216,-0.4110248371884678,203.17130366434327,5.861851851851852,2022-12-14 15:22:30+00:00,284.91225459982246,233.6462936399099,-0.8249838227536226,335.03988128362084
2022-12-10 15:37:30,289.7719516467439,17.863127645548637,-0.4445155812410372,200.56083055091815,5.872268518518519,2022-12-14 15:37:30+00:00,284.67922518945596,233.50904930128632,-0.8263122358642064,338.6384715266185
2022-12-10 15:52:30,290.12834431077806,17.7763924211476,-0.4782995948643925,199.9909057248462,5.882685185185185,2022-12-14 15:52:30+00:00,284.46072914303323,233.37180500011343,-0.8276406242043876,335.3130638606431
2022-12-10 16:07:30,290.48967526019743,17.69004302470143,-0.5123765767181196,192.34835837506955,5.893101851851852,2022-12-14 16:07:30+00:00,284.46072914303323,233.23456073641688,-0.8289689877297262,336.1316479847365
2022-12-10 16:22:30,290.85599497266645,17.604090113390562,-0.5467460369274002,187.79520544781485,5.903518518518519,2022-12-14 16:22:30+00:00,284.25727567206724,233.0973165101992,-0.8302973263947275,335.73126928719586
2022-12-10 16:37:30,291.2273537392646,17.51854455285685,-0.5814072876763022,194.68882245603135,5.913935185185185,2022-12-14 16:37:30+00:00,284.06938157288283,232.9600723214527,-0.8316256401544382,338.50862548692265
2022-12-10 16:52:30,291.603801615622,17.43341741919868,-0.6163594335120715,198.809419207451,5.924351851851852,2022-12-14 16:52:30+00:00,284.06938157288283,232.82282817017384,-0.8329539289644434,337.877944722686
2022-12-10 17:07:30,291.98538836952963,17.348720000987615,-0.6516013613254868,196.00584307178633,5.934768518518519,2022-12-14 17:07:30+00:00,283.89756786487874,232.68558405637967,-0.8342821927792177,337.24461403927177
2022-12-10 17:22:30,292.37216342721587,17.264463800934294,-0.6871317301531933,253.52295667116044,5.945185185185185,2022-12-14 17:22:30+00:00,283.74235591992067,232.54833998009136,-0.8356104315538438,338.4496045597882
2022-12-10 17:37:30,292.7641758164089,17.180660537500046,-0.7229489606890999,187.69266607135924,5.955601851851852,2022-12-14 17:37:30+00:00,283.74235591992067,232.41109594132004,-0.8369386452438792,338.7848795611734
2022-12-10 17:52:30,293.1614741060095,17.097322146436642,-0.759051224508702,215.8578175038813,5.966018518518519,2022-12-14 17:52:30+00:00,283.60426305951836,232.27385194002437,-0.8382668338038294,337.5457412185292
2022-12-10 18:07:30,293.5641063438757,17.014460781984546,-0.7954364331270818,193.7157166706415,5.976435185185185,2022-12-14 18:07:30+00:00,283.60426305951836,232.13660797625477,-0.8395949971887465,336.6165831942125
2022-12-10 18:22:30,293.97211999155866,16.93208881794657,-0.8321022268023376,184.3695393749635,5.986851851851852,2022-12-14 18:22:30+00:00,283.48379760268307,231.9993640500219,-0.8409231353542131,334.8835360521504
2022-12-10 18:37:30,294.38556185441666,16.85021884848438,-0.8690459630288987,170.22168730830452,5.997268518518519,2022-12-14 18:37:30+00:00,283.38145335532147,231.8621201612993,-0.8422512482547426,337.1916156557225
2022-12-10 18:52:30,294.80447799770224,16.76886368148716,-0.9062647036938448,170.27211370442308,6.007685185185185,2022-12-14 18:52:30+00:00,283.38145335532147,231.72487631013703,-0.8435793358453889,342.3642578901343
2022-12-10 19:07:30,295.22891371418694,16.68803636180911,-0.9437552073374326,173.13351710214698,6.018101851851852,2022-12-14 19:07:30+00:00,283.2977035418234,231.58763249648777,-0.8449073980817212,343.2758300871824
2022-12-10 19:22:30,295.65891340219673,16.607750148422543,-0.9815139129881084,179.6496105701461,6.028518518518519,2022-12-14 19:22:30+00:00,283.23299419124675,231.45038872039737,-0.8462354349182595,342.48747913188646
2022-12-10 19:37:30,296.0945205000194,16.528018522029683,-1.0195369294970076,181.46911519198665,6.038935185185185,2022-12-14 19:37:30+00:00,283.23299419124675,231.31314498185793,-0.8475634463100622,343.1979224633649
2022-12-10 19:52:30,296.5357774018844,16.44885518467374,-1.057820023335591,182.3155323723716,6.049351851851852,2022-12-14 19:52:30+00:00,283.1877370042166,231.1759012808799,-0.8488914322126988,346.66772663433767
2022-12-10 20:07:30,296.9827253698848,16.37027405921627,-1.0963586062227535,161.9559731335171,6.059768518518519,2022-12-14 20:07:30+00:00,283.1623017423063,231.03865761748057,-0.8502193925807108,344.3702467074754
2022-12-10 20:22:30,297.43540444380085,16.292289288275715,-1.1351477227962885,154.98203880657127,6.070185185185185,2022-12-14 20:22:30+00:00,283.1623017423063,230.90141399163676,-0.8515473273691349,342.7140472215597
2022-12-10 20:37:30,297.89385334759106,16.214915232915434,-1.1741820382187975,161.35807741584813,6.080601851851852,2022-12-14 20:37:30+00:00,283.15700819911626,230.76417040338848,-0.8528752365335649,342.16286403264695
2022-12-10 20:52:30,298.3581093911869,16.138166471109137,-1.213455825722161,161.4129905224661,6.091018518518519,2022-12-14 20:52:30+00:00,283.1721178312851,230.62692685272336,-0.8542031200285135,342.8028195140048
2022-12-10 21:07:30,298.8282083711184,16.062057795615882,-1.2529629543054903,172.68781302170285,6.101435185185185,2022-12-14 21:07:30+00:00,283.1721178312851,230.48968333963307,-0.8555309778090425,344.293399051329
2022-12-10 21:22:30,299.3041844667643,15.986604211569109,-1.2926968764690498,175.51203224887007,6.111851851851852,2022-12-14 21:22:30+00:00,283.20782514787203,230.3524398641574,-0.8568588098307417,344.93853392016996
2022-12-10 21:37:30,299.7860701329901,15.911820933761428,-1.332650616020389,176.53841674108008,6.122268518518519,2022-12-14 21:37:30+00:00,283.2642489774666,230.21519642628385,-0.8581866160481258,342.4695921774385
2022-12-10 21:52:30,300.2738959912967,15.837723383266102,-1.372816756183003,181.27878500483945,6.132685185185185,2022-12-14 21:52:30+00:00,283.2642489774666,230.07795302603327,-0.8595143964162897,340.949201049368
2022-12-10 22:07:30,300.76769071668764,15.76432718377744,-1.4131874278447425,172.98218118633096,6.143101851851852,2022-12-14 22:07:30+00:00,283.3414237533357,229.94070966340175,-0.8608421508907802,330.9060073667753
2022-12-10 22:22:30,301.2674809212779,15.691648157503987,-1.4537542980790743,195.17783094712385,6.153518518518519,2022-12-14 22:22:30+00:00,283.3414237533357,229.8034663383765,-0.862169879426139,337.7109998145056
2022-12-10 22:37:30,301.7732910365349,15.619702320440162,-1.4945085590793508,177.5566281026094,6.163935185185185,2022-12-14 22:37:30+00:00,283.4392909771579,229.66622305099295,-0.8634975819774516,344.367596788298
2022-12-10 22:52:30,302.285143192185,15.548505877166644,-1.5354409174797004,183.9602969930429,6.174351851851852,2022-12-14 22:52:30+00:00,283.5576910404765,229.52897980124703,-0.8648252585002713,343.68391764051194
2022-12-10 23:07:30,302.8030570911741,15.478075215300963,-1.576541584041545,188.4225647396824,6.184768518518519,2022-12-14 23:07:30+00:00,283.5576910404765,229.39173658915533,-0.8661529089491495,343.11948485571185
2022-12-10 23:22:30,303.32704988485494,15.40842689910558,-1.6178002640464195,194.2186393665188,6.195185185185185,2022-12-14 23:22:30+00:00,283.6963555989253,229.25449341468007,-0.8674805332791559,343.59488035614913
2022-12-10 23:37:30,303.8571360444128,15.33957766271781,-1.6592061481907854,179.65350811664058,6.205601851851852,2022-12-14 23:37:30+00:00,283.85490070644204,229.11725027787548,-0.8688081314458816,340.2337228714524
2022-12-10 23:52:30,304.39332722961433,15.271544402856732,-1.7007479041257862,175.4924874791319,6.216018518518519,2022-12-14 23:52:30+00:00,283.85490070644204,228.98000717874345,-0.87013570340385,337.0856188886239
2022-12-11 00:07:30,304.9356321579089,15.20434417068253,-1.7424136688805485,178.1719532554257,6.226435185185185,2022-12-15 00:07:30+00:00,284.03282092396375,228.84276411727527,-0.8714632491081262,336.4774624373957
2022-12-11 00:22:30,305.48405647105295,15.13799416309508,-1.7841910420607747,164.65500753683324,6.236851851851852,2022-12-15 00:22:30+00:00,284.2294846184296,228.70552109346687,-0.8727907685143352,332.7212020033389
2022-12-11 00:37:30,306.0386025993128,15.072511713916173,-1.8260670798877017,163.8536719775678,6.247268518518519,2022-12-15 00:37:30+00:00,284.2294846184296,228.56827810733463,-0.8741182615769791,332.0732967644487
2022-12-11 00:52:30,306.59926962739917,15.007914283731631,-1.8680282904110364,176.81119017132113,6.257685185185185,2022-12-15 00:52:30+00:00,284.44413066231647,228.431035158899,-0.8754457282511475,334.12830908657287
2022-12-11 01:07:30,307.1660531581735,14.944219449379744,-1.9100606296989089,193.94654521289527,6.268101851851852,2022-12-15 01:07:30+00:00,284.67586673064255,228.29379224817015,-0.8767731684924277,329.56779818215546
2022-12-11 01:22:30,307.7389451760835,14.881444892805192,-1.9521494991935144,197.5836750571341,6.278518518518519,2022-12-15 01:22:30+00:00,284.67586673064255,228.15654937510627,-0.8781005822553734,331.80697988711347
2022-12-11 01:37:30,308.3179339122104,14.819608389087158,-1.9942797444329752,201.6941335429347,6.288935185185185,2022-12-15 01:37:30+00:00,284.9236693708688,228.0193065397569,-0.8794279694950448,331.08885179002044
2022-12-11 01:52:30,308.903003709332,14.758727793881915,-2.0364356550677787,208.24221599105303,6.299351851851852,2022-12-15 01:52:30+00:00,285.18638599126695,227.8820637421176,-0.8807553301670562,330.09513209847097
2022-12-11 02:07:30,309.49413488723746,14.698821030239602,-2.0786009662745166,226.89485750645315,6.309768518518519,2022-12-15 02:07:30+00:00,285.18638599126695,227.74482098220457,-0.8820826642259302,330.2507546247112
2022-12-11 02:22:30,310.0913036116275,14.639906074545072,-2.120758861828854,258.3425205531231,6.320185185185185,2022-12-15 02:22:30+00:00,285.46273887535165,227.6075782600092,-0.8834099716267552,329.14487108143203
2022-12-11 02:37:30,310.69448176407155,14.58200094189944,-2.1628919787072074,273.95855838161646,6.330601851851852,2022-12-15 02:37:30+00:00,285.46273887535165,227.47033557554136,-0.884737252325124,333.3651323634629
2022-12-11 02:52:30,311.3036368143593,14.52512367079601,-2.2049824133982425,295.12488451626496,6.341018518518519,2022-12-15 02:52:30+00:00,285.7513312846016,227.3330929287883,-0.8860645062755952,339.2691522908551
2022-12-11 03:07:30,311.9187316967865,14.469292307067663,-2.2470117300308736,270.07903797996664,6.351435185185185,2022-12-15 03:07:30+00:00,286.0506556601225,227.1958503197702,-0.8873917334332323,344.4252325304078
2022-12-11 03:22:30,312.5397246909526,14.414524887120786,-2.2889609703886302,304.5676541648088,6.361851851851852,2022-12-15 03:22:30+00:00,286.0506556601225,227.05860774852613,-0.8887189337536571,336.95683281659916
2022-12-11 03:37:30,313.166569304633,14.360839420647707,-2.3308106657505547,307.7906504133314,6.372268518518519,2022-12-15 03:37:30+00:00,286.35910387775965,226.921365215014,-0.8900461071914004,334.78018920422926
2022-12-11 03:52:30,313.7992141648415,14.308253872478632,-2.3725408508868107,324.90021779786616,6.382685185185185,2022-12-15 03:52:30+00:00,286.6749794525192,226.78412271925416,-0.8913732537015446,335.4426689985956
2022-12-11 04:07:30,314.4376029128787,14.256786143909297,-2.414131080038519,340.5557351844642,6.393101851851852,2022-12-15 04:07:30+00:00,286.6749794525192,226.64688026125637,-0.8927003732397141,335.2754590984975
2022-12-11 04:22:30,315.08167410532576,14.206454053449251,-2.455560444980029,320.27989357262106,6.403518518518519,2022-12-15 04:22:30+00:00,286.99651152936593,226.50963784102208,-0.8940274657604302,344.66889259877576
2022-12-11 04:37:30,315.73136112340325,14.157275316872989,-2.4968075953291864,294.0991146073547,6.413935185185185,2022-12-15 04:37:30+00:00,287.3218704411025,226.372395458557,-0.8953545312188017,342.14600091060856
2022-12-11 04:52:30,316.3865920901495,14.109267526716506,-2.5378507610542056,322.1791123044703,6.424351851851852,2022-12-15 04:52:30+00:00,287.3218704411025,226.2351531138854,-0.8966815695704221,343.1009354214696
2022-12-11 05:07:30,317.047289794061,14.062448131352964,-2.578667777110956,342.82345575959937,6.434768518518519,2022-12-15 05:07:30+00:00,287.64918456270556,226.09791080699415,-0.8980085807698497,345.16787237989246
2022-12-11 05:22:30,317.713371624356,14.016834413419708,-2.61923611045402,362.2484075400748,6.445185185185185,2022-12-15 05:22:30+00:00,287.9765581477018,225.96066853787423,-0.8993355647721829,341.97288521161653
2022-12-11 05:37:30,318.3847495145948,13.972443467866398,-2.6595328892253907,373.9526429650996,6.455601851851852,2022-12-15 05:37:30+00:00,287.9765581477018,225.8234263065791,-0.9006625215330079,345.90242997588575
2022-12-11 05:52:30,319.0613298961944,13.929292179627163,-2.699534934148539,374.2852569024042,6.466018518518519,2022-12-15 05:52:30+00:00,288.30208979809913,225.68618411306628,-0.9019894510069004,344.1695755552183
2022-12-11 06:07:30,319.74301366472076,13.88739720082154,-2.739218792229479,373.7591107129769,6.476435185185185,2022-12-15 06:07:30+00:00,288.62389119684013,225.54894195734136,-0.903316353148934,342.3324588600048
2022-12-11 06:22:30,320.429696156967,13.84677492770832,-2.7785607725766184,366.8604536973387,6.486851851851852,2022-12-15 06:22:30+00:00,288.62389119684013,225.41169983945755,-0.9046432279147306,346.36298592892916
2022-12-11 06:37:30,321.1212671391716,13.80744147741786,-2.817536984308547,349.52590254590984,6.497268518518519,2022-12-15 06:37:30+00:00,288.94010572187943,225.27445775937252,-0.905970075258836,352.2841098801032
2022-12-11 06:52:30,321.8176108104645,13.769412664381877,-2.8561233766179077,356.21895706094006,6.507685185185185,2022-12-15 06:52:30+00:00,288.94010572187943,225.13721571710616,-0.9072968951363762,351.05864271139734
2022-12-11 07:07:30,322.518605818336,13.7327039767034,-2.894295780738286,353.2114755765175,6.518101851851852,2022-12-15 07:07:30+00:00,289.248926564374,224.99997371265343,-0.908623687502932,348.4279354479688
2022-12-11 07:22:30,323.224125287002,13.697330552479327,-2.932029953756278,318.9907421460009,6.528518518518519,2022-12-15 07:22:30+00:00,289.5486139899403,224.8627317460738,-0.909950452313066,350.7255682547836
2022-12-11 07:37:30,323.9340368623553,13.663307156041675,-2.9693016242673616,353.51301648580966,6.538935185185185,2022-12-15 07:37:30+00:00,289.5486139899403,224.72548981729983,-0.9112771895218876,350.6161062087606
2022-12-11 07:52:30,324.6482027702094,13.630648154328906,-3.0060865395957825,388.893291672892,6.549351851851852,2022-12-15 07:52:30+00:00,289.8375114106308,224.5882479263846,-0.912603899085005,349.508921796067
2022-12-11 08:07:30,325.36647988902,13.599367493421806,-3.0423605144714414,390.7950143442955,6.559768518518519,2022-12-15 08:07:30+00:00,290.11405997474674,224.4510060733001,-0.9139305809569778,346.4774624373956
2022-12-11 08:22:30,326.088719839507,13.569478675250826,-3.0780994810763613,413.1336658902562,6.570185185185185,2022-12-15 08:22:30+00:00,290.11405997474674,224.3137642580953,-0.915257235092915,348.24707846410683
2022-12-11 08:37:30,326.81476908882996,13.54099473464096,-3.1132795401874387,422.2783112242506,6.580601851851852,2022-12-15 08:37:30+00:00,290.3768114298356,224.17652248072125,-0.9165838614484272,348.1516813737182
2022-12-11 08:52:30,327.54446906960726,13.513928216765954,-3.1478770132252167,426.23777966658423,6.591018518518519,2022-12-15 08:52:30+00:00,290.6244390688493,224.0392807412082,-0.917910459978076,347.8297161936561
2022-12-11 09:07:30,328.27765631588295,13.48829115502653,-3.181868495083864,458.243246941624,6.601435185185185,2022-12-15 09:07:30+00:00,290.6244390688493,223.9020390395904,-0.9192370306369654,348.17288072713785
2022-12-11 09:22:30,329.0141626143347,13.46409504949436,-3.215230907452408,420.1308015035119,6.611851851851852,2022-12-15 09:22:30+00:00,290.85574662788304,223.7647973758189,-0.9205635733807204,347.72769430532367
2022-12-11 09:37:30,329.753815169608,13.44135084602066,-3.247941552366279,411.5828323738368,6.622268518518519,2022-12-15 09:37:30+00:00,291.0696750635295,223.62755574993835,-0.921890088163911,349.37276413069407
2022-12-11 09:52:30,330.49643678718286,13.420068915999302,-3.2799781658780063,408.6851101041418,6.632685185185185,2022-12-15 09:52:30+00:00,291.0696750635295,223.49031416195385,-0.9232165749416288,350.96671089993293
2022-12-11 10:07:30,331.2418460694367,13.400259036969896,-3.311318971452307,417.6812417859553,6.643101851851852,2022-12-15 10:07:30+00:00,291.2653071961633,223.35307261183084,-0.9245430336694992,351.99777406789093
2022-12-11 10:22:30,331.98985762556146,13.38193037410939,-3.341942732867977,403.9780001433883,6.653518518518519,2022-12-15 10:22:30+00:00,291.44187026014197,223.2158310996431,-0.925869464302105,345.81710257837136
2022-12-11 10:37:30,332.74028229815207,13.365091462610396,-3.3718288064880806,377.2498434891486,6.663935185185185,2022-12-15 10:37:30+00:00,291.44187026014197,223.0785896253375,-0.9271958667945396,338.1258326166506
2022-12-11 10:52:30,333.49292740133114,13.349750191139114,-3.40095719246506,365.0428875712394,6.674351851851852,2022-12-15 10:52:30+00:00,291.59873645108325,222.9413481889084,-0.928522241102427,344.4709436362191
2022-12-11 11:07:30,334.2475969707813,13.3359137863929,-3.4293085846763076,370.2805005041406,6.684768518518519,2022-12-15 11:07:30+00:00,291.59873645108325,222.80410679042953,-0.9298485871803456,349.30903357447596
2022-12-11 11:22:30,335.0040920287349,13.323588798779058,-3.456864419231691,376.8751371808259,6.695185185185185,2022-12-15 11:22:30+00:00,291.7354216026011,222.666865429833,-0.9311749049833898,345.71375573045026
2022-12-11 11:37:30,335.76221085750166,13.3127810893629,-3.483606921137371,333.9157495502212,6.705601851851852,2022-12-15 11:37:30+00:00,291.8515821591679,222.52962410717151,-0.9325011944672188,350.06492301984787
2022-12-11 11:52:30,336.52174928399705,13.303495818091594,-3.5095191489570134,357.2245003808937,6.716018518518519,2022-12-15 11:52:30+00:00,291.8515821591679,222.39238282241683,-0.9338274555863816,350.4173622704507
2022-12-11 12:07:30,337.2825009744255,13.29573743334307,-3.5345850372510785,334.962153751398,6.726435185185185,2022-12-15 12:07:30+00:00,291.94701063763716,222.25514157558808,-0.935153688295985,354.61796597021976
2022-12-11 12:22:30,338.0442577370141,13.289509662874648,-3.5587894365111863,349.16835502536594,6.736851851851852,2022-12-15 12:22:30+00:00,292.0216297873451,222.11790036670908,-0.9364798925516832,356.75331902376973
2022-12-11 12:37:30,338.8068098117964,13.284815501237286,-3.582118150825917,364.948207250653,6.747268518518519,2022-12-15 12:37:30+00:00,292.0216297873451,221.9806591957657,-0.9378060683080202,353.16981293609007
2022-12-11 12:52:30,339.56994624017835,13.281657217449125,-3.6045579709726305,359.67548252936183,6.757685185185185,2022-12-15 12:52:30+00:00,292.07548566796623,221.84341806277737,-0.9391322155201348,352.7046502004766
2022-12-11 13:07:30,340.3334551386919,13.280036338474128,-3.626096706691079,334.39227190949316,6.768101851851852,2022-12-15 13:07:30+00:00,292.10873986608703,221.70617696772393,-0.9404583341436584,352.2272570686594
2022-12-11 13:22:30,341.0971240310522,13.279953648152292,-3.6467232144898274,295.6893135771032,6.778518518518519,2022-12-15 13:22:30+00:00,292.10873986608703,221.5689359106204,-0.9417844241331396,348.93914099256335
2022-12-11 13:37:30,341.8607401785696,13.281409186486314,-3.666427422170782,205.69910714889187,6.788935185185185,2022-12-15 13:37:30+00:00,292.12166106668224,221.43169489145697,-0.9431104854437432,346.5034316453348
2022-12-11 13:52:30,342.6240909079416,13.28440224956016,-3.6852003499094623,202.02797542830285,6.799351851851852,2022-12-15 13:52:30+00:00,292.1146161853961,221.294453910286,-0.9444365180310748,351.10369133741415
2022-12-11 14:07:30,343.3869639373332,13.28893139099186,-3.7030341276776855,218.22366666337385,6.809768518518519,2022-12-15 14:07:30+00:00,292.1146161853961,221.15721296706457,-0.9457625218496984,346.24373956594326
2022-12-11 14:22:30,344.14914770309036,13.294994424922889,-3.719922009022005,169.478580806198,6.820185185185185,2022-12-15 14:22:30+00:00,292.0880612528694,221.0199720618261,-0.9470884968547648,345.24207011686144
2022-12-11 14:37:30,344.91043168267163,13.302588430523004,-3.735858381064647,178.28743699045333,6.830601851851852,2022-12-15 14:37:30+00:00,292.0425322244605,220.8827311945359,-0.9484144430018898,339.6772398441847
2022-12-11 14:52:30,345.67060671253313,13.311709757984127,-3.7508387707095383,201.73409583348132,6.841018518518519,2022-12-15 14:52:30+00:00,292.0425322244605,220.74549036523788,-0.9497403602456882,337.47913188647743
2022-12-11 15:07:30,346.42946530287384,13.322354035992332,-3.7648598471035175,251.46740207522265,6.851435185185185,2022-12-15 15:07:30+00:00,291.97863586867044,220.6082495739367,-0.9510662485412404,336.1554972573336
2022-12-11 15:22:30,347.1868019445627,13.33451618063348,-3.7779194203138418,242.09669838079648,6.861851851851852,2022-12-15 15:22:30+00:00,291.97863586867044,220.47100882062637,-0.9523921078441978,334.66624267959827
2022-12-11 15:37:30,347.942413408237,13.34819040567338,-3.790016436280061,250.18590855309012,6.872268518518519,2022-12-15 15:37:30+00:00,291.89704086639654,220.33376810529265,-0.953717938109167,336.4218141346689
2022-12-11 15:52:30,348.696099035745,13.363370234206991,-3.801150968138787,290.69151711185305,6.882685185185185,2022-12-15 15:52:30+00:00,291.7984692316713,220.19652742795455,-0.9550437392912372,333.5188276757559
2022-12-11 16:07:30,349.4476610221031,13.380048511596984,-3.8113242039824247,283.2607509580547,6.893101851851852,2022-12-15 16:07:30+00:00,291.7984692316713,220.05928678863523,-0.9563695113460652,336.40511964385087
2022-12-11 16:22:30,350.1969046845425,13.398217419614111,-3.8205384311486985,247.8236484514138,6.903518518518519,2022-12-15 16:22:30+00:00,291.6836881435313,219.92204618732043,-0.957695254228264,337.2227522060577
2022-12-11 16:37:30,350.9436387227517,13.417868491791475,-3.8287970172247774,232.0644439762063,6.913935185185185,2022-12-15 16:37:30+00:00,291.55350225867636,219.78480562401435,-0.9590209678929112,335.720248032435
2022-12-11 16:52:30,351.68767546652526,13.43899262988451,-3.836104387874874,289.44417758638645,6.924351851851852,2022-12-15 16:52:30+00:00,291.55350225867636,219.64756509871103,-0.9603466522956814,337.95373241116147
2022-12-11 17:07:30,352.4288311072621,13.46158012129802,-3.842466001643572,296.367732628815,6.934768518518519,2022-12-15 17:07:30+00:00,291.4087465560639,219.51032461142523,-0.9616723073911584,332.5394175477648
2022-12-11 17:22:30,353.16692592016796,13.48562065756552,-3.847888321976738,209.09217628085645,6.945185185185185,2022-12-15 17:22:30+00:00,291.2502797478398,219.37308416219025,-0.9629979331344656,333.9269152290855
2022-12-11 17:37:30,353.9017844696885,13.511103353658967,-3.852378786592231,213.870175783168,6.955601851851852,2022-12-15 17:37:30+00:00,291.2502797478398,219.2358437509563,-0.9643235294812628,337.68739144365185
2022-12-11 17:52:30,354.63323579984404,13.538016768087976,-3.8559457744318095,227.71933805533493,6.966018518518519,2022-12-15 17:52:30+00:00,291.0789782762105,219.0986033777817,-0.9656490963861388,340.6881840103877
2022-12-11 18:07:30,355.3611136113413,13.566348923766624,-3.858598570416485,252.4618374909586,6.976435185185185,2022-12-15 18:07:30+00:00,290.8957309030941,218.96136304261233,-0.9669746338042068,340.80875533296233
2022-12-11 18:22:30,356.0852564227316,13.596087329513676,-3.860347328209131,250.3106270012863,6.986851851851852,2022-12-15 18:22:30+00:00,290.8957309030941,218.82412274548585,-0.9683001416911106,335.2942735246575
2022-12-11 18:37:30,356.8055077143154,13.627219002053828,-3.86120303121543,235.09370076888712,6.997268518518519,2022-12-15 18:37:30+00:00,290.7014338886445,218.68688248641655,-0.9696256200014802,343.2016323502133
2022-12-11 18:52:30,357.5217160591626,13.659730488580356,-3.861177452060751,244.41718515797447,7.007685185185185,2022-12-15 18:52:30+00:00,290.49698674594504,218.54964226540864,-0.9709510686904026,350.47301057317753
2022-12-11 19:07:30,358.23373523728395,13.693607889679429,-3.860283110759803,250.3199236080887,7.018101851851852,2022-12-15 19:07:30+00:00,290.49698674594504,218.4124020824268,-0.9722764877135744,347.62381747356704
2022-12-11 19:22:30,358.9414243328137,13.728836882513924,-3.85853323181806,282.2164236982898,7.028518518518519,2022-12-15 19:22:30+00:00,290.2832885521995,218.2751619375145,-0.9736018770255556,340.21660031676726
2022-12-11 19:37:30,359.6446478184447,13.765402744345105,-3.8559417004853858,355.8782867278798,7.038935185185185,2022-12-15 19:37:30+00:00,290.2832885521995,218.1379218306612,-0.9749272365814924,338.89816360601003
2022-12-11 20:07:30,1.0371831843838333,13.842484326306254,-3.848292258740251,374.4781736819749,7.059768518518519,2022-12-15 20:07:30+00:00,289.8317147000736,217.86344173114145,-0.9775778662468128,335.73813498688287
2022-12-11 20:22:30,1.7262514866930514,13.882968814313868,-3.843265021399162,385.094499062223,7.070185185185185,2022-12-15 20:22:30+00:00,289.8317147000736,217.7262017385078,-0.978903136265916,332.4800593581895
2022-12-11 20:37:30,2.410367086762093,13.924727754497676,-3.837457387857727,415.8466210087679,7.080601851851852,2022-12-15 20:37:30+00:00,289.5956090837342,217.5889617839532,-0.980228376350015,342.9326655537006
2022-12-11 20:52:30,3.0894221220894185,13.96774477945588,-3.830885876493656,338.7755634390651,7.091018518518519,2022-12-15 20:52:30+00:00,289.35378857328686,217.4517218674483,-0.981553586453726,344.9081803005008
2022-12-11 21:07:30,3.7633143097021513,14.012003263469552,-3.8235673981538034,361.98838273350145,7.101435185185185,2022-12-15 21:07:30+00:00,289.35378857328686,217.31448198904053,-0.9828787665321634,334.8451122240772
2022-12-11 21:22:30,4.431946930163799,14.05748634556853,-3.815519212299508,381.3495865890883,7.111851851851852,2022-12-15 21:22:30+00:00,289.1071122864931,217.17724214870884,-0.9842039165410142,328.5926279248483
2022-12-11 21:37:30,5.095228799388929,14.104176952280362,-3.806758883858647,369.2596844342885,7.122268518518519,2022-12-15 21:37:30+00:00,288.8564268629632,217.04000234651107,-0.985529036434848,332.6191801150065
2022-12-11 21:52:30,5.75307423013888,14.152057820081332,-3.797304240913845,330.1483054281408,7.132685185185185,2022-12-15 21:52:30+00:00,288.8564268629632,216.90276258237824,-0.9868541261688376,337.94419270212256
2022-12-11 22:07:30,6.4054029820299325,14.201111517411602,-3.7871733333780497,322.7767962785873,7.143101851851852,2022-12-15 22:07:30+00:00,288.6025658406551,216.7655228563327,-0.9881791856986138,337.54405490632536
2022-12-11 22:22:30,7.052140200760428,14.251320466191835,-3.77638439278119,325.5269807656081,7.153518518518519,2022-12-15 22:22:30+00:00,288.34634934378784,216.62828316841785,-0.9895042149787958,331.4783899091078
2022-12-11 22:37:30,7.693216348590138,14.302666962906027,-3.764955793254881,376.7904106322017,7.163935185185185,2022-12-15 22:37:30+00:00,288.34634934378784,216.49104351859364,-0.9908292139645136,335.1511778890744
2022-12-11 22:52:30,8.328567126294335,14.355133199169352,-3.7529060138166943,393.2433973807277,7.174351851851852,2022-12-15 22:52:30+00:00,288.08858405390674,216.35380390688235,-0.9921541826114598,334.0196624002968
2022-12-11 23:07:30,8.958133385028948,14.408701281610652,-3.7402536020691497,393.0456085586431,7.184768518518519,2022-12-15 23:07:30+00:00,287.83006343800395,216.21656433326905,-0.9934791208742184,332.0534223706177
2022-12-11 23:22:30,9.581861032892624,14.463353251315016,-3.727017139320973,362.4024072056221,7.195185185185185,2022-12-15 23:22:30+00:00,287.83006343800395,216.0793247977864,-0.9948040287079308,328.85863904227847
2022-12-11 23:37:30,10.199700933935224,14.519071102595923,-3.7132152072326385,377.6960169667615,7.205601851851852,2022-12-15 23:37:30+00:00,287.57156820996084,215.94208530042755,-0.9961289060682496,331.274346132443
2022-12-11 23:52:30,10.8116087995937,14.575836801029247,-3.698866356048305,319.59320221202006,7.216018518518519,2022-12-15 23:52:30+00:00,287.57156820996084,215.80484584120637,-0.9974537529098264,331.0369133741421
2022-12-12 00:07:30,11.417545076694749,14.633632300992405,-3.683989074383259,300.02143650571963,7.226435185185185,2022-12-16 00:07:30+00:00,287.3138670040757,215.66760642009743,-0.998778569187772,332.0784641068447
2022-12-12 00:22:30,12.017474829623117,14.692439562452352,-3.6686017606508488,324.92239670283806,7.236851851851852,2022-12-16 00:22:30+00:00,287.0577172420309,215.53036703712283,-1.000103354857767,329.5158597662771
2022-12-12 00:37:30,12.611367617284904,14.752240567004293,-3.6527226961429538,360.12744977036954,7.247268518518519,2022-12-16 00:37:30+00:00,287.0577172420309,215.39312769226737,-1.001428109874426,330.00000000000006
2022-12-12 00:52:30,13.199197368604237,14.8130173333974,-3.636370019705264,357.57260804323676,7.257685185185185,2022-12-16 00:52:30+00:00,286.8038661772816,215.2558883855781,-1.0027528341928875,328.5290298645891
2022-12-12 01:07:30,13.780942253167296,14.874751932216562,-3.619561704087559,353.50893464416004,7.268101851851852,2022-12-16 01:07:30+00:00,286.5530521035206,215.1186491170189,-1.004077527768801,327.2809179320031
2022-12-12 01:22:30,14.356584549156873,14.937426499870147,-3.602315533923012,380.7368108401528,7.278518518518519,2022-12-16 01:22:30+00:00,286.5530521035206,214.98140988658895,-1.0054021905568238,338.17347093640916
2022-12-12 01:37:30,14.926110511033324,15.00102325199616,-3.584649085282378,385.8823717359874,7.288935185185185,2022-12-16 01:37:30+00:00,286.3060057165511,214.84417069433536,-1.0067268225120645,330.5091819699499
2022-12-12 01:52:30,15.48951023431484,15.065524496102135,-3.566579706832695,370.20455623185205,7.299351851851852,2022-12-16 01:52:30+00:00,286.06345162160886,214.7069315402219,-1.0080514235902351,325.7762938230384
2022-12-12 02:07:30,16.046777519245392,15.130912643463448,-3.5481245025640424,382.996893893541,7.309768518518519,2022-12-16 02:07:30+00:00,286.06345162160886,214.56969242424765,-1.0093759937459146,329.69234438349633
2022-12-12 02:22:30,16.597909735017634,15.197170220470005,-3.529300315996006,353.2997704507512,7.320185185185185,2022-12-16 02:22:30+00:00,285.8261099809083,214.43245334645948,-1.0107005329342609,327.22990698783684
2022-12-12 02:37:30,17.142907683089213,15.264279879233728,-3.510123715880537,395.1605930202396,7.330601851851852,2022-12-16 02:37:30+00:00,285.594698298976,214.29521430682124,-1.0120250411109692,326.45992479047567
2022-12-12 02:52:30,17.681775460267552,15.332224407463904,-3.4906109833567394,359.7401919866444,7.341018518518519,2022-12-16 02:52:30+00:00,285.594698298976,214.15797530534644,-1.0133495182306405,328.4362826933779
2022-12-12 03:07:30,18.214520323752396,15.400986737854156,-3.4707781004434257,371.5680990627424,7.351435185185185,2022-12-16 03:07:30+00:00,285.3699333462007,214.0207363420237,-1.014673964248413,331.0703023557781
2022-12-12 03:22:30,18.741152556415404,15.470549956754844,-3.4506407398888523,416.0499383029687,7.361851851851852,2022-12-16 03:22:30+00:00,285.1525332240122,213.88349741688944,-1.0159983791199827,332.2574661472825
2022-12-12 03:37:30,19.26168533254743,15.540897312141269,-3.430214256324126,376.4229516966583,7.372268518518519,2022-12-16 03:37:30+00:00,285.1525332240122,213.746258529928,-1.0173227627999812,322.6218782145326
2022-12-12 03:52:30,19.77613458663315,15.612012221125603,-3.4095136786002285,396.416694490818,7.382685185185185,2022-12-16 03:52:30+00:00,284.9432195782427,213.60901968115695,-1.0186471152435357,318.577258393619
2022-12-12 04:07:30,20.28451888359969,15.683878276871685,-3.388553703297894,413.1804373409234,7.393101851851852,2022-12-16 04:07:30+00:00,284.9432195782427,213.47178087054,-1.0199714364063357,318.9872008903729
2022-12-12 04:22:30,20.7868592897849,15.756479254781755,-3.367348689395432,282.5955061288918,7.403518518518519,2022-12-16 04:22:30+00:00,284.74271997056616,213.33454209813416,-1.0212957262430036,318.3740577730561
2022-12-12 04:37:30,21.2831792481641,15.8297991183357,-3.3459126539329684,301.6616842023527,7.413935185185185,2022-12-16 04:37:30+00:00,284.5517704215204,213.19730336386948,-1.0226199847086863,318.62573986947945
2022-12-12 04:52:30,21.773504454798147,15.903822024315096,-3.3242592686995587,300.10887711403063,7.424351851851852,2022-12-16 04:52:30+00:00,284.5517704215204,213.0600646678261,-1.0239442117590796,321.6215059286846
2022-12-12 05:07:30,22.25786273762061,15.97853232742732,-3.3024018578847345,288.5899326374048,7.434768518518519,2022-12-16 05:07:30+00:00,284.3711181425337,212.92282600997348,-1.0252684073487877,322.2513713331743
2022-12-12 05:22:30,22.73628393940611,16.0539145846369,-3.2803533965563916,296.37093568646156,7.445185185185185,2022-12-16 05:22:30+00:00,284.20152447867486,212.78558739031453,-1.026592571432994,320.76693479030706
2022-12-12 05:37:30,23.208799802250564,16.129953558862233,-3.258126510012807,290.4724929145475,7.455601851851852,2022-12-16 05:37:30+00:00,284.20152447867486,212.6483488088419,-1.0279167039673545,322.0234782839123
2022-12-12 05:52:30,23.675443855412137,16.206634222251264,-3.235733473897907,296.54482503264194,7.466018518518519,2022-12-16 05:52:30+00:00,284.04376808857626,212.51111026558308,-1.0292408049064965,321.8512335373771
2022-12-12 06:07:30,24.136251306606425,16.283941759085113,-3.213186215017332,283.3715106572971,7.476435185185185,2022-12-16 06:07:30+00:00,283.8986483931996,212.37387176051195,-1.0305648742056142,321.44049606487005
2022-12-12 06:22:30,24.59125893634828,16.361861568257304,-3.19049631282367,212.25648454298025,7.486851851851852,2022-12-16 06:22:30+00:00,283.8986483931996,212.23663329367912,-1.0318889118203436,320.7085883880542
2022-12-12 06:37:30,25.04050499471249,16.44037926524485,-3.167675001551246,171.96878518461,7.497268518518519,2022-12-16 06:37:30+00:00,283.7669893308764,212.0993948650103,-1.0332129177053515,319.9777406789093
2022-12-12 06:52:30,25.48402910237566,16.519480683871148,-3.1447331728669994,165.08447932026792,7.507685185185185,2022-12-16 06:52:30+00:00,283.64964346239566,211.96215647458095,-1.0345368918157711,320.7846410684474
2022-12-12 07:07:30,25.921872142458472,16.599151874696695,-3.1216813792219176,179.81519586908416,7.518101851851852,2022-12-16 07:07:30+00:00,283.64964346239566,211.82491812235435,-1.0358608341072897,320.3060656649972
2022-12-12 07:22:30,26.354076199027897,16.679379113519257,-3.098529837122829,178.94025710815043,7.528518518518519,2022-12-16 07:22:30+00:00,283.5474964768498,211.68767980834343,-1.0371847445345634,321.41346688925984
2022-12-12 07:37:30,26.7806844457641,16.760148897026617,-3.075288431476616,175.3428216937438,7.538935185185185,2022-12-16 07:37:30+00:00,283.4614721564755,211.5504415325655,-1.038508623052718,324.3381826854281
2022-12-12 07:52:30,27.20174105696157,16.841447942475916,-3.051966720118003,165.795706021664,7.549351851851852,2022-12-16 07:52:30+00:00,283.4614721564755,211.41320329499808,-1.0398324696174728,320.8621512043883
2022-12-12 08:07:30,27.61729112885111,16.92326318885514,-3.02857393860443,179.14292952586345,7.559768518518519,2022-12-16 08:07:30+00:00,283.3925378667895,211.27596509566865,-1.0411562841834383,320.30151262204686
2022-12-12 08:22:30,28.027380600451103,17.005581796843476,-3.0051190053178107,169.41413984547893,7.570185185185185,2022-12-16 08:22:30+00:00,283.3925378667895,211.13872693453615,-1.0424800667057863,323.81808508686635
2022-12-12 08:37:30,28.43205617679344,17.08839114838524,-2.981610526879158,172.205296765686,7.580601851851852,2022-12-16 08:37:30+00:00,283.34171064682016,211.0014888116509,-1.043803817140205,319.654980523094
2022-12-12 08:52:30,28.831365254807935,17.171678845954666,-2.9580568038253037,173.42858252125637,7.591018518518519,2022-12-16 08:52:30+00:00,283.3100639829812,210.86425072699652,-1.0451275354413403,319.62795134748393
2022-12-12 09:07:30,29.22535585317813,17.255432711748256,-2.934465836450055,185.90517269378927,7.601435185185185,2022-12-16 09:07:30+00:00,283.3100639829812,210.7270126805901,-1.046451221564339,320.5103744335798
2022-12-12 09:22:30,29.614076545205283,17.33964078666074,-2.9108453308307167,197.33276390884032,7.611851851851852,2022-12-16 09:22:30+00:00,283.2987353588538,210.58977467239447,-1.047774875464906,323.68829000715476
2022-12-12 09:37:30,29.997576393339443,17.424291328876436,-2.887202705056232,201.32386662595897,7.622268518518519,2022-12-16 09:37:30+00:00,283.3089346814215,210.4525367024516,-1.0490984970976596,323.8540424517052
2022-12-12 09:52:30,30.37590488856892,17.50937281258209,-2.863545095496609,211.07271809605157,7.632685185185185,2022-12-16 09:52:30+00:00,283.3089346814215,210.31529877073464,-1.0504220864177738,324.7913188647746
2022-12-12 10:07:30,30.749111891208685,17.594873926317838,-2.8398793632275408,278.292614798984,7.643101851851852,2022-12-16 10:07:30+00:00,283.34195369154816,210.1780608772937,-1.0517456433809462,333.69504730105734
2022-12-12 10:22:30,31.11724757475456,17.680783571171688,-2.816212100531822,266.48289785301085,7.653518518518519,2022-12-16 10:22:30+00:00,283.39917647191004,210.04082302206868,-1.0530691679418245,327.64864517786054
2022-12-12 10:37:30,31.480362373036566,17.76709085898597,-2.7925496374144325,261.33828754798856,7.663935185185185,2022-12-16 10:37:30+00:00,283.39917647191004,209.9035852051055,-1.0543926600555622,324.0718658080928
2022-12-12 10:52:30,31.838506929406243,17.85378511033898,-2.7688980481800347,251.13561361959853,7.674351851851852,2022-12-16 10:52:30+00:00,283.48209116811336,209.76634742638143,-1.0557161196778502,324.2626599888703
2022-12-12 11:07:30,32.1917320481049,17.94085585229321,-2.745263158059264,262.5114490428275,7.684768518518519,2022-12-16 11:07:30+00:00,283.5923030369312,209.6291096859235,-1.0570395467633311,322.53756260434056
2022-12-12 11:22:30,32.54008864942922,18.028292816332872,-2.721650549754499,250.43289202935125,7.695185185185185,2022-12-16 11:22:30+00:00,283.5923030369312,209.49187198370493,-1.0583629412671822,323.30179929512155
2022-12-12 11:37:30,32.88362772617432,18.116085935979505,-2.698065570033509,244.91012907374807,7.705601851851852,2022-12-16 11:37:30+00:00,283.7315489276557,209.3546343197464,-1.0596863031450885,323.83231311444996
2022-12-12 11:52:30,33.222400302358174,18.204225344306703,-2.6745133362967035,243.4173234460535,7.716018518518519,2022-12-16 11:52:30+00:00,283.90171328615264,209.21739669406037,-1.0610096323517086,324.42960489705064
2022-12-12 12:07:30,33.556457394908634,18.29270137155356,-2.6509987430558977,245.8611304184016,7.726435185185185,2022-12-16 12:07:30+00:00,283.90171328615264,209.0801591066053,-1.062332928842199,322.6091104221321
2022-12-12 12:22:30,33.885849977228155,18.381504542569974,-2.627526468386381,237.67907753232137,7.736851851851852,2022-12-16 12:22:30+00:00,284.10484574340734,208.9429215574309,-1.0636561925722638,320.87738823965867
2022-12-12 12:37:30,34.21062894431278,18.47062557410764,-2.604100980339777,230.2592518009913,7.747268518518519,2022-12-16 12:37:30+00:00,284.10484574340734,208.80568404653516,-1.0649794234965309,322.6026060750601
2022-12-12 12:52:30,34.53084508057487,18.560055372246836,-2.58072654323462,234.5575959933222,7.757685185185185,2022-12-16 12:52:30+00:00,284.3431803075696,208.66844657390536,-1.0663026215701945,325.0545781430589
2022-12-12 13:07:30,34.84654902962426,18.64978502970245,-2.5574072238836205,227.0086980245935,7.768101851851852,2022-12-16 13:07:30+00:00,284.61915611636704,208.53120913953305,-1.067625786748935,323.3007393274505
2022-12-12 13:22:30,35.15779126497606,18.739805822979378,-2.534146897763238,232.64743564856155,7.778518518518519,2022-12-16 13:22:30+00:00,284.61915611636704,208.39397174341596,-1.068948918987425,324.10684474123536
2022-12-12 13:37:30,35.46462206368201,18.83010920967682,-2.510949255037942,248.5855154180443,7.788935185185185,2022-12-16 13:37:30+00:00,284.9354396200984,208.25673438557052,-1.070272018240798,321.39279751967564
2022-12-12 13:52:30,35.76709148112932,18.92068682567641,-2.4878178065079632,237.6868424117716,7.799351851851852,2022-12-16 13:52:30+00:00,285.2949479482176,208.1194970660172,-1.0715950844647837,323.71942655748995
2022-12-12 14:07:30,36.06524932729284,19.011530482275916,-2.464755889458407,235.99644024086837,7.809768518518519,2022-12-16 14:07:30+00:00,285.2949479482176,207.9822597847391,-1.0729181176140192,322.3149693934335
2022-12-12 14:22:30,36.35914514485531,19.102632163366437,-2.4417666733828565,223.3761695849672,7.820185185185185,2022-12-16 14:22:30+00:00,285.7008730580346,207.84502254172347,-1.0742411176436917,320.4229271007234
2022-12-12 14:37:30,36.6488281892719,19.19398402265322,-2.4188531655781125,231.24922861058965,7.830601851851852,2022-12-16 14:37:30+00:00,286.1567060649961,207.70778533700525,-1.0755640845094732,321.83268410313485
2022-12-12 14:52:30,36.93434740885856,19.28557838066499,-2.3960182166746473,230.3335015723881,7.841018518518519,2022-12-16 14:52:30+00:00,286.1567060649961,207.57054817056735,-1.0768870181660382,320.8972626334897
2022-12-12 15:07:30,37.215751427980805,19.37740772200335,-2.373264525984289,246.51591822947455,7.851435185185185,2022-12-16 15:07:30+00:00,286.666260902951,207.43331104239695,-1.078209918568552,322.03166894318815
2022-12-12 15:22:30,37.49308853053917,19.46946469250946,-2.350594646749498,239.05734363474008,7.861851851851852,2022-12-16 15:22:30+00:00,287.2336961529106,207.29607395249988,-1.079532785672742,322.0923761825264
2022-12-12 15:37:30,37.76640664451623,19.561742096272635,-2.328010991308533,236.9903145969612,7.872268518518519,2022-12-16 15:37:30+00:00,287.2336961529106,207.1588369009171,-1.0808556194332146,324.5298941459209
2022-12-12 15:52:30,38.03575332868227,19.65423289294826,-2.305515836062315,233.26086112513104,7.882685185185185,2022-12-16 15:52:30+00:00,287.8635335049012,207.021599887592,-1.0821784198051807,322.25932109070675
2022-12-12 16:07:30,38.30117575968297,19.746930194886247,-2.2831113263665768,245.40511747854725,7.893101851851852,2022-12-16 16:07:30+00:00,288.5606708776604,206.88436291258853,-1.0835011867443325,323.5132628454832
2022-12-12 16:22:30,38.56272072007623,19.83982726423815,-2.260799481307118,248.5040171118531,7.903518518518519,2022-12-16 16:22:30+00:00,288.5606708776604,206.74712597584573,-1.0848239202053211,320.0651880117656
2022-12-12 16:37:30,38.820434588245575,19.932917510295223,-2.2385821982981104,311.4139649090897,7.913935185185185,2022-12-16 16:37:30+00:00,289.33038771872884,206.60988907740875,-1.0861466201433356,325.52932135569864
2022-12-12 16:52:30,39.0743633285406,20.026194486660412,-2.2164612576016296,312.97123112163683,7.924351851851852,2022-12-16 16:52:30+00:00,289.33038771872884,206.4726522172686,-1.0874692865140678,323.9810458508288
2022-12-12 17:07:30,39.32455248231508,20.119651888425025,-2.1944383267257175,335.63331882579917,7.934768518518519,2022-12-16 17:07:30+00:00,290.17833945500473,206.335415395408,-1.08879191927218,323.5630813260196
2022-12-12 17:22:30,39.57104716059345,20.213283549591992,-2.172514964648076,343.5609737158831,7.945185185185185,2022-12-16 17:22:30+00:00,291.1105374853228,206.19817861184276,-1.0901145183728422,323.61713967723983
2022-12-12 17:37:30,39.81389203690564,20.307083440300485,-2.1506926259704744,339.2567322348842,7.955601851851852,2022-12-16 17:37:30+00:00,291.1105374853228,206.06094186657847,-1.0914370837717782,323.5418819725998
2022-12-12 17:52:30,40.05313134078826,20.401045664111017,-2.1289726649444463,368.578027282085,7.966018518518519,2022-12-16 17:52:30+00:00,292.1333105429621,205.9237051596122,-1.0927596154236303,318.69782971619367
2022-12-12 18:07:30,40.28880885271861,20.495164455438225,-2.1073563393504013,364.38058031942575,7.976435185185185,2022-12-16 18:07:30+00:00,293.25324276935265,205.78646849094517,-1.0940821132835723,315.1972864827622
2022-12-12 18:22:30,40.52096789947625,20.58943417698265,-2.0858448142673316,348.755678068098,7.986851851851852,2022-12-16 18:22:30+00:00,293.25324276935265,205.64923186056828,-1.0954045773073355,317.68423563081325
2022-12-12 18:37:30,40.74965134955442,20.683849317011965,-2.0644391657686305,349.1071370572225,7.997268518518519,2022-12-16 18:37:30+00:00,294.4770835183956,205.51199526853665,-1.096727007449555,321.66573919495454
2022-12-12 18:52:30,40.97490161015716,20.77840448693698,-2.043140384443347,347.2415265752999,8.007685185185185,2022-12-16 18:52:30+00:00,295.8116238697925,205.3747587147497,-1.098049403665437,319.127116622943
2022-12-12 19:07:30,41.19676062438908,20.87309441880172,-2.021949378834885,362.9395295661381,8.018101851851851,2022-12-16 19:07:30+00:00,295.8116238697925,205.23752219928545,-1.0993717659106492,316.51641624930437
2022-12-12 19:22:30,41.41526986870438,20.967913962738702,-2.0008669787842357,349.8388787514074,8.028518518518519,2022-12-16 19:22:30+00:00,297.26353521321704,205.10028572214063,-1.1006940941398875,320.5787423483584
2022-12-12 19:37:30,41.63047035131811,21.06285808458563,-1.979893938638521,352.7396503900794,8.038935185185185,2022-12-16 19:37:30+00:00,298.83916623768,204.963049283302,-1.1020163883083232,315.5166017436468
2022-12-12 19:52:30,41.8424026112148,21.157921863524503,-1.959030940357332,342.9445901899992,8.049351851851851,2022-12-16 19:52:30+00:00,298.83916623768,204.82581288276,-1.1033386483716687,323.30073932745046
2022-12-12 20:07:30,42.051106716743,21.25310048957117,-1.9382785965568532,348.090110343268,8.059768518518519,2022-12-16 20:07:30+00:00,300.54429639246297,204.68857652052608,-1.104660874284569,317.51783275155566
2022-12-12 20:22:30,42.25662226585511,21.348389261410848,-1.9176374533866944,363.8476578993524,8.070185185185185,2022-12-16 20:22:30+00:00,302.38384652716775,204.5513401966011,-1.1059830660022307,318.5202851313035
2022-12-12 20:37:30,42.45898838620061,21.443783584088756,-1.897107993347618,353.6438811767992,8.080601851851851,2022-12-16 20:37:30+00:00,302.38384652716775,204.4141039109757,-1.1073052234803429,317.62027621793897
2022-12-12 20:52:30,42.658243735016015,21.539278966601575,-1.87669063804344,350.9220794347168,8.091018518518519,2022-12-16 20:52:30+00:00,304.3615510581407,204.27686766369015,-1.1086273466735852,321.55301570994396
2022-12-12 21:07:30,42.85442650055749,21.634871019880677,-1.8563857507631591,363.3834168057874,8.101435185185185,2022-12-16 21:07:30+00:00,304.3615510581407,204.1396314546872,-1.109949435537134,322.4501152714842
2022-12-12 21:22:30,43.04757440314139,21.73055545455652,-1.8361936390277729,390.88495510138046,8.111851851851851,2022-12-16 21:22:30+00:00,306.47960062462283,204.00239528401536,-1.111271490026703,324.234835837507
2022-12-12 21:37:30,43.237724696215984,21.826328078709597,-1.8161145570586836,381.3964450554846,8.122268518518519,2022-12-16 21:37:30+00:00,308.7382695992188,203.8651591516566,-1.1125935100969468,321.19365609348915
2022-12-12 21:52:30,43.424914168739384,21.92218479595357,-1.7961487080980805,374.09069761077205,8.132685185185185,2022-12-16 21:52:30+00:00,308.7382695992188,203.72792305759725,-1.1139154957030564,319.64385086254873
2022-12-12 22:07:30,43.609179146867405,22.018121603263577,-1.7762962467075918,363.8007790762382,8.143101851851851,2022-12-16 22:07:30+00:00,311.1355485912574,203.5906870018567,-1.115237446800755,317.1545167872379
2022-12-12 22:22:30,43.79055549626686,22.1141345889387,-1.75655728096439,346.7958919859948,8.153518518518519,2022-12-16 22:22:30+00:00,313.66680756615415,203.45345098443147,-1.1165593633446949,319.2033017992951
2022-12-12 22:37:30,43.96907862475189,22.210219930680097,-1.73693187456293,363.8262941693971,8.163935185185185,2022-12-16 22:37:30+00:00,313.66680756615415,203.3162150053075,-1.117881245290064,319.7070875701927
2022-12-12 22:52:30,44.14478348519466,22.306373893655373,-1.717420048849699,358.2541149850301,8.174351851851851,2022-12-16 22:52:30+00:00,316.3245195047215,203.1789790645334,-1.1192030925925764,317.52921535893154
2022-12-12 23:07:30,44.31770457806331,22.402592828482568,-1.6980217848084802,363.93455759599334,8.184768518518519,2022-12-16 23:07:30+00:00,319.09807660242825,203.04174316204725,-1.1205249052069133,317.0071812809709
2022-12-12 23:22:30,44.487875954921606,22.498873169451382,-1.6787370249315132,374.69689301173145,8.195185185185185,2022-12-16 23:22:30+00:00,319.09807660242825,202.9045072978932,-1.1218466830882223,314.99258022630306
2022-12-12 23:37:30,44.655331221928115,22.595211432723225,-1.6595656750332082,382.82776960282945,8.205601851851851,2022-12-16 23:37:30+00:00,321.9737298362632,202.76727147203232,-1.123168426192251,316.19365609348915
2022-12-12 23:52:30,44.820103542621936,22.691604214363753,-1.640507606036642,369.5536659672736,8.216018518518519,2022-12-16 23:52:30+00:00,324.9346775327132,202.63003568450443,-1.124490134473664,313.00519180318844
2022-12-13 00:07:30,44.9822256422005,22.78804818874057,-1.6215626556359777,374.4311385116927,8.226435185185185,2022-12-17 00:07:30+00:00,324.9346775327132,202.4927999353101,-1.125811807887647,315.7537695100299
2022-12-13 00:22:30,45.14172981114434,22.884540106795267,-1.6027306299404245,474.5250523023605,8.236851851851851,2022-12-17 00:22:30+00:00,327.96131909297566,202.3555642244101,-1.1271334463899014,310.6844741235392
2022-12-13 00:37:30,45.29864790885557,22.981076794213116,-1.5840113050014617,391.2474097555589,8.247268518518519,2022-12-17 00:37:30+00:00,331.03167674270924,202.2183285518443,-1.1284550499351045,312.29032514508305
2022-12-13 00:52:30,45.45301136780317,23.07765514984355,-1.5654044283277877,374.9868457805811,8.257685185185185,2022-12-17 00:52:30+00:00,331.03167674270924,202.081092917584,-1.1297766184784497,312.2277870524949
2022-12-13 01:07:30,45.60485119778554,23.17427214412392,-1.5469097203247295,381.0184299260295,8.268101851851851,2022-12-17 01:07:30+00:00,334.1219723756112,201.94385732167703,-1.1310981519756464,310.4037031415997
2022-12-13 01:22:30,45.75419798960371,23.27092481735637,-1.5285268757085086,375.4105447991008,8.278518518518519,2022-12-17 01:22:30+00:00,334.1219723756112,201.806621764047,-1.132419650381364,308.0690038953812
2022-12-13 01:37:30,45.90108191981131,23.3676102782535,-1.51025556482103,370.2594832447014,8.288935185185185,2022-12-17 01:37:30+00:00,337.20733028755905,201.6693862447667,-1.1337411136507916,312.2797254683732
2022-12-13 01:52:30,46.04553275499964,23.464325702485073,-1.4920954348989055,353.1432595993322,8.299351851851851,2022-12-17 01:52:30+00:00,340.2625623014861,201.53215076376776,-1.1350625417396507,314.92301984789464
2022-12-13 02:07:30,46.18757985565884,23.561068330946917,-1.4740461113508871,359.5410956244905,8.309768518518519,2022-12-17 02:07:30+00:00,340.2625623014861,201.3949153211334,-1.136383934602612,315.5444258950102
2022-12-13 02:22:30,46.32725218120802,23.657835468520148,-1.456107198899802,343.3660510708509,8.320185185185185,2022-12-17 02:22:30+00:00,343.26298184197066,201.25767991679095,-1.1377052921948612,312.62645720074767
2022-12-13 02:37:30,46.464578294293545,23.754624482593037,-1.4382782827288274,348.379081414761,8.330601851851851,2022-12-17 02:37:30+00:00,346.1851897024851,201.1204445507883,-1.1390266144720973,316.0532103770835
2022-12-13 02:52:30,46.59958636509021,23.85143280156894,-1.420558929590079,343.01916943284203,8.341018518518519,2022-12-17 02:52:30+00:00,346.1851897024851,200.98320922309227,-1.140347901389024,310.3283249860879
2022-12-13 03:07:30,46.73230417603173,23.948257913588467,-1.4029486888349971,306.4526148231548,8.351435185185185,2022-12-17 03:07:30+00:00,349.00777728450174,200.8459739337173,-1.1416691529008265,313.4001112966054
2022-12-13 03:22:30,46.86275912660694,24.04509736520679,-1.3854470934177767,296.38502562636825,8.361851851851851,2022-12-17 03:22:30+00:00,351.71190247098906,200.70873868268205,-1.1429903689632062,311.9576398374395
2022-12-13 03:37:30,46.99097823733331,24.141948759955756,-1.3680536608827514,284.57156220159413,8.372268518518519,2022-12-17 03:37:30+00:00,351.71190247098906,200.57150346993865,-1.144311549530825,308.60958740758406
2022-12-13 03:52:30,47.11698815495247,24.238809757193955,-1.3507678942664674,312.00639197625094,8.382685185185185,2022-12-17 03:52:30+00:00,354.2817074081562,200.43426829551603,-1.145632694558904,307.1007234279354
2022-12-13 04:07:30,47.240815156984446,24.335678070854296,-1.333589282985287,364.8064543369949,8.393101851851851,2022-12-17 04:07:30+00:00,356.7045639651396,200.29703315943277,-1.1469538040031424,310.318785277049
2022-12-13 04:22:30,47.36248515590721,24.432551468091944,-1.3165173037094493,314.45794872127993,8.403518518518519,2022-12-17 04:22:30+00:00,356.7045639651396,200.15979806166993,-1.1482748778182317,314.3127434613244
2022-12-13 04:37:30,47.48202370424605,24.52942776820558,-1.2995514211575163,306.5768528943588,8.413935185185185,2022-12-17 04:37:30+00:00,358.9711489910858,200.02256300219813,-1.149595915959338,314.8543026255881
2022-12-13 04:52:30,47.59945599905786,24.626304841439477,-1.282691088883612,317.0675083472454,8.424351851851851,2022-12-17 04:52:30+00:00,358.9711489910858,199.88532798106496,-1.150916918382202,312.9104062326099
2022-12-13 05:07:30,47.71480688638573,24.723180607786094,-1.2659357500357555,325.4188587885519,8.434768518518519,2022-12-17 05:07:30+00:00,361.0753654992818,199.74809299825145,-1.1522378850414772,312.97996661101837
2022-12-13 05:22:30,47.82810086597202,24.820053035919383,-1.2492848380650234,326.36495326192164,8.445185185185185,2022-12-17 05:22:30+00:00,363.0141360956051,199.61085805374248,-1.1535588158923689,310.75867186050823
2022-12-13 05:37:30,47.93936209611915,24.916920142148573,-1.2327377774045285,318.20475987110297,8.455601851851851,2022-12-17 05:37:30+00:00,363.0141360956051,199.47362314757112,-1.1548797108905906,304.3776664811723
2022-12-13 05:52:30,48.04861439758848,25.013779989165965,-1.2162939841598497,408.5081561638876,8.466018518518519,2022-12-17 05:52:30+00:00,364.78710071235616,199.3363882797182,-1.1562005699908184,308.40686859050794
2022-12-13 06:07:30,48.155881258748835,25.110630685197822,-1.1999528667054795,346.7946577629382,8.476435185185185,2022-12-17 06:07:30+00:00,366.39625218484446,199.1991534501686,-1.1575213931482635,308.4817288072714
2022-12-13 06:22:30,48.26118583996077,25.207470382933465,-1.1837138262969873,329.5654701155097,8.486851851851851,2022-12-17 06:22:30+00:00,366.39625218484446,199.0619186589261,-1.1588421803186018,306.28428332935846
2022-12-13 06:37:30,48.36455097776058,25.304297278395097,-1.1675762576703224,319.2343045562814,8.497268518518519,2022-12-17 06:37:30+00:00,367.8455411762892,198.92468390602951,-1.1601629314565345,302.1999629011315
2022-12-13 06:52:30,48.46599918973681,25.401109610124053,-1.1515395495670395,315.3206699481181,8.507685185185185,2022-12-17 06:52:30+00:00,369.1404774831476,198.7874491914056,-1.161483646517255,318.2399236823277
2022-12-13 07:07:30,48.56555267883492,25.497905658211245,-1.135603085265381,323.6789417350173,8.518101851851851,2022-12-17 07:07:30+00:00,369.1404774831476,198.65021451513067,-1.1628043254565,316.1862363197923
2022-12-13 07:22:30,48.6632333374935,25.59468374319811,-1.119766243113206,334.90778423731194,8.528518518518519,2022-12-17 07:22:30+00:00,370.287748953559,198.51297987715617,-1.1641249682289094,311.2966054535337
2022-12-13 07:37:30,48.75906275235366,25.69144222536579,-1.1040283969770437,331.81424823685734,8.538935185185185,2022-12-17 07:37:30+00:00,371.29487310153274,198.37574527748143,-1.1654455747896717,312.2452765190662
2022-12-13 07:52:30,48.8530622085467,25.78817950377188,-1.088388916716561,331.48153066866416,8.549351851851851,2022-12-17 07:52:30+00:00,371.29487310153274,198.23851071615357,-1.1667661450945517,312.99387868670004
2022-12-13 08:07:30,48.9452526937711,25.88489401531576,-1.0728471686353245,322.16666019593373,8.559768518518519,2022-12-17 08:07:30+00:00,372.16989072981215,198.10127619309483,-1.1680866790982052,321.5418554734081
2022-12-13 08:22:30,49.035654902653995,25.98158423394135,-1.0574025158931666,330.0787698786471,8.570185185185185,2022-12-17 08:22:30+00:00,372.9211059444747,197.96404170839176,-1.1694071767557936,312.3777724779394
2022-12-13 08:37:30,49.1242892411808,26.07824866987634,-1.0420543188972715,336.3361702519504,8.580601851851851,2022-12-17 08:37:30+00:00,372.9211059444747,197.82680726197492,-1.1707276380230929,310.2604870551448
2022-12-13 08:52:30,49.211175830469045,26.174885868657014,-1.0268019357118057,318.78875506797044,8.591018518518519,2022-12-17 08:52:30+00:00,373.55687306928917,197.6895728538538,-1.1720480628547283,311.28176590613987
2022-12-13 09:07:30,49.29633451118483,26.27149441047468,-1.0116447224017258,321.5403986980036,8.601435185185185,2022-12-17 09:07:30+00:00,373.55687306928917,197.55233848405652,-1.173368451205923,312.2717757108408
2022-12-13 09:22:30,49.379784847696115,26.368072909386125,-0.9965820333845546,335.3426138471527,8.611851851851851,2022-12-17 09:22:30+00:00,374.08542817416986,197.4151041525718,-1.1746888030323888,314.4431194848557
2022-12-13 09:37:30,49.46154613172567,26.464620012429705,-0.9816132217828176,317.2592396847125,8.622268518518519,2022-12-17 09:37:30+00:00,374.5147611215507,197.27786985937988,-1.1760091182887995,308.59368789251926
2022-12-13 09:52:30,49.54163738675535,26.56113439904682,-0.9667376397165222,326.3742989916879,8.632685185185185,2022-12-17 09:52:30+00:00,374.5147611215507,197.14063560450876,-1.1773293969303564,311.48739963431115
2022-12-13 10:07:30,49.62007737181493,26.65761478027824,-0.9519546386178996,345.81911608953993,8.643101851851851,2022-12-17 10:07:30+00:00,374.8525230417762,197.003401387918,-1.1786496389127783,326.9973765800143
2022-12-13 10:22:30,49.696884585292686,26.75405989801469,-0.9372635695258136,341.07719855673434,8.653518518518519,2022-12-17 10:22:30+00:00,375.10596378563343,196.86616720964588,-1.1799698441907267,316.79579926658386
2022-12-13 10:37:30,49.77207726901104,26.85046852442262,-0.922663783342326,350.02647254173354,8.663935185185185,2022-12-17 10:37:30+00:00,375.10596378563343,196.72893306967669,-1.1812900127194044,308.18030050083473
2022-12-13 10:52:30,49.84567341198896,26.946839461197236,-0.9081546311046113,346.2083380134325,8.674351851851851,2022-12-17 10:52:30+00:00,375.28189398809894,196.5916989679989,-1.1826101444545412,307.71126480642334
2022-12-13 11:07:30,49.9176907539511,27.04317153885948,-0.8937354642397198,381.1772537670813,8.684768518518519,2022-12-17 11:07:30+00:00,375.38666675559125,196.4544649046361,-1.1839302393507969,309.56223335188275
2022-12-13 11:22:30,49.98814678937778,27.139463616184862,-0.8794056347893882,390.360948050338,8.695185185185185,2022-12-17 11:22:30+00:00,375.38666675559125,196.31723087954344,-1.1852502973633812,310.19105917269525
2022-12-13 11:37:30,50.05705877113144,27.23571457960464,-0.865164495629765,407.9585239316868,8.705601851851851,2022-12-17 11:37:30+00:00,375.42617453404745,196.17999689276735,-1.1865703184480076,302.0589872008904
2022-12-13 11:52:30,50.12444371382715,27.33192334246488,-0.851011400703153,364.8163003755658,8.716018518518519,2022-12-17 11:52:30+00:00,375.4058573332592,196.0427629442733,-1.1878903025593546,309.2177438588123
2022-12-13 12:07:30,50.19031839773924,27.428088844512068,-0.8369457052070405,358.54395053660045,8.726435185185185,2022-12-17 12:07:30+00:00,375.4058573332592,195.90552903407436,-1.1892102496526007,322.1467597511003
2022-12-13 12:22:30,50.25469937212928,27.524210051352487,-0.82296676577926,350.2159957317178,8.736851851851851,2022-12-17 12:22:30+00:00,375.330719108731,195.76829516218783,-1.1905301596834958,318.1731457190556
2022-12-13 12:37:30,50.31760295882468,27.62028595374311,-0.8090739406994218,368.7402284230331,8.747268518518519,2022-12-17 12:37:30+00:00,375.20534969382896,195.6310613285789,-1.191850032606686,313.1367093303654
2022-12-13 12:52:30,50.37904525548707,27.71631556713216,-0.7952665900465038,375.7696441303884,8.757685185185185,2022-12-17 12:52:30+00:00,375.20534969382896,195.49382753323164,-1.1931698683773857,304.827490261547
2022-12-13 13:07:30,50.43904213936509,27.81229793113996,-0.7815440758577167,363.0841879322681,8.768101851851851,2022-12-17 13:07:30+00:00,375.0339502080543,195.3565937762213,-1.1944896669513043,302.9208224533767
2022-12-13 13:22:30,50.49760927017552,27.90823210886793,-0.7679057623050759,372.72421321123176,8.778518518518519,2022-12-17 13:22:30+00:00,375.0339502080543,195.21936005745485,-1.1958094282831098,305.3978853644964
2022-12-13 13:37:30,50.55476209370137,28.004117186532103,-0.7543510158192149,364.3037541201147,8.788935185185185,2022-12-17 13:37:30+00:00,374.8203603307643,195.08212637700333,-1.197129152328009,308.5459893473249
2022-12-13 13:52:30,50.61051584518578,28.099952272963456,-0.7408792052251703,384.029864147687,8.799351851851851,2022-12-17 13:52:30+00:00,374.56808622123236,194.94489273482571,-1.1984488390417407,307.11455118800694
2022-12-13 14:07:30,50.664885551980376,28.19573649892481,-0.7274897018987764,381.6914026429886,8.809768518518519,2022-12-17 14:07:30+00:00,374.56808622123236,194.8076591309014,-1.1997684883789348,307.2819778996741
2022-12-13 14:22:30,50.71788603724245,28.291469016801276,-0.7141818798638092,372.9870782675359,8.820185185185185,2022-12-17 14:22:30+00:00,374.2803281888268,194.67042556527244,-1.2010881002948173,306.8447412353923
2022-12-13 14:37:30,50.7695319229077,28.387149000113517,-0.700955115909209,374.4961107755795,8.830601851851851,2022-12-17 14:37:30+00:00,373.960007477664,194.5331920379411,-1.2024076747450936,304.585022656809
2022-12-13 14:52:30,50.81983763246793,28.482775642886825,-0.6878087897205396,385.0343793327863,8.841018518518519,2022-12-17 14:52:30+00:00,373.960007477664,194.39595854887224,-1.2037272116844546,305.7262103505843
2022-12-13 15:07:30,50.86881739442049,28.57834815940071,-0.674742283953992,354.049939000899,8.851435185185185,2022-12-17 15:07:30+00:00,373.6097917362309,194.2587250980786,-1.2050467110680716,296.9821497367407
2022-12-13 15:22:30,50.91648524505872,28.67386578367098,-0.6617549843420377,370.1192055949985,8.861851851851851,2022-12-17 15:22:30+00:00,373.23211890235996,194.12149168553324,-1.2063661728516863,296.80443837372053
2022-12-13 15:37:30,50.962855031196774,28.769327768926154,-0.6488462797959879,374.419465134198,8.872268518518519,2022-12-17 15:37:30+00:00,373.23211890235996,193.98425831128827,-1.207685596989964,300.2782415136338
2022-12-13 15:52:30,51.00794041342253,28.86473338729897,-0.6360155624739481,384.0877231353896,8.882685185185185,2022-12-17 15:52:30+00:00,372.8292193554784,193.84702497528357,-1.2090049834380945,296.3558793274987
2022-12-13 16:07:30,51.0517548688144,28.96008192941233,-0.6232622278593163,374.52636986069894,8.893101851851851,2022-12-17 16:07:30+00:00,372.4031362783842,193.70979167755016,-1.210324332151791,296.44407345575956
2022-12-13 16:22:30,51.09431169352147,29.055372703851138,-0.6105856748512877,387.8189904807036,8.903518518518519,2022-12-17 16:22:30+00:00,372.4031362783842,193.57255841811104,-1.2116436430857396,305.0719453056682
2022-12-13 16:37:30,51.13562400578762,29.15060503687421,-0.5979853058178692,386.2749099657414,8.913935185185185,2022-12-17 16:37:30+00:00,371.955744236205,193.43532519690584,-1.2129629161951272,308.80634390651085
2022-12-13 16:52:30,51.1757047486982,29.24577827207432,-0.5854605266540829,382.2061462448858,8.924351851851851,2022-12-17 16:52:30+00:00,371.4887660260001,193.29809201393655,-1.2142821514356834,311.0302885761984
2022-12-13 17:07:30,51.21456669252701,29.340891769818032,-0.5730107468643085,375.5613438103863,8.934768518518519,2022-12-17 17:07:30+00:00,371.4887660260001,193.16085886925495,-1.2156013487620618,308.5837506956038
2022-12-13 17:22:30,51.25222243770805,29.435944907033093,-0.5606353795962784,361.8354308462822,8.945185185185185,2022-12-17 17:22:30+00:00,371.0037878811038,193.0236257628152,-1.2169205081294552,305.7781487664626
2022-12-13 17:37:30,51.288684417430595,29.53093707684911,-0.5483338416915187,369.78493357875664,8.955601851851851,2022-12-17 17:37:30+00:00,371.0037878811038,192.88639269463368,-1.2182396294935955,302.9594779177417
2022-12-13 17:52:30,51.32396489971372,29.62586768808038,-0.5361055537524636,382.3050494785996,8.966018518518519,2022-12-17 17:52:30+00:00,370.5022731334122,192.74915966470385,-1.219558712809144,304.6592806192138
2022-12-13 18:07:30,51.35807599058443,29.72073616507413,-0.5239499401601303,372.9469115191987,8.976435185185185,2022-12-17 18:07:30+00:00,369.98557444729016,192.6119266730088,-1.2208777580313102,306.9467631237247
2022-12-13 18:22:30,51.391029636179496,29.815541947317215,-0.5118664291202468,370.82402145966785,8.986851851851851,2022-12-17 18:22:30+00:00,369.98557444729016,192.4746937195794,-1.222196765115806,309.56952062962074
2022-12-13 18:37:30,51.42283762512548,29.91028448900968,-0.4998544527105988,372.9885886628606,8.997268518518519,2022-12-17 18:37:30+00:00,369.4549447429272,192.33746080439448,-1.2235157340172764,309.29326655537005
2022-12-13 18:52:30,51.4535115910909,30.00496325882332,-0.4879134469026498,372.1640642901568,9.007685185185185,2022-12-17 18:52:30+00:00,368.91154692660655,192.20022792742236,-1.2248346646909491,307.66091634205156
2022-12-13 19:07:30,51.48306301517945,30.099577739668135,-0.476042851580229,364.2724205003601,9.018101851851851,2022-12-17 19:07:30+00:00,368.91154692660655,192.06299508869375,-1.2261535570925106,299.12480396620634
2022-12-13 19:22:30,51.511503228040425,30.194127428172013,-0.4642421105914754,367.90353707650655,9.028518518518519,2022-12-17 19:22:30+00:00,368.3564625418614,191.925762288202,-1.2274724111766608,306.7427193470599
2022-12-13 19:37:30,51.5388434123995,30.288611834588355,-0.4525106717457303,369.0031955985428,9.038935185185185,2022-12-17 19:37:30+00:00,367.79069944993347,191.7885295259589,-1.2287912268985617,295.01020218883326
2022-12-13 19:52:30,51.56509460509856,30.383030482392876,-0.440847986846912,360.1578676438075,9.049351851851851,2022-12-17 19:52:30+00:00,367.79069944993347,191.65129680192237,-1.230110004213938,297.245409015025
2022-12-13 20:07:30,51.590267699505155,30.477382908013976,-0.429253511708594,367.1659725916821,9.059768518518519,2022-12-17 20:07:30+00:00,367.2151986411119,191.51406411612913,-1.2314287430774666,292.33166388425155
2022-12-13 20:22:30,51.61437344740952,30.571668660543647,-0.4177267061695244,374.2904841402338,9.070185185185185,2022-12-17 20:22:30+00:00,366.63084027101587,191.37683146854732,-1.2327474434443415,300.6121313299944
2022-12-13 20:37:30,51.63742246156261,30.6658873015282,-0.40626703409813,394.6185529897454,9.080601851851851,2022-12-17 20:37:30+00:00,366.63084027101587,191.23959885919288,-1.2340661052702604,299.88870339454644
2022-12-13 20:52:30,51.65942521735373,30.76003840459182,-0.394873963415506,357.33183624625116,9.091018518518519,2022-12-17 20:52:30+00:00,366.0384490081007,191.10236628804415,-1.235384728509899,291.40233722871454
2022-12-13 21:07:30,51.68039205516885,30.854121555234855,-0.3835469660958173,357.9063429852943,9.101435185185185,2022-12-17 21:07:30+00:00,365.43879877092326,190.96513375512748,-1.2367033131184622,301.28276472182984
2022-12-13 21:22:30,51.700333182420714,30.948136350628204,-0.3722855181658741,348.94864970184307,9.111851851851851,2022-12-17 21:22:30+00:00,365.43879877092326,190.8279012604004,-1.238021859051643,271.7213874976813
2022-12-13 21:37:30,51.71925867532568,31.042082399242993,-0.3610890997231322,350.5731249321409,9.122268518518519,2022-12-17 21:37:30+00:00,364.8326169262056,190.69066880389929,-1.239340366264107,292.13570236107796
2022-12-13 21:52:30,51.73717848114138,31.135959320678307,-0.3499571949287207,345.61852790734764,9.132685185185185,2022-12-17 21:52:30+00:00,364.8326169262056,190.55343638562127,-1.240658834711064,283.84344277499537
2022-12-13 22:07:30,51.754102420069714,31.229766745473615,-0.3388892920013622,345.1996894633594,9.143101851851851,2022-12-17 22:07:30+00:00,364.2205880116174,190.41620400552372,-1.2419772643482092,289.89055833797073
2022-12-13 22:22:30,51.77004018689236,31.323504314701665,-0.3278848832359358,364.4205202018391,9.153518518518519,2022-12-17 22:22:30+00:00,363.6033570405342,190.2789716636139,-1.2432956551302086,287.00214643453376
2022-12-13 22:37:30,51.785001353253946,31.41717167994305,-0.3169434649760281,327.10477971988115,9.163935185185185,2022-12-17 22:37:30+00:00,363.6033570405342,190.1417393599033,-1.2446140070122658,286.4707171885803
2022-12-13 22:52:30,51.79899536924807,31.51076850294538,-0.3060645376230632,343.08932063369167,9.174351851851851,2022-12-17 22:52:30+00:00,362.98153243987684,190.00450709440736,-1.245932319950054,286.314311731674
2022-12-13 23:07:30,51.81203156523982,31.604294455388978,-0.2952476056314843,351.71588212072356,9.184768518518519,2022-12-17 23:07:30+00:00,362.3556886664925,189.8672748670896,-1.2472505938982883,287.38638471526616
2022-12-13 23:22:30,51.82411915379229,31.69774921873272,-0.2844921774938355,342.9168528876753,9.195185185185185,2022-12-17 23:22:30+00:00,362.3556886664925,189.73004267794667,-1.2485688288121124,291.6193656093489
2022-12-13 23:37:30,51.83526723141628,31.791132484018007,-0.2737977657304537,347.72753439640775,9.205601851851851,2022-12-17 23:37:30+00:00,361.7263685424153,189.59281052699404,-1.2498870246472784,285.61888862389696
2022-12-13 23:52:30,51.84548478013456,31.884443951571686,-0.2631638868894898,352.3171284753087,9.216018518518519,2022-12-17 23:52:30+00:00,361.094085344706,189.4555784142387,-1.2512051813584129,290.164162493044
2022-12-14 00:07:30,51.85478066929544,31.977683330869933,-0.2525900615282328,347.9716137217652,9.226435185185185,2022-12-18 00:07:30+00:00,361.094085344706,189.3183463396335,-1.252523298900724,287.27879799666107
2022-12-14 00:22:30,51.863163657304774,32.07085034036749,-0.2420758141973669,355.8256366348528,9.236851851851851,2022-12-18 00:22:30+00:00,360.4593246814099,189.1811143032375,-1.2538413772299029,292.63057476746957
2022-12-14 00:37:30,51.87064239321447,32.16394470723478,-0.2316206734353973,351.8605838425148,9.247268518518519,2022-12-18 00:37:30+00:00,359.8225461814371,189.0438823049702,-1.25515941630062,287.02599570713096
2022-12-14 00:52:30,51.87722541824954,32.256966167200524,-0.2212241717507315,363.841939989825,9.257685185185185,2022-12-18 00:52:30+00:00,359.8225461814371,188.90665034490073,-1.2564774160680665,299.04006677796326
2022-12-14 01:07:30,51.88292116767396,32.349914464434136,-0.2108858455984444,359.2196133223417,9.268101851851851,2022-12-18 01:07:30+00:00,359.18418502284277,188.7694184229715,-1.2577953764879328,295.08439992580224
2022-12-14 01:22:30,51.88773797201538,32.44278935122871,-0.2006052353792733,358.4503416537198,9.278518518518519,2022-12-18 01:22:30+00:00,358.54465332102245,188.6321865392184,-1.2591132975148864,291.67130402522724
2022-12-14 01:37:30,51.89168405880389,32.53559058791633,-0.1903818854119403,362.6715218469446,9.288935185185185,2022-12-18 01:37:30+00:00,358.54465332102245,188.4949546936232,-1.2604311791041127,298.00593581895754
2022-12-14 01:52:30,51.89476755424292,32.62831794275404,-0.1802153439087679,371.88316154587375,9.299351851851851,2022-12-18 01:52:30+00:00,357.90434139570317,188.3577228861426,-1.2617490212113278,299.3541424259287
2022-12-14 02:07:30,51.896996484292615,32.7209711915942,-0.1701051629745853,370.3392237408128,9.309768518518519,2022-12-18 02:07:30+00:00,357.90434139570317,188.220491116856,-1.2630668237911746,302.8658875904285
2022-12-14 02:22:30,51.89837877647589,32.81355011783558,-0.1600508985743245,362.94963431630896,9.320185185185185,2022-12-18 02:22:30+00:00,357.2636189332796,188.0832593856869,-1.264384586798842,289.8580968280467
2022-12-14 02:37:30,51.89892226131443,32.90605451229346,-0.1500521105094912,372.80895003624374,9.330601851851851,2022-12-18 02:37:30+00:00,356.6228360589757,187.94602769265003,-1.265702310190027,288.6848451122241
