time,longitude,radius,latitude,Vr,Time_days,Times_Earth,Vr_pred_Earth,Lon-L1,Lat-L1,Vr_obs_Earth
2023-03-15 07:22:30,343.8005422712338,32.821652424372694,2.311797351109712,918.0184027642972,18.70261574074074,2023-03-19 07:22:30+00:00,396.7091965699011,66.82332189879844,-7.082898583877153,412.5208681135225
2023-03-15 07:37:30,343.8020282970113,32.72908358893166,2.303728190578107,595.9088753629591,18.713032407407407,2023-03-19 07:37:30+00:00,396.7091965699011,66.68600769223049,-7.082616288121245,413.80077907623814
2023-03-15 07:52:30,343.80435972585434,32.63644043404361,2.2955974840982676,952.6652948712972,18.723449074074075,2023-03-19 07:52:30+00:00,396.8205336535685,66.54869341793,-7.082333762080807,410.3505843071787
2023-03-15 08:07:30,343.8075444508704,32.54372317585595,2.2874045905340568,913.4601768186926,18.73386574074074,2023-03-19 08:07:30+00:00,396.9185170035953,66.41137907581553,-7.082051005768967,424.4574290484141
2023-03-15 08:22:30,343.81159046280396,32.45093203799388,2.279148860573017,916.9546142796132,18.744282407407407,2023-03-19 08:22:30+00:00,396.9185170035953,66.27406466585349,-7.081768019198727,415.025041736227
2023-03-15 08:37:30,343.8165058518871,32.35806725172337,2.2708296366105456,935.4267488615916,18.754699074074075,2023-03-19 08:37:30+00:00,397.00052850646387,66.13675018805792,-7.081484802382992,417.0840289371174
2023-03-15 08:52:30,343.82229880887974,32.265129056208046,2.26244625264094,921.221415537524,18.76511574074074,2023-03-19 08:52:30+00:00,397.0642061320958,65.99943564233278,-7.081201355334896,418.7534780189204
2023-03-15 09:07:30,343.828977626853,32.17211769860746,2.2539980341321217,873.7597682259018,18.775532407407407,2023-03-19 09:07:30+00:00,397.0642061320958,65.86212102868802,-7.08091767806744,423.9844184752365
2023-03-15 09:22:30,343.8365507027583,32.07903343421824,2.245484297902117,509.1198509143145,18.785949074074075,2023-03-19 09:22:30+00:00,397.1074666525287,65.72480634706486,-7.080633770593526,416.36060100166947
2023-03-15 09:37:30,343.8450265386993,31.985876526770156,2.236904352008016,874.2820394561622,18.79636574074074,2023-03-19 09:37:30+00:00,397.128521822911,65.58749159746894,-7.0803496329263105,419.25431274346136
2023-03-15 09:52:30,343.85441374375836,31.89264724852978,2.2282574956152614,841.1499786465815,18.806782407407407,2023-03-19 09:52:30+00:00,397.128521822911,65.45017677980819,-7.080065265078813,424.5965498052309
2023-03-15 10:07:30,343.86472103561636,31.799345880418517,2.2195430188659153,535.8234866151757,18.817199074074075,2023-03-19 10:07:30+00:00,397.1258880188667,65.31286189409656,-7.079780667063936,430.7178631051753
2023-03-15 10:22:30,343.87595724190925,31.705972712401387,2.210760202770385,594.7262164807523,18.82761574074074,2023-03-19 10:22:30+00:00,397.1258880188667,65.17554694026683,-7.079495838894833,418.6421814134669
2023-03-15 10:37:30,343.88813130212964,31.612528043529306,2.201908319064841,560.3275238237529,18.838032407407407,2023-03-19 10:37:30+00:00,397.0983895469724,65.03823191832865,-7.079210780584546,421.76544240400665
2023-03-15 10:52:30,343.9012522693713,31.519012182105644,2.192986630077937,547.025404097268,18.848449074074075,2023-03-19 10:52:30+00:00,397.0451560371574,64.90091682819398,-7.078925492145981,407.3455759599332
2023-03-15 11:07:30,343.91532931170457,31.425425446070907,2.183994388616019,530.2000730383974,18.85886574074074,2023-03-19 11:07:30+00:00,397.0451560371574,64.76360166986828,-7.078639973592301,404.1736227045075
2023-03-15 11:22:30,343.93037171429347,31.331768163052093,2.174930837815046,454.1434029508546,18.869282407407407,2023-03-19 11:22:30+00:00,396.9656144802803,64.62628644328841,-7.078354224936539,403.61713967723983
2023-03-15 11:37:30,343.9463888810205,31.23804067059423,2.165795211006866,426.74228781156125,18.879699074074075,2023-03-19 11:37:30+00:00,396.8594765872784,64.48897114843884,-7.078068246191645,400.0556483027267
2023-03-15 11:52:30,343.9633903361042,31.144243316491576,2.156586731593616,392.9779606838271,18.89011574074074,2023-03-19 11:52:30+00:00,396.8594765872784,64.35165578531038,-7.077782037370762,425.20868113522533
2023-03-15 12:07:30,343.98138572620593,31.050376458893453,2.1473046128981816,367.65434683456925,18.900532407407407,2023-03-19 12:07:30+00:00,396.72672221757716,64.21434035381071,-7.0774955984869505,405.60457906033866
2023-03-15 12:22:30,344.00038482224295,30.9564404665272,2.1379480580233596,335.27551587457066,18.910949074074075,2023-03-19 12:22:30+00:00,396.5675796560245,64.07702485393877,-7.077208929553156,408.18030050083473
2023-03-15 12:37:30,344.0203975210532,30.86243571906689,2.128516259723714,338.69648352051513,18.92136574074074,2023-03-19 12:37:30+00:00,396.5675796560245,63.939709285670766,-7.076922030582529,405.4614834247555
2023-03-15 12:52:30,344.04143384752706,30.76836260725323,2.1190084002506064,344.98424272178227,18.931782407407407,2023-03-19 12:52:30+00:00,396.3825035137504,63.8023936489433,-7.076634901588143,416.9170840289371
2023-03-15 13:07:30,344.06350395660223,30.67422153311497,2.109423651204727,353.12987934412746,18.942199074074075,2023-03-19 13:07:30+00:00,396.172150994738,63.665077943740705,-7.076347542582935,423.0940456316082
2023-03-15 13:22:30,344.08661813496406,30.58001291036904,2.09976117340486,361.61886827616536,18.95261574074074,2023-03-19 13:22:30+00:00,396.172150994738,63.52776217002445,-7.0760599535801045,429.0007154781779
2023-03-15 13:37:30,344.1107868033893,30.48573716452655,2.090020116724455,371.8852770863082,18.963032407407407,2023-03-19 13:37:30+00:00,395.9373572130302,63.39044632776015,-7.075772134592712,423.58096828046746
2023-03-15 13:52:30,344.1360205186283,30.391394733191817,2.080199619945561,336.0156307582345,18.973449074074075,2023-03-19 13:52:30+00:00,395.67911017205427,63.25313041691757,-7.075484085633693,400.9539709038874
2023-03-15 14:07:30,344.162329975492,30.29698606639132,2.070298810613784,325.00009953411745,18.98386574074074,2023-03-19 14:07:30+00:00,395.67911017205427,63.1158144374435,-7.075195806716263,399.3878686700056
2023-03-15 14:22:30,344.18972600889026,30.20251162681811,2.060316804882358,329.24146860032397,18.994282407407407,2023-03-19 14:22:30+00:00,395.39852593391925,62.97849838933254,-7.074907297853489,401.9198664440735
2023-03-15 14:37:30,344.21821959630756,30.107971890031873,2.0502527073489905,332.1859813785488,19.004699074074075,2023-03-19 14:37:30+00:00,395.39852593391925,62.841182272539776,-7.074618559058327,408.34724540901504
2023-03-15 14:52:30,344.24782185949,30.01336734489608,2.040105610915825,323.9383767973504,19.01511574074074,2023-03-19 14:52:30+00:00,395.09682441844416,62.70386608702648,-7.074329590343989,410.4966611018364
2023-03-15 15:07:30,344.27854406714926,29.91869849373736,2.029874596617361,314.1968385007651,19.025532407407407,2023-03-19 15:07:30+00:00,394.7753061839399,62.56654983275802,-7.0740403917235515,416.81969949916527
2023-03-15 15:22:30,344.3103976368898,29.823965852698,2.01955873346712,346.48397736064175,19.035949074074075,2023-03-19 15:22:30+00:00,394.7753061839399,62.429233509703984,-7.073750963209987,400.5564830272677
2023-03-15 15:37:30,344.3433941376451,29.729169952082067,2.0091570783010546,350.75860467945876,19.04636574074074,2023-03-19 15:37:30+00:00,394.4353304582406,62.29191711782552,-7.0734613048165045,404.5631608235949
2023-03-15 15:52:30,344.37754529193904,29.63431133661379,1.9986686756095844,357.9733799508693,19.056782407407407,2023-03-19 15:52:30+00:00,394.07829461195973,62.15460065708794,-7.073171416556197,410.9070673344463
2023-03-15 16:07:30,344.412862978437,29.5393905657318,1.9880925573709776,341.03351665956006,19.067199074074075,2023-03-19 16:07:30+00:00,394.07829461195973,62.01728412744612,-7.072881298442055,423.26099053978857
2023-03-15 16:22:30,344.44935923397713,29.44440821404425,1.97742774290048,328.02708388361896,19.07761574074074,2023-03-19 16:22:30+00:00,393.70561519831,61.879967528861144,-7.072590950487275,399.79131886477467
2023-03-15 16:37:30,344.4870462563862,29.34936487154695,1.9666732386711547,326.70749730786406,19.088032407407407,2023-03-19 16:37:30+00:00,393.31871062608377,61.742650861341914,-7.072300372704985,397.0367278797996
2023-03-15 16:52:30,344.5259364069244,29.254261143958157,1.9558280381449604,352.3170644857832,19.098449074074075,2023-03-19 16:52:30+00:00,393.31871062608377,61.60533412482857,-7.072009565108159,403.5296923443835
2023-03-15 17:07:30,344.5660422123752,29.159097653209255,1.9448911216199969,399.1193958756801,19.10886574074074,2023-03-19 17:07:30+00:00,392.9189854848569,61.4680173192531,-7.071718527710024,397.3288814691152
2023-03-15 17:22:30,344.60737636823654,29.063875037654352,1.9338614560432543,394.04642880898786,19.119282407407407,2023-03-19 17:22:30+00:00,392.5078165039105,61.33070044463881,-7.071427260523689,403.78408458542015
2023-03-15 17:37:30,344.64995174093406,28.96859395248176,1.9227379948444552,372.74147835790336,19.129699074074075,2023-03-19 17:37:30+00:00,392.5078165039105,61.193383500896694,-7.071135763562167,403.61713967723983
2023-03-15 17:52:30,344.69378137042435,28.873255070176267,1.9115196777739147,374.1742047587393,19.14011574074074,2023-03-19 17:52:30+00:00,392.08654009810874,61.05606648804586,-7.070844036838682,409.3250655854996
2023-03-15 18:07:30,344.7388784731371,28.777859080789995,1.9002054307158764,378.9692789153567,19.150532407407407,2023-03-19 18:07:30+00:00,391.6564414340791,60.91874940599322,-7.070552080366354,407.5125208681135
2023-03-15 18:22:30,344.7852564445317,28.682406692371146,1.8887941655183935,389.1512658258634,19.160949074074075,2023-03-19 18:22:30+00:00,391.6564414340791,60.781432254766,-7.0702598941581964,423.06224660147865
2023-03-15 18:37:30,344.8329288617926,28.586898631439233,1.8772847798270151,330.2608479743693,19.17136574074074,2023-03-19 18:37:30+00:00,391.2187449374266,60.64411503426696,-7.0699674782274515,428.651919866444
2023-03-15 18:52:30,344.88190948691505,28.491335643291457,1.8656761568962223,346.3874913377349,19.181782407407407,2023-03-19 18:52:30+00:00,391.2187449374266,60.506797744490015,-7.0696748325872525,430.3283249860879
2023-03-15 19:07:30,344.9322122692951,28.395718492483702,1.8539671654200367,322.68060392545885,19.192199074074075,2023-03-19 19:07:30+00:00,390.77460615517623,60.369480385404266,-7.06938195725061,413.02170283806345
2023-03-15 19:22:30,344.9838513485744,28.30004796330876,1.8421566593606904,307.41348127805156,19.20261574074074,2023-03-19 19:22:30+00:00,390.325104886003,60.23216295698506,-7.069088852230781,404.8414023372287
2023-03-15 19:37:30,345.03684105791626,28.20432486011955,1.8302434777566583,343.7595671493378,19.213032407407407,2023-03-19 19:37:30+00:00,390.325104886003,60.09484545916808,-7.0687955175409005,397.78797996661103
2023-03-15 19:52:30,345.09119592679116,28.108550007864498,1.8182264445547651,320.5762512181122,19.223449074074075,2023-03-19 19:52:30+00:00,389.8712394929314,59.95752789196597,-7.068501953194005,399.66611018363943
2023-03-15 20:07:30,345.1469306838072,28.012724252583045,1.8061043684363716,339.8151766688676,19.23386574074074,2023-03-19 20:07:30+00:00,389.4139223180129,59.82021025525208,-7.068208159203349,399.7217584863662
2023-03-15 20:22:30,345.2040602600786,27.916848461836206,1.793876042633757,348.5681826782104,19.244282407407407,2023-03-19 20:22:30+00:00,389.4139223180129,59.68289254907847,-7.067914135582078,398.8522537562605
2023-03-15 20:37:30,345.2625997924071,27.820923525095697,1.7815402447397193,341.6987802877263,19.254699074074075,2023-03-19 20:37:30+00:00,388.95397612506497,59.54557477338499,-7.067619882343238,405.6761268781302
2023-03-15 20:52:30,345.3225646259322,27.724950354474828,1.769095736559535,339.24576701188823,19.26511574074074,2023-03-19 20:52:30+00:00,388.4921315040549,59.40825692813212,-7.067325399500098,414.69115191986646
2023-03-15 21:07:30,345.3839703179446,27.628929885043025,1.7565412639085376,295.4823891808995,19.275532407407407,2023-03-19 21:07:30+00:00,388.4921315040549,59.27093901328462,-7.067030687065818,401.5025041736227
2023-03-15 21:22:30,345.44683264087377,27.53286307535172,1.743875556435571,308.31509580028285,19.285949074074075,2023-03-19 21:22:30+00:00,388.0290251784219,59.133621028796696,-7.066735745053437,405.4614834247555
2023-03-15 21:37:30,345.5111675854239,27.43675090814266,1.731097327469613,390.8276437103552,19.29636574074074,2023-03-19 21:37:30+00:00,387.56519916396684,58.99630297465799,-7.066440573476242,421.03505843071787
2023-03-15 21:52:30,345.57699136422383,27.34059439071534,1.7182052738208933,421.23370757463016,19.306782407407407,2023-03-19 21:52:30+00:00,387.56519916396684,58.85898485081852,-7.066145172347401,416.55139518244687
2023-03-15 22:07:30,345.6443204151425,27.244394555483613,1.705198075606125,338.35838123216314,19.317199074074075,2023-03-19 22:07:30+00:00,387.10110073445315,58.72166665721793,-7.065849541679961,417.86310517529216
2023-03-15 22:22:30,345.7131714044577,27.148152460741095,1.692074396101257,347.91270669307215,19.32761574074074,2023-03-19 22:22:30+00:00,386.6370831543823,58.58434839387487,-7.065553681487219,408.0690038953812
2023-03-15 22:37:30,345.78356123072433,27.051869191049096,1.6788328815433786,346.25390786046137,19.338032407407407,2023-03-19 22:37:30+00:00,386.6370831543823,58.44703006071014,-7.0652575917823555,417.52921535893154
2023-03-15 22:52:30,345.85550702822906,26.95554585785348,1.6654721609631975,336.85599592475893,19.348449074074075,2023-03-19 22:52:30+00:00,386.1734071433211,58.30971165769246,-7.0649612725784365,400.7790762381747
2023-03-15 23:07:30,345.9290261702184,26.859183600252813,1.6519908460382908,340.2333888981427,19.35886574074074,2023-03-19 23:07:30+00:00,386.1734071433211,58.172393184796704,-7.064664723888746,408.60958740758406
2023-03-15 23:22:30,346.00413627293824,26.76278358546972,1.6383875309061495,375.1271780763216,19.369282407407407,2023-03-19 23:22:30+00:00,385.7102430385133,58.035074642016426,-7.064367945726498,409.4681612210827
2023-03-15 23:37:30,346.08085519926425,26.666347009514023,1.6246607920036735,315.09371499803166,19.379699074074075,2023-03-19 23:37:30+00:00,385.2476736232668,57.89775602927654,-7.064070938104747,415.5050083472454
2023-03-15 23:52:30,346.1592010620425,26.569875097959297,1.6108091879240114,302.29000766095663,19.39011574074074,2023-03-19 23:52:30+00:00,385.2476736232668,57.76043734653734,-7.063773701036808,416.9449081803005
2023-03-16 00:07:30,346.23919222833064,26.473369106464435,1.5968312592391334,314.1902838101086,19.400532407407407,2023-03-20 00:07:30+00:00,384.78569758781794,57.623118593777704,-7.063476234535877,404.6744574290484
2023-03-16 00:22:30,346.3208473230619,26.376830321459643,1.5827255283493231,313.90326008233046,19.410949074074075,2023-03-20 00:22:30+00:00,384.3242335871495,57.48579977098078,-7.063178538615044,405.73873121869786
2023-03-16 00:37:30,346.40418523265015,26.28026006104858,1.5684904993514204,297.47455805777565,19.42136574074074,2023-03-20 00:37:30+00:00,384.3242335871495,57.34848087804849,-7.06288061328762,415.6928213689482
2023-03-16 00:52:30,346.4892251091707,26.18365967556074,1.5541246578737613,288.6181669547025,19.431782407407407,2023-03-20 00:52:30+00:00,383.8631248567689,57.211161915032456,-7.062582458566828,401.8125447173861
2023-03-16 01:07:30,346.57598637428845,26.08703054830058,1.5396264709370822,314.034534301355,19.442199074074075,2023-03-20 01:07:30+00:00,383.4021443429868,57.073842881842936,-7.062284074465744,400.50083472454094
2023-03-16 01:22:30,346.6644887230937,25.990374096403613,1.5249943868338007,303.70319303353375,19.45261574074074,2023-03-20 01:22:30+00:00,383.4021443429868,56.93652377842544,-7.061985460997718,399.8887033945464
2023-03-16 01:37:30,346.7547521282469,25.89369177150467,1.5102268349817314,320.3401367871183,19.463032407407407,2023-03-20 01:37:30+00:00,382.9410002990443,56.79920460481706,-7.061686618175946,407.3664440734558
2023-03-16 01:52:30,346.8467968441089,25.796985060556725,1.495322225803582,363.7435643606065,19.473449074074075,2023-03-20 01:52:30+00:00,382.4793422928561,56.66188536089883,-7.061387546013541,403.67278797996664
2023-03-16 02:07:30,346.940643410696,25.700255486683876,1.4802789506153808,359.4899748540952,19.48386574074074,2023-03-20 02:07:30+00:00,382.4793422928561,56.524566046718064,-7.061088244523849,399.728714524207
2023-03-16 02:22:30,347.03631265792194,25.603504609977843,1.4650953815102592,378.77431548223893,19.494282407407407,2023-03-20 02:22:30+00:00,382.0167675664843,56.387246662151675,-7.060788713720098,397.49582637729554
2023-03-16 02:37:30,347.133825709968,25.50673402829684,1.4497698712468237,352.6625177048918,19.504699074074075,2023-03-20 02:37:30+00:00,381.5528276820795,56.24992720722617,-7.060488953615393,395.65943238731217
2023-03-16 02:52:30,347.2332039891744,25.409945378266084,1.4343007531743577,262.8228000272055,19.51511574074074,2023-03-20 02:52:30+00:00,381.5528276820795,56.112607681872426,-7.060188964223088,389.2737896494157
2023-03-16 03:07:30,347.3344692204815,25.31314033604937,1.4186863411269917,240.05840914912696,19.525532407407407,2023-03-20 03:07:30+00:00,381.0870353842382,55.97528808608369,-7.059888745556422,392.7170283806344
2023-03-16 03:22:30,347.4376434360508,25.21632061825858,1.4029249293460593,262.1646513185603,19.535949074074075,2023-03-20 03:22:30+00:00,381.0870353842382,55.83796841979907,-7.05958829762852,387.9799666110184
2023-03-16 03:37:30,347.54274897891435,25.11948798300778,1.387014792431865,259.30121465628883,19.54636574074074,2023-03-20 03:37:30+00:00,380.61887160482894,55.70064868300758,-7.059287620452735,401.00166944908176
2023-03-16 03:52:30,347.64980850800674,25.02264423074161,1.3709541852667495,230.18682239530213,19.556782407407407,2023-03-20 03:52:30+00:00,380.14779253358967,55.5633288756588,-7.058986714042331,420.7011686143573
2023-03-16 04:07:30,347.7588450024337,24.92579120518814,1.3547413429649102,237.36105144817088,19.567199074074075,2023-03-20 04:07:30+00:00,380.14779253358967,55.426008997706255,-7.05868557841043,405.2865887590429
2023-03-16 04:22:30,347.86988176548874,24.828930794526187,1.338374480867383,248.996182709436,19.57761574074074,2023-03-20 04:22:30+00:00,379.6732366764014,55.28868904910989,-7.058384213570411,407.7351140790206
2023-03-16 04:37:30,347.9829424295811,24.73206493225147,1.3218517944955812,280.73800587041586,19.588032407407407,2023-03-20 04:37:30+00:00,379.19463182324677,55.15136902986279,-7.058082619535521,410.4062326099054
2023-03-16 04:52:30,348.0980509606848,24.635195598231736,1.3051714595456354,307.5046838660225,19.598449074074075,2023-03-20 04:52:30+00:00,379.19463182324677,55.014048939903944,-7.057780796318919,411.75769139041256
2023-03-16 05:07:30,348.2152316625883,24.538324819859692,1.288331631910994,282.9408833844521,19.60886574074074,2023-03-20 05:07:30+00:00,378.71140184954714,54.87672877923685,-7.057478743933989,406.033865967088
2023-03-16 05:22:30,348.33450918159554,24.441454673081324,1.2713304476946858,298.60951885626713,19.619282407407407,2023-03-20 05:22:30+00:00,378.2229732778605,54.739408547767226,-7.057176462393985,406.3439065108514
2023-03-16 05:37:30,348.45590851113946,24.34458728350459,1.254166023247706,326.8747487372678,19.629699074074075,2023-03-20 05:37:30+00:00,378.2229732778605,54.60208824547767,-7.056873951712063,403.67278797996664
2023-03-16 05:52:30,348.57945499609474,24.24772482761976,1.2368364552399933,331.1775866769288,19.64011574074074,2023-03-20 05:52:30+00:00,377.72878153175935,54.464767872357086,-7.056571211901629,401.73205342237065
2023-03-16 06:07:30,348.70517433755066,24.15086953386688,1.219339820719156,328.70870054742403,19.650532407407407,2023-03-20 06:07:30+00:00,377.2282768199811,54.327447428354745,-7.056268242975965,420.1287860720248
2023-03-16 06:22:30,348.8330925974584,24.054023683877944,1.2016741772147634,311.67849516148937,19.660949074074075,2023-03-20 06:22:30+00:00,377.2282768199811,54.19012691343874,-7.05596504494821,408.2359488035615
2023-03-16 06:37:30,348.9632362028834,23.95718961372928,1.1838375628607372,330.2938284221051,19.67136574074074,2023-03-20 06:37:30+00:00,376.7209295964973,54.05280632755412,-7.055661617831806,402.11463550361714
2023-03-16 06:52:30,349.09563195074713,23.86036971516566,1.1658279965308118,321.17194574102626,19.681782407407407,2023-03-20 06:52:30+00:00,376.20623555076213,53.91548567069388,-7.055357961640015,409.2932665553701
2023-03-16 07:07:30,349.23030701263485,23.7635664368142,1.147643477989145,316.5142607244868,19.692199074074075,2023-03-20 07:07:30+00:00,376.20623555076213,53.77816494281145,-7.05505407638602,417.13967723984416
2023-03-16 07:22:30,349.3672889388242,23.666782285644153,1.129281988107544,313.99959234382885,19.70261574074074,2023-03-20 07:22:30+00:00,375.6837200918381,53.64084414383735,-7.054749962083243,410.51752921535893
2023-03-16 07:37:30,349.5066056631903,23.570019828163648,1.110741489053701,285.7933753282953,19.713032407407407,2023-03-20 07:37:30+00:00,375.6837200918381,53.50352327379356,-7.054445618744983,392.2787979966611
2023-03-16 07:52:30,349.64828550776014,23.4732816918,1.0920199245364492,282.3217254556798,19.723449074074075,2023-03-20 07:52:30+00:00,375.1529423000978,53.36620233258979,-7.054141046384432,392.3761825264329
2023-03-16 08:07:30,349.7923571867442,23.376570566424213,1.0731152201025895,286.27422480529793,19.73386574074074,2023-03-20 08:07:30+00:00,374.6134983304972,53.22888132021475,-7.053836245014995,420.5898720089037
2023-03-16 08:22:30,349.9388498114795,23.279889205604064,1.0540252834068893,283.0616990320522,19.744282407407407,2023-03-20 08:22:30+00:00,374.6134983304972,53.09156023663218,-7.0535312146500075,404.2451705222991
2023-03-16 08:37:30,350.0877928946595,23.18324042815241,1.0347480045651498,280.7604113210734,19.754699074074075,2023-03-20 08:37:30+00:00,374.0650242617431,52.95423908180989,-7.053225955302667,412.4373956594324
2023-03-16 08:52:30,350.23921635446715,23.08662711963758,1.01528125652984,279.02459755172515,19.76511574074074,2023-03-20 08:52:30+00:00,373.50719839580256,52.81691785570754,-7.052920466986392,410.08347245409016
2023-03-16 09:07:30,350.39315051908756,22.990052233869573,0.9956228954902032,266.99291505674597,19.775532407407407,2023-03-20 09:07:30+00:00,373.50719839580256,52.67959655828875,-7.05261474971452,419.19866444073455
2023-03-16 09:22:30,350.5496261310918,22.893518794385216,0.9757707613038152,239.99213492855688,19.785949074074075,2023-03-20 09:22:30+00:00,372.939743021911,52.54227518952132,-7.0523088035002655,418.0717863105175
2023-03-16 09:37:30,350.7086743509722,22.7970298962304,0.955722678022908,213.55273885122688,19.79636574074074,2023-03-20 09:37:30+00:00,372.3624256683532,52.40495374936483,-7.0520026283570685,407.8672787979967
2023-03-16 09:52:30,350.87032676184504,22.7005887073914,0.9354764543850028,206.61685820035976,19.806782407407407,2023-03-20 09:52:30+00:00,372.3624256683532,52.26763223775374,-7.051696224298259,445.7429048414024
2023-03-16 10:07:30,351.03461537326154,22.604198470488708,0.91502988439398,201.92626805941788,19.817199074074075,2023-03-20 10:07:30+00:00,371.775059873703,52.13031065471411,-7.05138959133707,425.3338898163606
2023-03-16 10:22:30,351.2015726246968,22.507862504582768,0.8943807479667751,203.22534723831208,19.82761574074074,2023-03-20 10:22:30+00:00,371.17750551683304,51.99298900014717,-7.051082729486954,412.63216471897607
2023-03-16 10:37:30,351.371231389842,22.4115842067505,0.8735268115718494,184.48608691151503,19.838032407407407,2023-03-20 10:37:30+00:00,371.17750551683304,51.85566727407474,-7.050775638761261,439.17640511964385
2023-03-16 10:52:30,351.5436249798831,22.315367053915647,0.8524658289685835,190.3714847743655,19.848449074074075,2023-03-20 10:52:30+00:00,370.56966875182405,51.7183454764209,-7.05046831917321,426.5998887033945
2023-03-16 11:07:30,351.7187871470558,22.21921460467294,0.8311955419904185,199.61213126014593,19.85886574074074,2023-03-20 11:07:30+00:00,369.9515015999645,51.58102360714509,-7.050160770736294,416.9727323316639
2023-03-16 11:22:30,351.896752087926,22.123130501082446,0.8097136813733903,200.02236428413093,19.869282407407407,2023-03-20 11:22:30+00:00,369.9515015999645,51.4437016662254,-7.049852993463862,424.70784641068445
2023-03-16 11:37:30,352.07755444691526,22.02711847049055,0.7880179676407334,198.27212364286729,19.879699074074075,2023-03-20 11:37:30+00:00,369.3230012564172,51.30637965362954,-7.0495449873691545,426.9894268224819
2023-03-16 11:52:30,352.26122931862153,21.931182327563672,0.7661061120912794,141.97659598539033,19.89011574074074,2023-03-20 11:52:30+00:00,369.3230012564172,51.16905756930238,-7.049236752465659,421.1463550361714
2023-03-16 12:07:30,352.44781225119164,21.835325976137373,0.7439758178046787,125.08720760281402,19.900532407407407,2023-03-20 12:07:30+00:00,368.6842091739981,51.03173541323656,-7.048928288766732,414.0651085141903
2023-03-16 12:22:30,352.6373392488651,21.739553411155175,0.7216247807271672,125.6762437687886,19.910949074074075,2023-03-20 12:22:30+00:00,368.03520999107644,50.89441318538512,-7.048619596285658,409.01502504173624
2023-03-16 12:37:30,352.82984677379574,21.64386872083865,0.6990506908758131,122.51110259425025,19.92136574074074,2023-03-20 12:37:30+00:00,368.03520999107644,50.75709088569294,-7.048310675035901,401.9198664440735
2023-03-16 12:52:30,353.0253717487359,21.548276088629024,0.6762512335567297,129.31759651098082,19.931782407407407,2023-03-20 12:52:30+00:00,367.3761303751185,50.61976851412356,-7.048001525030849,422.9048414023372
2023-03-16 13:07:30,353.2239515587893,21.452779795257932,0.6532240906853891,131.69658732086216,19.942199074074075,2023-03-20 13:07:30+00:00,366.70713785820664,50.48244607068815,-7.047692146283779,421.2020033388981
2023-03-16 13:22:30,353.4256240525711,21.357384220995712,0.6299669422227635,134.81788122322735,19.95261574074074,2023-03-20 13:22:30+00:00,366.70713785820664,50.34512355530242,-7.0473825388082005,440.7345575959933
2023-03-16 13:37:30,353.6304275439525,21.262093847717157,0.6064774676472449,140.97911816124653,19.963032407407407,2023-03-20 13:37:30+00:00,366.0284397463383,50.207800967929906,-7.04707270261749,433.8659670880038
2023-03-16 13:52:30,353.83840081277896,21.166913261136383,0.5827533475489238,123.36281065257968,19.973449074074075,2023-03-20 13:52:30+00:00,365.3402821909327,50.07047830856724,-7.046762637724941,400.72342793544794
2023-03-16 14:07:30,354.049583105278,21.07184715311746,0.558792265329788,122.96079106522798,19.98386574074074,2023-03-20 14:07:30+00:00,365.3402821909327,49.93315557711555,-7.046452344144071,409.12632164718974
2023-03-16 14:22:30,354.2640141345387,20.976900323873497,0.5345919089653384,121.00710486469698,19.994282407407407,2023-03-20 14:22:30+00:00,364.64294951928025,49.79583277362555,-7.0461418218882805,409.4045631608236
2023-03-16 14:37:30,354.4817340803931,20.88207768427217,0.5101499728893838,120.6576866112782,20.004699074074075,2023-03-20 14:37:30+00:00,363.93676393131074,49.65850989800667,-7.045831070970851,410.4618809126322
2023-03-16 14:52:30,354.7027835882748,20.78738425832811,0.4854641600236151,119.4939083628198,20.01511574074074,2023-03-20 14:52:30+00:00,363.93676393131074,49.52118695021813,-7.045520091405336,419.86644407345574
2023-03-16 15:07:30,354.9272037686052,20.692825185484025,0.460532183859443,113.92465850154736,20.025532407407407,2023-03-20 15:07:30+00:00,363.22208568381683,49.38386393023792,-7.045208883205139,409.5715080690038
2023-03-16 15:22:30,355.1550361953773,20.59840572301416,0.435351770677241,103.82403432751926,20.035949074074075,2023-03-20 15:22:30+00:00,362.4993139010494,49.24654083804811,-7.044897446383564,405.2865887590429
2023-03-16 15:37:30,355.386322903395,20.504131248644462,0.4099206619384189,104.48152887757156,20.04636574074074,2023-03-20 15:37:30+00:00,362.4993139010494,49.1092176735789,-7.044585780954152,408.1246521981079
2023-03-16 15:52:30,355.6211063863303,20.410007262907666,0.384236616725805,99.56128431106106,20.056782407407407,2023-03-20 15:52:30+00:00,361.76888817355007,48.971894436808185,-7.044273886930336,413.62687813021705
2023-03-16 16:07:30,355.8594295934236,20.31603939171144,0.3582974143628943,98.72095515872758,20.067199074074075,2023-03-20 16:07:30+00:00,361.76888817355007,48.834571127674394,-7.043961764325434,426.9973765800144
2023-03-16 16:22:30,356.1013359252272,20.222233388989345,0.3321008571886683,98.00380660374294,20.07761574074074,2023-03-20 16:22:30+00:00,361.0312911365343,48.6972477461804,-7.043649413153006,401.6138007790762
2023-03-16 16:37:30,356.3468692296924,20.128595139226505,0.3056447734304118,100.0617111528293,20.088032407407407,2023-03-20 16:37:30+00:00,360.28705225678164,48.559924292289594,-7.043336833426481,401.3832578106368
2023-03-16 16:52:30,356.59607379696104,20.0351306600499,0.2789270202358141,103.87431908426392,20.098449074074075,2023-03-20 16:52:30+00:00,360.28705225678164,48.4226007659258,-7.043024025159185,385.8430717863106
2023-03-16 17:07:30,356.8489943530209,19.941846105058264,0.2519454869197456,109.75940292644604,20.10886574074074,2023-03-20 17:07:30+00:00,359.5367531048601,48.285277167106486,-7.042710988364703,372.5097384529771
2023-03-16 17:22:30,357.10567605356704,19.848747766376544,0.2246980982859567,113.96125325154328,20.119282407407407,2023-03-20 17:22:30+00:00,358.78103445016325,48.14795349572214,-7.042397723056486,363.4181969949916
2023-03-16 17:37:30,357.3661644765881,19.755842077344766,0.1971828181449371,116.1858305509182,20.129699074074075,2023-03-20 17:37:30+00:00,358.78103445016325,48.01062975179856,-7.042084229247856,362.6599888703395
2023-03-16 17:52:30,357.630505613666,19.663135615419773,0.1693976530594915,125.87776502504174,20.14011574074074,2023-03-20 17:52:30+00:00,358.0206055928167,47.87330593528035,-7.041770506952419,383.69504730105734
2023-03-16 18:07:30,357.89874586113206,19.570635104807156,0.1413406561847286,127.1765278088152,20.150532407407407,2023-03-20 18:07:30+00:00,357.25625644292916,47.73598204613079,-7.041456556183638,403.7284362826934
2023-03-16 18:22:30,358.1709320098137,19.47834741928367,0.1130099313397452,135.30534083416336,20.160949074074075,2023-03-20 18:22:30+00:00,357.25625644292916,47.59865808431743,-7.041142376954842,386.1992209237618
2023-03-16 18:37:30,358.4471112338011,19.38627958504861,0.0844036372763942,144.9577534610085,20.17136574074074,2023-03-20 18:37:30+00:00,356.4888729787811,47.4613340497994,-7.040827969279652,364.66332776850305
2023-03-16 18:52:30,358.7273310784041,19.29443878349424,0.0555199921135799,154.14710792497297,20.181782407407407,2023-03-20 18:52:30+00:00,355.7194568673972,47.32400994251092,-7.040513333171533,368.4712616265204
2023-03-16 19:07:30,359.01163944696,19.202832354008137,0.0263572779803137,150.9574781498576,20.192199074074075,2023-03-20 19:07:30+00:00,355.7194568673972,47.186685762448526,-7.040198468643867,396.32721202003336
2023-03-16 19:22:30,359.30008458598047,19.11146779694101,-0.0030861540831176,145.17995108125945,20.20261574074074,2023-03-20 19:22:30+00:00,354.9491502210209,47.04936150960051,-7.039883375710241,398.55314412910406
2023-03-16 19:37:30,359.59271506979655,19.020352776365065,-0.0328118790762144,130.9358735146813,20.213032407407407,2023-03-20 19:37:30+00:00,354.17926670054874,46.91203718387201,-7.039568054384155,408.32339613641784
2023-03-16 19:52:30,359.8895797837948,18.92949512287599,-0.0628213927582728,134.3557091276158,20.223449074074075,2023-03-20 19:52:30+00:00,354.17926670054874,46.77471278527407,-7.039252504678994,438.45297718419584
2023-03-16 20:22:30,0.4962088856103178,18.7485840899756,-0.1236973394082305,136.66746782900162,20.244282407407407,2023-03-20 20:22:30+00:00,353.4113304733926,46.50006376923788,-7.038620720185813,428.99276572064554
2023-03-16 20:37:30,0.806072417957678,18.65854722932792,-0.1545663166951754,138.66732620210638,20.254699074074075,2023-03-20 20:37:30+00:00,352.6471249024972,46.36273915171585,-7.038304485424675,384.7662771285476
2023-03-16 20:52:30,1.1203684336296391,18.568800780104613,-0.1857241590042083,146.55501533099653,20.26511574074074,2023-03-20 20:52:30+00:00,351.888753302377,46.225414461187974,-7.03798802233861,384.6410684474123
2023-03-16 21:07:30,1.4391470776284114,18.47935344962566,-0.2171718781211478,145.8347245409015,20.275532407407407,2023-03-20 21:07:30+00:00,351.888753302377,46.08808969757384,-7.037671330941155,392.1535893155259
2023-03-16 21:22:30,1.7624586652355527,18.390214127635833,-0.2489103698584165,150.008347245409,20.285949074074075,2023-03-20 21:22:30+00:00,351.1387146676293,45.95076486087011,-7.037354411245678,393.15525876460765
2023-03-16 21:37:30,2.0903536627297545,18.30139189021516,-0.2809404070002727,153.6081875589751,20.29636574074074,2023-03-20 21:37:30+00:00,350.3999979839932,45.813439950992134,-7.037037263265861,408.32339613641784
2023-03-16 21:52:30,2.4228826582232244,18.212896002406907,-0.3132626320709297,165.68650273696534,20.306782407407407,2023-03-20 21:52:30+00:00,350.3999979839932,45.67611496794691,-7.036719887015226,397.6627712854758
2023-03-16 22:07:30,2.7600963304712796,18.12473592089206,-0.3458775498034767,170.17816151919865,20.317199074074075,2023-03-20 22:07:30+00:00,349.67619960056345,45.5387899116728,-7.036402282507167,386.2687813021703
2023-03-16 22:22:30,3.102045415002933,18.036921296673103,-0.3787855193205814,171.210841598743,20.32761574074074,2023-03-20 22:22:30+00:00,348.971669207462,45.40146478212884,-7.03608444975538,364.1903171953255
2023-03-16 22:37:30,3.4487806693168483,17.949461977569577,-0.4119867460872782,189.87995866126084,20.338032407407407,2023-03-20 22:37:30+00:00,348.971669207462,45.26413957930753,-7.035766388773397,372.80884808013354
2023-03-16 22:52:30,3.800352835571216,17.862368010654702,-0.4454812735922794,214.31502303035177,20.348449074074075,2023-03-20 22:52:30+00:00,348.2916912631154,45.126814303161666,-7.035448099574639,376.40511964385087
2023-03-16 23:07:30,4.1568126001143,17.775649644828338,-0.4792689746725047,215.4751252086811,20.35886574074074,2023-03-20 23:07:30+00:00,347.64271028830433,44.98948895363582,-7.035129582172807,401.8125447173861
2023-03-16 23:22:30,4.518210552564103,17.68931733299201,-0.5133495426814544,214.68180300500836,20.369282407407407,2023-03-20 23:22:30+00:00,347.64271028830433,44.85216353070793,-7.03481083658143,404.6744574290484
2023-03-16 23:37:30,4.884597141190804,17.603381734332668,-0.547722482309162,212.71249748283455,20.379699074074075,2023-03-20 23:37:30+00:00,347.03261032770854,44.714838034330754,-7.034491862813982,377.79632721202
2023-03-16 23:52:30,5.25602262595062,17.517853716528528,-0.5823871001145522,212.62603026040776,20.39011574074074,2023-03-20 23:52:30+00:00,346.4710611022535,44.57751246449256,-7.034172660884129,398.0523094045632
2023-03-17 00:07:30,5.63253702997222,17.43274435765719,-0.6173424948640609,202.5749790506876,20.400532407407407,2023-03-21 00:07:30+00:00,346.4710611022535,44.4401868211276,-7.03385323080546,390.2754590984975
2023-03-17 00:22:30,6.014190087765011,17.348064948105655,-0.6525875475513147,197.08333603996283,20.410949074074075,2023-03-21 00:22:30+00:00,345.96994594365515,44.302861104232335,-7.033533572591415,430.0500834724541
2023-03-17 00:37:30,6.401031190300921,17.26382699243533,-0.6881209111188156,195.26707937353436,20.42136574074074,2023-03-21 00:37:30+00:00,345.96994594365515,44.16553531372226,-7.033213686255731,420.63856427378965
2023-03-17 00:52:30,6.793109328658049,17.180042210877282,-0.7239410000139507,187.69804408125088,20.431782407407407,2023-03-21 00:52:30+00:00,345.5438894773903,44.02820944960434,-7.032893571811969,392.22513713331745
2023-03-17 01:07:30,7.190473034070805,17.09672254078202,-0.7600459794514985,192.66995379896727,20.442199074074075,2023-03-21 01:07:30+00:00,345.21090607752313,43.89088351181693,-7.032573229273598,388.0467445742905
2023-03-17 01:22:30,7.593170314800652,17.013880137992388,-0.7964337543973914,226.68233063336012,20.45261574074074,2023-03-21 01:22:30+00:00,345.21090607752313,43.753557500333685,-7.032252658654351,385.89315525876464
2023-03-17 01:37:30,8.00124859111327,16.931527377827116,-0.8331019584090298,236.18045579842376,20.463032407407407,2023-03-21 01:37:30+00:00,344.9931930777926,43.616231415117895,-7.031931859967829,380.5091819699499
2023-03-17 01:52:30,8.414754626623184,16.849676855989568,-0.8700479422112479,251.2358470342919,20.473449074074075,2023-03-21 01:52:30+00:00,344.91809503967266,43.47890525613705,-7.0316108332275125,391.40233722871454
2023-03-17 02:07:30,8.83373445614227,16.768341389302957,-0.907268762051104,253.08071592188531,20.48386574074074,2023-03-21 02:07:30+00:00,344.91809503967266,43.34157902333575,-7.031289578447129,392.1535893155259
2023-03-17 02:22:30,9.25823331164632,16.687534016066913,-0.944761167936416,246.32493845124492,20.494282407407407,2023-03-21 02:22:30+00:00,345.0192660402147,43.20425271667725,-7.030968095640311,395.5163367517291
2023-03-17 02:37:30,9.688295544509348,16.60726799622287,-0.9825215916903332,242.64860038047908,20.504699074074075,2023-03-21 02:37:30+00:00,345.33805416955397,43.06692633617273,-7.030646384820546,407.0673344462994
2023-03-17 02:52:30,10.123964543643602,16.527556811428656,-1.020546134781267,239.9602450257563,20.51511574074074,2023-03-21 02:52:30+00:00,345.33805416955397,42.929599881723085,-7.030324446001585,404.9526989426823
2023-03-17 03:07:30,10.565282652302418,16.448414164534352,-1.0588305561845242,244.46930451095471,20.525532407407407,2023-03-21 03:07:30+00:00,345.925123179885,42.79227335332075,-7.030002279197067,397.3845297718419
2023-03-17 03:22:30,11.012291080500356,16.369853978973584,-1.0973702600574045,238.9299626361396,20.535949074074075,2023-03-21 03:22:30+00:00,346.84230547280345,42.654946750933256,-7.029679884420488,393.4891485809683
2023-03-17 03:37:30,11.465029813604788,16.291890397880277,-1.136160283329223,232.2009550801724,20.54636574074074,2023-03-21 03:37:30+00:00,346.84230547280345,42.51762007453428,-7.029357261685618,387.64607679465774
2023-03-17 03:52:30,11.92353751932832,16.21453778267972,-1.1751952833569,232.37473893029528,20.556782407407407,2023-03-21 03:52:30+00:00,348.16464031219004,42.38029332405805,-7.029034411006116,395.3255425709516
2023-03-17 04:07:30,12.387851450372482,16.137810711446708,-1.2144695255327649,260.7692457597942,20.567199074074075,2023-03-21 04:07:30+00:00,349.98247905608713,42.24296649948663,-7.028711332395493,393.4335002782416
2023-03-17 04:22:30,12.858007343617473,16.061723976933944,-1.2539768709105124,255.88951754870303,20.57761574074074,2023-03-21 04:22:30+00:00,349.98247905608713,42.1056396007501,-7.02838802586753,393.90651085141906
2023-03-17 04:37:30,13.33403931699732,15.986292584117392,-1.2937107639696084,257.68840925351776,20.588032407407407,2023-03-21 04:37:30+00:00,352.4034179191307,41.96831262787005,-7.028064491435887,391.21452420701166
2023-03-17 04:52:30,13.815979763006409,15.91153174731,-1.3336642205196063,260.6793635651256,20.598449074074075,2023-03-21 04:52:30+00:00,352.4034179191307,41.830985580755694,-7.027740729114117,393.7673900946021
2023-03-17 05:07:30,14.303859238271732,15.837456887004675,-1.373829815702902,318.22359975789664,20.60886574074074,2023-03-21 05:07:30+00:00,355.55362641393936,41.69365845940993,-7.027416738916,395.6594323873122
2023-03-17 05:22:30,14.797706351114767,15.764083626112726,-1.4141996723071604,332.65598914858094,20.619282407407407,2023-03-21 05:22:30+00:00,359.57785495093646,41.55633126376711,-7.027092520855219,394.6021146355036
2023-03-17 05:37:30,15.297547646149134,15.69142778573375,-1.4547654493655495,330.2733471448398,20.629699074074075,2023-03-21 05:37:30+00:00,359.57785495093646,41.41900399378011,-7.026768074945328,386.7070116861436
2023-03-17 05:52:30,15.803407484982108,15.61950538059676,-1.4955183310140614,434.74441529533345,20.64011574074074,2023-03-21 05:52:30+00:00,364.6370226910049,41.28167664948098,-7.026443401200131,393.87868670005565
2023-03-17 06:07:30,16.315307925528327,15.54833261380982,-1.5364490158501798,450.3008890786971,20.650532407407407,2023-03-21 06:07:30+00:00,370.90184997089784,41.14434923077485,-7.026118499633335,401.7807456872565
2023-03-17 06:22:30,16.833268598385764,15.47792587115156,-1.5775477067288528,464.76676814298344,20.660949074074075,2023-03-21 06:22:30+00:00,370.90184997089784,41.00702173761477,-7.025793370258492,397.78797996661103
2023-03-17 06:37:30,17.357306580269217,15.408301714858718,-1.6188041010668672,462.83967254661377,20.67136574074074,2023-03-21 06:37:30+00:00,378.54065694809213,40.86969417000363,-7.025468013089443,394.769059543684
2023-03-17 06:52:30,17.887436265854415,15.339476876808044,-1.660207381784366,404.1560837452824,20.681782407407407,2023-03-21 06:52:30+00:00,387.69952430352873,40.73236652787572,-7.025142428139872,390.20589872008907
2023-03-17 07:07:30,18.42366923815125,15.271468251060028,-1.7017462089595778,342.7587646076795,20.692199074074075,2023-03-21 07:07:30+00:00,387.69952430352873,40.59503881122773,-7.024816615423384,390.4284919309961
2023-03-17 07:22:30,18.96601413562088,15.204292885953658,-1.7434087121558497,363.33174338182687,20.70261574074074,2023-03-21 07:22:30+00:00,398.47402567679126,40.45771101998983,-7.024490574953823,384.8080133555926
2023-03-17 07:37:30,19.514476519521462,15.13796797541986,-1.7851824836892245,352.1799899056567,20.713032407407407,2023-03-21 07:37:30+00:00,410.8742711172286,40.32038315412552,-7.024164306744886,394.0138325781064
2023-03-17 07:52:30,20.069058739338892,15.072510849753746,-1.8270545727664207,369.7173629200418,20.723449074074075,2023-03-21 07:52:30+00:00,410.8742711172286,40.18305521364595,-7.023837810810197,391.81969949916527
2023-03-17 08:07:30,20.629759797107155,15.007938965759177,-1.8690114806136793,388.1614771823285,20.73386574074074,2023-03-21 08:07:30+00:00,424.78919373987674,40.04572719843776,-7.023511087163603,380.91263216471896
2023-03-17 08:22:30,21.19657521200288,14.944269896163126,-1.9110391567522775,396.4498121869783,20.744282407407407,2023-03-21 08:22:30+00:00,439.96079116744204,39.90839910852264,-7.023184135818839,381.2783210112092
2023-03-17 08:37:30,21.76949688471662,14.881521318381536,-1.953122996438707,375.6729966611018,20.754699074074075,2023-03-21 08:37:30+00:00,439.96079116744204,39.77107094385355,-7.022856956789524,386.72787979966614
2023-03-17 08:52:30,22.348512960768343,14.819711002720087,-1.9952478392986055,371.1653014427418,20.76511574074074,2023-03-21 08:52:30+00:00,455.98157538904104,39.633742704389945,-7.0225295500895335,393.21090706733446
2023-03-17 09:07:30,22.93360769699495,14.758856799690337,-2.037397969456084,373.4796088719294,20.775532407407407,2023-03-21 09:07:30+00:00,455.98157538904104,39.49641439008072,-7.0222019157326105,390.65108514190314
2023-03-17 09:22:30,23.524761327630372,14.69897662675815,-2.079557117022921,403.1321018902472,20.785949074074075,2023-03-21 09:22:30+00:00,472.3251594630972,39.359086000922645,-7.021874053732397,388.4808013355593
2023-03-17 09:37:30,24.121949931367705,14.64008845446406,-2.12170846107993,448.5434908521004,20.79636574074074,2023-03-21 09:37:30+00:00,488.4092986170295,39.221757536831504,-7.021545964102767,408.0550918196995
2023-03-17 09:52:30,24.72514530290466,14.582210291658678,-2.163834634407174,433.55911657433296,20.806782407407407,2023-03-21 09:52:30+00:00,488.4092986170295,39.08442899779982,-7.02121764685751,413.50166944908176
2023-03-17 10:07:30,25.33431482568089,14.525360170175098,-2.205917729834504,420.6911519198664,20.817199074074075,2023-03-21 10:07:30+00:00,503.6767223537431,38.94710038379531,-7.020889102010254,402.7267668336116
2023-03-17 10:22:30,25.94942134717471,14.469556128860368,-2.247939308336383,349.2520472196744,20.82761574074074,2023-03-21 10:22:30+00:00,517.6700630485826,38.80977169477747,-7.020560329574915,409.1263216471898
2023-03-17 10:37:30,26.57042306039508,14.41481619675685,-2.2898804091192706,358.276739549735,20.838032407407407,2023-03-21 10:37:30+00:00,517.6700630485826,38.67244293070977,-7.020231329565279,421.25765164162493
2023-03-17 10:52:30,27.197273388352983,14.361158375720592,-2.3317215615658298,413.93113035344254,20.848449074074075,2023-03-21 10:52:30+00:00,530.0795715167594,38.53511409156001,-7.01990210199499,420.0333889816361
2023-03-17 11:07:30,27.82992087269128,14.308600622457174,-2.373442799124128,413.051269754847,20.85886574074074,2023-03-21 11:07:30+00:00,540.7547001565828,38.39778517728763,-7.01957264687799,425.8764607679466
2023-03-17 11:22:30,28.468309070657178,14.257160829733472,-2.41502367540765,424.5438562796401,20.869282407407407,2023-03-21 11:22:30+00:00,540.7547001565828,38.26045618782706,-7.019242964228067,419.8873121869783
2023-03-17 11:37:30,29.11237645672074,14.206856807087274,-2.456443282323048,408.69320353199106,20.879699074074075,2023-03-21 11:37:30+00:00,549.6848541089469,38.12312712317525,-7.018913054058905,426.4607679465776
2023-03-17 11:52:30,29.762056330959368,14.157706260980603,-2.497680270331397,404.03594303919544,20.89011574074074,2023-03-21 11:52:30+00:00,556.9628729074605,37.985797983291654,-7.018582916384446,419.86644407345574
2023-03-17 12:07:30,30.41727673649538,14.10972677427578,-2.538712871000891,354.96340053936046,20.900532407407407,2023-03-21 12:07:30+00:00,556.9628729074605,37.84846876813992,-7.0182525512185014,415.9432387312187
2023-03-17 12:22:30,31.077960385228383,14.062935785219793,-2.5795189217561045,383.150730299487,20.910949074074075,2023-03-21 12:22:30+00:00,562.7450947205631,37.71113947770247,-7.017921958574752,427.7844025757214
2023-03-17 12:37:30,31.74402459077807,14.017350566013452,-2.620075892795192,384.4837265649238,20.92136574074074,2023-03-21 12:37:30+00:00,567.2172063357589,37.573810111909594,-7.0175911384671865,418.3082915971063
2023-03-17 12:52:30,32.415381213593236,13.972988200810288,-2.660360916350901,409.0046557927809,20.931782407407407,2023-03-21 12:52:30+00:00,567.2172063357589,37.43648067071051,-7.017260090909608,440.4563160823594
2023-03-17 13:07:30,33.09193661596496,13.929865563317543,-2.700350818178217,398.1066004316136,20.942199074074075,2023-03-21 13:07:30+00:00,570.5696043789995,37.29915115411672,-7.01692881591574,447.2454090150251
2023-03-17 13:22:30,33.773591626160574,13.8879992941432,-2.7400221511493066,321.7109421851954,20.95261574074074,2023-03-21 13:22:30+00:00,570.5696043789995,37.16182156205874,-7.016597313499547,464.66332776850305
2023-03-17 13:37:30,34.46024151699361,13.847405777688683,-2.7793512311540725,345.2354715038899,20.963032407407407,2023-03-21 13:37:30+00:00,572.9821119188488,37.02449189452929,-7.01626558367489,458.708959376739
2023-03-17 13:52:30,35.15177599544533,13.808101118845872,-2.8183141750673557,372.5450601301571,20.973449074074075,2023-03-21 13:52:30+00:00,574.6160613256302,36.887162151467265,-7.01593362645549,462.2704507512521
2023-03-17 14:07:30,35.84807920394807,13.770101119554658,-2.856886940709229,405.54945661705955,20.98386574074074,2023-03-21 14:07:30+00:00,574.6160613256302,36.74983233284678,-7.015601441855322,471.2298274902615
2023-03-17 14:22:30,36.54902973753013,13.733421255114347,-2.8950453688895044,394.5035058430718,20.994282407407407,2023-03-21 14:22:30+00:00,575.6113885188278,36.61250243864623,-7.01526902988828,485.7540345019477
2023-03-17 14:37:30,37.25450067327965,13.698076650493906,-2.9327652272503206,415.6041423835164,21.004699074074075,2023-03-21 14:37:30+00:00,576.0867431008381,36.47517246877524,-7.01493639056809,484.8636616583194
2023-03-17 14:52:30,37.96435961351688,13.664082056677818,-2.9700222558299787,401.9876766892938,21.01511574074074,2023-03-21 14:52:30+00:00,576.0867431008381,36.33784242325182,-7.0146035239087565,492.2648859209794
2023-03-17 15:07:30,38.67846874557211,13.631451826997369,-3.0067922143344816,390.0485029289447,21.025532407407407,2023-03-21 15:07:30+00:00,576.14118462928,36.20051230202513,-7.014270429924177,498.7200890372843
2023-03-17 15:22:30,39.39668491527826,13.600199893673691,-3.043050930823326,425.8678825710835,21.035949074074075,2023-03-21 15:22:30+00:00,575.8565508794438,36.063182105048675,-7.0139371086281,496.5150250417362
2023-03-17 15:37:30,40.1188597151096,13.570339744607177,-3.0787743516672803,456.06428208711,21.04636574074074,2023-03-21 15:37:30+00:00,575.8565508794438,35.92585183231123,-7.013603560034547,513.0217028380634
2023-03-17 15:52:30,40.84483958934387,13.541884400412584,-3.113938592703517,443.16099852078287,21.056782407407407,2023-03-21 15:52:30+00:00,575.2999672078914,35.78852148376217,-7.0132697841574325,487.4791318864775
2023-03-17 16:07:30,41.57446595483677,13.514846391856,-3.1485199913204207,442.4118169658983,21.067199074074075,2023-03-21 16:07:30+00:00,574.5262193272899,35.65119105932587,-7.012935781010511,493.6978297161936
2023-03-17 16:22:30,42.30757533435657,13.489237737843125,-3.1824951591402364,440.9021597675916,21.07761574074074,2023-03-21 16:22:30+00:00,574.5262193272899,35.51386055902027,-7.012601550607854,491.1519198664441
2023-03-17 16:37:30,43.04399950972071,13.465069923833,-3.215841035383202,393.1794080280551,21.088032407407407,2023-03-21 16:37:30+00:00,573.5798654929275,35.37652998279486,-7.012267092963355,471.95325542570953
2023-03-17 16:52:30,43.78356568790157,13.44235388096162,-3.248534940393167,383.0156413495109,21.098449074074075,2023-03-21 16:52:30+00:00,572.4970507274603,35.23919933061757,-7.0119324080908125,478.4641068447412
2023-03-17 17:07:30,44.52609668171372,13.421099965896037,-3.2805546291819985,412.9686935270124,21.10886574074074,2023-03-21 17:07:30+00:00,572.4970507274603,35.10186860244842,-7.011597496004284,475.0695603784085
2023-03-17 17:22:30,45.27141110770776,13.401317941416783,-3.3118783448374156,433.9283421086426,21.119282407407407,2023-03-21 17:22:30+00:00,571.3070306789724,34.964537798251236,-7.011262356717725,477.1702838063439
2023-03-17 17:37:30,46.01932359705068,13.383016957925255,-3.342484871401922,408.7894790637457,21.129699074074075,2023-03-21 17:37:30+00:00,571.3070306789724,34.82720691796514,-7.010926990244915,485.5314412910406
2023-03-17 17:52:30,46.76964500222962,13.366205531602766,-3.372353585401175,403.6310517529215,21.14011574074074,2023-03-21 17:52:30+00:00,570.0334333588271,34.68987596160819,-7.010591396599951,479.3614357262104
2023-03-17 18:07:30,47.52218268425929,13.35089153946091,-3.4014645087047515,395.82772907612554,21.150532407407407,2023-03-21 18:07:30+00:00,568.6952942479268,34.552544929086245,-7.010255575796798,481.51681373718105
2023-03-17 18:22:30,48.27674072562875,13.337082194813746,-3.429798357049861,399.65434889852304,21.160949074074075,2023-03-21 18:22:30+00:00,568.6952942479268,34.41521382039661,-7.009919527849249,483.30550918197
2023-03-17 18:37:30,49.0331201954921,13.32478403367768,-3.457336588533213,399.67778011896854,21.17136574074074,2023-03-21 18:37:30+00:00,567.3079005763113,34.27788263549928,-7.009583252771426,487.14524207011686
2023-03-17 18:52:30,49.79111943036139,13.31400290287962,-3.484061450441335,250.31816782015335,21.181782407407407,2023-03-21 18:52:30+00:00,565.8834776532389,34.14055137435832,-7.009246750577287,494.82470784641066
2023-03-17 19:07:30,50.55053431849334,13.304743948317224,-3.509956023843091,299.9095580011994,21.192199074074075,2023-03-21 19:07:30+00:00,565.8834776532389,34.00322003691284,-7.008910021280697,497.2662771285476
2023-03-17 19:22:30,51.3111585934065,13.297011604554934,-3.5350042659119865,240.0116699353291,21.20261574074074,2023-03-21 19:22:30+00:00,564.4317459536692,33.8658886231957,-7.008573064895734,498.7757373400111
2023-03-17 19:37:30,52.07278413649708,13.290809585794516,-3.5591910497986574,225.3989659140639,21.213032407407407,2023-03-21 19:37:30+00:00,562.9603732836212,33.72855713308371,-7.008235881436421,499.4435169727324
2023-03-17 19:52:30,52.8352012869305,13.286140878280657,-3.5825022017883397,220.32254404590176,21.223449074074075,2023-03-21 19:52:30+00:00,562.9603732836212,33.59122556658888,-7.007898470916607,488.51419031719536
2023-03-17 20:07:30,53.59819915585849,13.283007734178652,-3.604924535522004,168.93009384572997,21.23386574074074,2023-03-21 20:07:30+00:00,561.4753422418551,33.453893923685776,-7.00756083335043,485.8096828046745
2023-03-17 20:22:30,54.36156594781256,13.281411666924916,-3.626445883188136,201.50088334927145,21.244282407407407,2023-03-21 20:22:30+00:00,559.9812495681647,33.316562204309605,-7.007222968751885,475.7929883138564
2023-03-17 20:37:30,55.12508928439253,13.28135344811437,-3.647055123428094,197.5564452080328,21.254699074074075,2023-03-21 20:37:30+00:00,559.9812495681647,33.17923040841414,-7.006884877134855,493.2220367278798
2023-03-17 20:52:30,55.88855652954863,13.282833105899812,-3.666742205835566,203.28832844384652,21.26511574074074,2023-03-21 20:52:30+00:00,558.4815508684774,33.04189853603231,-7.0065465585135,486.2103505843071
2023-03-17 21:07:30,56.65175511755059,13.285849924934965,-3.685498171970988,261.643840057053,21.275532407407407,2023-03-21 21:07:30+00:00,556.9787616106969,32.90456658704112,-7.006208012901847,504.3405676126878
2023-03-17 21:22:30,57.41447287997721,13.290402447855554,-3.7033151727429945,272.55328460054784,21.285949074074075,2023-03-21 21:22:30+00:00,556.9787616106969,32.76723456146718,-7.005869240313778,488.7520868113522
2023-03-17 21:37:30,58.17649837009709,13.29648847828045,-3.720186482070467,317.4903155745012,21.29636574074074,2023-03-21 21:37:30+00:00,555.4746231389238,32.62990245924167,-7.005530240763474,493.8945862151204
2023-03-17 21:52:30,58.93762118671934,13.304105085344064,-3.7361065068488872,359.4767978994116,21.306782407407407,2023-03-21 21:52:30+00:00,555.4746231389238,32.492570280357974,-7.005191014264986,485.47579298831386
2023-03-17 22:07:30,59.69763229243057,13.31324860971093,-3.75107079309997,344.0005186637924,21.317199074074075,2023-03-21 22:07:30+00:00,553.970240694466,32.355238024755614,-7.004851560832204,476.4607679465776
2023-03-17 22:22:30,60.45632432606918,13.323914671056569,-3.765076028346962,354.5106161933294,21.32761574074074,2023-03-21 22:22:30+00:00,552.4661989986178,32.21790569239478,-7.004511880479349,491.4301613800779
2023-03-17 22:37:30,61.2134919105146,13.336098176985455,-3.778120040253599,370.93462159796735,21.338032407407407,2023-03-21 22:37:30+00:00,552.4661989986178,32.08057328325451,-7.0041719732204575,501.3912075681692
2023-03-17 22:52:30,61.96893195200112,13.349793333344218,-3.7902017915377058,368.1789337004169,21.348449074074075,2023-03-21 22:52:30+00:00,550.9626597895034,31.943240797332468,-7.003831839069483,506.39955481357816
2023-03-17 23:07:30,62.72244392976644,13.36499365585766,-3.801321371227984,378.70992336308547,21.35886574074074,2023-03-21 23:07:30+00:00,549.4594447660497,31.805908234516263,-7.00349147804061,503.61713967723983
2023-03-17 23:22:30,63.473830177794625,13.381691983074598,-3.8114799823885,375.89015546744577,21.369282407407407,2023-03-21 23:22:30+00:00,549.4594447660497,31.66857559479955,-7.003150890147952,509.070673344463
2023-03-17 23:37:30,64.22289615561662,13.399880490557456,-3.82067992639649,380.61162543633327,21.379699074074075,2023-03-21 23:37:30+00:00,547.9561066367519,31.531242878194572,-7.002810075405435,521.8141346688926
2023-03-17 23:52:30,64.96945070528429,13.41955070618985,-3.8289245838831416,395.64118334876616,21.39011574074074,2023-03-21 23:52:30+00:00,546.4519903666633,31.393910084632687,-7.002469033827289,520.4924874791319
2023-03-18 00:07:30,65.71330629939513,13.440693526702535,-3.83621839254774,420.9642530027348,21.400532407407407,2023-03-22 00:07:30+00:00,546.4519903666633,31.256577214049415,-7.002127765427622,511.7529215358932
2023-03-18 00:22:30,66.45427927478794,13.463299235316958,-3.842566821963194,458.3285868604537,21.410949074074075,2023-03-22 00:22:30+00:00,544.9462862361736,31.119244266442475,-7.001786270220406,506.98783687097546
2023-03-18 00:37:30,67.19219005032852,13.487357519688016,-3.847976345548857,458.41879322680654,21.42136574074074,2023-03-22 00:37:30+00:00,543.4380759477177,30.98191124177252,-7.0014445482198875,525.5187216789889
2023-03-18 00:52:30,67.92686333447837,13.512857491465033,-3.852454409952765,465.3651026678706,21.431782407407407,2023-03-22 00:52:30+00:00,543.4380759477177,30.84457814000413,-7.001102599440179,528.881469115192
2023-03-18 01:07:30,68.65812831542793,13.53978770643333,-3.856009402000134,468.8228734320046,21.442199074074075,2023-03-22 01:07:30+00:00,541.9263727235019,30.707244961106134,-7.000760423895267,513.3555926544241
2023-03-18 01:22:30,69.38581883657417,13.568136185336256,-3.85865061344145,401.10380045173326,21.45261574074074,2023-03-22 01:22:30+00:00,541.9263727235019,30.569911705010057,-7.000418021599421,516.4607679465777
2023-03-18 01:37:30,70.10977355754956,13.597890435369967,-3.8603882037256296,360.2081138467024,21.463032407407407,2023-03-22 01:37:30+00:00,540.4101561136721,30.43257837173871,-7.000075392566793,513.4668892598776
2023-03-18 01:52:30,70.82983609959557,13.62903747223498,-3.861233161014647,313.48363777817394,21.473449074074075,2023-03-22 01:52:30+00:00,538.8884020674706,30.29524496120292,-6.999732536811375,507.721202003339
2023-03-18 02:07:30,71.5458551738896,13.661563842608413,-3.8611972616690697,297.45109162520055,21.48386574074074,2023-03-22 02:07:30+00:00,538.8884020674706,30.157911473406944,-6.999389454347451,499.8887033945464
2023-03-18 02:22:30,72.25768469602549,13.695455647078774,-3.860293028442536,323.6370045693686,21.494282407407407,2023-03-22 02:22:30+00:00,537.3601086991277,30.020577908286484,-6.999046145189202,497.1619365609349
2023-03-18 02:37:30,72.96518388493325,13.730698563388144,-3.8585336876019873,341.27972030471915,21.504699074074075,2023-03-22 02:37:30+00:00,535.8243180963277,29.883244265825105,-6.998702609350626,498.7687813021703
2023-03-18 02:52:30,73.66821734422889,13.767277869827836,-3.8559331252109863,366.4962437395659,21.51511574074074,2023-03-22 02:52:30+00:00,535.8243180963277,29.74591054595443,-6.998358846846043,495.54813578185866
2023-03-18 03:07:30,74.36665513092935,13.80517846890109,-3.852505842788715,329.6531400997749,21.525532407407407,2023-03-22 03:07:30+00:00,534.2801344641158,29.60857674871212,-6.998014857689629,503.3388981636059
2023-03-18 03:22:30,75.06037280827451,13.84438491100779,-3.84826691256463,314.64113340652057,21.535949074074075,2023-03-22 03:22:30+00:00,532.7267388641897,29.471242873979875,-6.99767064189543,511.24095715080693
2023-03-18 03:37:30,75.7492514828117,13.88488141811042,-3.843231932544117,311.34866003025263,21.54636574074074,2023-03-22 03:37:30+00:00,532.7267388641897,29.333908921776796,-6.99732619947778,533.0550918196996
2023-03-18 03:52:30,76.43317782928487,13.926651907407528,-3.837416981569825,310.1176455214006,21.556782407407407,2023-03-22 03:52:30+00:00,531.1634007927275,29.19657489203873,-6.996981530450859,527.7367040305271
2023-03-18 04:07:30,77.11204410108759,13.969680014857625,-3.830838574582518,318.64958576143886,21.567199074074075,2023-03-22 04:07:30+00:00,529.5894868341801,29.059240784763897,-6.996636634828745,543.7952142459656
2023-03-18 04:22:30,77.78574812592785,14.01394911843358,-3.8235136182684024,328.10709886456283,21.57761574074074,2023-03-22 04:22:30+00:00,529.5894868341801,28.921906599855063,-6.996291512625772,540.1502504173623
2023-03-18 04:37:30,78.45419329159594,14.059442361253256,-3.815459367235883,332.357241365008,21.588032407407407,2023-03-22 04:37:30+00:00,528.0044666295956,28.784572337364544,-6.995946163856177,539.2559026949677
2023-03-18 04:52:30,79.11728851782692,14.10614267432349,-3.806693380905926,337.61299012774475,21.598449074074075,2023-03-22 04:52:30+00:00,526.4079164026119,28.647237997174297,-6.995600588534032,519.2821368948247
2023-03-18 05:07:30,79.77494821657154,14.15403279891162,-3.797233481255217,338.1039404925369,21.60886574074074,2023-03-22 05:07:30+00:00,526.4079164026119,28.50990357930354,-6.995254786673692,511.1853088480801
2023-03-18 05:22:30,80.42709224232522,14.203095308552424,-3.787097711534438,330.3705784918766,21.619282407407407,2023-03-22 05:22:30+00:00,524.7995202915557,28.37256908370279,-6.994908758289422,519.9290484140233
2023-03-18 05:37:30,81.07364583219305,14.253312630610344,-3.7763042960861406,317.8151287744947,21.629699074074075,2023-03-22 05:37:30+00:00,524.7995202915557,28.235234510326965,-6.994562503395297,525.2643294379521
2023-03-18 05:52:30,81.71453953516587,14.30466706725767,-3.764871601389802,333.0057970633471,21.64011574074074,2023-03-22 05:52:30+00:00,523.179069740156,28.097899859166112,-6.994216022005734,535.7053422370617
2023-03-18 06:07:30,82.34970913394169,14.357140816025758,-3.752818098391392,320.4570199344098,21.650532407407407,2023-03-22 06:07:30+00:00,521.5464612008175,27.96056513014184,-6.993869314134961,529.6327212020033
2023-03-18 06:22:30,82.9790955587735,14.410715989791298,-3.7401623262158896,320.87208840130376,21.660949074074075,2023-03-22 06:22:30+00:00,521.5464612008175,27.8232303232819,-6.993522379797119,514.9137451307736
2023-03-18 06:37:30,83.60264479140946,14.46537463602172,-3.726922857372189,314.99489440329353,21.67136574074074,2023-03-22 06:37:30+00:00,519.901692402412,27.685895438489094,-6.993175219006612,543.4056761268782
2023-03-18 06:52:30,84.22030776530758,14.521098755615618,-3.713118264420415,321.98512672636207,21.681782407407407,2023-03-22 06:52:30+00:00,518.2448574287778,27.54856047575793,-6.992827831777712,551.3633834168058
2023-03-18 07:07:30,84.83204025818665,14.577870320986367,-3.698767088225385,322.2063332646044,21.692199074074075,2023-03-22 07:07:30+00:00,518.2448574287778,27.411225435028797,-6.9924802181245695,538.1190873678353
2023-03-18 07:22:30,85.43780277797845,14.63567129344152,-3.6838878078209176,326.7737491288069,21.70261574074074,2023-03-22 07:22:30+00:00,516.5761408445782,27.27389031632121,-6.99213237806161,555.3144129104062
2023-03-18 07:37:30,86.03756044617299,14.694483640025611,-3.6684988118530426,307.22410242752187,21.713032407407407,2023-03-22 07:37:30+00:00,514.8958110922033,27.136555119556895,-6.991784311603146,522.9966611018364
2023-03-18 07:52:30,86.63128287570031,14.754289349607744,-3.652618371680586,245.56072418432015,21.723449074074075,2023-03-22 07:52:30+00:00,514.8958110922033,26.99921984472,-6.9914360187633156,515.6371730662215
2023-03-18 08:07:30,87.21894404436237,14.815070448232936,-3.636264616126664,203.79402564144124,21.73386574074074,2023-03-22 08:07:30+00:00,513.2042133674909,26.861884491757326,-6.991087499556587,527.4346132442961
2023-03-18 08:22:30,87.80052216704827,14.876809013891233,-3.6194555078333983,207.70345397669251,21.744282407407407,2023-03-22 08:22:30+00:00,511.50176216384926,26.72454906064901,-6.9907387539972765,519.6160267111853
2023-03-18 08:37:30,88.37599956428552,14.9394871905477,-3.6022088212567613,210.96520090117832,21.754699074074075,2023-03-22 08:37:30+00:00,511.50176216384926,26.587213551364727,-6.990389782099549,530.3283249860879
2023-03-18 08:52:30,88.9453625281271,15.003087201372956,-3.5845421222943195,207.7278177262169,21.76511574074074,2023-03-22 08:52:30+00:00,509.7889336545784,26.44987796386587,-6.9900405838779065,542.5709515859767
2023-03-18 09:07:30,89.50860117324648,15.067591359883917,-3.5664727485874206,204.57396631926997,21.775532407407407,2023-03-22 09:07:30+00:00,508.06625806251185,26.312542298103537,-6.989691159346667,541.9588202559821
2023-03-18 09:22:30,90.0657093430568,15.132982086129232,-3.548017794651137,197.7742840008428,21.785949074074075,2023-03-22 09:22:30+00:00,508.06625806251185,26.175206554076663,-6.989341508520034,516.1727879799666
2023-03-18 09:37:30,90.61668443786937,15.199241914526116,-3.5291940941357325,158.40186718965265,21.79636574074074,2023-03-22 09:37:30+00:00,506.3343121451902,26.037870731703094,-6.98899163141252,513.1329994435171
2023-03-18 09:52:30,91.16152728338292,15.266353504838378,-3.510018205794609,158.22681815971603,21.806782407407407,2023-03-22 09:52:30+00:00,506.3343121451902,25.900534830977715,-6.988641528038458,543.9065108514191
2023-03-18 10:07:30,91.70024199806336,15.334299652502652,-3.490506400846106,158.39214224354507,21.817199074074075,2023-03-22 10:07:30+00:00,504.59371190323105,25.76319885188493,-6.9882911984120915,520.9682804674458
2023-03-18 10:22:30,92.23283585699306,15.40306329783743,-3.4706746515314997,160.45577580757572,21.82761574074074,2023-03-22 10:22:30+00:00,502.8451055998759,25.62586279432812,-6.98794064254793,516.5752444550442
2023-03-18 10:37:30,92.75931915800815,15.47262753479393,-3.450538620958413,163.58526346499832,21.838032407407407,2023-03-22 10:37:30+00:00,502.8451055998759,25.488526658360495,-6.98758986046035,522.8714524207012
2023-03-18 10:52:30,93.27970508836496,15.542975618993376,-3.4301136542453583,161.66361411413845,21.848449074074075,2023-03-22 10:52:30+00:00,501.0891671612754,25.35119044386475,-6.987238852163596,525.0417362270451
2023-03-18 11:07:30,93.79400959226288,15.61409097509002,-3.4094147709137914,182.29216979755904,21.85886574074074,2023-03-22 11:07:30+00:00,499.32659001023444,25.21385415086079,-6.986887617672221,523.9983305509182
2023-03-18 11:22:30,94.3022512413679,15.685957203691096,-3.3884566584058127,203.0374248342707,21.869282407407407,2023-03-22 11:22:30+00:00,499.32659001023444,25.07651777928543,-6.986536157000603,510.1279910962715
2023-03-18 11:37:30,94.80445110749658,15.758558087700417,-3.367253666716553,210.34863931795712,21.879699074074075,2023-03-22 11:37:30+00:00,497.55808137108977,24.939181329137934,-6.986184470163027,516.9240400667779
2023-03-18 11:52:30,95.30063263573832,15.831877597926123,-3.3458198041313953,211.2511143167415,21.89011574074074,2023-03-22 11:52:30+00:00,495.7843570702691,24.801844800365544,-6.985832557174035,520.756816917084
2023-03-18 12:07:30,95.79082152228348,15.90589989841476,-3.3241687338894295,220.1207742070117,21.900532407407407,2023-03-22 12:07:30+00:00,495.7843570702691,24.664508192919715,-6.985480418048056,502.6711185308848
2023-03-18 12:22:30,96.27504559369756,15.980609351131156,-3.30231377182202,246.73744266333856,21.910949074074075,2023-03-22 12:22:30+00:00,494.0061368459484,24.527171506770728,-6.985128052799388,494.93600445186416
2023-03-18 12:37:30,96.75333468865122,16.055990520116694,-3.28026788488724,248.85508769760295,21.92136574074074,2023-03-22 12:37:30+00:00,492.2241401710947,24.38983474189504,-6.984775461442596,490.7623817473567
2023-03-18 12:52:30,97.2257205434993,16.132028175298583,-3.25804369049084,253.7575596162216,21.931782407407407,2023-03-22 12:52:30+00:00,492.2241401710947,24.252497898258728,-6.98442264399214,486.867000556483
2023-03-18 13:07:30,97.69223668048086,16.208707295794746,-3.235653456596219,250.9220794347168,21.942199074074075,2023-03-22 13:07:30+00:00,490.4390825870301,24.115160975832207,-6.984069600462307,482.08124652198103
2023-03-18 13:22:30,98.15291829797428,16.28601307267566,-3.21310910258357,258.63728782731266,21.95261574074074,2023-03-22 13:22:30+00:00,488.65167253943105,23.97782397456289,-6.983716330867713,547.4839017409968
2023-03-18 13:37:30,98.6078021657455,16.363930911522576,-3.1904222007122147,264.7901541328571,21.963032407407407,2023-03-22 13:37:30+00:00,488.65167253943105,23.840486894446165,-6.983362835222832,542.2927100723427
2023-03-18 13:52:30,99.05692652225912,16.44244643447453,-3.1676039782334597,272.5047582546787,21.973449074074075,2023-03-22 13:52:30+00:00,486.8626087053311,23.703149735408804,-6.983009113541972,519.3656093489149
2023-03-18 14:07:30,99.50033097453048,16.521545481814034,-3.144665320093226,272.72197849128395,21.98386574074074,2023-03-22 14:07:30+00:00,486.8626087053311,23.56581249744209,-6.982655165839765,496.2556642022418
2023-03-18 14:22:30,99.93805640314426,16.601214113420923,-3.1216167720867256,285.93960102115716,21.994282407407407,2023-03-22 14:22:30+00:00,485.0725777981941,23.428475180541373,-6.982300992130703,514.983305509182
2023-03-18 14:37:30,100.3701448691297,16.68143860973191,-3.098468544535594,257.06657659003656,22.004699074074075,2023-03-22 14:37:30+00:00,483.2822528384402,23.29113778458996,-6.981946592429144,523.5153827808251
2023-03-18 14:52:30,100.79663952382292,16.762205472341613,-3.0752305163978035,255.44512171448537,22.01511574074074,2023-03-22 14:52:30+00:00,483.2822528384402,23.15380030963744,-6.981591966749722,511.8530884808013
2023-03-18 15:07:30,101.2175845234365,16.84350142448139,-3.0519122397210023,269.54262291887255,22.025532407407407,2023-03-22 15:07:30+00:00,481.4922918789889,23.0164627556211,-6.981237115106963,500.2782415136338
2023-03-18 15:22:30,101.63302494581976,16.925313411106277,-3.0285229444698425,268.75156299635694,22.035949074074075,2023-03-22 15:22:30+00:00,479.70333717952275,22.879125122497054,-6.980882037515213,492.1058907703315
2023-03-18 15:37:30,102.0430067101944,17.00762859863626,-3.0050715436867232,275.1959147598939,22.04636574074074,2023-03-22 15:37:30+00:00,479.70333717952275,22.74178741025683,-6.980526733989156,498.9565943238731
2023-03-18 15:52:30,102.44757650092724,17.0904343746271,-2.981566638875442,281.32546492215704,22.056782407407407,2023-03-22 15:52:30+00:00,477.9160148294593,22.60444961882326,-6.980171204543329,525.4869226488593
2023-03-18 16:07:30,102.84678169413064,17.1737183471209,-2.9580165256486657,262.06568238731217,22.067199074074075,2023-03-22 16:07:30+00:00,476.13093482837286,22.46711174819625,-6.9798154491921185,501.05731775180857
2023-03-18 16:22:30,103.2406702867469,17.25746834371052,-2.934429199603081,277.58667546686337,22.07761574074074,2023-03-22 16:22:30+00:00,476.13093482837286,22.329773798352807,-6.979459467950216,505.731775180857
2023-03-18 16:37:30,103.62929082938406,17.341672410503975,-2.910812362342689,269.0350058496444,22.088032407407407,2023-03-22 16:37:30+00:00,474.3486916442804,22.19243576920147,-6.979103260832177,504.45186421814134
2023-03-18 16:52:30,104.01269236227162,17.426318810924766,-2.8871734276445005,252.47117288504097,22.098449074074075,2023-03-22 16:52:30+00:00,472.56986528548777,22.055097660785787,-6.97874682785243,499.8330550918197
2023-03-18 17:07:30,104.39092435272796,17.511396024128814,-2.8635195278062016,272.33135594897954,22.10886574074074,2023-03-22 17:07:30+00:00,472.56986528548777,21.917759473024745,-6.978390169025663,502.8380634390651
2023-03-18 17:22:30,104.76403663738756,17.596892743540696,-2.8398575200140135,273.2122164391633,22.119282407407407,2023-03-22 17:22:30+00:00,470.7950229415355,21.780421205885126,-6.978033284366477,488.88623896971137
2023-03-18 17:37:30,105.13207936625672,17.682797875118467,-2.8161939928203337,290.9323580805883,22.129699074074075,2023-03-22 17:37:30+00:00,469.02472127450477,21.64308285936709,-6.977676173889298,496.2715637173066
2023-03-18 17:52:30,105.49510294855772,17.769100535308546,-2.7925352727224992,293.8937444760876,22.14011574074074,2023-03-22 17:52:30+00:00,469.02472127450477,21.5057444334041,-6.977318837608865,493.635225375626
2023-03-18 18:07:30,105.8531580030019,17.85579004920478,-2.768887430687057,289.6929382953431,22.150532407407407,2023-03-22 18:07:30+00:00,467.259509475369,21.368405927992313,-6.976961275539773,488.31385642737894
2023-03-18 18:22:30,106.20629530959124,17.942855948373857,-2.7452562887494163,269.6199091509104,22.160949074074075,2023-03-22 18:22:30+00:00,467.259509475369,21.23106734305909,-6.9766034876964875,481.0517529215359
2023-03-18 18:37:30,106.55456576364648,18.030287968579227,-2.721647426614147,307.2034119365609,22.17136574074074,2023-03-22 18:37:30+00:00,465.4999332436819,21.093728678610887,-6.976245474093785,485.7540345019477
2023-03-18 18:52:30,106.89802033268542,18.11807604748526,-2.6980661882176875,300.2911829793842,22.181782407407407,2023-03-22 18:52:30+00:00,463.7465399060795,20.956389934585733,-6.975887234746252,488.6477462437395
2023-03-18 19:07:30,107.23671001619265,18.206210322334424,-2.674517688248182,292.3081919931403,22.192199074074075,2023-03-22 19:07:30+00:00,463.7465399060795,20.819051110954803,-6.975528769668389,485.30884808013354
2023-03-18 19:22:30,107.57068580579757,18.294681127296432,-2.65100681869001,299.598537244614,22.20261574074074,2023-03-22 19:22:30+00:00,461.99988496444223,20.681712207710095,-6.97517007887499,519.4657762938231
2023-03-18 19:37:30,107.89999864976456,18.383478991053025,-2.6275382552337643,307.15394659062116,22.213032407407407,2023-03-22 19:37:30+00:00,460.2605404644184,20.54437322480425,-6.974811162380682,502.9811590746482
2023-03-18 19:52:30,108.2246994182686,18.47259463416714,-2.6041164636625926,309.42910099509675,22.223449074074075,2023-03-22 19:52:30+00:00,460.2605404644184,20.407034162179578,-6.974452020199974,509.03589315525875
2023-03-18 20:07:30,108.54483887064283,18.562018966348074,-2.5807457061835097,301.42845079022754,22.23386574074074,2023-03-22 20:07:30+00:00,458.52910570790704,20.26969501985716,-6.974092652347679,507.5333889816361
2023-03-18 20:22:30,108.86046762542574,18.651743083815163,-2.5574300476309495,313.4837131653531,22.244282407407407,2023-03-22 20:22:30+00:00,456.80622101072436,20.132355797746246,-6.973733058838461,496.8280467445743
2023-03-18 20:37:30,109.17163613160804,18.741758266575577,-2.5341733616037727,320.63945746152797,22.254699074074075,2023-03-22 20:37:30+00:00,456.80622101072436,19.995016495847285,-6.973373239686849,514.1068447412354
2023-03-18 20:52:30,109.47839464138866,18.832055975538864,-2.510979336531016,332.49217014583536,22.26511574074074,2023-03-22 20:52:30+00:00,455.09258544494355,19.857677114108917,-6.973013194907672,512.2426265998887
2023-03-18 21:07:30,109.780793185475,18.92262784980072,-2.4878514815934367,333.9360066514019,22.275532407407407,2023-03-22 21:07:30+00:00,453.3889798259985,19.72033765252772,-6.972652924515616,519.9777406789093
2023-03-18 21:22:30,110.07888154974589,19.0134657038652,-2.464793132543743,330.44609232441667,22.285949074074075,2023-03-22 21:22:30+00:00,453.3889798259985,19.582998111046074,-6.972292428525237,506.84474123539235
2023-03-18 21:37:30,110.3727092525827,19.104561524647067,-2.4418074574716107,337.08710366824084,22.29636574074074,2023-03-22 21:37:30+00:00,451.6962966371028,19.44565848965644,-6.971931706951396,507.6794657762938
2023-03-18 21:52:30,110.66232552517066,19.19590746877059,-2.418897462374298,318.40469023175103,22.306782407407407,2023-03-22 21:52:30+00:00,450.0155791679898,19.308318788282687,-6.971570759808786,509.5715080690039
2023-03-18 22:07:30,110.94777929240526,19.28749585969739,-2.396065996653719,317.30707092465934,22.317199074074075,2023-03-22 22:07:30+00:00,450.0155791679898,19.170979006925545,-6.971209587112003,515.6928213689482
2023-03-18 22:22:30,111.22911915498992,19.379319184806615,-2.373315758502617,310.4282331016811,22.32761574074074,2023-03-22 22:22:30+00:00,448.34807293578984,19.033639145548538,-6.970848188875894,514.5093012163129
2023-03-18 22:37:30,111.50639337324591,19.471370092566136,-2.3506493001491,313.2325806168175,22.338032407407407,2023-03-22 22:37:30+00:00,448.34807293578984,18.896299204119252,-6.970486565115235,505.3422370617696
2023-03-18 22:52:30,111.779649852427,19.56364138976323,-2.3280690329620572,322.7251262063599,22.348449074074075,2023-03-22 22:52:30+00:00,446.6952935264244,18.758959182609495,-6.970124715844599,516.1101836393991
2023-03-18 23:07:30,112.04893612829522,19.656126038532225,-2.3055772324892994,304.6400291016805,22.35886574074074,2023-03-22 23:07:30+00:00,445.0591164435929,18.62161908096829,-6.96976264107888,510.28797996661103
2023-03-18 23:22:30,112.31429935480531,19.74881715365333,-2.2831760433009887,320.23915828706765,22.369282407407407,2023-03-22 23:22:30+00:00,445.0591164435929,18.484278899192542,-6.969400340832856,503.7771285475793
2023-03-18 23:37:30,112.5757862926082,19.84170799972994,-2.2608674837468676,303.1719532554257,22.379699074074075,2023-03-22 23:37:30+00:00,443.44189651010527,18.34693863721047,-6.969037815121137,500.6677796327212
2023-03-18 23:52:30,112.83344329777456,19.934791988273385,-2.2386534506122566,315.08863979648623,22.39011574074074,2023-03-22 23:52:30+00:00,441.8466270047125,18.209598295029487,-6.968675063958649,501.04936799427617
2023-03-19 00:07:30,113.0873163129408,20.028062675098628,-2.216535723580288,330.76010217832936,22.400532407407407,2023-03-23 00:07:30+00:00,441.8466270047125,18.072257872588317,-6.968312087360173,506.6221480244852
2023-03-19 00:22:30,113.33745085832616,20.121513757528117,-2.194515969622068,326.6645960321466,22.410949074074075,2023-03-23 00:22:30+00:00,440.27715225815246,17.934917369888147,-6.967948885340366,505.771523968519
2023-03-19 00:37:30,113.58389202363124,20.215139071580644,-2.1725957472718975,326.6938673723148,22.42136574074074,2023-03-23 00:37:30+00:00,438.7384521525535,17.797576786834632,-6.967585457914167,499.1891247316957
2023-03-19 00:52:30,113.82668446148614,20.30893258938378,-2.150776510735058,302.33722871452426,22.431782407407407,2023-03-23 00:52:30+00:00,438.7384521525535,17.66023612348302,-6.967221805096383,500.7095158597662
2023-03-19 01:07:30,114.06587238113214,20.4028884165012,-2.1290596139010503,270.5715751934157,22.442199074074075,2023-03-23 01:07:30+00:00,437.23702320209054,17.522895379718307,-6.966857926901675,502.3372287145242
2023-03-19 01:22:30,114.30149954274404,20.49700078919488,-2.1074463142611872,268.4357650347479,22.45261574074074,2023-03-23 01:22:30+00:00,435.7813890109834,17.385554555562553,-6.9664938233450195,496.5776293823038
2023-03-19 01:37:30,114.5336092530775,20.591264071950185,-2.085937776652828,268.1745840993095,22.463032407407407,2023-03-23 01:37:30+00:00,435.7813890109834,17.24821365096929,-6.9661294944412635,497.6419031719532
2023-03-19 01:52:30,114.76224436133283,20.685672754851172,-2.0645350769318873,267.7493986039725,22.473449074074075,2023-03-23 01:52:30+00:00,434.3827832609835,17.11087266589648,-6.965764940205069,490.4841402337229
2023-03-19 02:07:30,114.98744725530626,20.78022145097872,-2.0432392055332698,269.1151919866444,22.48386574074074,2023-03-23 02:07:30+00:00,433.05606118016254,16.973531600337143,-6.965400160651464,478.2971619365609
2023-03-19 02:22:30,115.20925985901692,20.874904893967734,-2.022051070891314,268.67259385798036,22.494282407407407,2023-03-23 02:22:30+00:00,433.05606118016254,16.836190454215984,-6.965035155795276,480.3005008347245
2023-03-19 02:37:30,115.42772363047852,20.969717935591785,-2.0009715027522863,268.46690008639564,22.504699074074075,2023-03-23 02:37:30+00:00,431.8209104753657,16.698849227549015,-6.964669925651239,476.0434056761269
2023-03-19 02:52:30,115.64287955955312,21.064655543188163,-1.9800012554243045,268.96765927708975,22.51511574074074,2023-03-23 02:52:30+00:00,431.8209104753657,16.561507920271453,-6.964304470234359,479.7996661101837
2023-03-19 03:07:30,115.85476816693196,21.159712797361653,-1.9591410108674272,268.32721202003336,22.525532407407407,2023-03-23 03:07:30+00:00,430.70344881385677,16.42416653236619,-6.963938789559534,479.2988313856427
2023-03-19 03:22:30,116.06342950368467,21.254884889650743,-1.9383913816961105,268.22223084986604,22.535949074074075,2023-03-23 03:22:30+00:00,429.7383090396069,16.286825063805864,-6.963572883641485,476.0434056761269
2023-03-19 03:37:30,116.26890315013192,21.350167120046944,-1.9177529141260057,272.49306561519523,22.54636574074074,2023-03-23 03:37:30+00:00,429.7383090396069,16.14948351455474,-6.963206752495262,471.841958820256
2023-03-19 03:52:30,116.47122821667983,21.44555489486146,-1.897226090749109,276.5772411383313,22.556782407407407,2023-03-23 03:52:30+00:00,428.97131870856,16.012141884552268,-6.962840396135781,462.05580729787744
2023-03-19 04:07:30,116.67044334412869,21.541043724484712,-1.8768113332499583,311.4759893940882,22.567199074074075,2023-03-23 04:07:30+00:00,428.4628640895824,15.87480017382942,-6.962473814577788,462.39565943238733
2023-03-19 04:22:30,116.86658670405656,21.63662922101468,-1.8565090050616573,327.6918223285529,22.57761574074074,2023-03-23 04:22:30+00:00,428.4628640895824,15.737458382292434,-6.962107007836356,449.24874791318865
2023-03-19 04:37:30,117.059696000486,21.73230709622229,-1.8363194138686143,335.6844741235392,22.588032407407407,2023-03-23 04:37:30+00:00,428.29196665532584,15.600116509939038,-6.961739975926417,453.9788536449638
2023-03-19 04:52:30,117.24980847123028,21.828073159419453,-1.816242814048842,342.161709204056,22.598449074074075,2023-03-23 04:52:30+00:00,428.5609521078409,15.462774556742126,-6.961372718862767,464.3294379521424
2023-03-19 05:07:30,117.43696088948896,21.923923315250235,-1.7962794090548742,343.0658475588432,22.60886574074074,2023-03-23 05:07:30+00:00,428.5609521078409,15.32543252266631,-6.961005236660483,468.1691708402893
2023-03-19 05:22:30,117.62118956601736,22.019853561727903,-1.7764293536674245,332.8790171118531,22.619282407407407,2023-03-23 05:22:30+00:00,429.4002964812588,15.18809040768039,-6.960637529334517,468.67000556483026
2023-03-19 05:37:30,117.80253035171552,22.11585998825228,-1.7566927561786856,344.51559891485806,22.629699074074075,2023-03-23 05:37:30+00:00,430.9727089514319,15.050748211742835,-6.960269596899705,470.11686143572626
2023-03-19 05:52:30,117.9810186396204,22.21193877347116,-1.737069680538716,334.9629408287483,22.64011574074074,2023-03-23 05:52:30+00:00,430.9727089514319,14.913405934847384,-6.959901439371142,477.2954924874791
2023-03-19 06:07:30,118.15668936789888,22.308086183435957,-1.717560148369819,321.376093748985,22.650532407407407,2023-03-23 06:07:30+00:00,433.47467697122744,14.776063576919384,-6.959533056763817,477.0172509738453
2023-03-19 06:22:30,118.32957702316104,22.404298569760865,-1.6981641409152022,295.04075419817343,22.660949074074075,2023-03-23 06:22:30+00:00,437.13255046349985,14.6387211379611,-6.959164449092555,475.10434056761267
2023-03-19 06:37:30,118.49971564300876,22.500572367570573,-1.6788816009646483,307.7590254590985,22.67136574074074,2023-03-23 06:37:30+00:00,437.13255046349985,14.501378617951849,-6.958795616372511,467.9465776293823
2023-03-19 06:52:30,118.6671388197223,22.596904093812917,-1.6597124346457512,325.2608514190317,22.681782407407407,2023-03-23 06:52:30+00:00,442.1890047848281,14.36403601683172,-6.958426558618682,460.7679465776294
2023-03-19 07:07:30,118.83187970377207,22.693290345446655,-1.6406565131761948,331.06929188076106,22.692199074074075,2023-03-23 07:07:30+00:00,442.1890047848281,14.22669333455934,-6.958057275845931,457.2621035058431
2023-03-19 07:22:30,118.99397100722436,22.789727797573885,-1.6217136745728526,348.42302869928443,22.70261574074074,2023-03-23 07:22:30+00:00,448.87511094836594,14.089350571172528,-6.957687768069435,463.99554813578186
2023-03-19 07:37:30,119.15344500752776,22.886213201807664,-1.6028837252542325,362.60042779632727,22.713032407407407,2023-03-23 07:37:30+00:00,457.3646780897704,13.952007726553166,-6.957318035304192,466.4440734557595
2023-03-19 07:52:30,119.31033355175904,22.982743384605495,-1.5841664415963117,365.58206608939673,22.723449074074075,2023-03-23 07:52:30+00:00,457.3646780897704,13.814664800732846,-6.956948077565122,451.58597662771285
2023-03-19 08:07:30,119.46466805992122,23.07931524547184,-1.5655615714618667,335.65670410476605,22.73386574074074,2023-03-23 08:07:30+00:00,467.71289415104957,13.677321793647632,-6.956577894867397,452.9215358931552
2023-03-19 08:22:30,119.61647952958288,23.175925755462448,-1.5470688356187157,336.4985741475741,22.744282407407407,2023-03-23 08:22:30+00:00,479.7914532611149,13.539978705295974,-6.956207487226071,454.86922648859206
2023-03-19 08:37:30,119.76579854005664,23.272571955597105,-1.5286879291265538,355.80550918197,22.754699074074075,2023-03-23 08:37:30+00:00,479.7914532611149,13.402635535622268,-6.955836854656068,457.5959933222037
2023-03-19 08:52:30,119.91265525604372,23.369250955156716,-1.5104185226995708,355.0976660192409,22.76511574074074,2023-03-23 08:52:30+00:00,493.2443757794547,13.265292284620928,-6.955465997172596,467.00055648302725
2023-03-19 09:07:30,120.05707943269036,23.46595993033448,-1.4922602639553288,341.8583013850489,22.775532407407407,2023-03-23 09:07:30+00:00,507.4938970023277,13.127948952217851,-6.955094914790718,475.1252086811352
2023-03-19 09:22:30,120.1991004195896,23.562696122678716,-1.4742127786586448,340.6601363718647,22.785949074074075,2023-03-23 09:22:30+00:00,507.4938970023277,12.990605538415725,-6.954723607525396,
2023-03-19 09:37:30,120.3387471651498,23.659456837562104,-1.456275671917466,325.4141857288575,22.79636574074074,2023-03-23 09:37:30+00:00,521.8136410241555,12.85326204319455,-6.954352075391863,490.81803005008345
2023-03-19 09:52:30,120.47604822118662,23.75623944285162,-1.4384485293010978,331.0417158125862,22.806782407407407,2023-03-23 09:52:30+00:00,535.4560777254334,12.71591846649488,-6.9539803184052165,496.32721202003336
2023-03-19 10:07:30,120.61103174762133,23.85304136750308,-1.4207309179319887,321.8152391560557,22.817199074074075,2023-03-23 10:07:30+00:00,535.4560777254334,12.578574808305012,-6.953608336580434,489.8163606010016
2023-03-19 10:22:30,120.74372551653872,23.94986010008984,-1.403122387552936,334.77372774217116,22.82761574074074,2023-03-23 10:22:30+00:00,547.7902954976528,12.441231068561548,-6.953236129932755,478.5475792988314
2023-03-19 10:37:30,120.8741569172378,24.046693187575706,-1.385622471510876,326.5725819650925,22.838032407407407,2023-03-23 10:37:30+00:00,558.3988143275274,12.303887247277778,-6.952863698477329,
2023-03-19 10:52:30,121.00235296065568,24.14353823400895,-1.3682306877206416,327.1273138905416,22.848449074074075,2023-03-23 10:52:30+00:00,558.3988143275274,12.166543344398608,-6.95249104222914,483.2429048414023
2023-03-19 11:07:30,121.128340283786,24.240392899108855,-1.3509465396149851,335.99433142105016,22.85886574074074,2023-03-23 11:07:30+00:00,567.1054560926855,12.029199359933372,-6.952118161203489,487.4791318864775
2023-03-19 11:22:30,121.25214515452323,24.337254897151208,-1.3337695170062476,333.3281809231074,22.869282407407407,2023-03-23 11:22:30+00:00,567.1054560926855,11.891855293793856,-6.951745055415505,503.63939899833053
2023-03-19 11:37:30,121.37379347638782,24.43412199574633,-1.316699096938004,346.01099002479896,22.879699074074075,2023-03-23 11:37:30+00:00,573.94135436734,11.754511145983152,-6.9513717248802225,499.73288814691153
2023-03-19 11:52:30,121.49331079273732,24.53099201449822,-1.2997347445242404,329.5737708112743,22.89011574074074,2023-03-23 11:52:30+00:00,579.0783080634516,11.617166916467196,-6.9509981696129435,506.9162890531839
2023-03-19 12:07:30,121.61072229164331,24.627862823973157,-1.282875913708925,333.68916102147404,22.900532407407407,2023-03-23 12:07:30+00:00,579.0783080634516,11.47982260518686,-6.95062438962886,507.6794657762938
2023-03-19 12:22:30,121.72605281066404,24.724732344544353,-1.2661220480149749,327.4681039898287,22.910949074074075,2023-03-23 12:22:30+00:00,582.7594705296023,11.342478212174646,-6.950250384943012,503.92320534223705
2023-03-19 12:37:30,121.83932684100658,24.821598545159688,-1.2494725812839524,326.27284533988256,22.92136574074074,2023-03-23 12:37:30+00:00,585.2453177262227,11.205133737352917,-6.949876155570729,491.1936560934891
2023-03-19 12:52:30,121.95056853240648,24.918459442358685,-1.232926938341779,325.95912875159905,22.931782407407407,2023-03-23 12:52:30+00:00,585.2453177262227,11.067789180720968,-6.94950170152723,486.6110183639399
2023-03-19 13:07:30,122.05980168829689,25.01531309762397,-1.2164845362099832,340.5845680300501,22.942199074074075,2023-03-23 13:07:30+00:00,586.7798486437249,10.930444542209386,-6.949127022827577,488.68948247078464
2023-03-19 13:22:30,122.1670497964226,25.112157620578024,-1.200144783217614,340.6838593367923,22.95261574074074,2023-03-23 13:22:30+00:00,587.5740923224224,10.79309982181363,-6.948752119487122,
2023-03-19 13:37:30,122.27233601137598,25.20899116447864,-1.1839070808795071,322.4448061560929,22.963032407407407,2023-03-23 13:37:30+00:00,587.5740923224224,10.65575501950389,-6.948376991521122,482.80467445742903
2023-03-19 13:52:30,122.37568316223908,25.305811925666525,-1.1677708242928966,330.07586235334423,22.973449074074075,2023-03-23 13:52:30+00:00,587.8013703029526,10.518410135254738,-6.948001638944641,496.32721202003336
2023-03-19 14:07:30,122.47711375897391,25.402618142870462,-1.1517354025774182,338.7261176034131,22.98386574074074,2023-03-23 14:07:30+00:00,587.5991928626462,10.381065169017926,-6.9476260617730965,504.3405676126878
2023-03-19 14:22:30,122.57664999710128,25.49940809633049,-1.135800199391634,350.3244056185597,22.994282407407407,2023-03-23 14:22:30+00:00,587.5991928626462,10.243720120792975,-6.94725026002173,480.3005008347245
2023-03-19 14:37:30,122.67431376207,25.596180106884784,-1.1199645934339373,338.5150818364936,23.004699074074075,2023-03-23 14:37:30+00:00,587.0741515603942,10.106374990525536,-6.946874233705668,
2023-03-19 14:52:30,122.77012663341507,25.692932534957485,-1.1042279589427286,349.46421542679536,23.01511574074074,2023-03-23 14:52:30+00:00,586.3076262916554,9.969029778182032,-6.94649798284032,486.37312186978295
2023-03-19 15:07:30,122.8641098892678,25.78966377974132,-1.0885896661449326,331.91266862782055,23.025532407407407,2023-03-23 15:07:30+00:00,586.3076262916554,9.83168448374756,-6.946121507440978,484.3071786310517
2023-03-19 15:22:30,122.9562845107232,25.88637227836544,-1.0730490816922604,362.98602830113686,23.035949074074075,2023-03-23 15:22:30+00:00,585.361185671814,9.694339107211578,-6.945744807522781,466.9449081803005
2023-03-19 15:37:30,123.04667118578494,25.98305650491426,-1.0576055691015478,337.2553784459513,23.04636574074074,2023-03-23 15:37:30+00:00,585.361185671814,9.556993648511511,-6.945367883101167,475.29215358931555
2023-03-19 15:52:30,123.1352903138586,26.079714969714377,-1.0422584891388935,344.96039150217683,23.056782407407407,2023-03-23 15:52:30+00:00,584.2812155237863,9.419648107618125,-6.944990734191459,471.118530884808
2023-03-19 16:07:30,123.22216200987172,26.176346218506787,-1.0270072002054331,339.80858774666666,23.067199074074075,2023-03-23 16:07:30+00:00,583.1026675437998,9.282302484535562,-6.944613360808813,479.92487479131887
2023-03-19 16:22:30,123.30730610823778,26.2729488315752,-1.0118510587161171,349.17874859763305,23.07761574074074,2023-03-23 16:22:30+00:00,583.1026675437998,9.144956779201378,-6.944235762968708,481.30217028380633
2023-03-19 16:37:30,123.39074216715484,26.369521423047004,-0.9967894194370472,336.17101187535667,23.088032407407407,2023-03-23 16:37:30+00:00,581.8519898996188,9.007610991630145,-6.943857940686486,479.7996661101837
2023-03-19 16:52:30,123.47248947260616,26.46606264016643,-0.9818216358131104,345.48359809552016,23.098449074074075,2023-03-23 16:52:30+00:00,580.5493658070149,8.870265121724259,-6.943479893977319,472.18697829716194
2023-03-19 17:07:30,123.5525670420639,26.5625711624009,-0.9669470603094118,366.07148019761286,23.10886574074074,2023-03-23 17:07:30+00:00,580.5493658070149,8.732919169508687,-6.943101622856736,463.27212020033386
2023-03-19 17:22:30,123.6309936288981,26.659045700875545,-0.9521650446895518,363.8356106647368,23.119282407407407,2023-03-23 17:22:30+00:00,579.2103970406845,8.595573134910996,-6.942723127340073,463.1051752921536
2023-03-19 17:37:30,123.70778772601784,26.755484997640018,-0.937474940307476,349.69434268540243,23.129699074074075,2023-03-23 17:37:30+00:00,577.8473565826207,8.458227017964607,-6.942344407442545,472.2871452420701
2023-03-19 17:52:30,123.78296756973508,26.85188782488021,-0.9228760983964576,346.9582292502414,23.14011574074074,2023-03-23 17:52:30+00:00,577.8473565826207,8.320880818592823,-6.941965463179712,473.7896494156929
2023-03-19 18:07:30,123.8565511435532,26.948252984335,-0.9083678703167096,379.0732806495303,23.150532407407407,2023-03-23 18:07:30+00:00,576.4701137972515,8.183534536766876,-6.9415862945669335,476.79465776293824
2023-03-19 18:22:30,123.92855618222308,27.044579306658218,-0.8939496077993278,372.5745588405448,23.160949074074075,2023-03-23 18:22:30+00:00,575.0868141107557,8.046188172476814,-6.941206901619451,477.79632721202006
2023-03-19 18:37:30,123.99900017494969,27.140865650658196,-0.8796206632010075,435.484996324536,23.17136574074074,2023-03-23 18:37:30+00:00,575.0868141107557,7.9088417256896735,-6.940827284352848,478.29716193656094
2023-03-19 18:52:30,124.0679003695028,27.237110902767164,-0.865380389712501,380.2299730119344,23.181782407407407,2023-03-23 18:52:30+00:00,573.7043762559431,7.771495196376928,-6.9404474427825065,474.04006677796326
2023-03-19 19:07:30,124.1352737757822,27.333313976452207,-0.8512281415677262,378.4053015110153,23.192199074074075,2023-03-23 19:07:30+00:00,572.3288546357298,7.634148584514075,-6.940067376923715,480.6761268781302
2023-03-19 19:22:30,124.20113716905284,27.429473811445163,-0.837163274271403,363.38631798254545,23.20261574074074,2023-03-23 19:22:30+00:00,572.3288546357298,7.496801890068406,-6.939687086792044,481.05175292153586
2023-03-19 19:37:30,124.2655070938915,27.52558937336775,-0.82318514475968,359.68637811083994,23.213032407407407,2023-03-23 19:37:30+00:00,570.9657021759481,7.359455113011544,-6.939306572402938,481.10183639399
2023-03-19 19:52:30,124.3283998676099,27.621659653077263,-0.8092931115929164,359.2899563583998,23.223449074074075,2023-03-23 19:52:30+00:00,570.9657021759481,7.222108253289933,-6.938925833771698,472.4302408776532
2023-03-19 20:07:30,124.3898315832143,27.71768366598569,-0.7954865351463944,350.4644024599468,23.23386574074074,2023-03-23 20:07:30+00:00,569.6199597175167,7.084761310929378,-6.938544870913928,470.7846410684474
2023-03-19 20:22:30,124.4498181135052,27.81366045169461,-0.7817647777462412,400.2288656874257,23.244282407407407,2023-03-23 20:22:30+00:00,568.2963909847848,6.947414285843294,-6.938163683845102,473.9565943238731
2023-03-19 20:37:30,124.50837511400658,27.909589073406742,-0.7681272038318483,403.58599105632294,23.254699074074075,2023-03-23 20:37:30+00:00,568.2963909847848,6.810067178036613,-6.937782272580533,471.28547579298834
2023-03-19 20:52:30,124.56551802621748,28.00546861731644,-0.7545731801140712,370.2006773978579,23.26511574074074,2023-03-23 20:52:30+00:00,566.9995769449536,6.672719987477035,-6.937400637135857,471.50806900389534
2023-03-19 21:07:30,124.62126208101024,28.101298192181652,-0.7411020757012265,420.0601989626061,23.275532407407407,2023-03-23 21:07:30+00:00,565.733979509797,6.53537271413626,-6.937018777526571,473.8452977184196
2023-03-19 21:22:30,124.67562230190796,28.197076928866423,-0.7277132622229087,459.18807173749616,23.285949074074075,2023-03-23 21:22:30+00:00,565.733979509797,6.398025357961244,-6.9366366937680155,472.39844184752366
2023-03-19 21:37:30,124.72861350798009,28.292803979706783,-0.7144061139739706,361.1171559170169,23.29636574074074,2023-03-23 21:37:30+00:00,564.5039816823905,6.260677918992501,-6.936254385875879,466.8405676126878
2023-03-19 21:52:30,124.78025031712389,28.388478518152535,-0.7011800080125346,350.3186835941039,23.306782407407407,2023-03-23 21:52:30+00:00,563.3139091564867,6.123330397114737,-6.9358718538656445,468.4056761268781
2023-03-19 22:07:30,124.83054714919204,28.484099738324065,-0.6880343242668469,354.54945911196074,23.317199074074075,2023-03-23 22:07:30+00:00,563.3139091564867,5.9859827923768405,-6.935489097752713,470.4507512520868
2023-03-19 22:22:30,124.87951822884936,28.579666854423657,-0.6749684456543968,355.2595797808024,23.32761574074074,2023-03-23 22:22:30+00:00,562.1680368404075,5.848635104688439,-6.935106117552772,483.1385642737897
2023-03-19 22:37:30,124.92717758859784,28.675179100412574,-0.6619817581624609,353.0431826498552,23.338032407407407,2023-03-23 22:37:30+00:00,561.0705826603581,5.711287334065436,-6.934722913281345,481.2465219810796
2023-03-19 22:52:30,124.97353907183054,28.77063572956199,-0.6490736509390405,347.42433521569046,23.348449074074075,2023-03-23 22:52:30+00:00,561.0705826603581,5.573939480454969,-6.93433948495388,480.42570951585975
2023-03-19 23:07:30,125.0186163355083,28.86603601394425,-0.6362435163893974,352.7585037562604,23.35886574074074,2023-03-23 23:07:30+00:00,560.0256902010008,5.436591543839686,-6.933955832586045,471.28547579298834
2023-03-19 23:22:30,125.0624228532014,28.961379244112468,-0.6234907502413432,347.940532712477,23.369282407407407,2023-03-23 23:22:30+00:00,559.0374011963976,5.299243524177262,-6.933571956193447,467.278797996661
2023-03-19 23:37:30,125.10497191776273,29.05666472867745,-0.6108147516212478,342.27690684842923,23.379699074074075,2023-03-23 23:37:30+00:00,559.0374011963976,5.161895421473216,-6.933187855791509,468.1691708402893
2023-03-19 23:52:30,125.14627664408243,29.1518917938516,-0.5982149231304047,361.4266833611575,23.39011574074074,2023-03-23 23:52:30+00:00,558.1096185477868,5.024547235666825,-6.932803531395957,466.1519198664441
2023-03-20 00:07:30,125.18634997188774,29.24705978310328,-0.585690670900917,383.6921113110596,23.400532407407407,2023-03-24 00:07:30+00:00,558.1096185477868,4.887198966759492,-6.932418983022413,461.6026711185309
2023-03-20 00:22:30,125.2252046684846,29.34216805679182,-0.573241404649791,356.1418712033228,23.410949074074075,2023-03-24 00:22:30+00:00,557.2460603882464,4.749850614698718,-6.932034210686322,460.65664997217584
2023-03-20 00:37:30,125.26285333100512,29.437215991735563,-0.5608665377532391,347.038587596205,23.42136574074074,2023-03-24 00:37:30+00:00,556.450205721081,4.612502179467476,-6.931649214403458,459.5993322203674
2023-03-20 00:52:30,125.29930838954044,29.53220298097374,-0.548565487276181,348.60479271007233,23.431782407407407,2023-03-24 00:52:30+00:00,556.450205721081,4.475153661023852,-6.931263994189437,454.1457985531442
2023-03-20 01:07:30,125.33458210932876,29.62712843336979,-0.5363376740234839,349.5284492605453,23.442199074074075,2023-03-24 01:07:30+00:00,555.7252323171836,4.337805059373539,-6.930878550059776,453.5336672231497
2023-03-20 01:22:30,125.36868659327452,29.721991773168305,-0.5241825225940225,359.33092622070376,23.45261574074074,2023-03-24 01:22:30+00:00,555.073947855875,4.200456374427016,-6.930492882030245,452.754590984975
2023-03-20 01:37:30,125.40163378462468,29.816792439743683,-0.5120994614091872,358.8694949862395,23.463032407407407,2023-03-24 01:37:30+00:00,555.073947855875,4.063107606244253,-6.930106990116497,452.4207011686144
2023-03-20 01:52:30,125.43343546927984,29.911529887334353,-0.5000879227394065,354.302265048733,23.473449074074075,2023-03-24 01:52:30+00:00,554.4987157190923,3.925758754729363,-6.929720874334058,448.1844741235392
2023-03-20 02:07:30,125.46410327814483,30.006203584525608,-0.4881473427617762,370.0386641092191,23.48386574074074,2023-03-24 02:07:30+00:00,554.0013773773695,3.788409819894765,-6.9293345346987465,443.0956355831147
2023-03-20 02:22:30,125.49364868946776,30.100813014105405,-0.4762771615664248,366.8761566435014,23.494282407407407,2023-03-24 02:22:30+00:00,554.0013773773695,3.651060801684229,-6.928947971226247,439.8998330550918
2023-03-20 02:37:30,125.52208303141158,30.195357672721993,-0.4644768231865484,357.4051218091545,23.504699074074075,2023-03-24 02:37:30+00:00,553.5831739030943,3.513711700089278,-6.928561183932098,444.2404006677796
2023-03-20 02:52:30,125.549417483998,30.289837070527803,-0.452745775628605,368.4980580586589,23.51511574074074,2023-03-24 02:52:30+00:00,553.2446697630525,3.376362515078899,-6.92817417283215,440.1780745687256
2023-03-20 03:07:30,125.57566308154244,30.384250730907077,-0.4410834708890968,352.1517148225492,23.525532407407407,2023-03-24 03:07:30+00:00,553.2446697630525,3.2390132466259787,-6.927786937942109,441.06844741235386
2023-03-20 03:22:30,125.60083071490722,30.478598190276312,-0.4294893649613667,365.0002298225814,23.535949074074075,2023-03-24 03:22:30+00:00,552.9856826145134,3.101663894707841,-6.927399479277544,443.73956594323874
2023-03-20 03:37:30,125.62493113348648,30.572878997632493,-0.4179629178705774,362.2256497070216,23.54636574074074,2023-03-24 03:37:30+00:00,552.8052232806201,2.9643144592643456,-6.927011796854335,439.8759837824946
2023-03-20 03:52:30,125.6479749474564,30.667092714398887,-0.4065035936722286,350.6786763468831,23.556782407407407,2023-03-24 03:52:30+00:00,552.8052232806201,2.8269649403123305,-6.926623890688225,438.6199220923762
2023-03-20 04:07:30,125.66997263005452,30.76123891422519,-0.3951108604532273,368.10206189489435,23.567199074074075,2023-03-24 04:07:30+00:00,552.7014503278016,2.6896153378000545,-6.926235760794793,429.2779632721202
2023-03-20 04:22:30,125.6909345192142,30.855317182477307,-0.3837841903701497,374.6303263442896,23.57761574074074,2023-03-24 04:22:30+00:00,552.7014503278016,2.5522656517112177,-6.92584740718996,426.3216471897607
2023-03-20 04:37:30,125.71087082008609,30.949327116237026,-0.3725230596234374,366.9206847192918,23.588032407407407,2023-03-24 04:37:30+00:00,552.6716436278936,2.4149158820482923,-6.9254588298894895,438.9315525876461
2023-03-20 04:52:30,125.72979160677232,31.043268323952276,-0.3613269484736283,353.8739644822156,23.598449074074075,2023-03-24 04:52:30+00:00,552.7122008912733,2.2775660287305266,-6.925070028908999,440.2337228714524
2023-03-20 05:07:30,125.74770682432543,31.13714042513071,-0.3501953412502122,363.84646160448966,23.60886574074074,2023-03-24 05:07:30+00:00,552.7122008912733,2.1402160917418684,-6.924681004264414,437.8408458542014
2023-03-20 05:22:30,125.7646262906386,31.23094305016844,-0.3391277263433435,364.2918152624252,23.619282407407407,2023-03-24 05:22:30+00:00,552.818660361748,2.0028660710848363,-6.924291755971548,436.282693377852
2023-03-20 05:37:30,125.78055969861556,31.324675840168094,-0.3281235961967441,354.7350209709654,23.629699074074075,2023-03-24 05:37:30+00:00,552.9857516659494,1.865515966722628,-6.92390228404603,440.90150250417366
2023-03-20 05:52:30,125.7955166177472,31.41833844656312,-0.3171824473202226,361.286497904671,23.64011574074074,2023-03-24 05:52:30+00:00,552.9857516659494,1.7281657786246185,-6.923512588503825,439.0889577867875
2023-03-20 06:07:30,125.8095064960768,31.511930531000548,-0.3063037802737224,360.27553284161735,23.650532407407407,2023-03-24 06:07:30+00:00,553.2074752558391,1.5908155067354526,-6.92312266936077,418.53088480801335
2023-03-20 06:22:30,125.82253866213227,31.60545176515044,-0.2954870996569183,370.3678841246204,23.660949074074075,2023-03-24 06:22:30+00:00,553.4772090724423,1.4534651510620058,-6.922732526632518,405.4614834247555
2023-03-20 06:37:30,125.83462232645392,31.69890183035669,-0.2847319141171292,357.2299282638287,23.67136574074074,2023-03-24 06:37:30+00:00,553.4772090724423,1.316114711603022,-6.922342160335075,409.110422132125
2023-03-20 06:52:30,125.84576658360248,31.79228041754026,-0.2740377363278096,364.2430225589658,23.681782407407407,2023-03-24 06:52:30+00:00,553.7878391410297,1.178764188288641,-6.921951570484286,412.0756816917084
2023-03-20 07:07:30,125.85598041381527,31.885587226996932,-0.2634040829769733,361.6122784166014,23.692199074074075,2023-03-24 07:07:30+00:00,554.1319089671942,1.0414135810968357,-6.92156075709585,404.7996661101837
2023-03-20 07:22:30,125.86527268455612,31.978821968093904,-0.2528304747684776,396.3297224697805,23.70261574074074,2023-03-24 07:22:30+00:00,554.1319089671942,0.9040628900119247,-6.921169720185779,408.2429048414024
2023-03-20 07:37:30,125.873652152495,32.07198435919104,-0.2423164363955771,432.05685010008006,23.713032407407407,2023-03-24 07:37:30+00:00,554.5017810376888,0.7667121149933378,-6.920778459769973,402.78241513633833
2023-03-20 07:52:30,125.88112746487695,32.16507412740567,-0.2318614965324862,374.2171934909831,23.723449074074075,2023-03-24 07:52:30+00:00,554.8898026238021,0.6293612560483332,-6.92038697586413,405.17529215358934
2023-03-20 08:07:30,125.88770716127344,32.25809100837785,-0.2214651878244334,378.7960985566461,23.73386574074074,2023-03-24 08:07:30+00:00,554.8898026238021,0.4920103131322438,-6.919995268484321,399.77740678909294
2023-03-20 08:22:30,125.89339967511197,32.35103474612183,-0.2111270468690614,382.1856740400668,23.744282407407407,2023-03-24 08:22:30+00:00,555.2884675809548,0.3546592862047196,-6.919603337646439,399.1652754590985
2023-03-20 08:37:30,125.89821333544532,32.44390509294534,-0.2008466141879197,374.69218723712646,23.754699074074075,2023-03-24 08:37:30+00:00,555.2884675809548,0.2173081752730203,-6.919211183366244,397.88536449638286
2023-03-20 08:52:30,125.90215636811214,32.53670180904668,-0.1906234342353211,384.8712296250951,23.76511574074074,2023-03-24 08:52:30+00:00,555.6905660135636,0.0799569802636799,-6.9188188056598205,396.04897050639954
2023-03-20 09:07:30,125.90523689761535,32.629424662556694,-0.1804570553556161,363.2078889198046,23.775532407407407,2023-03-24 09:07:30+00:00,556.0893145277745,359.9426057011946,-6.918426204543081,402.5041736227045
2023-03-20 09:22:30,125.90746294849788,32.72207342930533,-0.1703470297726118,356.3210068816691,23.785949074074075,2023-03-24 09:22:30+00:00,556.0893145277745,359.8052543380151,-6.918033380031833,414.41291040623264
2023-03-20 09:37:30,125.90884244669816,32.814647892581625,-0.1602929135773084,365.5073270265257,23.79636574074074,2023-03-24 09:37:30+00:00,556.478461245203,359.66790289072463,-6.917640332142151,421.6471897607123
2023-03-20 09:52:30,125.9093832211112,32.90714784306665,-0.1502942666981908,358.2033273847216,23.806782407407407,2023-03-24 09:52:30+00:00,556.8523616489233,359.5305513592683,-6.917247060890026,420.2003338898163
