time,longitude,radius,latitude,Vr,Time_days,Times_Earth,Vr_pred_Earth,Lon-L1,Lat-L1,Vr_obs_Earth
2023-06-19 14:37:30,57.81270159402554,32.82357806140118,2.3117921286324736,201.5587369296414,5.90349537037037,2023-06-23 14:37:30+00:00,470.7878269428012,234.08807440227707,1.9736128455649744,380.550918196995
2023-06-19 14:52:30,57.81417383175528,32.73101266943563,2.303723559749571,191.2675051700116,5.913912037037037,2023-06-23 14:52:30+00:00,470.2278185339167,233.95019197890707,1.9748208399814136,385.8653311074012
2023-06-19 15:07:30,57.81649131286499,32.63837296466251,2.2955934556526145,191.5149896067705,5.924328703703703,2023-06-23 15:07:30+00:00,470.2278185339167,233.81230955124488,1.9760287742554652,392.8213689482471
2023-06-19 15:22:30,57.81966192829427,32.54565916309167,2.2874011753736565,197.20332909075228,5.93474537037037,2023-06-23 15:22:30+00:00,469.63120437390216,233.67442711937716,1.9772366483513792,390.15025041736226
2023-06-19 15:37:30,57.823693666517805,32.452871488325336,2.2791460697813086,197.0296375530542,5.945162037037037,2023-06-23 15:37:30+00:00,468.9984656343433,233.5365446832807,1.978444462232491,390.525876460768
2023-06-19 15:52:30,57.82859461536306,32.360010171588854,2.270827481454226,215.7661872318737,5.955578703703703,2023-06-23 15:52:30+00:00,468.9984656343433,233.3986622429369,1.979652215862563,410.740122426266
2023-06-19 16:07:30,57.83437296345457,32.267075451904105,2.2624447445641764,201.26333356134964,5.96599537037037,2023-06-23 16:07:30+00:00,468.33029118212204,233.2607797983887,1.9808599092058796,376.73900946021143
2023-06-19 16:22:30,57.84103700135216,32.17406757639593,2.253997184769295,191.85710945596256,5.976412037037037,2023-06-23 16:22:30+00:00,468.33029118212204,233.12289734967135,1.9820675422257663,403.78408458542015
2023-06-19 16:37:30,57.84859512356588,32.08098680030791,2.2454841190801256,215.71625131709143,5.986828703703703,2023-06-23 16:37:30+00:00,467.6275501703439,232.98501489672236,1.9832751148860157,389.00548533269733
2023-06-19 16:52:30,57.85705582990301,31.987833387222693,2.236904855740745,188.60374526018816,5.99724537037037,2023-06-23 16:52:30+00:00,466.891265064285,232.8471324396141,1.984482627150885,392.48747913188646
2023-06-19 17:07:30,57.86642772682197,31.894607609347787,2.2282586941155476,189.77891580052776,6.007662037037037,2023-06-23 17:07:30+00:00,466.891265064285,232.709249978338,1.9856900789837248,404.2362270450752
2023-06-19 17:22:30,57.87671952943299,31.801309747572176,2.2195449245518772,192.03218604158155,6.018078703703703,2023-06-23 17:22:30+00:00,466.1225856281628,232.57136751289,1.9868974703483195,407.178631051753
2023-06-19 17:37:30,57.88794006295484,31.7079400916942,2.2107628282563803,196.41629418205972,6.02849537037037,2023-06-23 17:37:30+00:00,465.322764287168,232.43348504332772,1.988104801208961,406.2326099053979
2023-06-19 17:52:30,57.90009826414641,31.614498940695608,2.201911677174426,232.40818553021356,6.038912037037037,2023-06-23 17:52:30+00:00,465.322764287168,232.295602569585,1.989312071528966,403.50584307178633
2023-06-19 18:07:30,57.913203183392504,31.52098660282608,2.1929907338492596,218.5529255365493,6.049328703703703,2023-06-23 18:07:30+00:00,464.4931331730925,232.15772009172989,1.9905192812721308,402.0033388981636
2023-06-19 18:22:30,57.927263986206306,31.427403395862164,2.183999251295669,218.02954717424737,6.05974537037037,2023-06-23 18:22:30+00:00,463.6350830646274,232.0198376097624,1.991726430402765,394.4908180300501
2023-06-19 18:37:30,57.94228995494442,31.333749647342767,2.1749364728686835,211.04808912023836,6.070162037037037,2023-06-23 18:37:30+00:00,463.6350830646274,231.8819551236888,1.9929335188841768,397.49582637729554
2023-06-19 18:52:30,57.95829049053586,31.24002569476664,2.1658016321279785,215.06044522631305,6.080578703703703,2023-06-23 18:52:30+00:00,462.7500443473162,231.74407263349036,1.994140546680192,423.03839732888144
2023-06-19 19:07:30,57.97527511457217,31.1462318857154,2.156593952691362,233.52522790427773,6.09099537037037,2023-06-23 19:07:30+00:00,461.83947004446185,231.60619013921033,1.9953475137551009,414.57985531441295
2023-06-19 19:22:30,57.99325347070853,31.052368578288583,2.1473126481173312,214.32532111516616,6.101412037037037,2023-06-23 19:22:30+00:00,461.83947004446185,231.46830764088432,1.9965544200722176,411.8739565943239
2023-06-19 19:37:30,58.01223532688481,30.958436141118703,2.1379569217446077,222.2665800527761,6.111828703703703,2023-06-23 19:37:30+00:00,460.90482090934904,231.33042513844995,1.9977612655953736,425.20868113522533
2023-06-19 19:52:30,58.032230577018865,30.864434953683883,2.1285259665578087,198.9622793248992,6.12224537037037,2023-06-23 19:52:30+00:00,459.9475525205923,231.19254263197976,1.998968050288863,412.2704507512521
2023-06-19 20:07:30,58.05324924099816,30.770365401243893,2.119018964893536,230.4896522295332,6.132662037037037,2023-06-23 20:07:30+00:00,459.9475525205923,231.0546601214658,2.0001747741160236,401.7696160267112
2023-06-19 20:22:30,58.07530147053741,30.67622788533072,2.10943508858236,234.08585823463332,6.143078703703703,2023-06-23 20:22:30+00:00,458.9691042853972,230.9167776069328,2.001381437040674,410.2551872167899
2023-06-19 20:37:30,58.098397551417186,30.58202282522963,2.099773498856634,244.24526811063683,6.15349537037037,2023-06-23 20:37:30+00:00,458.9691042853972,230.7788950883517,2.0025880390271213,437.3121869782972
2023-06-19 20:52:30,58.12254790111324,30.48775064636122,2.09003334584868,254.764678248742,6.163912037037037,2023-06-23 20:52:30+00:00,457.9708902288656,230.6410125657727,2.0037945800386927,458.76460767946577
2023-06-19 21:07:30,58.14776307308209,30.393411786195603,2.080213768600286,237.64654220126383,6.174328703703703,2023-06-23 21:07:30+00:00,456.9542914298079,230.5031300391771,2.005001060039223,425.765164162493
2023-06-19 21:22:30,58.1740537588688,30.29900669457828,2.0703138949165973,234.79949755994937,6.18474537037037,2023-06-23 21:22:30+00:00,456.9542914298079,230.36524750859397,2.006207478993011,412.97400429286904
2023-06-19 21:37:30,58.20143079007573,30.204535834045377,2.060332841218097,248.25062628978245,6.195162037037037,2023-06-23 21:37:30+00:00,455.9206499534572,230.22736497401533,2.007413836863417,413.6179346529931
2023-06-19 21:52:30,58.22990514062102,30.10999968004243,2.050269712379145,262.23538355373483,6.205578703703703,2023-06-23 21:52:30+00:00,454.8712641276126,230.0894824354664,2.008620133614257,413.00083472454094
2023-06-19 22:07:30,58.25948792892782,30.015398721196277,2.0401236015710467,266.3863897676413,6.21599537037037,2023-06-23 22:07:30+00:00,454.8712641276126,229.951599892976,2.0098263692098395,419.588202559822
2023-06-19 22:22:30,58.29019042004107,29.92073345972842,2.029893590116767,242.38140235034913,6.226412037037037,2023-06-23 22:22:30+00:00,453.80738500978293,229.81371734652197,2.011032543613517,417.6405119643851
2023-06-19 22:37:30,58.32202402797736,29.826004411597257,2.019578747314986,218.79827994566324,6.236828703703703,2023-06-23 22:37:30+00:00,452.73021389768996,229.67583479612915,2.0122386567891337,413.29994435169726
2023-06-19 22:52:30,58.35500031805043,29.731212106884502,2.009178130288474,213.03099349295027,6.24724537037037,2023-06-23 22:52:30+00:00,452.73021389768996,229.5379522418125,2.013444708700983,405.008347245409
2023-06-19 23:07:30,58.38913100903627,29.636357090151566,1.9986907838264092,264.52021051314506,6.257662037037037,2023-06-23 23:07:30+00:00,451.64090074300515,229.40006968354928,2.0146506993124578,411.5748469671675
2023-06-19 23:22:30,58.42442797568558,29.541439920698313,1.9881157402142555,218.70907149635013,6.268078703703703,2023-06-23 23:22:30+00:00,450.5405433375658,229.26218712140857,2.0158566285873465,409.1263216471898
2023-06-19 23:37:30,58.460903251200776,29.446461172841477,1.977452019063202,225.3114022937115,6.27849537037037,2023-06-23 23:37:30+00:00,450.5405433375658,229.12430455537577,2.0170624964900092,409.2654424040067
2023-06-19 23:52:30,58.49856902934851,29.351421436415517,1.9666986271629887,227.97357826241137,6.288912037037037,2023-06-23 23:52:30+00:00,449.4301871518362,228.98642198541415,2.018268302983786,408.43071786310514
2023-06-20 00:07:30,58.53743766730354,29.256321317030817,1.9558545582966864,230.9508141506642,6.299328703703703,2023-06-24 00:07:30+00:00,448.3108257164722,228.8485394116217,2.0194740480325364,409.84974958263774
2023-06-20 00:22:30,58.57752168798132,29.161161436622425,1.9449187930765688,227.7485483887692,6.30974537037037,2023-06-24 00:22:30+00:00,448.3108257164722,228.71065683394028,2.0206797316005787,411.81135225375624
2023-06-20 00:37:30,58.61883378261086,29.06594243338494,1.9338902987808635,237.57606786222183,6.320162037037037,2023-06-24 00:37:30+00:00,447.18340144906114,228.57277425239135,2.0218853536512515,407.01168614357266
2023-06-20 00:52:30,58.661386813303174,28.97066496234202,1.9227680291804763,240.43793452960804,6.330578703703703,2023-06-24 00:52:30+00:00,447.18340144906114,228.4348916670293,2.023090914148435,402.9841402337229
2023-06-20 01:07:30,58.70519381598103,28.87532969563793,1.9115509243525255,244.42653383694233,6.34099537037037,2023-06-24 01:07:30+00:00,446.04880683911415,228.29700907782524,2.0242964130564465,406.5776293823038
2023-06-20 01:22:30,58.75026800252488,28.77993732313671,1.9002379105329412,243.0222092340057,6.351412037037037,2023-06-24 01:22:30+00:00,444.9078859149248,228.1591264847861,2.0255018503386593,412.4373956594324
2023-06-20 01:37:30,58.7966227639544,28.68448855266594,1.8888278999239647,228.65101251498143,6.361828703703703,2023-06-24 01:37:30+00:00,444.9078859149248,228.0212438879372,2.0267072259589267,404.9526989426822
2023-06-20 01:52:30,58.8442716731098,28.58898411040857,1.8773197905185677,238.52705070620348,6.37224537037037,2023-06-24 01:52:30+00:00,443.76143592582963,227.883361287308,2.0279125398815765,408.881469115192
2023-06-20 02:07:30,58.89322848717397,28.49342474146374,1.8657124659422335,186.0678472049439,6.382662037037037,2023-06-24 02:07:30+00:00,442.61020918258055,227.7454786828908,2.0291177920699774,403.4501947690596
2023-06-20 02:22:30,58.943507150907585,28.39781121011606,1.8540047952578431,167.13550683306102,6.393078703703703,2023-06-24 02:22:30+00:00,442.61020918258055,227.607596074682,2.030322982488012,416.9091342714047
2023-06-20 02:37:30,58.9951217993199,28.30214430031229,1.842195632794977,177.8777473659436,6.40349537037037,2023-06-24 02:37:30+00:00,441.454915006938,227.46971346269655,2.0315281110999797,416.0267111853088
2023-06-20 02:52:30,59.04808676063539,28.20642481616065,1.8302838179787997,170.02805604839497,6.413912037037037,2023-06-24 02:52:30+00:00,440.29622174917074,227.3318308469558,2.0327331778693067,419.3099610461881
2023-06-20 03:07:30,59.102416559287015,28.11065358234808,1.8182681751483276,172.4228313949046,6.424328703703703,2023-06-24 03:07:30+00:00,440.29622174917074,227.1939482274563,2.033938182759801,407.3455759599332
2023-06-20 03:22:30,59.15812591908213,28.01483144452273,1.8061475133684752,184.36111532056637,6.43474537037037,2023-06-24 03:22:30+00:00,439.13475883893585,227.05606560425664,2.035143125735858,402.83806343906514
2023-06-20 03:37:30,59.21522976594769,27.91895926995285,1.793920626275098,183.62697406608768,6.445162037037037,2023-06-24 03:37:30+00:00,437.97111884102117,226.9181829773202,2.0363480067608264,406.12131329994435
2023-06-20 03:52:30,59.27374323134924,27.82303794784329,1.7815862918753804,167.73421380346613,6.455578703703703,2023-06-24 03:52:30+00:00,437.97111884102117,226.78030034665804,2.037552825798602,418.5308848080134
2023-06-20 04:07:30,59.3336816553796,27.727068389890523,1.7691432723780705,166.65138734545192,6.46599537037037,2023-06-24 04:07:30+00:00,436.8058594927193,226.64241771232872,2.0387575828135023,444.51864218141344
2023-06-20 04:22:30,59.39506058979485,27.63105153085603,1.756590314023656,189.92268664799803,6.476412037037037,2023-06-24 04:22:30+00:00,435.63950570420894,226.5045350742812,2.039962277768925,446.0767946577629
2023-06-20 04:37:30,59.4578958015016,27.53498832897585,1.7439261468935474,183.6154574059685,6.486828703703703,2023-06-24 04:37:30+00:00,435.63950570420894,226.36665243255564,2.041166910628764,428.4919309961046
2023-06-20 04:52:30,59.522203275803335,27.43887976652993,1.731149484738408,170.38227346755113,6.49724537037037,2023-06-24 04:52:30+00:00,434.47255150730683,226.2287697871672,2.0423714813573417,421.5915414579855
2023-06-20 05:07:30,59.58799921954965,27.342726850476566,1.7182590248143554,160.57714208588234,6.507662037037037,2023-06-24 05:07:30+00:00,434.47255150730683,226.090887138123,2.0435759899180845,411.3105175292154
2023-06-20 05:22:30,59.6553000647511,27.246530612911368,1.705253447695417,168.16455703454508,6.518078703703703,2023-06-24 05:22:30+00:00,433.30546194138014,225.9530044854195,2.044780436274847,421.70283806343906
2023-06-20 05:37:30,59.72412247200115,27.15029211162924,1.6921314170993509,175.67518736133093,6.52849537037037,2023-06-24 05:37:30+00:00,432.1386748681278,225.81512182910117,2.045984820391968,439.9554813578186
2023-06-20 05:52:30,59.794483333809744,27.054012430801414,1.678891579728732,161.32447135156076,6.538912037037037,2023-06-24 05:52:30+00:00,432.1386748681278,225.6772391691605,2.04718914223289,453.32697352730736
2023-06-20 06:07:30,59.86639977822816,26.95769268150882,1.665532565091871,158.27309407140902,6.549328703703703,2023-06-24 06:07:30+00:00,430.9726027094095,225.53935650559396,2.048393401761474,435.559265442404
2023-06-20 06:22:30,59.93988917255758,26.861334002336832,1.652052985332529,165.23592500796315,6.55974537037037,2023-06-24 06:22:30+00:00,429.80763410437646,225.40147383841713,2.04959759894208,431.03088480801335
2023-06-20 06:37:30,60.01496912659909,26.764937560089137,1.638451435076658,161.88962274054936,6.570162037037037,2023-06-24 06:37:30+00:00,429.80763410437646,225.2635911676516,2.0508017337381084,436.1554972573336
2023-06-20 06:52:30,60.09165749673483,26.66850455035309,1.6247264912584591,164.86225730426506,6.580578703703703,2023-06-24 06:52:30+00:00,428.6441354838811,225.12570849333784,2.052005806113459,432.93584545671354
2023-06-20 07:07:30,60.16997238951592,26.572036198139365,1.610876712957641,170.37072289775284,6.59099537037037,2023-06-24 07:07:30+00:00,427.4824525615641,224.98782581543287,2.053209816032496,435.28102392877014
2023-06-20 07:22:30,60.249932165214645,26.47553375867446,1.5969006412598368,174.88039279273698,6.601412037037037,2023-06-24 07:22:30+00:00,427.4824525615641,224.8499431339876,2.054413763458608,406.24850942046265
2023-06-20 07:37:30,60.33155544195661,26.378998517967297,1.5827967990849527,164.75750450575234,6.611828703703703,2023-06-24 07:37:30+00:00,426.3229117421772,224.71206044896977,2.0556176483557325,437.2913188647746
2023-06-20 07:52:30,60.41486109939474,26.282431793520324,1.5685636910390728,163.3110131775222,6.62224537037037,2023-06-24 07:52:30+00:00,425.1658214486285,224.57417776042377,2.0568214706881784,427.04507512520865
2023-06-20 08:07:30,60.499868282532226,26.185834935184875,1.5541998032878643,164.52314247176153,6.632662037037037,2023-06-24 08:07:30+00:00,425.1658214486285,224.43629506838613,2.0580252304194313,440.67890929326654
2023-06-20 08:22:30,60.586596405854664,26.089209325743656,1.5397036033935343,169.4112302337425,6.643078703703703,2023-06-24 08:22:30+00:00,424.01147336997917,224.29841237281,2.0592289275133155,445.24207011686144
2023-06-20 08:37:30,60.67506515737911,25.99255638168283,1.5250735401806323,166.5016003583534,6.65349537037037,2023-06-24 08:37:30+00:00,422.86014363319015,224.16052967375427,2.060432561934269,430.11686143572615
2023-06-20 08:52:30,60.76529450228915,25.895877554114975,1.5103080436284877,163.22021577739392,6.663912037037037,2023-06-24 08:52:30+00:00,422.86014363319015,224.02264697121208,2.061636133645669,464.6076794657763
2023-06-20 09:07:30,60.85730468733889,25.799174329411343,1.495405524722806,162.08772958006173,6.674328703703703,2023-06-24 09:07:30+00:00,421.7120939018528,223.88476426516567,2.0628396426114537,420.2003338898163
2023-06-20 09:22:30,60.9511162450981,25.702448230009058,1.4803643753366162,159.51383765210122,6.68474537037037,2023-06-24 09:22:30+00:00,421.7120939018528,223.74688155567404,2.0640430887959806,424.7634947134112
2023-06-20 09:37:30,61.04674999761207,25.605700815418512,1.4651829681468038,158.36952321791395,6.695162037037037,2023-06-24 09:37:30+00:00,420.5675724054551,223.6089988427303,2.06524647216268,420.1377295492488
2023-06-20 09:52:30,61.14422706106325,25.5089336828752,1.4498596565004107,161.07696334189885,6.705578703703703,2023-06-24 09:52:30+00:00,419.42681490295195,223.4711161263458,2.0664497926754515,449.6494156928214
2023-06-20 10:07:30,61.24356884990092,25.41214846825759,1.4343927743256966,167.9024553195895,6.71599537037037,2023-06-24 10:07:30+00:00,419.42681490295195,223.33323340653615,2.067653050298686,447.4123539232054
2023-06-20 10:22:30,61.34479708087925,25.31534684707485,1.418780636061338,163.58963619702982,6.726412037037037,2023-06-24 10:22:30+00:00,418.2900455845505,223.19535068327968,2.0688562449958297,467.09098497495825
2023-06-20 10:37:30,61.44793377757539,25.218530535288203,1.4030215365652636,168.18006671951795,6.736828703703703,2023-06-24 10:37:30+00:00,417.157477915693,223.05746795664632,2.070059376730765,460.51752921535893
2023-06-20 10:52:30,61.553001274941174,25.121701290184195,1.3871137510357008,176.62713544046247,6.74724537037037,2023-06-24 10:52:30+00:00,417.157477915693,222.9195852265934,2.071262445467909,479.4991652754591
2023-06-20 11:07:30,61.66002222307932,25.024860911488137,1.371055534982168,172.5389193709112,6.757662037037037,2023-06-24 11:07:30+00:00,416.0293154272397,222.78170249318651,2.0724654511706846,449.3202957309802
2023-06-20 11:22:30,61.76901959219214,24.92801124222515,1.3548451241598654,177.23352988003728,6.768078703703703,2023-06-24 11:22:30+00:00,414.9057524558334,222.64381975637943,2.073668393803012,452.0391128070594
2023-06-20 11:37:30,61.88001667690308,24.83115416970424,1.3384807345338026,174.35211016761664,6.77849537037037,2023-06-24 11:37:30+00:00,414.9057524558334,222.5059370162311,2.074871273329307,457.51252086811354
2023-06-20 11:52:30,61.99303710049938,24.734291626607472,1.321960562270161,170.6067096891539,6.788912037037037,2023-06-24 11:52:30+00:00,413.7869748383717,222.36805427273492,2.0760740897129737,452.33722871452426
2023-06-20 12:07:30,62.10810481952927,24.637425592037985,1.3052827837293002,171.8651918325793,6.799328703703703,2023-06-24 12:07:30+00:00,412.6731605644321,222.23017152588773,2.077276842917951,430.2726766833612
2023-06-20 12:22:30,62.22524412867847,24.54055809243424,1.288445555447419,178.00020570787896,6.80974537037037,2023-06-24 12:22:30+00:00,412.6731605644321,222.09228877573463,2.0784795329086463,433.7228714524207
2023-06-20 12:37:30,62.34447966454355,24.44369120290461,1.2714470142018852,182.41103488919617,6.820162037037037,2023-06-24 12:37:30+00:00,411.5644803903992,221.954406022225,2.079682159648502,435.50361713967726
2023-06-20 12:52:30,62.46583641080031,24.346827048175676,1.254285277021279,183.85799155304753,6.830578703703703,2023-06-24 12:52:30+00:00,410.4610984189277,221.81652326544335,2.080884723101452,432.864297638922
2023-06-20 13:07:30,62.58933970260526,24.249967803723052,1.2369584412415942,185.510442719194,6.84099537037037,2023-06-24 13:07:30+00:00,410.4610984189277,221.67864050540544,2.082087223231884,422.7045075125209
2023-06-20 13:22:30,62.71501523097757,24.15311569706978,1.2194645846040386,184.8449369375946,6.851412037037037,2023-06-24 13:22:30+00:00,409.3631726472606,221.54075774204625,2.0832896600032713,414.1346688925988
2023-06-20 13:37:30,62.84288904749561,24.0562730088917,1.201801765336288,190.8746385260756,6.861828703703703,2023-06-24 13:37:30+00:00,409.3631726472606,221.4028749754359,2.084492033379524,417.0075125208681
2023-06-20 13:52:30,62.97298756912094,23.95944207415795,1.183968022254176,194.86217458368023,6.87224537037037,2023-06-24 13:52:30+00:00,408.2708554877937,221.2649922055464,2.0856943433251,420.0890372843628
2023-06-20 14:07:30,63.10533758209959,23.862625283627715,1.1659613749463549,198.1396524098928,6.882662037037037,2023-06-24 14:07:30+00:00,407.1842942641563,221.12710943244383,2.0868965898033895,434.0011129660545
2023-06-20 14:22:30,63.23996624715067,23.765825084884476,1.147779823892341,199.28096010275988,6.893078703703703,2023-06-24 14:22:30+00:00,407.1842942641563,220.98922665609663,2.08809877277837,419.6994991652755
2023-06-20 14:37:30,63.37690110394448,23.6690439837086,1.1294213506626725,193.12666428790203,6.90349537037037,2023-06-24 14:37:30+00:00,406.1036316859545,220.8513438765204,2.0893008922144594,424.0191986644407
2023-06-20 14:52:30,63.5161700751577,23.572284545502377,1.1108839181499606,190.86174124356455,6.913912037037037,2023-06-24 14:52:30+00:00,405.0290063052056,220.71346109375227,2.0905029480751085,452.81719532554257
2023-06-20 15:07:30,63.657801471411275,23.47554939659187,1.0921654707999378,201.24047393025103,6.924328703703703,2023-06-24 15:07:30+00:00,405.0290063052056,220.57557830778975,2.091704940324265,457.7003338898164
2023-06-20 15:22:30,63.801823995776296,23.378841225537297,1.0732639348657234,200.83187177699537,6.93474537037037,2023-06-24 15:22:30+00:00,403.96055295737654,220.43769551866296,2.0929068689263457,480.9682804674457
2023-06-20 15:37:30,63.94826674791417,23.28216278471965,1.0541772187426262,181.5109870956888,6.945162037037037,2023-06-24 15:37:30+00:00,402.8984031898368,220.29981272632207,2.094108733844851,480.63439065108514
2023-06-20 15:52:30,64.09715922854267,23.1855168917255,1.0349032132894096,178.8816908010376,6.955578703703703,2023-06-24 15:52:30+00:00,402.8984031898368,220.1619299308516,2.095310535043673,477.46243739565944
2023-06-20 16:07:30,64.24853134407965,23.08890643075045,1.015439792182024,170.96654064346117,6.96599537037037,2023-06-24 16:07:30+00:00,401.84268568043484,220.02404713222384,2.0965122724872876,439.6772398441848
2023-06-20 16:22:30,64.40241341046823,22.992334354297434,0.9957848123556436,174.48551629853355,6.976412037037037,2023-06-24 16:22:30+00:00,400.7935266488183,219.8861643304616,2.0977139461391197,432.1577629382303
2023-06-20 16:37:30,64.55883615777178,22.895803684568925,0.9759361144173784,147.11236371900898,6.986828703703703,2023-06-24 16:37:30+00:00,400.7935266488183,219.7482815255913,2.098915555963179,438.5642737896494
2023-06-20 16:52:30,64.7178307343033,22.79931751510688,0.9558915231431602,160.4403361417321,6.99724537037037,2023-06-24 16:52:30+00:00,399.75105026303544,219.6103987175709,2.1001171019238742,453.67278797996664
2023-06-20 17:07:30,64.87942871021482,22.70287901250433,0.9356488480247618,165.10792746288791,7.007662037037037,2023-06-24 17:07:30+00:00,398.71537904388424,219.4725159064811,2.101318583984668,458.406868590508
2023-06-20 17:22:30,65.04366208210186,22.606491417901932,0.915205883810984,154.07730511062638,7.018078703703703,2023-06-24 17:22:30+00:00,398.71537904388424,219.33463309231965,2.102520002109538,460.1836393989984
2023-06-20 17:37:30,65.21056327657159,22.51015804875517,0.8945604111441768,149.98752072945493,7.02849537037037,2023-06-24 17:37:30+00:00,397.68663426940697,219.19675027505895,2.1037213562629145,463.0717863105175
2023-06-20 17:52:30,65.3801651538534,22.413882300627943,0.8737101972448764,151.52393020206682,7.038912037037037,2023-06-24 17:52:30+00:00,397.68663426940697,219.0588674547507,2.104922646408282,452.69894268224823
2023-06-20 18:07:30,65.55250101162572,22.317667648833876,0.8526529966102663,183.1591473669355,7.049328703703703,2023-06-24 18:07:30+00:00,396.66493638187256,218.92098463137816,2.10612387250962,467.4457429048414
2023-06-20 18:22:30,65.72760458859258,22.221517650251183,0.8313865517941945,189.7688566337813,7.05974537037037,2023-06-24 18:22:30+00:00,395.65040539953907,218.78310180497195,2.107325034531352,462.15915414579854
2023-06-20 18:37:30,65.90551006747654,22.1254359452426,0.8099085942620392,193.96038492093808,7.070162037037037,2023-06-24 18:37:30+00:00,395.65040539953907,218.6452189755402,2.1085261324369777,474.6800222593211
2023-06-20 18:52:30,66.08625207839026,22.029426259460827,0.7882168452721888,192.29011686349793,7.080578703703703,2023-06-24 18:52:30+00:00,394.64316133543826,218.5073361430954,2.1097271661904644,468.9482470784641
2023-06-20 19:07:30,66.2698657020508,21.93349240569306,0.7663090168209526,201.1566140890208,7.09099537037037,2023-06-24 19:07:30+00:00,393.6433246253878,218.36945330765352,2.1109281357562475,470.06121313299946
2023-06-20 19:22:30,66.45638647206326,21.837638285950064,0.7441828126997537,191.27988930967956,7.101412037037037,2023-06-24 19:22:30+00:00,393.6433246253878,218.23157046922316,2.1121290410978597,497.2732331663884
2023-06-20 19:37:30,66.64585037785655,21.74186789332236,0.721835929563259,205.45482781379815,7.111828703703703,2023-06-24 19:37:30+00:00,392.6510165673899,218.0936876278017,2.1133298821792263,519.3656093489149
2023-06-20 19:52:30,66.83829386710548,21.6461853140186,0.6992660581004457,198.36952638314185,7.12224537037037,2023-06-24 19:52:30+00:00,391.66635977454047,217.9558047834348,2.114530658964857,500.4451864218141
2023-06-20 20:07:30,67.0337538475047,21.550594729481844,0.6764708842936105,190.89956128431103,7.132662037037037,2023-06-24 20:07:30+00:00,391.66635977454047,217.81792193610164,2.115731371418206,494.0376818507035
2023-06-20 20:22:30,67.2322676888571,21.45510041843652,0.6534480907305695,201.99814216950432,7.143078703703703,2023-06-24 20:22:30+00:00,390.6894786435236,217.6800390858291,2.116932019503273,468.8528499880754
2023-06-20 20:37:30,67.43387322472924,21.359706758979552,0.6301953580033219,223.30628566991496,7.15349537037037,2023-06-24 20:37:30+00:00,389.7204998407181,217.54215623266265,2.1181326031845167,483.7506956037841
2023-06-20 20:52:30,67.63860875326318,21.26441823086845,0.60671036623137,232.69911590653683,7.163912037037037,2023-06-24 20:52:30+00:00,389.7204998407181,217.404273376538,2.1193331224254486,489.601717147627
2023-06-20 21:07:30,67.84651303869772,21.169239417594618,0.5829907966159068,226.44355378289367,7.174328703703703,2023-06-24 21:07:30+00:00,388.75955280788247,217.26639051752576,2.12053357719005,489.73288814691153
2023-06-20 21:22:30,68.05762531158209,21.07417500868412,0.5590343331355662,205.4237682959972,7.18474537037037,2023-06-24 21:22:30+00:00,387.8067702893076,217.1285076556423,2.121733967442781,494.6577629382304
2023-06-20 21:37:30,68.27198526895415,20.979229802035384,0.5348386643406571,190.6244803756593,7.195162037037037,2023-06-24 21:37:30+00:00,387.8067702893076,216.99062479085248,2.1229342931471606,480.2170283806344
2023-06-20 21:52:30,68.48963307433985,20.884408706164734,0.5104014852217218,210.2824435283295,7.205578703703703,2023-06-24 21:52:30+00:00,386.8622888822345,216.85274192322717,2.124134554267176,468.5666587169091
2023-06-20 22:07:30,68.71060935714631,20.78971674253763,0.4857204991963723,208.37468840762,7.21599537037037,2023-06-24 22:07:30+00:00,386.8622888822345,216.71485905272425,2.125334750767311,469.2821368948247
2023-06-20 22:22:30,68.93495521125334,20.695159048105648,0.4607934202536725,208.9285250893112,7.226412037037037,2023-06-24 22:22:30+00:00,385.9262496122136,216.57697617939624,2.1265348826110757,490.2615470228158
2023-06-20 22:37:30,69.16271219392826,20.60074087758384,0.4356179751411047,222.60100166944903,7.236828703703703,2023-06-24 22:37:30+00:00,384.99879853493496,216.439093303212,2.127734949762458,496.6054535336673
2023-06-20 22:52:30,69.39392232367723,20.506467605947325,0.410191905718889,218.04594959853725,7.24724537037037,2023-06-24 22:52:30+00:00,384.99879853493496,216.3012104242461,2.128934952185944,488.8146911519199
2023-06-20 23:07:30,69.62862807709787,20.412344731065676,0.3845129714742215,219.162842253959,7.257662037037037,2023-06-24 23:07:30+00:00,384.0800873658684,216.16332754247827,2.1301348898450594,499.8956594323873
2023-06-20 23:22:30,69.86687238640631,20.31837787606171,0.3585789520824944,214.92683884906216,7.268078703703703,2023-06-24 23:22:30+00:00,383.1702741388198,216.0254446578919,2.1313347627037977,491.53350822799905
2023-06-20 23:37:30,70.10869863541159,20.224572791944546,0.3323876501721327,201.4096126488375,7.27849537037037,2023-06-24 23:37:30+00:00,383.1702741388198,215.88756177056177,2.1325345707266448,485.559265442404
2023-06-20 23:52:30,70.35415065490949,20.13093536026417,0.3059368942327493,202.02973948829444,7.288912037037037,2023-06-24 23:52:30+00:00,382.26952389422644,215.7496788804676,2.133734313877147,505.2170283806344
2023-06-21 00:07:30,70.6032727175806,20.037471595698847,0.2792245416420528,198.0039195761051,7.299328703703703,2023-06-25 00:07:30+00:00,381.37800939765475,215.6117959876074,2.134933992119287,531.3856427378965
2023-06-21 00:22:30,70.85610953254739,19.944187648669992,0.2522484818494533,192.56800549936167,7.30974537037037,2023-06-25 00:22:30+00:00,381.37800939765475,215.47391309199784,2.1361336054175566,532.442960489705
2023-06-21 00:37:30,71.11270623800874,19.85108980816539,0.2250066397710857,188.38037353923204,7.320162037037037,2023-06-25 00:37:30+00:00,380.4959118885474,215.3360301936912,2.1373331537355074,532.8881469115191
2023-06-21 00:52:30,71.37310839447056,19.758184504339095,0.1974969792799261,182.35079298831383,7.330578703703703,2023-06-25 00:52:30+00:00,379.6234218587478,215.1981472926569,2.13853263703715,529.3823038397329
2023-06-21 01:07:30,71.63736197651177,19.66547831122464,0.1697175068909387,191.7008243310836,7.34099537037037,2023-06-25 01:07:30+00:00,379.6234218587478,215.06026438892593,2.1397320552869705,523.5948803561491
2023-06-21 01:22:30,71.9055133628055,19.57297794969566,0.1416662756954335,196.16803199130337,7.351412037037037,2023-06-25 01:22:30+00:00,378.76073985972465,214.9223814824928,2.1409314084485027,514.6076794657763
2023-06-21 01:37:30,72.17760932682893,19.480690290045914,0.113341389357366,199.42186393665187,7.361828703703703,2023-06-25 01:37:30+00:00,377.90807733669976,214.78449857339916,2.1421306964857845,511.1644407345576
2023-06-21 01:52:30,72.45369702559381,19.3886223548434,0.084741006377004,220.26633536514345,7.37224537037037,2023-06-25 01:52:30+00:00,377.90807733669976,214.6466156616328,2.1433299193633073,513.042570951586
2023-06-21 02:07:30,72.73382398704202,19.296781321857196,0.055863344569705,193.54826136946792,7.382662037037037,2023-06-25 02:07:30+00:00,377.06565748703406,214.50873274723168,2.1445290770446235,512.3539232053422
2023-06-21 02:22:30,73.01803809706044,19.205174526797187,0.0267066856862071,182.7969095779788,7.393078703703703,2023-06-25 02:22:30+00:00,377.06565748703406,214.370849830165,2.145728169493742,507.8464106844741
2023-06-21 02:37:30,73.30638758540597,19.113809466105927,-0.002730619746416,168.14795086493052,7.40349537037037,2023-06-25 02:37:30+00:00,376.23371613924667,214.23296691050788,2.146927196675179,515.2337228714524
2023-06-21 02:52:30,73.59892100934528,19.02269379995895,-0.0324501473054749,197.05711068835657,7.413912037037037,2023-06-25 02:52:30+00:00,375.4125026479043,214.0950839882256,2.1481261585524907,513.1409492010494
2023-06-21 03:07:30,73.8956872371493,18.931835355025395,-0.0624533934091363,203.4480294654515,7.424328703703703,2023-06-25 03:07:30+00:00,375.4125026479043,213.95720106334568,2.1493250550897014,508.4307178631052
2023-06-21 03:22:30,74.19673543009759,18.841242127264422,-0.0927417698131634,208.61513375004853,7.43474537037037,2023-06-25 03:22:30+00:00,374.60228079831245,213.81931813589952,2.1505238862513427,517.8631051752922
2023-06-21 03:37:30,74.5021150222354,18.75092228490989,-0.123316597816605,198.3032680927356,7.445162037037037,2023-06-25 03:37:30+00:00,373.80332971345655,213.68143520586685,2.151722652000931,529.5492487479132
2023-06-21 03:52:30,74.81187569962783,18.660884171217745,-0.1541791022991231,203.23018985130255,7.455578703703703,2023-06-25 03:52:30+00:00,373.80332971345655,213.5435522732756,2.1529213523025508,507.06733444629936
2023-06-21 04:07:30,75.12606737795743,18.57113630725707,-0.1853304054998025,217.35194396158545,7.46599537037037,2023-06-25 04:07:30+00:00,373.01594475395973,213.405669338128,2.154119987120686,497.05063995548136
2023-06-21 04:22:30,75.44474017759391,18.481687394841696,-0.2167715204911387,221.10248472373047,7.476412037037037,2023-06-25 04:22:30+00:00,372.24043839993794,213.2677864004767,2.1553185564189192,491.381469115192
2023-06-21 04:37:30,75.76794439830904,18.392546319199457,-0.2485033444814432,215.57288036695465,7.486828703703703,2023-06-25 04:37:30+00:00,372.24043839993794,213.1299034602913,2.1565170601612884,487.8756260434057
2023-06-21 04:52:30,76.09573049179667,18.303722151684237,-0.2805266518352348,215.8834011742417,7.49724537037037,2023-06-25 04:52:30+00:00,371.47714110153674,212.99202051758863,2.15771549831231,494.39542093966134
2023-06-21 05:07:30,76.42814903149008,18.21522415263629,-0.3128420867649311,203.65070188316457,7.507662037037037,2023-06-25 05:07:30+00:00,370.7264020826128,212.8541375723926,2.158913870835562,484.1402337228714
2023-06-21 05:22:30,76.76525068178223,18.12706177394897,-0.3454501558462113,223.3389635040789,7.518078703703703,2023-06-25 05:22:30+00:00,370.7264020826128,212.71625462473068,2.1601121776950873,486.0879243183083
2023-06-21 05:37:30,77.10708616514667,18.039244661612937,-0.3783512202549583,234.9999139459236,7.52849537037037,2023-06-25 05:37:30+00:00,369.98859007949346,212.5783716746057,2.1613104188554324,482.6168614357262
2023-06-21 05:52:30,77.45370622580971,17.95178265844356,-0.4115454876453751,235.62773593469916,7.538912037037037,2023-06-25 05:52:30+00:00,369.2640939939947,212.4404887220411,2.1625085942801494,486.8739565943239
2023-06-21 06:07:30,77.80516159314791,17.864685806463605,-0.4450330038562303,227.8464106844741,7.549328703703703,2023-06-25 06:07:30+00:00,369.2640939939947,212.30260576699217,2.163706703933307,481.1908736783528
2023-06-21 06:22:30,78.16150294230216,17.77796434926508,-0.4788136443230045,213.48785192148728,7.55974537037037,2023-06-25 06:22:30+00:00,368.55332343694124,212.16472280954844,2.164904747779446,486.92264885920974
2023-06-21 06:37:30,78.52278085144208,17.691628734490976,-0.5128871051395936,216.84140233722871,7.570162037037037,2023-06-25 06:37:30+00:00,368.55332343694124,212.02683984967592,2.166102725782128,502.22593210907064
2023-06-21 06:52:30,78.88904575835019,17.605689615955825,-0.5472528939473883,222.3303815026453,7.580578703703703,2023-06-25 06:52:30+00:00,367.8567091353142,211.8889568874169,2.1673006379054436,540.1224262659989
2023-06-21 07:07:30,79.26034791399277,17.52015785576091,-0.581910320512566,250.24044403009344,7.59099537037037,2023-06-25 07:07:30+00:00,367.17470317290895,211.7510739227739,2.168498484113899,537.1174179187535
2023-06-21 07:22:30,79.63673733262237,17.43504452642921,-0.6168584869844599,242.39525847300084,7.601412037037037,2023-06-25 07:22:30+00:00,367.17470317290895,211.6131909557565,2.169696264371112,533.4446299387869
2023-06-21 07:37:30,80.01826374069506,17.350360912740424,-0.6520962779516657,245.4446475350881,7.611828703703703,2023-06-25 07:37:30+00:00,366.5077790310539,211.47530798634864,2.1708939786411348,547.9131886477462
2023-06-21 07:52:30,80.4049765230285,17.266118513397483,-0.6876223502560128,220.78101183131304,7.62224537037037,2023-06-25 07:52:30+00:00,365.85643139260594,211.3374250146261,2.1720916268885255,532.3873121869783
2023-06-21 08:07:30,80.79692466481532,17.182329042813002,-0.7234351224364564,232.56659932572444,7.632662037037037,2023-06-25 08:07:30+00:00,365.85643139260594,211.19954204053985,2.1732892090768696,506.84474123539235
2023-06-21 08:22:30,81.19415669260216,17.099004432450947,-0.7595327640464007,221.08079676172616,7.643078703703703,2023-06-25 08:22:30+00:00,365.2211756691768,211.06165906417624,2.17448672517024,517.195325542571
2023-06-21 08:37:30,81.5967206119186,17.01615683205032,-0.7959131847095722,218.54534460321008,7.65349537037037,2023-06-25 08:37:30+00:00,364.60254720847774,210.9237760854651,2.1756841751331946,514.4198664440735
2023-06-21 08:52:30,82.00466384067457,16.933798610892797,-0.8325740228503218,215.6565149034799,7.663912037037037,2023-06-25 08:52:30+00:00,364.60254720847774,210.78589310448905,2.1768815589293427,513.4390651085141
2023-06-21 09:07:30,82.4180331417346,16.85194235852229,-0.8695126343558655,229.1235555671716,7.674328703703703,2023-06-25 09:07:30+00:00,364.0011001359341,210.6480101212174,2.1780788765227395,516.1936560934892
2023-06-21 09:22:30,82.8368745512607,16.7706008854569,-0.9067260809573118,234.35430017771557,7.68474537037037,2023-06-25 09:22:30+00:00,363.4174057824791,210.51012713566797,2.179276127877952,532.4986087924318
2023-06-21 09:37:30,83.26123330333454,16.689787223716213,-0.94421111839845,220.53487329725937,7.695162037037037,2023-06-25 09:37:30+00:00,363.4174057824791,210.37224414789375,2.1804733129586076,513.5434056761269
2023-06-21 09:52:30,83.69115375303515,16.60951462691501,-0.9819641845300068,225.358121140412,7.705578703703703,2023-06-25 09:52:30+00:00,362.8520506488863,210.2343611578648,2.181670431728784,513.8007790762382
2023-06-21 10:07:30,84.12667929574323,16.52979657015951,-1.0199813872348422,232.3581373486555,7.71599537037037,2023-06-25 10:07:30+00:00,362.3056338563641,210.09647816561295,2.1828674841530296,514.8580968280469
2023-06-21 10:22:30,84.56785228166338,16.450646749888783,-1.0582584921284184,219.95299609381337,7.726412037037037,2023-06-25 10:22:30+00:00,362.3056338563641,209.958595171148,2.1840644701949854,510.77987121392795
2023-06-21 10:37:30,85.01471393020451,16.37207908299465,-1.0967909103668494,211.41313954630263,7.736828703703703,2023-06-25 10:37:30+00:00,361.7787640336609,209.82071217446884,2.1852613898187085,509.68280467445743
2023-06-21 10:52:30,85.46730423847052,16.29410770597453,-1.1355736862330026,216.54731996693516,7.74724537037037,2023-06-25 10:52:30+00:00,361.7787640336609,209.68282917563687,2.1864582429888,501.2640114476509
2023-06-21 11:07:30,85.92566188737338,16.216746973667416,-1.1746014847292028,232.59193337793857,7.757662037037037,2023-06-25 11:07:30+00:00,361.272055592901,209.544946174618,2.1876550296688673,516.471897607123
2023-06-21 11:22:30,86.38982413520682,16.140011455713363,-1.213868577716955,223.12674171608973,7.768078703703703,2023-06-25 11:22:30+00:00,360.78612435007716,209.40706317144037,2.1888517498230025,515.7345575959932
2023-06-21 11:37:30,86.85982674251174,16.063915939035386,-1.2533688354303878,235.7275095327491,7.77849537037037,2023-06-25 11:37:30+00:00,360.78612435007716,209.2691801661217,2.19004840341581,511.9365609348914
2023-06-21 11:52:30,87.33570385198752,15.98847542273744,-1.293095711750366,216.95016628764475,7.788912037037037,2023-06-25 11:52:30+00:00,360.3215824518745,209.13129715865728,2.191244990410887,509.0627235869306
2023-06-21 12:07:30,87.81748787866216,15.913705114469922,-1.3330422315091792,228.0860257291565,7.799328703703703,2023-06-25 12:07:30+00:00,359.87903257860216,208.9934141491044,2.192441510772348,509.7662771285476
2023-06-21 12:22:30,88.30520940493841,15.839620427969876,-1.3732009792729167,245.57044913042773,7.80974537037037,2023-06-25 12:22:30+00:00,359.87903257860216,208.85553113743708,2.1936379644647706,504.9129501550202
2023-06-21 12:37:30,88.79889706703773,15.766236979473849,-1.4135640875687576,233.97442339173705,7.820162037037037,2023-06-25 12:37:30+00:00,359.45906140375223,208.71764812366516,2.194834351451802,515.6093489148582
2023-06-21 12:52:30,89.29857743999132,15.693570583455577,-1.454123225504325,243.22638898813196,7.830578703703703,2023-06-25 12:52:30+00:00,359.06223230433955,208.57976510781705,2.196030671697549,520.5550918196994
2023-06-21 13:07:30,89.80427491958211,15.62163724795794,-1.4948695876909144,285.0587799749932,7.84099537037037,2023-06-25 13:07:30+00:00,359.06223230433955,208.44188208992497,2.197226925166594,515.3032832498609
2023-06-21 13:22:30,90.31601160021285,15.55045316950692,-1.5357938835136142,228.1543240043163,7.851412037037037,2023-06-25 13:22:30+00:00,358.6890773328998,208.30399906998437,2.1984231118225805,489.48247078464107
2023-06-21 13:37:30,90.83380715197102,15.480034727363286,-1.576886326951887,220.33164628795024,7.861828703703703,2023-06-25 13:37:30+00:00,358.34008848194173,208.1661160480236,2.199619231629643,488.0133555926544
2023-06-21 13:52:30,91.3576786947839,15.410398477256493,-1.6181366269155564,214.15692821368947,7.87224537037037,2023-06-25 13:52:30+00:00,358.34008848194173,208.02823302403135,2.200815284552348,511.4023372287145
2023-06-21 14:07:30,91.88764066929129,15.341561144695016,-1.6595339781119611,249.2367538129893,7.882662037037037,2023-06-25 14:07:30+00:00,358.0157082947395,207.8903499980323,2.2020112705543533,513.7848795611733
2023-06-21 14:22:30,92.42370470769784,15.273539617460374,-1.701067052728663,261.92586349417314,7.893078703703703,2023-06-25 14:22:30+00:00,357.71631990245527,207.7524669700256,2.2032071895997847,511.79744017807457
2023-06-21 14:37:30,92.96587950181674,15.206350937652214,-1.7427239927880604,280.35074638961373,7.90349537037037,2023-06-25 14:37:30+00:00,357.71631990245527,207.61458394005845,2.20440304165325,526.8781302170283
2023-06-21 14:52:30,93.51417066904726,15.140012293162266,-1.784492403313329,259.51786895007365,7.913912037037037,2023-06-25 14:52:30+00:00,357.44223659633434,207.47670090812625,2.2055988266783952,518.0856983861992
2023-06-21 15:07:30,94.0685806186964,15.074541008366907,-1.8263593465086976,217.2905803907772,7.924328703703703,2023-06-25 15:07:30+00:00,357.44223659633434,207.33881787424295,2.206794544639351,509.29326655537005
2023-06-21 15:22:30,94.6291084169028,15.00995453424762,-1.8683113368995428,207.51284503298376,7.93474537037037,2023-06-25 15:22:30+00:00,357.193691074554,207.2009348384266,2.2079901955007215,509.2058192225137
2023-06-21 15:37:30,95.1957496499234,14.946270437943324,-1.9103343375090047,194.16961993185524,7.945162037037037,2023-06-25 15:37:30+00:00,356.970824535415,207.06305180068728,2.2091857792261806,499.10962715637174
2023-06-21 15:52:30,95.76849628921786,14.883506391474352,-1.952413757313588,221.91566841421863,7.955578703703703,2023-06-25 15:52:30+00:00,356.970824535415,206.92516876103912,2.2103812957798525,526.5919389458621
2023-06-21 16:07:30,96.34733655600056,14.821680159868304,-1.994534449919081,260.1267484642689,7.96599537037037,2023-06-25 16:07:30+00:00,356.77367582087425,206.78728571948557,2.211576745126357,517.9744017807457
2023-06-21 16:22:30,96.93225478542227,14.760809588668543,-2.03668071354188,278.30698222527747,7.976412037037037,2023-06-25 16:22:30+00:00,356.6021708456182,206.6494026760658,2.212772127229359,511.8530884808013
2023-06-21 16:37:30,97.523231294258,14.700912590597314,-2.078836292543416,271.0556428999789,7.986828703703703,2023-06-25 16:37:30+00:00,356.6021708456182,206.51151963076504,2.2139674420530095,513.4668892598777
2023-06-21 16:52:30,98.12024224833844,14.642007131643211,-2.120984380415009,285.3592279044957,7.99724537037037,2023-06-25 16:52:30+00:00,356.456112575403,206.37363658364492,2.2151626895619274,514.9207011686144
2023-06-21 17:07:30,98.72325953252268,14.584111216459764,-2.163107624375807,291.5470114821376,8.007662037037036,2023-06-25 17:07:30+00:00,356.3351718425066,206.235753534672,2.216357869719768,516.9727323316638
2023-06-21 17:22:30,99.3322506243662,14.527242872967388,-2.205188131747057,277.00341993938116,8.018078703703704,2023-06-25 17:22:30+00:00,356.3351718425066,206.09787048387503,2.217552982490701,515.3032832498609
2023-06-21 17:37:30,99.94717847036604,14.471420136343111,-2.2472074780586753,264.7655477575895,8.02849537037037,2023-06-25 17:37:30+00:00,356.23887930397694,205.95998743125787,2.218748027839347,523.3166388425153
2023-06-21 17:52:30,100.5680013654616,14.416661032360048,-2.289146716990825,264.5720689080627,8.038912037037036,2023-06-25 17:52:30+00:00,356.16661885802057,205.8221043768744,2.219943005729391,527.4902615470228
2023-06-21 18:07:30,101.19467283819114,14.362983559977604,-2.330986392312125,282.1121622457182,8.049328703703704,2023-06-25 18:07:30+00:00,356.16661885802057,205.68422132069503,2.221137916124998,529.827490261547
2023-06-21 18:22:30,101.82714154079086,14.31040567328115,-2.372706551811983,285.7554670325129,8.05974537037037,2023-06-25 18:22:30+00:00,356.117622833556,205.54633826276748,2.2223327589907806,525.3756260434058
2023-06-21 18:37:30,102.46535114345193,14.258945262905137,-2.4142867632057485,262.11140856061877,8.070162037037036,2023-06-25 18:37:30+00:00,356.0909692560697,205.40845520304347,2.2235275342904393,525.7762938230384
2023-06-21 18:52:30,103.10924023764228,14.208620136633892,-2.4557061323120193,270.0967632137705,8.080578703703704,2023-06-25 18:52:30+00:00,356.0909692560697,205.27057214161047,2.224722241988139,527.7367040305271
2023-06-21 19:07:30,103.75874224453818,14.159447999561964,-2.4969433232754263,254.15263255523337,8.09099537037037,2023-06-25 19:07:30+00:00,356.0855814682669,205.13268907848675,2.2259168820485034,541.702838063439
2023-06-21 19:22:30,104.41378533083248,14.111446433695775,-2.5379765809771935,267.22249113413875,8.101412037037036,2023-06-25 19:22:30+00:00,356.0855814682669,204.9948060136098,2.227111454435257,543.0161380077908
2023-06-21 19:37:30,105.07429233525724,14.06463287688292,-2.578783755791261,256.29900967632136,8.111828703703704,2023-06-25 19:37:30+00:00,356.100230345924,204.85692294706703,2.2283059591125434,543.0211066062485
2023-06-21 19:52:30,105.74018070216135,14.019024601362505,-2.61934233047771,255.885752271886,8.12224537037037,2023-06-25 19:52:30+00:00,356.1335392978319,204.7190398788332,2.2295003960450326,553.923205342237
2023-06-21 20:07:30,106.41136242510822,13.974638691857264,-2.659629449322468,258.47289341885596,8.132662037037036,2023-06-25 20:07:30+00:00,356.1335392978319,204.58115680894775,2.2306947651964055,552.7784402575721
2023-06-21 20:22:30,107.08774400152696,13.931492023196588,-2.6996219495593965,271.94813441625615,8.143078703703704,2023-06-25 20:22:30+00:00,356.18399217452907,204.44327373739628,2.2318890665308504,556.5704746005247
2023-06-21 20:37:30,107.76922639870553,13.8896012375633,-2.7392963950133367,267.185114349158,8.15349537037037,2023-06-25 20:37:30+00:00,356.24994413527236,204.3053906642116,2.2330833000130115,570.6176961602671
2023-06-21 20:52:30,108.45570502966568,13.848982721540876,-2.77862911181513,252.88360860333563,8.163912037037036,2023-06-25 20:52:30+00:00,356.24994413527236,204.16750758941893,2.2342774656066084,560.6218697829715
2023-06-21 21:07:30,109.14706974341657,13.809652582763706,-2.817596226361453,251.44820655785531,8.174328703703704,2023-06-25 21:07:30+00:00,356.3296354388247,204.02962451300385,2.2354715632758255,575.9599332220367
2023-06-21 21:22:30,109.8432048272222,13.771626626440831,-2.856173705271865,245.89137235197825,8.18474537037037,2023-06-25 21:22:30+00:00,356.42120803436393,203.89174143499932,2.236665592985324,572.9549248747912
2023-06-21 21:37:30,110.54398902146715,13.734920331761646,-2.8943373972841844,246.58573350406016,8.195162037037036,2023-06-25 21:37:30+00:00,356.42120803436393,203.75385835543065,2.237859554698798,548.6366165831942
2023-06-21 21:52:30,111.24929554965344,13.699548828183996,-2.932063077082363,255.15341102484723,8.205578703703704,2023-06-25 21:52:30+00:00,356.5227247379811,203.61597527429785,2.2390534483804645,581.7473567056204
2023-06-21 22:07:30,111.95899216235378,13.665526871733586,-2.969326490855869,252.63701499905807,8.21599537037037,2023-06-25 22:07:30+00:00,356.63219069209754,203.47809219160504,2.24024727399499,580.6343906510851
2023-06-21 22:22:30,112.67294119431595,13.632868821446522,-3.0061034034173635,236.47956950905228,8.226412037037036,2023-06-25 22:22:30+00:00,356.63219069209754,203.340209107392,2.241441031506078,568.5587089593766
2023-06-21 22:37:30,113.3909996392339,13.601588615842749,-3.042369646905878,242.52848598797348,8.236828703703704,2023-06-25 22:37:30+00:00,356.74757672410414,203.202326021659,2.242634720877944,550.0834724540902
2023-06-21 22:52:30,114.11301923811288,13.571699749708946,-3.0781011707257018,261.2720292575824,8.24724537037037,2023-06-25 22:52:30+00:00,356.8668441508714,203.06444293441004,2.2438283420752474,549.0400667779631
2023-06-21 23:07:30,114.8388465823854,13.543215251186224,-3.113274092592748,304.3435621401888,8.257662037037036,2023-06-25 23:07:30+00:00,356.8668441508714,202.92655984568523,2.245021895061735,566.5066777963272
2023-06-21 23:22:30,115.56832323431684,13.516147659205812,-3.147864750573435,295.3971830072775,8.268078703703704,2023-06-25 23:22:30+00:00,356.98797052128515,202.78867675548457,2.2462153798015976,564.1545432864298
2023-06-21 23:37:30,116.30128586252688,13.490509001394672,-3.1818497558426975,267.1773343922719,8.27849537037037,2023-06-25 23:37:30+00:00,356.98797052128515,202.6507936638125,2.2474087962595313,574.6720725017888
2023-06-21 23:52:30,117.0375663915062,13.466310772583144,-3.215206045885408,264.335705139634,8.288912037037036,2023-06-25 23:52:30+00:00,357.10897575266637,202.5129105707233,2.2486021443992583,551.1060100166945
2023-06-22 00:07:30,117.7769921687643,13.443563913826656,-3.247910938054932,294.2399144204743,8.299328703703704,2023-06-26 00:07:30+00:00,357.22794810085725,202.37502747618845,2.249795424185004,550.4799666110184
2023-06-22 00:22:30,118.51938614627092,13.422278792077996,-3.2799421831411455,315.34110248472376,8.30974537037037,2023-06-26 00:22:30+00:00,357.22794810085725,202.2371443802266,2.250988635581445,547.1619365609349
2023-06-22 00:37:30,119.26456707538723,13.402465181241022,-3.3112780186635886,463.43841677877367,8.320162037037036,2023-06-26 00:37:30+00:00,357.3430694087528,202.09926128289243,2.252181778552323,558.7437395659432
2023-06-22 00:52:30,120.012349718874,13.38413224342777,-3.341897221806464,467.91578196670827,8.330578703703704,2023-06-26 00:52:30+00:00,357.452639103729,201.96137818415727,2.253374853061888,544.4629938786866
2023-06-22 01:07:30,120.76254507526218,13.367288511376866,-3.37177916155157,445.9763035479845,8.34099537037037,2023-06-26 01:07:30+00:00,357.452639103729,201.82349508403996,2.254567859074786,544.3516972732332
2023-06-22 01:22:30,121.51496061641392,13.351941871918024,-3.400903849827301,423.5019530933432,8.351412037037036,2023-06-26 01:22:30+00:00,357.5550964591484,201.6856119825952,2.255760796554807,547.6905954368392
2023-06-22 01:37:30,122.26940053890036,13.338099550515988,-3.4292519914379676,297.10293855454887,8.361828703703704,2023-06-26 01:37:30+00:00,357.64904069619894,201.5477288797943,2.256953665466159,578.0189204229271
2023-06-22 01:52:30,123.02566602711072,13.325768096983952,-3.456805032476981,211.89879572750695,8.37224537037037,2023-06-26 01:52:30+00:00,357.64904069619894,201.4098457757,2.2581464657735584,554.6466332776849
2023-06-22 02:07:30,123.7835555263874,13.314953372438511,-3.4835452069373756,204.2627680438271,8.382662037037036,2023-06-26 02:07:30+00:00,357.73324857615086,201.2719626702652,2.259339197440759,545.5968280467446
2023-06-22 02:22:30,124.54286502453704,13.30566053599566,-3.509455581141149,199.7134382546963,8.393078703703704,2023-06-26 02:22:30+00:00,357.8066892155109,201.13407956354857,2.2605318604319895,571.3967723984418
2023-06-22 02:37:30,125.30338834434146,13.29789403372732,-3.534520096061371,205.1843864287431,8.40349537037037,2023-06-26 02:37:30+00:00,357.8066892155109,200.9961964555401,2.2617244547119695,576.126878130217
2023-06-22 02:52:30,126.06491747208388,13.291657600418723,-3.5587236087903396,189.15214678185325,8.413912037037036,2023-06-26 02:52:30+00:00,357.868535943019,200.85831334627997,2.26291698024445,562.8756260434056
2023-06-22 03:07:30,126.82724283155896,13.286954238231884,-3.582051927646814,213.86128985201873,8.424328703703704,2023-06-26 03:07:30+00:00,357.868535943019,200.7204302357545,2.264109436993683,565.6928213689482
2023-06-22 03:22:30,127.59015361275134,13.283786215576969,-3.6044918472772034,210.82516167722903,8.43474537037037,2023-06-26 03:22:30+00:00,357.91817510353667,200.58254712402604,2.265301824924387,593.050918196995
2023-06-22 03:37:30,128.35343809101644,13.282155062444248,-3.6260311798549303,189.82122307405547,8.445162037037036,2023-06-26 03:37:30+00:00,357.9552117954647,200.4446640110627,2.2664941440003203,590.4284919309962
2023-06-22 03:52:30,129.11688395162486,13.282061567244863,-3.646658783076515,178.58502034134565,8.455578703703704,2023-06-26 03:52:30+00:00,357.9552117954647,200.30678089689397,2.2676863941857586,568.4474123539233
2023-06-22 04:07:30,129.88027861566405,13.28350577518238,-3.666364584746878,183.200479764008,8.46599537037037,2023-06-26 04:07:30+00:00,357.9794726018505,200.1688977815246,2.268878575445402,555.008347245409
2023-06-22 04:22:30,130.64340956610778,13.286486988160018,-3.685139603825496,191.6417329853964,8.476412037037036,2023-06-26 04:22:30+00:00,357.9910054379787,200.031014664995,2.270070687743041,594.6577629382305
2023-06-22 04:37:30,131.40606467562475,13.29100376622146,-3.7029759679046177,210.24555488921663,8.486828703703704,2023-06-26 04:37:30+00:00,357.9910054379787,199.893131547335,2.271262731042925,602.0033388981636
2023-06-22 04:52:30,132.16803253180225,13.297053930527444,-3.7198669269711298,330.5392482616659,8.49724537037037,2023-06-26 04:52:30+00:00,357.99007668802193,199.75524842849123,2.2724547053098085,604.062326099054
2023-06-22 05:07:30,132.92910275882562,13.304634567834452,-3.735806863408066,346.5756843930823,8.507662037037036,2023-06-26 05:07:30+00:00,357.97716583918776,199.61736530853324,2.273646610507458,604.2570951585976
2023-06-22 05:22:30,133.68906633694397,13.313742036482266,-3.75079129826013,308.21660696630306,8.518078703703704,2023-06-26 05:22:30+00:00,357.97716583918776,199.47948218749096,2.2748384466001403,542.9048414023373
2023-06-22 05:37:30,134.44771591579885,13.324371973845809,-3.764816893703342,304.6611666693681,8.52849537037037,2023-06-26 05:37:30+00:00,357.95295784352766,199.34159906534003,2.2760302135526,539.8282852373002
2023-06-22 05:52:30,135.2048461202876,13.33651930519962,-3.7778814517395087,315.76900011345765,8.538912037037036,2023-06-26 05:52:30+00:00,357.9183334457425,199.20371594210667,2.277221911328638,558.0133555926544
2023-06-22 06:07:30,135.96025385093253,13.35017825400243,-3.789983909216516,208.08467186411008,8.549328703703704,2023-06-26 06:07:30+00:00,357.9183334457425,199.06583281779172,2.278413539892498,549.0400667779631
2023-06-22 06:22:30,136.71373857459673,13.365342353510538,-3.80112432918118,213.84767492746812,8.55974537037037,2023-06-26 06:22:30+00:00,357.874357711155,198.9279496924437,2.2796050992089647,531.4858096828046
2023-06-22 06:37:30,137.4651026044521,13.382004459668227,-3.811303888668996,190.93105889842343,8.570162037037036,2023-06-26 06:37:30+00:00,357.8222669732788,198.79006656604497,2.2807965892418163,535.2253756260434
2023-06-22 06:52:30,138.21415137151655,13.400156765261872,-3.82052486307482,181.68922313888845,8.580578703703704,2023-06-26 06:52:30+00:00,357.8222669732788,198.65218343865493,2.28198800995534,539.0233722871452
2023-06-22 07:07:30,138.96069368355302,13.41979081523157,-3.8287906071956463,203.9437898114981,8.59099537037037,2023-06-26 07:07:30+00:00,357.76345439722365,198.5143003102639,2.283179361314296,539.7885364496383
2023-06-22 07:22:30,139.70454197091374,13.44089752306708,-3.8361055331029914,215.2461221777396,8.601412037037036,2023-06-26 07:22:30+00:00,357.76345439722365,198.37641718086888,2.2843706432824797,537.0061213132999
2023-06-22 07:37:30,140.44551252075271,13.463467188263763,-3.842475085031365,206.93712822341445,8.611828703703704,2023-06-26 07:37:30+00:00,357.69945432589884,198.23853405051483,2.285561855824204,530.328324986088
2023-06-22 07:52:30,141.1834256975518,13.487489514744752,-3.8479057114466215,230.08307653731185,8.62224537037037,2023-06-26 07:52:30+00:00,357.63192554309757,198.10065091919196,2.2867529989041993,553.7562604340567
2023-06-22 08:07:30,141.9181061475624,13.512953630112769,-3.8524048344765367,252.94735211606977,8.632662037037036,2023-06-26 08:07:30+00:00,357.63192554309757,197.96276778692672,2.28794407248631,528.6032276015582
2023-06-22 08:22:30,142.64938299107507,13.539848105769456,-3.8559808169410466,239.4206029657272,8.643078703703704,2023-06-26 08:22:30+00:00,357.5626335535554,197.82488465374945,2.2891350765348166,524.6869782971619
2023-06-22 08:37:30,143.3770899988351,13.568160977743291,-3.858642927166348,226.2635601167949,8.65349537037037,2023-06-26 08:37:30+00:00,357.4934319474043,197.68700151966505,2.29032601101449,526.8224819143016
2023-06-22 08:52:30,144.10106575130376,13.597879768094671,-3.860401301810199,232.72379532230093,8.663912037037036,2023-06-26 08:52:30+00:00,357.4934319474043,197.54911838467075,2.291516875889173,526.2103505843072
2023-06-22 09:07:30,144.82115378553635,13.628991506981778,-3.861266906938224,223.94216898714683,8.674328703703704,2023-06-26 09:07:30+00:00,357.42624288739063,197.41123524881175,2.292707671123145,530.3839732888148
2023-06-22 09:22:30,145.537202724597,13.661482755145766,-3.861251497560285,240.46581701209337,8.68474537037037,2023-06-26 09:22:30+00:00,357.36303673391365,197.273352112122,2.2938983966811923,547.4123539232053
2023-06-22 09:37:30,146.24906639116134,13.695339626776189,-3.8603675758680582,241.9508241891826,8.695162037037036,2023-06-26 09:37:30+00:00,357.36303673391365,197.13546897454083,2.2950890525271577,527.6293823038396
2023-06-22 09:52:30,146.95660390657227,13.73054781273717,-3.858628348399196,288.36410198226815,8.705578703703704,2023-06-26 09:52:30+00:00,357.3058108073073,196.99758583615673,2.2962796386253324,525.3756260434056
2023-06-22 10:07:30,147.6596797742871,13.767092604018544,-3.8560476823527585,240.43956756406303,8.71599537037037,2023-06-26 10:07:30+00:00,357.2565672804851,196.85970269694604,2.2974701549405374,519.8664440734558
2023-06-22 10:22:30,148.35816394686316,13.804958915293238,-3.852640061283276,283.1937795157948,8.726412037037036,2023-06-26 10:22:30+00:00,357.2565672804851,196.72181955694975,2.298660601436579,522.3149693934336
2023-06-22 10:37:30,149.05193188020863,13.844131308649672,-3.848420540378866,281.33491093570194,8.736828703703704,2023-06-26 10:37:30+00:00,357.2172901995223,196.58393641615456,2.2998509780777825,518.363939899833
2023-06-22 10:52:30,149.74086457140217,13.884594017257657,-3.8434047015447663,259.60354636368055,8.74724537037037,2023-06-26 10:52:30+00:00,357.1899216460022,196.44605327462432,2.3010412848289534,546.6889259877574
2023-06-22 11:07:30,150.42484858296888,13.92633096899348,-3.8376086084860854,256.23482503201126,8.757662037037036,2023-06-26 11:07:30+00:00,357.1899216460022,196.3081701323416,2.3022315216539413,543.1910326735034
2023-06-22 11:22:30,151.10377605363632,13.969325809963294,-3.831048761979155,268.1848388090183,8.768078703703704,2023-06-26 11:22:30+00:00,357.17633708369397,196.17028698929363,2.3034216885170578,518.7216789887909
2023-06-22 11:37:30,151.77754469596866,14.013561927823869,-3.8237420555156336,249.06412648531867,8.77849537037037,2023-06-26 11:37:30+00:00,357.17633708369397,196.03240384555843,2.3046117853831216,511.4079020589872
2023-06-22 11:52:30,152.4460577802361,14.059022474813109,-3.815705731495223,231.1036193007764,8.788912037037036,2023-06-26 11:52:30+00:00,357.17831997352687,195.8945207011192,2.3058018122159902,512.2426265998887
2023-06-22 12:07:30,153.1092241077746,14.105690390544078,-3.806957338107461,220.90993079080025,8.799328703703704,2023-06-26 12:07:30+00:00,357.19753579450395,195.75663755597716,2.3069917689799695,508.62548692264886
2023-06-22 12:22:30,153.7669579719211,14.15354842440348,-3.797514687063905,223.07275880512827,8.80974537037037,2023-06-26 12:22:30+00:00,357.19753579450395,195.61875441018177,2.308181655639911,523.5153827808252
2023-06-22 12:37:30,154.41917910768626,14.202579157507085,-3.787395812316019,245.81357278311748,8.820162037037036,2023-06-26 12:37:30+00:00,357.23550567307234,195.4808712637161,2.3093714721596585,561.3800779076238
2023-06-22 12:52:30,155.06581263227804,14.25276502427382,-3.776618929859133,225.08387766017796,8.830578703703704,2023-06-26 12:52:30+00:00,357.2935798976675,195.34298811661083,2.3105612185035507,552.4207011686144
2023-06-22 13:07:30,155.7067889758757,14.304088333489664,-3.765202398744662,245.4829246154594,8.84099537037037,2023-06-26 13:07:30+00:00,357.2935798976675,195.20510496890063,2.311750894636417,517.5292153589315
2023-06-22 13:22:30,156.34204380186844,14.35653128874684,-3.753164683414321,235.45067021086925,8.851412037037036,2023-06-26 13:22:30+00:00,357.3729116759256,195.0672218206123,2.312940500522122,528.4919309961047
2023-06-22 13:37:30,156.97151792161858,14.410076008475665,-3.740524317385477,238.93609089582964,8.861828703703704,2023-06-26 13:37:30+00:00,357.4744315757143,194.9293386716895,2.314130036125029,571.6750139120757
2023-06-22 13:52:30,157.59515720007664,14.46470454531302,-3.727299868402342,236.41732985396376,8.87224537037037,2023-06-26 13:52:30+00:00,357.4744315757143,194.79145552221053,2.315319501409954,556.3160823594881
2023-06-22 14:07:30,158.2129124538045,14.520398904757643,-3.713509905124067,230.10194985169457,8.882662037037036,2023-06-26 14:07:30+00:00,357.59882317305556,194.65357237220243,2.3165088963407814,544.9081803005008
2023-06-22 14:22:30,158.8247393447772,14.577141063374077,-3.699172965325277,249.73467105369792,8.893078703703704,2023-06-26 14:22:30+00:00,357.74650050471405,194.5156892216378,2.317698220881869,524.9304396215915
2023-06-22 14:37:30,159.43059826782712,14.634912986243451,-3.684307525711808,240.0855795257468,8.90349537037037,2023-06-26 14:37:30+00:00,357.74650050471405,194.37780607055143,2.3188874749980526,534.9540901502504
2023-06-22 14:52:30,160.030454231738,14.693696643659516,-3.668931973376693,256.88639642121984,8.913912037037036,2023-06-26 14:52:30+00:00,357.917587984579,194.23992291895604,2.3200766586532287,526.5203911280705
2023-06-22 15:07:30,160.62427673881453,14.753474027344158,-3.6530645788376575,206.5481303791108,8.924328703703704,2023-06-26 15:07:30+00:00,358.11190348445734,194.10203976686776,2.3212657718117744,518.5308848080134
2023-06-22 15:22:30,161.2120396588412,14.814227165826834,-3.636723470750068,205.8226493994846,8.93474537037037,2023-06-26 15:22:30+00:00,358.11190348445734,193.9641566143071,2.322454814438503,516.5831942125765
2023-06-22 15:37:30,161.79372109983603,14.875938139117244,-3.6199266122599423,203.0024150282834,8.945162037037036,2023-06-26 15:37:30+00:00,358.32894529508343,193.8262734613012,2.3236437864973247,546.6332776850306
2023-06-22 15:52:30,162.36930327777844,14.93858909282173,-3.602691778943618,200.65092305946803,8.955578703703704,2023-06-26 15:52:30+00:00,358.32894529508343,193.68839030783747,2.324832687952628,538.9538119087367
2023-06-22 16:07:30,162.938772383155,15.002162251436951,-3.5850365383879965,200.76178744509457,8.96599537037037,2023-06-26 16:07:30+00:00,358.56788366615405,193.55050715397988,2.3260215187692546,536.4774624373957
2023-06-22 16:22:30,163.50211844580917,15.06663993097333,-3.566978231346682,200.56728852294276,8.976412037037036,2023-06-26 16:22:30+00:00,358.82755757034073,193.41262399969753,2.3272102789111133,554.5909849749582
2023-06-22 16:37:30,164.0593351998233,15.132004550950985,-3.54853395443216,199.06575684393084,8.986828703703704,2023-06-26 16:37:30+00:00,358.82755757034073,193.27474084500705,2.328398968342598,554.1378487956117
2023-06-22 16:52:30,164.61041994742277,15.1982386456992,-3.5297205443255883,199.48198453733568,8.99724537037037,2023-06-26 16:52:30+00:00,359.1064772426184,193.13685768997263,2.3295875870285463,588.4808013355592
2023-06-22 17:07:30,165.15537342163915,15.26532487488272,-3.510554563492008,229.3463874053037,9.007662037037036,2023-06-26 17:07:30+00:00,359.4028329124245,192.99897453456325,2.3307761349328944,533.576794657763
2023-06-22 17:22:30,165.69419965114884,15.333246033546953,-3.491052287275258,210.59807850957824,9.018078703703704,2023-06-26 17:22:30+00:00,359.4028329124245,192.86109137882468,2.3319646120200304,525.1609825900309
2023-06-22 17:37:30,166.22690582435925,15.401985061387554,-3.4712296924122974,221.52059541466855,9.02849537037037,2023-06-26 17:37:30+00:00,359.7145099744842,192.72320822276308,2.3331530182548157,538.3416805787423
2023-06-22 17:52:30,166.75350214159917,15.471525044478357,-3.451102446314475,223.9296362939529,9.038912037037036,2023-06-26 17:52:30+00:00,360.0391106401526,192.58532506639125,2.3343413536011743,533.6672231496939
2023-06-22 18:07:30,167.27400172124027,15.541849243693305,-3.4306858998269987,224.87870409015025,9.049328703703704,2023-06-26 18:07:30+00:00,360.0391106401526,192.4474419097258,2.3355296180235374,535.517529215359
2023-06-22 18:22:30,167.78842042955156,15.612941082642052,-3.4099950779658252,236.1848872700292,9.05974537037037,2023-06-26 18:22:30+00:00,360.3739818834487,192.30955875278784,2.336717811486749,554.8692264885921
2023-06-22 18:37:30,168.29677676188828,15.684784160252429,-3.389044673915292,200.08295825006087,9.070162037037036,2023-06-26 18:37:30+00:00,360.71624925602396,192.17167559560428,2.337905933954743,520.6176961602671
2023-06-22 18:52:30,168.79909171595756,15.757362257478295,-3.3678490436639628,161.30768108660067,9.080578703703704,2023-06-26 18:52:30+00:00,360.71624925602396,192.03379243817784,2.339093985391946,507.54590984974953
2023-06-22 19:07:30,169.2953886666821,15.830659343110712,-3.3464222016626195,174.0084607031136,9.09099537037037,2023-06-26 19:07:30+00:00,361.0628559066601,191.89590928051456,2.340281965763231,534.6911519198665
2023-06-22 19:22:30,169.78569324143947,15.904659578835302,-3.3247778175437075,204.75096033842811,9.101412037037036,2023-06-26 19:22:30+00:00,361.41060591818473,191.7580261226566,2.341469875032562,553.4223706176961
2023-06-22 19:37:30,170.27003320108977,15.97934732412403,-3.302929213679836,215.16974944987837,9.111828703703704,2023-06-26 19:37:30+00:00,361.41060591818473,191.62014296460623,2.342657713164338,536.966372525638
2023-06-22 19:52:30,170.7484383216725,16.054707140414113,-3.2808893636905383,215.77321425677096,9.12224537037037,2023-06-26 19:52:30+00:00,361.75621088255815,191.48225980639904,2.3438454801234405,545.4090150250418
2023-06-22 20:07:30,171.2209402788029,16.130723794792843,-3.258670891783092,210.43962159154145,9.132662037037036,2023-06-26 20:07:30+00:00,361.75621088255815,191.34437664801885,2.3450331758738567,577.1285475792988
2023-06-22 20:22:30,171.68757253657307,16.207382263387952,-3.236286072818523,209.1159221631812,9.143078703703704,2023-06-26 20:22:30+00:00,362.09633848654954,191.2064934895264,2.3462208003799967,532.8881469115192
2023-06-22 20:37:30,172.1483702384214,16.284667734239644,-3.213746833122279,211.64594712870965,9.15349537037037,2023-06-26 20:37:30+00:00,362.42766178652346,191.06861033089908,2.347408353606752,509.29326655537005
2023-06-22 20:52:30,172.60337010082503,16.36256560966339,-3.1910647519890176,205.7417240915606,9.163912037037036,2023-06-26 20:52:30+00:00,362.42766178652346,190.9307271721645,2.3485958355181067,508.1803005008347
2023-06-22 21:07:30,173.05261031129052,16.44106150842176,-3.1682510637436407,226.20351658221793,9.174328703703704,2023-06-26 21:07:30+00:00,362.74690781836273,190.79284401335423,2.3497832460784815,511.1296605453534
2023-06-22 21:22:30,173.49613042930537,16.520141267440298,-3.14531666039293,204.65954584501677,9.18474537037037,2023-06-26 21:22:30+00:00,363.05090422003997,190.65496085446043,2.350970585252788,529.6048970506399
2023-06-22 21:37:30,173.93397128902734,16.599790942995835,-3.1222720948459086,212.6767914161142,9.195162037037036,2023-06-26 21:37:30+00:00,363.05090422003997,190.51707769551075,2.3521578530050076,542.9048414023372
2023-06-22 21:52:30,174.36617490752772,16.679996811874034,-3.099127584518416,230.34701849360584,9.205578703703704,2023-06-26 21:52:30+00:00,363.3366226377713,190.3791945365224,2.35334504929956,509.2773670403053
2023-06-22 22:07:30,174.79278439521494,16.760745372032538,-3.0758930154194175,227.72322803377796,9.21599537037037,2023-06-26 22:07:30+00:00,363.6012178355228,190.2413113775602,2.354532174101407,504.5075125208681
2023-06-22 22:22:30,175.21384386838224,16.842023342867957,-3.0525779466518395,224.3350568098935,9.226412037037036,2023-06-26 22:22:30+00:00,363.6012178355228,190.10342821853567,2.3557192273744985,504.17362270450747
2023-06-22 22:37:30,175.62939836750795,16.92381766547319,-3.029191615182992,217.6623815308263,9.236828703703704,2023-06-26 22:37:30+00:00,363.842061621598,189.9655450595824,2.3569062090832915,502.39287701725095
2023-06-22 22:52:30,176.0394937767929,17.00611550243436,-3.005742940981736,219.7662771285476,9.24724537037037,2023-06-26 22:52:30+00:00,364.05677093201837,189.82766190063433,2.358093119192729,501.085141903172
2023-06-22 23:07:30,176.44417674700952,17.08890423732813,-2.9822405324433765,240.5076421868162,9.257662037037036,2023-06-26 23:07:30+00:00,364.05677093201837,189.68977874174857,2.359279957666789,519.0317195325542
2023-06-22 23:22:30,176.84349462260417,17.172171474190367,-2.9586926919973915,249.18163936593993,9.268078703703704,2023-06-26 23:22:30+00:00,364.2432296537741,189.5518955829425,2.3604667244699336,523.873121869783
2023-06-22 23:37:30,177.2374953710329,17.25590503662442,-2.935107421963605,245.4830684084369,9.27849537037037,2023-06-26 23:37:30+00:00,364.399604016909,189.41401242420832,2.361653419567102,507.9716193656093
2023-06-22 23:52:30,177.6262275148973,17.340092966669932,-2.9114924305973107,248.8497009579072,9.288912037037036,2023-06-26 23:52:30+00:00,364.399604016909,189.27612926557404,2.362840042922305,523.5392320534223
2023-06-23 00:07:30,178.00974006789056,17.424723523639866,-2.8878551382400164,248.97837859847715,9.299328703703704,2023-06-27 00:07:30+00:00,364.52435161893044,189.13824610707175,2.3640265945000056,516.6467922728357
2023-06-23 00:22:30,178.38808247332975,17.50978518268411,-2.8642026836222096,245.4401953969976,9.30974537037037,2023-06-27 00:22:30+00:00,364.52435161893044,189.0003629487083,2.3652130742651427,515.1919866444074
2023-06-23 00:37:30,178.76130454463564,17.59526663309357,-2.8405419302916326,261.3316880791658,9.320162037037036,2023-06-27 00:37:30+00:00,364.61622435637656,188.86247979049728,2.366399482181752,509.4204626758884
2023-06-23 00:52:30,179.1294564099748,17.681156776654692,-2.81687947306295,254.45362524037955,9.330578703703704,2023-06-27 00:52:30+00:00,364.6742657174343,188.72459663247056,2.367585818214276,503.2276015581525
2023-06-23 01:07:30,179.49258845909264,17.767444725796604,-2.793221644541706,276.12053845015953,9.34099537037037,2023-06-27 01:07:30+00:00,364.6742657174343,188.58671347460643,2.3687720823277147,495.7150806900389
2023-06-23 01:22:30,179.85075129191355,17.85411980145922,-2.7695745217253176,272.4834277491775,9.351412037037036,2023-06-27 01:22:30+00:00,364.69780303035543,188.44883031697643,2.369958274486047,508.34724540901504
2023-06-23 01:37:30,180.2039956711344,17.94117153109361,-2.745943932554139,266.9290715091688,9.361828703703704,2023-06-27 01:37:30+00:00,364.68643536229956,188.3109471595691,2.371144394653793,516.69449081803
2023-06-23 01:52:30,180.5523724763532,18.028589646402224,-2.7223354625049314,270.70165486166263,9.37224537037037,2023-06-27 01:52:30+00:00,364.68643536229956,188.17306400240628,2.3723304427959073,496.07679465776295
2023-06-23 02:07:30,180.89593266047223,18.116364080978332,-2.698754461171582,273.2953359766277,9.382662037037036,2023-06-27 02:07:30+00:00,364.6400178223492,188.03518084550151,2.373516418876408,496.71675013912073
2023-06-23 02:22:30,181.23472720915305,18.2044849679462,-2.6752060487928313,269.46485612503784,9.393078703703704,2023-06-27 02:22:30+00:00,364.5586430434614,187.89729768890183,2.3747023228598207,505.59265442404
2023-06-23 02:37:30,181.56880710227853,18.2929426375128,-2.6516951227432735,290.0095628636724,9.40349537037037,2023-06-27 02:37:30+00:00,364.5586430434614,187.75941453257047,2.375888154711103,497.44017807456873
2023-06-23 02:52:30,181.8982232765916,18.381727614300388,-2.6282263640098527,243.1360756540404,9.413912037037036,2023-06-27 02:52:30+00:00,364.4426206056144,187.62153137656497,2.3770739143942787,491.7362270450751
2023-06-23 03:07:30,182.22302659199173,18.470830614850357,-2.604804243544356,255.92146478071973,9.424328703703704,2023-06-27 03:07:30+00:00,364.2924551221735,187.48364822088888,2.37825960187389,493.76043405676126
2023-06-23 03:22:30,182.5432677992316,18.560242544995344,-2.5814330285635307,299.6825417690902,9.43474537037037,2023-06-27 03:22:30+00:00,364.2924551221735,187.34576506559284,2.3794452171149025,499.08180300500834
2023-06-23 03:37:30,182.85899750821676,18.649954496961623,-2.5581167888271006,296.63868638780065,9.445162037037036,2023-06-27 03:37:30+00:00,364.1088236499498,187.2078819106181,2.3806307600813645,499.770450751252
2023-06-23 03:52:30,183.17026616071848,18.739957746838495,-2.5348594027200395,313.42391164761784,9.455578703703704,2023-06-27 03:52:30+00:00,363.8925530070202,187.0699987560699,2.3818162307378055,492.6067254948724
2023-06-23 04:07:30,183.47712400284848,18.83024375173388,-2.5116645633139916,305.80924154059994,9.46599537037037,2023-06-27 04:07:30+00:00,363.8925530070202,186.93211560189727,2.383001629049207,481.63606010016696
2023-06-23 04:22:30,183.77962105962712,18.920804146895637,-2.4885357843281306,306.7437978025391,9.476412037037036,2023-06-27 04:22:30+00:00,363.64459749720663,186.79423244817255,2.3841869549796404,494.96780348199377
2023-06-23 04:37:30,184.07780711195707,19.01163074297243,-2.4654764059433014,326.15928508298146,9.486828703703704,2023-06-27 04:37:30+00:00,363.64459749720663,186.6563492948848,2.3853722084936133,497.4540901502504
2023-06-23 04:52:30,184.3717316747614,19.10271552323527,-2.442489600511513,350.73960476763597,9.49724537037037,2023-06-27 04:52:30+00:00,363.3660174515415,186.5184661420556,2.386557389556166,515.7882184593369
2023-06-23 05:07:30,184.66144397559736,19.194050640543455,-2.4195783782137132,394.5057586249456,9.507662037037036,2023-06-27 05:07:30+00:00,363.0579589095678,186.3805829896847,2.3877424981313218,542.779632721202
2023-06-23 05:22:30,184.946992936744,19.285628414667205,-2.39674559250783,407.7697802348176,9.518078703703704,2023-06-27 05:22:30+00:00,363.0579589095678,186.24269983783392,2.388927534183657,511.2896494156928
2023-06-23 05:37:30,185.2284271571874,19.37744132941086,-2.3739939455078827,399.93450008387185,9.52849537037037,2023-06-27 05:37:30+00:00,362.72163468043465,186.10481668651084,2.3901124976781736,507.8464106844741
2023-06-23 05:52:30,185.50579489581816,19.469482029638176,-2.351325993265773,399.9038605198028,9.538912037037036,2023-06-27 05:52:30+00:00,362.3583069479797,185.96693353567127,2.391297388578942,529.8831385642738
2023-06-23 06:07:30,185.77914405704053,19.561743318575637,-2.3287441508619096,404.2337228714524,9.549328703703704,2023-06-27 06:07:30+00:00,362.3583069479797,185.82905038543535,2.392482206850501,518.4140233722871
2023-06-23 06:22:30,186.0485221766613,19.654218154936057,-2.3062506974195376,403.5521049138122,9.55974537037037,2023-06-27 06:22:30+00:00,361.96927151697474,185.69116723572353,2.393666952457919,519.087367835281
2023-06-23 06:37:30,186.31397640885947,19.74689965000848,-2.283847781004179,402.5989983305509,9.570162037037036,2023-06-27 06:37:30+00:00,361.5558437403059,185.55328408662268,2.3948516253652388,481.1908736783528
2023-06-23 06:52:30,186.57555351483003,19.839781064952103,-2.2615374233528,418.8512769509466,9.580578703703704,2023-06-27 06:52:30+00:00,361.5558437403059,185.415400938122,2.3960362255370367,488.0008347245409
2023-06-23 07:07:30,186.83329985249625,19.93285580804445,-2.2393215244935316,430.25800576718774,9.59099537037037,2023-06-27 07:07:30+00:00,361.11934611925665,185.2775177902438,2.39722075293835,492.3761825264329
2023-06-23 07:22:30,187.08726136582308,20.026117431725407,-2.2172018672941274,429.7252177051843,9.601412037037036,2023-06-27 07:22:30+00:00,360.6610975309909,185.13963464300255,2.3984052075332674,484.08458542014466
2023-06-23 07:37:30,187.3374835770913,20.119559630027396,-2.1951801218001137,419.56987135421775,9.611828703703704,2023-06-27 07:37:30+00:00,360.6610975309909,185.001751496431,2.3995895892863603,482.8603227601558
2023-06-23 07:52:30,187.58401157881536,20.21317623584154,-2.173257849494467,438.1982202753825,9.62224537037037,2023-06-27 07:52:30+00:00,360.18240400813056,184.86386835055157,2.400773898162668,483.5837506956038
2023-06-23 08:07:30,187.82689002628848,20.30696121808759,-2.1514365074647768,493.2446685899092,9.632662037037036,2023-06-27 08:07:30+00:00,359.68455097411027,184.7259852053208,2.4019581341263176,484.7523650528659
2023-06-23 08:22:30,188.06616313198617,20.400908679206825,-2.12971745238001,463.346905475944,9.643078703703704,2023-06-27 08:22:30+00:00,359.68455097411027,184.58810206085872,2.4031422971418666,499.2696160267112
2023-06-23 08:37:30,188.30187465987643,20.49501285246832,-2.1081019443991864,425.58430717863104,9.65349537037037,2023-06-27 08:37:30+00:00,359.1687968237572,184.450218917086,2.404326387174398,505.954368391764
2023-06-23 08:52:30,188.53406792029617,20.589268099278343,-2.08659115096904,427.2396250969464,9.663912037037036,2023-06-27 08:52:30+00:00,359.1687968237572,184.31233577411913,2.4055104041879902,501.669449081803
2023-06-23 09:07:30,188.7627857664799,20.683668906727156,-2.0651861504583664,428.40813119905727,9.674328703703704,2023-06-27 09:07:30+00:00,358.6363677302176,184.17445263187489,2.406694348147274,484.8636616583194
2023-06-23 09:22:30,188.9880705908947,20.77820988504707,-2.043887935707514,412.4167730531278,9.68474537037037,2023-06-27 09:22:30+00:00,358.0884535559029,184.03656949043383,2.4078782190172845,472.34974958263774
2023-06-23 09:37:30,189.2099643221339,20.872885764987927,-2.022697417491997,415.40188003519006,9.695162037037036,2023-06-27 09:37:30+00:00,358.0884535559029,183.8986863498254,2.4090620167621553,481.6917084028937
2023-06-23 09:52:30,189.42850842280748,20.967691395432077,-2.0016154278304854,420.4390129382303,9.705578703703704,2023-06-27 09:52:30+00:00,357.52620474555874,183.76080321002453,2.4102457413464897,484.55759599332225
2023-06-23 10:07:30,189.64374388810887,21.062621741019058,-1.980642723191839,416.31290245647506,9.71599537037037,2023-06-27 10:07:30+00:00,356.9507300829918,183.6229200710538,2.4114293927353745,490.0667779632721
2023-06-23 10:22:30,189.85571124391208,21.157671879578835,-1.9597799876472497,425.0868564724992,9.726412037037036,2023-06-27 10:22:30+00:00,356.9507300829918,183.4850369329718,2.4126129708929556,486.1853088480802
2023-06-23 10:37:30,190.0644505465061,21.25283699993194,-1.939027835846831,437.5124386292425,9.736828703703704,2023-06-27 10:37:30+00:00,356.3630951986262,183.34715379578265,2.413796475783802,499.05397885364494
2023-06-23 10:52:30,190.27000138223465,21.348112399516992,-1.918386815941776,415.6319912404615,9.74724537037037,2023-06-27 10:52:30+00:00,355.76432172224025,183.20927065947996,2.414979907373027,474.9582637729549
2023-06-23 11:07:30,190.47240286698437,21.443493482006847,-1.897857412419008,420.5367154212244,9.757662037037036,2023-06-27 11:07:30+00:00,355.76432172224025,183.07138752409324,2.4161632656248035,465.3311074012243
2023-06-23 11:22:30,190.67169364733795,21.53897575518756,-1.8774400487911704,423.858069460029,9.768078703703704,2023-06-27 11:22:30+00:00,355.1553869833861,182.93350438965592,2.417346550503702,475.6260434056761
2023-06-23 11:37:30,190.86791190115295,21.634554828736004,-1.8571350902241393,441.07389867466185,9.77849537037037,2023-06-27 11:37:30+00:00,354.5372241706749,182.7956212561616,2.418529761974857,466.77796327212013
2023-06-23 11:52:30,191.06109533847055,21.73022641192641,-1.83694284609585,422.6238646331457,9.788912037037036,2023-06-27 11:52:30+00:00,354.5372241706749,182.65773812366905,2.4197129000024105,491.54145798553145
2023-06-23 12:07:30,191.2512812032138,21.82598631161683,-1.8168635724158688,420.0582365958769,9.799328703703704,2023-06-27 12:07:30+00:00,353.9107228699441,182.51985499215357,2.420895964551005,491.8912473169568
2023-06-23 12:22:30,191.43850627514243,21.921830430146137,-1.79689747418557,422.0761016788988,9.80974537037037,2023-06-27 12:22:30+00:00,353.2767299100489,182.38197186166715,2.422078955585756,464.2737896494157
2023-06-23 12:37:30,191.6228068713828,22.017754763178363,-1.7770447076936884,421.279597451151,9.820162037037036,2023-06-27 12:37:30+00:00,353.2767299100489,182.24408873221037,2.4232618730708104,474.6243739565943
2023-06-23 12:52:30,191.80421884910243,22.113755397755803,-1.7573053826946037,517.4587044660356,9.830578703703704,2023-06-27 12:52:30+00:00,352.63605045342564,182.10620560378769,2.42444471697084,482.47078464106846
2023-06-23 13:07:30,191.98277760809444,22.209828510351844,-1.7376795645156629,429.4031719532554,9.84099537037037,2023-06-27 13:07:30+00:00,352.63605045342564,181.96832247646577,2.4256274872509245,484.474123539232
2023-06-23 13:22:30,192.1585180931798,22.30597036479714,-1.7181672761214168,435.38163606010016,9.851412037037036,2023-06-27 13:22:30+00:00,351.9894492765205,181.83043935024537,2.426810183875271,486.14357262103505
2023-06-23 13:37:30,192.33147479739785,22.40217731049022,-1.6987685000525086,410.3924895068028,9.861828703703704,2023-06-27 13:37:30+00:00,351.3376521925633,181.6925562251164,2.4279928068085397,491.41903171953254
2023-06-23 13:52:30,192.50168176532176,22.498445780504735,-1.679483180321531,405.4455839096907,9.87224537037037,2023-06-27 13:52:30+00:00,351.3376521925633,181.55467310113133,2.4291753560158527,496.51502504173624
2023-06-23 14:07:30,192.66917259586964,22.59477228966352,-1.6603112242523033,402.69357748714225,9.882662037037036,2023-06-27 14:07:30+00:00,350.6813475759532,181.41678997829064,2.430357831461398,500.1669449081803
2023-06-23 14:22:30,192.8339804461796,22.69115343283771,-1.641252504213378,405.22511340891015,9.893078703703704,2023-06-27 14:22:30+00:00,350.02118795366823,181.27890685659915,2.4315402331098426,487.590428491931
2023-06-23 14:37:30,192.99613803526665,22.78758588318858,-1.622306859304608,430.6206546776273,9.90349537037037,2023-06-27 14:37:30+00:00,350.02118795366823,181.14102373612377,2.432722560926325,492.508347245409
2023-06-23 14:52:30,193.1556776473473,22.88406639031592,-1.603474097005825,404.588376460768,9.913912037037036,2023-06-27 14:52:30+00:00,349.35779163463565,181.0031406168362,2.43390481487507,500.08347245409016
2023-06-23 15:07:30,193.3126311360769,22.980591778703076,-1.5847539947116345,414.8163606010016,9.924328703703704,2023-06-27 15:07:30+00:00,348.69174435290097,180.8652574987849,2.435086994920726,495.65943238731217
2023-06-23 15:22:30,193.46702992866653,23.077158946038015,-1.5661463012383945,395.65943238731217,9.93474537037037,2023-06-27 15:22:30+00:00,348.69174435290097,180.7273743820078,2.4362691010284476,489.3155258764607
2023-06-23 15:37:30,193.6189050293506,23.173764861470616,-1.547650738292294,417.1058907703315,9.945162037037036,2023-06-27 15:37:30+00:00,348.02360090476446,180.5894912664476,2.4374511331624693,496.07679465776295
2023-06-23 15:52:30,193.7682870240448,23.27040656414581,-1.529267001834171,410.2874159635429,9.955578703703704,2023-06-27 15:52:30+00:00,347.3538867638286,180.45160815221095,2.438633091287445,502.83806343906514
2023-06-23 16:07:30,193.9152060846019,23.367081161633248,-1.5109947634179697,405.36131647984735,9.96599537037037,2023-06-27 16:07:30+00:00,347.3538867638286,180.31372503927793,2.4398149753685834,514.2857142857143
2023-06-23 16:22:30,194.0596919728121,23.46378582832061,-1.4928336714892956,381.4658158855009,9.976412037037036,2023-06-27 16:22:30+00:00,346.6830996611803,180.17584192764943,2.4409967853700745,492.9465776293823
2023-06-23 16:37:30,194.20177404492395,23.560517804000987,-1.474783352603058,401.34479732360256,9.986828703703704,2023-06-27 16:37:30+00:00,346.0117111207526,180.037958817374,2.442178521256634,484.3628269337785
2023-06-23 16:52:30,194.3414812562955,23.65727439241225,-1.4568434126081615,388.1774788967528,9.99724537037037,2023-06-27 16:52:30+00:00,346.0117111207526,179.90007570846078,2.443360182993424,474.9582637729549
2023-06-23 17:07:30,194.47884216543125,23.75405295972931,-1.4390134377990869,382.56757371234806,10.007662037037036,2023-06-27 17:07:30+00:00,345.3401679423174,179.76219260093998,2.444541770544698,481.8745528261388
2023-06-23 17:22:30,194.61388493878275,23.85085093323763,-1.421292995994612,384.2914661691053,10.018078703703704,2023-06-27 17:22:30+00:00,345.3401679423174,179.62430949480228,2.4457232838751533,489.12771285475793
2023-06-23 17:37:30,194.74663735539065,23.94766579998104,-1.4036816375831944,375.0531040709873,10.02849537037037,2023-06-27 17:37:30+00:00,344.66889362660584,179.4864263901147,2.4469047229499843,486.5887590428491
2023-06-23 17:52:30,194.8771268110028,24.04449510532763,-1.3861788965465112,366.8633769460729,10.038912037037036,2023-06-27 17:52:30+00:00,343.9982897387662,179.34854328684952,2.4480860877334165,481.6026711185309
2023-06-23 18:07:30,195.00538032314464,24.141336451740777,-1.3687842914101287,362.2145859181645,10.049328703703704,2023-06-27 18:07:30+00:00,343.9982897387662,179.2106601850558,2.449267378190217,484.1402337228714
2023-06-23 18:22:30,195.13142453556657,24.238187497516392,-1.3514973261662755,341.40621966843963,10.05974537037037,2023-06-27 18:22:30+00:00,343.3287372077997,179.07277708474243,2.4504485942855454,492.52086811352257
2023-06-23 18:37:30,195.2552857225591,24.335045955393404,-1.334317491186819,336.7370095993322,10.070162037037036,2023-06-27 18:37:30+00:00,342.66059756079807,178.93489398594005,2.451629735983679,485.7262103505843
2023-06-23 18:52:30,195.3769897940356,24.431909591510355,-1.3172442640425388,329.5963861337524,10.080578703703704,2023-06-27 18:52:30+00:00,342.66059756079807,178.7970108886394,2.452810803249342,491.9866444073456
2023-06-23 19:07:30,195.4965622999663,24.52877622411126,-1.3002771103368218,336.34505785504575,10.09099537037037,2023-06-27 19:07:30+00:00,341.9942140917684,178.659127792908,2.453991796047751,493.3778519755148
2023-06-23 19:22:30,195.614028434795,24.625643722323662,-1.2834154844974917,358.4724540901502,10.101412037037036,2023-06-27 19:22:30+00:00,341.3299129656118,178.5212446987182,2.4551727143431763,458.6533110740122
2023-06-23 19:37:30,195.7294130422709,24.722510005132893,-1.2666588305055098,322.4104851369197,10.111828703703704,2023-06-27 19:37:30+00:00,341.3299129656118,178.38336160611905,2.4563535581003686,493.43350027824147
2023-06-23 19:52:30,195.84274062010743,24.81937304020131,-1.250006582624671,322.4143413625884,10.12224537037037,2023-06-27 19:52:30+00:00,340.6680042584415,178.24547851512014,2.457534327284541,494.2125765164162
2023-06-23 20:07:30,195.9540353242054,24.916230842716953,-1.2334581660993336,310.13774932945114,10.132662037037036,2023-06-27 20:07:30+00:00,340.00878293591217,178.10759542572274,2.458715021859977,488.53644963828606
2023-06-23 20:22:30,196.06332097363244,25.013081474442835,-1.2170129977934885,308.9914815290441,10.143078703703704,2023-06-27 20:22:30+00:00,340.00878293591217,177.96971233801983,2.4598956417914306,489.2529215358932
2023-06-23 20:37:30,196.17062105487744,25.109923042594552,-1.200670486834614,305.10971860248037,10.15349537037037,2023-06-27 20:37:30+00:00,339.35252977160127,177.8318292519337,2.4610761870441524,481.2465219810796
2023-06-23 20:52:30,196.2759587264295,25.20675369878912,-1.1844300352226178,305.8554380758053,10.163912037037036,2023-06-27 20:52:30+00:00,338.6995122077589,177.6939461675386,2.4622566575824223,479.1875347801892
2023-06-23 21:07:30,196.3793568233428,25.303571638133217,-1.1682910383930984,294.72376441355743,10.174328703703704,2023-06-27 21:07:30+00:00,338.6995122077589,177.55606308485486,2.46343705337102,485.58708959376736
2023-06-23 21:22:30,196.48083786173865,25.400375098218426,-1.1522528857751797,296.2231169596386,10.18474537037037,2023-06-27 21:22:30+00:00,338.049985160939,177.41818000389213,2.464617374375189,489.8720089037284
2023-06-23 21:37:30,196.58042404292615,25.49716235807553,-1.1363149613355303,302.3553311744474,10.195162037037036,2023-06-27 21:37:30+00:00,338.049985160939,177.28029692468115,2.4657976205592225,473.62270450751254
2023-06-23 21:52:30,196.67813725821733,25.59393173737989,-1.120476644060999,302.913947488238,10.205578703703704,2023-06-27 21:52:30+00:00,337.4041917751522,177.14241384722766,2.4669777918879294,477.79632721202
2023-06-23 22:07:30,196.77399909306897,25.690681595465232,-1.104737308454695,309.43821097177465,10.21599537037037,2023-06-27 22:07:30+00:00,336.7623641252579,177.00453077155615,2.4681578883265343,469.03171953255423
2023-06-23 22:22:30,196.86803083125963,25.787410330389985,-1.089096325004509,307.4178749359168,10.226412037037036,2023-06-27 22:22:30+00:00,336.7623641252579,176.8666476976975,2.4693379098393793,473.18864774624376
2023-06-23 22:37:30,196.96025345956173,25.884116378183013,-1.0735530606058608,299.21962961525026,10.236828703703704,2023-06-27 22:37:30+00:00,336.1247238733442,176.7287646256575,2.4705178563912567,457.7629382303839
2023-06-23 22:52:30,197.0506876717298,25.980798211912894,-1.0581068789963008,300.46965435258505,10.24724537037037,2023-06-27 22:52:30+00:00,335.49148288083865,176.59088155546053,2.471697727947436,474.991652754591
2023-06-23 23:07:30,197.13935387266645,26.077454340842134,-1.042757141159966,321.4970687580076,10.257662037037036,2023-06-27 23:07:30+00:00,335.49148288083865,176.45299848713785,2.4728775244722434,471.45242070116865
2023-06-23 23:22:30,197.2262721827896,26.174083309647425,-1.0275032057068223,310.4901398163606,10.268078703703704,2023-06-27 23:22:30+00:00,334.86284377906435,176.3151154206952,2.4740572459304904,453.04078225614126
2023-06-23 23:37:30,197.31146244211251,26.270683697680003,-1.0123444292306227,306.0031559448396,10.27849537037037,2023-06-27 23:37:30+00:00,334.23900050089804,176.17723235615722,2.475236892287453,445.79855314412913
2023-06-23 23:52:30,197.39494421406476,26.36725411804843,-0.9972801666807678,322.1439104083979,10.288912037037036,2023-06-27 23:52:30+00:00,334.23900050089804,176.03934929355512,2.4764164635074852,460.5175292153589
2023-06-24 00:07:30,197.4767367899692,26.46379321697989,-0.9823097716768066,319.5988125475013,10.299328703703704,2023-06-28 00:07:30+00:00,333.6201387761181,175.90146623289493,2.4775959595554053,462.9590984974958
2023-06-24 00:22:30,197.55685919275632,26.560299673076265,-0.9674325968253948,318.01251112424734,10.30974537037037,2023-06-28 00:22:30+00:00,333.006436592946,175.76358317420133,2.478775380396491,456.7612687813022
2023-06-24 00:37:30,197.63533018084203,26.65677219647619,-0.9526479940444224,328.24863143999687,10.320162037037036,2023-06-28 00:37:30+00:00,333.006436592946,175.6257001175055,2.479954725995108,459.7662771285476
2023-06-24 00:52:30,197.71216825234532,26.753209528296193,-0.937955314826888,324.2992536198463,10.330578703703704,2023-06-28 00:52:30+00:00,332.39806462818945,175.4878170628428,2.481133996316108,461.0541378487956
2023-06-24 01:07:30,197.7873916487308,26.849610439894462,-0.9233539105221734,321.38836044570405,10.34099537037037,2023-06-28 01:07:30+00:00,331.7951866482956,175.3499340101652,2.482313191324766,439.3322203672787
2023-06-24 01:22:30,197.861018358506,26.94597373209059,-0.9088431326135964,309.49247448731023,10.351412037037036,2023-06-28 01:22:30+00:00,331.7951866482956,175.2120509595768,2.483492310985483,445.40901502504175
2023-06-24 01:37:30,197.93306612132255,27.042298234663217,-0.8944223329427995,314.4853826144349,10.361828703703704,2023-06-28 01:37:30+00:00,331.19795988351757,175.07416791104035,2.4846713552630786,457.07429048414025
2023-06-24 01:52:30,198.00355243150028,27.138582805627497,-0.8800908639581232,305.85216606146435,10.37224537037037,2023-06-28 01:52:30+00:00,331.19795988351757,174.93628486459517,2.4858503241228975,473.28881469115186
2023-06-24 02:07:30,198.07249454158713,27.234826330568584,-0.865848078944522,290.62002562410214,10.382662037037036,2023-06-28 02:07:30+00:00,330.6065353772865,174.79840182027283,2.4870292175292934,466.110183639399
2023-06-24 02:22:30,198.1399094661362,27.331027722080695,-0.8516933322285216,283.6946142403357,10.393078703703704,2023-06-28 02:22:30+00:00,330.0210583127713,174.66051877810892,2.4882080354471445,441.6646792272835
2023-06-24 02:37:30,198.20581398539892,27.427185919211688,-0.8376259793743563,261.2532515432698,10.40349537037037,2023-06-28 02:37:30+00:00,330.0210583127713,174.52263573808446,2.489386777841768,449.41569282136896
2023-06-24 02:52:30,198.27022464854952,27.523299886739167,-0.8236453773957457,288.14171479053937,10.413912037037036,2023-06-28 02:52:30+00:00,329.44166831849554,174.38475270021684,2.490565444677576,448.43489148580966
2023-06-24 03:07:30,198.33315777737448,27.61936861470829,-0.8097508849216961,280.31603059362504,10.424328703703704,2023-06-28 03:07:30+00:00,328.868499754768,174.24686966457057,2.4917440359194276,442.960489705064
2023-06-24 03:22:30,198.3946294698209,27.715391117884288,-0.7959418623671697,264.0665700941258,10.43474537037037,2023-06-28 03:22:30+00:00,328.868499754768,174.1089866311562,2.492922551532667,460.71229827490265
2023-06-24 03:37:30,198.45465560296128,27.811366435077133,-0.7822176721149453,260.13899134215944,10.445162037037036,2023-06-28 03:37:30+00:00,328.3016819825663,173.9711035999619,2.494100991481712,469.0038953811909
2023-06-24 03:52:30,198.5132518367343,27.90729362872861,-0.768577678652269,267.67569814801584,10.455578703703704,2023-06-28 03:52:30+00:00,327.74133961640564,173.83322057100884,2.495279355731448,458.5976627712855
2023-06-24 04:07:30,198.57043361727452,28.003171784407193,-0.7550212487147514,295.9933222036728,10.46599537037037,2023-06-28 04:07:30+00:00,327.74133961640564,173.69533754439482,2.4964576442472155,458.8759042849194
2023-06-24 04:22:30,198.62621617965056,28.099000010127313,-0.7415477514483996,299.462667198367,10.476412037037036,2023-06-28 04:22:30+00:00,327.18759276260135,173.55745452005007,2.4976358569934636,465.5258764607679
2023-06-24 04:37:30,198.68061455163803,28.194777436026612,-0.7281565585148111,301.9114544913357,10.486828703703704,2023-06-28 04:37:30+00:00,326.64055724422764,173.41957149805384,2.4988139939350593,456.57345575959937
2023-06-24 04:52:30,198.7336435566916,28.290503213849288,-0.7148470442181818,404.4589961869003,10.49724537037037,2023-06-28 04:52:30+00:00,326.64055724422764,173.2816884783735,2.499992055037388,467.2787979966611
2023-06-24 05:07:30,198.7853178168663,28.38617651636492,-0.7016185856357497,415.49318047374953,10.507662037037036,2023-06-28 05:07:30+00:00,326.10034481395166,173.1438054610989,2.5011700402649044,437.8964941569282
2023-06-24 05:22:30,198.83565175608877,28.481796537007924,-0.688470562711761,405.3264540939221,10.518078703703704,2023-06-28 05:22:30+00:00,325.56706335581043,173.00592244617897,2.5023479495824774,434.8914858096827
2023-06-24 05:37:30,198.88465960321457,28.577362489413503,-0.6754023583615947,389.80778762541814,10.52849537037037,2023-06-28 05:37:30+00:00,325.56706335581043,172.86803943371166,2.5035257829555326,448.1357818586534
2023-06-24 05:52:30,198.93235539471016,28.67287360687173,-0.6624133585810118,374.5384602973074,10.538912037037036,2023-06-28 05:52:30+00:00,325.0408170768762,172.7301564236564,2.5047035403484874,446.29938786867
2023-06-24 06:07:30,198.9787529779153,28.768329142034123,-0.6495029525176278,384.0099476037624,10.549328703703704,2023-06-28 06:07:30+00:00,325.0408170768762,172.59227341603486,2.5058812217262982,461.4118769377534
2023-06-24 06:22:30,199.02386601381747,28.86372836642753,-0.6366705325633297,393.45935819423175,10.55974537037037,2023-06-28 06:22:30+00:00,324.52170668963737,172.45439041091595,2.5070588270543324,432.2829716193656
2023-06-24 06:37:30,199.0677079798,28.95907056999165,-0.623915494439763,393.9484917602986,10.570162037037036,2023-06-28 06:37:30+00:00,324.00982958579806,172.31650740830278,2.508236356297061,437.0140710708323
2023-06-24 06:52:30,199.11029217258653,29.054355060743692,-0.6112372372621668,412.97493950583686,10.580578703703704,2023-06-28 06:52:30+00:00,324.00982958579806,172.1786244082027,2.5094138094194305,432.8324986087924
2023-06-24 07:07:30,199.1516317108598,29.149581164366296,-0.5986351636104578,458.1684653216726,10.59099537037037,2023-06-28 07:07:30+00:00,323.5052800020755,172.04074141062648,2.5105911863868284,440.7902058987201
2023-06-24 07:22:30,199.19173953806597,29.244748223767164,-0.5861086795997478,459.7228627912062,10.601412037037036,2023-06-28 07:22:30+00:00,323.00814917844485,171.90285841562115,2.511768487163776,443.3639398998331
2023-06-24 07:37:30,199.23062842504856,29.33985559877819,-0.5736571949292212,449.7356392520501,10.611828703703704,2023-06-28 07:37:30+00:00,323.00814917844485,171.76497542322318,2.5129457117151937,463.3436680181254
2023-06-24 07:52:30,199.26831097286413,29.43490266579523,-0.5612801229358495,437.2156791815681,10.62224537037037,2023-06-28 07:52:30+00:00,322.5185255091503,171.62709243341428,2.5141228600065006,443.42654424040063
2023-06-24 08:07:30,199.30479961499265,29.52988881726088,-0.5489768806649591,321.69973211165893,10.632662037037036,2023-06-28 08:07:30+00:00,322.03649468666623,171.4892094462417,2.5152999320022067,439.95548135781854
2023-06-24 08:22:30,199.34010662017417,29.62481346150152,-0.5367468888922224,314.8525969568823,10.643078703703704,2023-06-28 08:22:30+00:00,322.03649468666623,171.35132646169816,2.5164769276672723,445.4924874791319
2023-06-24 08:37:30,199.37424409501787,29.719676022335538,-0.524589572172066,371.8914251449214,10.65349537037037,2023-06-28 08:37:30+00:00,321.56213983865405,171.21344347985314,2.517653846967121,446.1324429604897
2023-06-24 08:52:30,199.4072239860478,29.81447593859623,-0.5125043588948478,531.1954801871576,10.663912037037036,2023-06-28 08:52:30+00:00,321.09554165781816,171.0755605007101,2.518830689866267,466.61101836393993
2023-06-24 09:07:30,199.43905808253024,29.90921266398486,-0.5004906812983618,533.0351980928007,10.674328703703704,2023-06-28 09:07:30+00:00,321.09554165781816,170.93767752424742,2.5200074563296804,470.4984497972812
2023-06-24 09:22:30,199.4697580188766,30.003885666708324,-0.4885479755055515,537.8762887716921,10.68474537037037,2023-06-28 09:22:30+00:00,320.6367785244204,170.79979455056386,2.5211841463228515,445.6803005008347
2023-06-24 09:37:30,199.4993352766126,30.098494429026932,-0.4766756815704602,503.90638093320257,10.695162037037036,2023-06-28 09:37:30+00:00,320.1859266210631,170.6619115796192,2.522360759810259,440.56761268781304
2023-06-24 09:52:30,199.52780118705792,30.193038447098285,-0.4648732434847236,316.4721143607365,10.705578703703704,2023-06-28 09:52:30+00:00,320.1859266210631,170.52402861146476,2.5235372967569156,480.08585738134985
2023-06-24 10:07:30,199.5551669336238,30.28751723069336,-0.4531401091985859,316.47769559419487,10.71599537037037,2023-06-28 10:07:30+00:00,319.74306003920265,170.386145646112,2.5247137571282714,457.3177518085698
2023-06-24 10:22:30,199.58144355368847,30.38193030271689,-0.4414757306637196,355.3175888681301,10.726412037037036,2023-06-28 10:22:30+00:00,319.74306003920265,170.24826268359382,2.5258901408888668,449.08180300500834
2023-06-24 10:37:30,199.6066419412693,30.47627719910709,-0.4298795638276613,352.8441646385207,10.736828703703704,2023-06-28 10:37:30+00:00,319.30825087670075,170.11037972391787,2.5270664480037155,437.9799666110183
2023-06-24 10:52:30,199.63077284888843,30.570557468495306,-0.4183510686555945,334.91236378005647,10.74724537037037,2023-06-28 10:52:30+00:00,318.8815693255709,169.97249676712477,2.528242678438309,432.1202003338898
2023-06-24 11:07:30,199.65384688986072,30.664770671887283,-0.4068897091487081,325.7857964125869,10.757662037037036,2023-06-28 11:07:30+00:00,318.8815693255709,169.8346138132039,2.5294188321571687,448.2470784641068
2023-06-24 11:22:30,199.675874540234,30.758916382428147,-0.395494953349687,323.65816829833506,10.768078703703704,2023-06-28 11:22:30+00:00,318.46308374892294,169.69673086220678,2.5305949091253352,451.0851419031719
2023-06-24 11:37:30,199.6968661411913,30.8529941852016,-0.3841662733431444,322.04859374357176,10.77849537037037,2023-06-28 11:37:30+00:00,318.052860745958,169.55884791414505,2.53177090930829,450.19476905954366
2023-06-24 11:52:30,199.7168319006677,30.94700367683018,-0.3729031452791139,334.7766273722812,10.788912037037036,2023-06-28 11:52:30+00:00,318.052860745958,169.42096496905185,2.5329468326706057,435.4757929883138
2023-06-24 12:07:30,199.73578189560163,31.040944465325108,-0.3617050493642726,359.239548908044,10.799328703703704,2023-06-28 12:07:30+00:00,317.6509652037204,169.28308202696405,2.534122679177321,473.6227045075125
2023-06-24 12:22:30,199.75372607403105,31.134816169886324,-0.350571469858591,343.2767791280041,10.80974537037037,2023-06-28 12:22:30+00:00,317.25746033416806,169.14519908786465,2.5352984487939225,440.1780745687256
2023-06-24 12:37:30,199.77067425663603,31.2286184205122,-0.3395018950934035,342.31136660762377,10.820162037037036,2023-06-28 12:37:30+00:00,317.25746033416806,169.00731615180118,2.536474141485038,429.4379521424596
2023-06-24 12:52:30,199.7866361390757,31.32235085788072,-0.3284958174559847,339.8923108281244,10.830578703703704,2023-06-28 12:52:30+00:00,316.8724076949905,168.86943321876717,2.537649757215655,442.98831385642734
2023-06-24 13:07:30,199.80162129371385,31.416013133149654,-0.3175527333828623,342.1905510481152,10.84099537037037,2023-06-28 13:07:30+00:00,316.4958671924751,168.73155028883284,2.5388252959513378,441.1240957150806
2023-06-24 13:22:30,199.8156391711672,31.50960490756054,-0.3066721433751904,343.1691348917734,10.851412037037036,2023-06-28 13:22:30+00:00,316.4958671924751,168.5936673620025,2.5400007576566814,438.2860322760156
2023-06-24 13:37:30,199.82869910263423,31.60312585239352,-0.2958535519720972,343.6405556895483,10.861828703703704,2023-06-28 13:37:30+00:00,316.12789706461206,168.45578443826955,2.541176142296729,437.0061213133
2023-06-24 13:52:30,199.84081030137784,31.696575648710667,-0.2850964677479145,322.9399682379455,10.87224537037037,2023-06-28 13:52:30+00:00,315.76855384252775,168.31790151767532,2.54235144983702,446.8558708959376
2023-06-24 14:07:30,199.8519818645787,31.78995398708364,-0.2744004033106874,341.7450920527881,10.882662037037036,2023-06-28 14:07:30+00:00,315.76855384252775,168.18001860025316,2.5435266802421874,438.7312186978297
2023-06-24 14:22:30,199.86222277492928,31.883260567423747,-0.2637648752873727,332.6578697053228,10.893078703703704,2023-06-28 14:22:30+00:00,315.4178922882576,168.04213568602603,2.5447018334772986,437.0617696160267
2023-06-24 14:37:30,199.8715419026089,31.97649509885756,-0.2531894043043234,319.89020653434153,10.90349537037037,2023-06-28 14:37:30+00:00,315.4178922882576,167.90425277500609,2.5458769095078835,448.02448525319977
2023-06-24 14:52:30,199.8799480066635,32.06965729936403,-0.2426735149933111,328.07450610565826,10.913912037037036,2023-06-28 14:52:30+00:00,315.0759653068126,167.76636986722693,2.547051908298601,434.6410684474123
2023-06-24 15:07:30,199.88744973681943,32.16274689572344,-0.2322167359620625,322.74442593226274,10.924328703703704,2023-06-28 15:07:30+00:00,314.74282383045806,167.62848696269677,2.5482268298145287,447.7462437395659
2023-06-24 15:22:30,199.89405563517565,32.255763623327155,-0.2218185997798603,323.1304666137915,10.93474537037037,2023-06-28 15:22:30+00:00,314.74282383045806,167.49060406144275,2.549401674021238,443.5517529215359
2023-06-24 15:37:30,199.89977413747985,32.34870722586664,-0.2114786429765524,325.28996121941236,10.945162037037036,2023-06-28 15:37:30+00:00,314.4185166731232,167.35272116351297,2.5505764408833693,438.1677796327212
2023-06-24 15:52:30,199.90461357512947,32.44157745528717,-0.2011964060109229,334.2513693054793,10.955578703703704,2023-06-28 15:52:30+00:00,314.10309035288606,167.21483826890133,2.551751130366028,449.39184354877176
2023-06-24 16:07:30,199.908582176445,32.53437407160262,-0.1909714332546044,334.0542928226682,10.96599537037037,2023-06-28 16:07:30+00:00,314.10309035288606,167.0769553776351,2.552925742434804,453.25542570951586
2023-06-24 16:22:30,199.9116880681296,32.62709684257788,-0.1808032729901726,353.4796470403077,10.976412037037036,2023-06-28 16:22:30+00:00,313.7965888805491,166.93907248973338,2.55410027705435,442.5709515859766
2023-06-24 16:37:30,199.91393927702407,32.71974554375757,-0.1706914773703797,349.76913579014126,10.986828703703704,2023-06-28 16:37:30+00:00,313.4990535124234,166.8011896052484,2.555274734189798,437.4513077351141
2023-06-24 16:52:30,199.91534373131975,32.81231995818792,-0.1606356024113786,336.447713571714,10.99724537037037,2023-06-28 16:52:30+00:00,313.4990535124234,166.66330672414918,2.556449113806718,433.8341680578742
2023-06-24 17:07:30,199.91590926222173,32.904819876265826,-0.1506352079713231,329.652873171511,11.007662037037036,2023-06-28 17:07:30+00:00,313.21052246559697,166.5254238465425,2.557623415869813,431.6082359488035
