time,longitude,radius,latitude,Vr,Time_days,Times_Earth,Vr_pred_Earth,Lon-L1,Lat-L1,Vr_obs_Earth
2019-07-20 20:52:30,127.1647501235208,174.84729156933432,3.963370556762437,296.02747002580054,21.754814814814814,2019-07-24 20:52:30+00:00,318.67842620503745,23.810109389029986,5.180511627193555,367.2072501788695
2019-08-29 23:07:30,29.54664233437374,41.25109696801133,-2.3418741491619097,459.5780649627686,61.848564814814814,2019-09-02 23:07:30+00:00,,213.8009739176065,7.214474431570002,665.1548877759228
2019-08-29 23:22:30,29.547010698916043,41.21352787516686,-2.350513460722353,469.84610185193304,61.85898148148148,2019-09-02 23:22:30+00:00,,213.6633859568817,7.214604604643616,662.0987359885523
2019-08-29 23:37:30,29.54765093668197,41.1760473082847,-2.359152780792462,469.36993291171984,61.86939814814815,2019-09-02 23:37:30+00:00,,213.52579804505936,7.21473455448359,661.8530884808014
2019-08-29 23:52:30,29.5485631590233,41.13865568072769,-2.3677919707532373,452.3259282056519,61.879814814814814,2019-09-02 23:52:30+00:00,,213.3882101820935,7.214864281081866,652.3275972775137
2019-08-30 00:07:30,29.54974747182043,41.10135340668388,-2.3764308909348393,446.3173706411106,61.89023148148148,2019-09-03 00:07:30+00:00,,213.25062236798183,7.214993784430389,654.5798553144128
2019-08-30 00:22:30,29.551203975355005,41.064140901169466,-2.385069400612882,452.03157252212213,61.90064814814815,2019-09-03 00:22:30+00:00,,213.11303460272217,7.21512306452108,650.4858524891914
2019-08-30 00:37:30,29.55293276418089,41.027018580013376,-2.3937073580089225,450.4002394787424,61.911064814814814,2019-09-03 00:37:30+00:00,,212.97544688625428,7.215252121345858,644.8268481657464
2019-08-30 00:52:30,29.5549339272556,40.98998685985339,-2.4023446202882277,449.4271769490408,61.92148148148148,2019-09-03 00:52:30+00:00,,212.83785921859052,7.215380954896704,655.0547208310146
2019-08-30 01:07:30,29.557207547670377,40.953046158130235,-2.41098104355841,458.3070667142524,61.93189814814815,2019-09-03 01:07:30+00:00,,212.70027159972895,7.215509565165544,653.5442668998595
2019-08-30 01:22:30,29.559753702781364,40.9161968930614,-2.419616482872228,463.75224215711046,61.942314814814814,2019-09-03 01:22:30+00:00,,212.56268402962385,7.21563795214433,654.93414950844
2019-08-30 01:37:30,29.562572464017475,40.87943948365952,-2.4282507922209966,455.2314073597918,61.95273148148148,2019-09-03 01:37:30+00:00,,212.4250965082736,7.215766115824982,664.7295757479396
2019-08-30 01:52:30,29.565663896914625,40.84277434969728,-2.436883824539723,454.0378667287858,61.96314814814815,2019-09-03 01:52:30+00:00,,212.28750903566143,7.215894056199469,656.6592468929697
2019-08-30 02:07:30,29.56902806107217,40.80620191171233,-2.44551543170289,451.01538518498575,61.973564814814814,2019-09-03 02:07:30+00:00,,212.14992161175704,7.216021773259737,650.054323343138
2019-08-30 02:22:30,29.572665009987727,40.76972259099519,-2.454145464525578,452.87148900296,61.98398148148148,2019-09-03 02:22:30+00:00,,212.01233423655825,7.216149266997732,652.8992765720647
2019-08-30 02:37:30,29.57657479111115,40.7333368095756,-2.462773772763271,445.7787578584718,61.99439814814815,2019-09-03 02:37:30+00:00,,211.874746910049,7.216276537405436,650.3484643718367
2019-08-30 02:52:30,29.5807574457518,40.697044990216035,-2.4714002051113457,454.7156180129741,62.004814814814814,2019-09-03 02:52:30+00:00,,211.7371596322133,7.216403584474751,662.0515674271935
2019-08-30 03:07:30,29.585213009009703,40.66084755640444,-2.480024609203954,463.4126233494637,62.01523148148148,2019-09-03 03:07:30+00:00,,211.59957240302032,7.216530408197715,662.1565042266211
2019-08-30 03:22:30,29.58994150977515,40.62474493233626,-2.488646831616704,471.4622846028703,62.02564814814815,2019-09-03 03:22:30+00:00,,211.46198522248343,7.216657008566207,651.1108257351997
2019-08-30 03:37:30,29.594942970586683,40.588737542911986,-2.4972667178639307,474.9254941328941,62.036064814814814,2019-09-03 03:37:30+00:00,,211.3243980905574,7.2167833855722465,643.9250602856613
2019-08-30 03:52:30,29.60021740764684,40.5528258137186,-2.505884112401633,504.38415112960206,62.04648148148148,2019-09-03 03:52:30+00:00,,211.1868110072409,7.21690953920778,658.025280228953
2019-08-30 04:07:30,29.60576483076892,40.51701017103221,-2.5144988586244876,505.598450003187,62.05689814814815,2019-09-03 04:07:30+00:00,,211.04922397251815,7.217035469464792,647.4216286403265
2019-08-30 04:22:30,29.611585243257885,40.48129104178747,-2.5231107988710213,505.6854347142712,62.067314814814814,2019-09-03 04:22:30+00:00,,210.91163698637337,7.217161176335233,656.623472984074
2019-08-30 04:37:30,29.61767864194863,40.44566885358391,-2.531719774420511,499.4123502792316,62.07773148148148,2019-09-03 04:37:30+00:00,,210.7740500487764,7.217286659811063,651.6887119558238
2019-08-30 04:52:30,29.624045017019675,40.41014403467593,-2.540325625492764,503.2908416814326,62.08814814814815,2019-09-03 04:52:30+00:00,,210.63646315974057,7.217411919884315,640.9942496753849
2019-08-30 05:07:30,29.630684352126647,40.374717013934145,-2.548928191256402,505.0138718405351,62.098564814814814,2019-09-03 05:07:30+00:00,,210.49887631920672,7.217536956546898,645.3756260434056
2019-08-30 05:22:30,29.63759662412877,40.33938822087873,-2.55752730981843,488.2285174913744,62.10898148148148,2019-09-03 05:22:30+00:00,,210.3612895272032,7.217661769790834,648.4617219174816
2019-08-30 05:37:30,29.644781803220592,40.304158085630405,-2.5661228182349154,498.33350002179776,62.11939814814815,2019-09-03 05:37:30+00:00,,210.2237027837143,7.21778635960809,629.9462066406975
2019-08-30 05:52:30,29.652239852766886,40.26902703890886,-2.5747145525093953,477.544934104316,62.129814814814814,2019-09-03 05:52:30+00:00,,210.086116088681,7.217910725990654,630.7894109229668
2019-08-30 06:07:30,29.659970729315216,40.233995512033594,-2.583302347591542,506.1743270798349,62.14023148148148,2019-09-03 06:07:30+00:00,,209.948529442117,7.218034868930528,627.981108114664
2019-08-30 06:22:30,29.667974382440693,40.199063936897424,-2.591886037381954,511.0650195201261,62.15064814814815,2019-09-03 06:22:30+00:00,,209.81094284400717,7.218158788419681,622.9670533510266
2019-08-30 06:37:30,29.67625075481667,40.16423274595993,-2.600465454732787,501.8350817181061,62.161064814814814,2019-09-03 06:37:30+00:00,,209.6733562943364,7.218282484450108,615.6318732278665
2019-08-30 06:52:30,29.684799782087875,40.12950237223637,-2.6090404314485185,441.22662552115486,62.17148148148148,2019-09-03 06:52:30+00:00,,209.53576979308937,7.218405957013818,611.8530884808014
2019-08-30 07:07:30,29.693621392814823,40.09487324928153,-2.6176107982898085,453.13137034547714,62.18189814814815,2019-09-03 07:07:30+00:00,,209.39818334025097,7.21852920610279,610.2737366510322
2019-08-30 07:22:30,29.702715508432156,40.060345811181826,-2.6261763849736046,441.7844260448265,62.192314814814814,2019-09-03 07:22:30+00:00,,209.2605969357919,7.218652231709011,610.2932496922481
2019-08-30 07:37:30,29.712082043207968,40.02592049253701,-2.6347370201768725,435.4179980456333,62.20273148148148,2019-09-03 07:37:30+00:00,,209.12301057972593,7.218775033824529,606.2246601478655
2019-08-30 07:52:30,29.72172090417525,39.991597728453705,-2.643292531537545,444.9009998743425,62.21314814814815,2019-09-03 07:52:30+00:00,,208.98542427202383,7.218897612441309,605.8940827304767
2019-08-30 08:07:30,29.73163199104108,39.95737795452711,-2.651842745657998,419.0246836642542,62.223564814814814,2019-09-03 08:07:30+00:00,,208.8478380126563,7.21901996755137,608.0425047036066
2019-08-30 08:22:30,29.741815196231048,39.92326160682933,-2.660387488107697,435.1146336548363,62.23398148148148,2019-09-03 08:22:30+00:00,,208.7102518016229,7.219142099146727,605.0547208310146
2019-08-30 08:37:30,29.75227040471795,39.88924912189815,-2.6689265834250553,455.0502625014158,62.24439814814815,2019-09-03 08:37:30+00:00,,208.57266563890892,7.219264007219378,609.8905583379707
2019-08-30 08:52:30,29.762997494046644,39.85534093672276,-2.67745985512054,447.78562590459046,62.254814814814814,2019-09-03 08:52:30+00:00,,208.4350795244853,7.219385691761352,606.1070445043733
2019-08-30 09:07:30,29.77399633424239,39.82153748872233,-2.685987125681843,481.3089987801743,62.26523148148148,2019-09-03 09:07:30+00:00,,208.2974934583665,7.219507152764657,606.8308291597106
2019-08-30 09:22:30,29.78526678777971,39.78783921574933,-2.6945082165727703,507.4864970771216,62.27564814814815,2019-09-03 09:22:30+00:00,,208.15990744050876,7.219628390221315,603.4289954156399
2019-08-30 09:37:30,29.79680870950567,39.754246556058035,-2.703022948240729,507.1818455448586,62.286064814814814,2019-09-03 09:37:30+00:00,,208.0223214709268,7.219749404123335,603.3296234464849
2019-08-30 09:52:30,29.808621946574824,39.720759948305734,-2.711531140116621,500.6865080433595,62.29648148148148,2019-09-03 09:52:30+00:00,,207.88473554957713,7.219870194462778,608.2438985610939
2019-08-30 10:07:30,29.82070633848017,39.68737983152067,-2.720032610623061,485.6289880422669,62.30689814814815,2019-09-03 10:07:30+00:00,,207.74714967646003,7.219990761231625,606.8586533110741
2019-08-30 10:22:30,29.83306171686816,39.654106645105294,-2.728527177173353,475.817270421368,62.317314814814814,2019-09-03 10:22:30+00:00,,207.6095638515463,7.220111104421952,608.5846781673159
2019-08-30 10:37:30,29.845687905593454,39.62094082880822,-2.7370146561789657,481.2709012375122,62.32773148148148,2019-09-03 10:37:30+00:00,,207.4719780748512,7.220231224025752,599.5817945734474
2019-08-30 10:52:30,29.85858472060657,39.587882822719585,-2.7454948630513045,462.7930983822311,62.33814814814815,2019-09-03 10:52:30+00:00,,207.3343923463459,7.220351120035087,607.2740281421417
2019-08-30 11:07:30,29.871751969924244,39.55493306725063,-2.7539676122072794,460.6589917612164,62.348564814814814,2019-09-03 11:07:30+00:00,,207.1968066660016,7.22047079244197,613.1667256875938
2019-08-30 11:22:30,29.885189453595235,39.522092003117166,-2.7624327170737595,471.84169343341733,62.35898148148148,2019-09-03 11:22:30+00:00,,207.05922103383347,7.220590241238471,606.6870710443332
2019-08-30 11:37:30,29.8988969635573,39.48936007133542,-2.7708899900899615,464.5387579707717,62.36939814814815,2019-09-03 11:37:30+00:00,,206.92163544979843,7.220709466416619,615.8375069560378
2019-08-30 11:52:30,29.912874283704923,39.4567377131888,-2.7793392427160386,464.46869948591575,62.379814814814814,2019-09-03 11:52:30+00:00,,206.78404991389695,7.220828467968447,606.241884622519
2019-08-30 12:07:30,29.927121189782824,39.42422537022325,-2.7877802854362237,450.8428348149185,62.39023148148148,2019-09-03 12:07:30+00:00,,206.64646442611544,7.220947245886033,614.2737896494156
2019-08-30 12:22:30,29.9416374492974,39.3918234842384,-2.7962129277607284,459.4047840541166,62.40064814814815,2019-09-03 12:22:30+00:00,,206.5088789864398,7.221065800161403,619.820913643952
2019-08-30 12:37:30,29.956422821515996,39.359532497255586,-2.8046369782365175,468.0928161923619,62.411064814814814,2019-09-03 12:37:30+00:00,,206.37129359485647,7.22118413078663,617.0358004080875
2019-08-30 12:52:30,29.97147705740661,39.327352851510895,-2.8130522444497004,492.2605383973288,62.42148148148148,2019-09-03 12:52:30+00:00,,206.23370825135157,7.221302237753752,625.8059729178259
2019-08-30 13:07:30,29.986799899565465,39.2952849894398,-2.8214585330306927,439.5879437305069,62.43189814814815,2019-09-03 13:07:30+00:00,,206.09612295591165,7.221420121054839,613.4430399872804
2019-08-30 13:22:30,30.002391079121946,39.2633293646006,-2.82985564894332,459.7196878518461,62.442314814814814,2019-09-03 13:22:30+00:00,,205.95853770850852,7.221537780681959,614.8803561491374
2019-08-30 13:37:30,30.01825032464285,39.23148640933722,-2.838243397605173,474.9388515743293,62.45273148148148,2019-09-03 13:37:30+00:00,,205.8209525091577,7.221655216627178,605.3819858494315
2019-08-30 13:52:30,30.03437735344982,39.199756566063485,-2.8466215828502266,421.3924248747913,62.46314814814815,2019-09-03 13:52:30+00:00,,205.68336735781685,7.221772428882558,608.5883880541643
2019-08-30 14:07:30,30.05077187416327,39.168140277846184,-2.854990007547402,421.701523536603,62.473564814814814,2019-09-03 14:07:30+00:00,,205.54578225448688,7.221889417440162,610.8355195166547
2019-08-30 14:22:30,30.06743358686151,39.136637987852005,-2.863348473644743,431.4244671351477,62.48398148148148,2019-09-03 14:22:30+00:00,,205.40819719915464,7.222006182292089,607.0620346079445
2019-08-30 14:37:30,30.084362182879993,39.105250139362525,-2.8716967821677124,442.6058935435027,62.49439814814815,2019-09-03 14:37:30+00:00,,205.27061219180663,7.222122723430399,614.8720089037284
2019-08-30 14:52:30,30.101557344867103,39.07397717572952,-2.8800347332336393,443.5621869782972,62.504814814814814,2019-09-03 14:52:30+00:00,,205.13302723244448,7.222239040847177,614.22741606381
2019-08-30 15:07:30,30.119018746691616,39.042819540372534,-2.888362126054147,436.66187832433894,62.51523148148148,2019-09-03 15:07:30+00:00,,204.99544232101132,7.222355134534497,603.2739751437581
2019-08-30 15:22:30,30.136746053466037,39.01177767674921,-2.896678758946124,467.38313856427385,62.52564814814815,2019-09-03 15:22:30+00:00,,204.85785745753753,7.222471004484449,598.9294326523041
2019-08-30 15:37:30,30.15473892134046,38.98085202835463,-2.904984429333843,435.9669216135419,62.536064814814814,2019-09-03 15:37:30+00:00,,204.72027264199568,7.222586650689125,599.2487479131887
2019-08-30 15:52:30,30.17299699762927,38.950043038687994,-2.913278933761107,456.94908180300496,62.54648148148148,2019-09-03 15:52:30+00:00,,204.5826878743726,7.222702073140631,598.142406656597
2019-08-30 16:07:30,30.191519920689952,38.919351151243106,-2.92156206789662,429.2438301562035,62.55689814814815,2019-09-03 16:07:30+00:00,,204.44510315464103,7.222817271831035,605.3793359302541
2019-08-30 16:22:30,30.21030731979858,38.888776809486934,-2.9298336265423677,420.91858523896417,62.567314814814814,2019-09-03 16:22:30+00:00,,204.3075184828173,7.222932246752447,592.7736704030527
2019-08-30 16:37:30,30.229358815266405,38.8583204568395,-2.9380934036426716,422.54920992351595,62.57773148148148,2019-09-03 16:37:30+00:00,,204.16993385887375,7.223046997896981,590.057503246151
2019-08-30 16:52:30,30.24867401821905,38.82798253666418,-2.946341192289421,440.0354757929883,62.58814814814815,2019-09-03 16:52:30+00:00,,204.03234928278331,7.223161525256714,592.9220658769908
2019-08-30 17:07:30,30.268252530673344,38.79776349223915,-2.9545767847339666,420.4889285760505,62.598564814814814,2019-09-03 17:07:30+00:00,,203.8947647545624,7.223275828823778,589.7209635106129
2019-08-30 17:22:30,30.288093945444615,38.76766376674016,-2.96279997239467,444.088798412971,62.60898148148148,2019-09-03 17:22:30+00:00,,203.75718027416923,7.223389908590272,594.2973739300951
2019-08-30 17:37:30,30.30819784613555,38.73768380322944,-2.9710105458638325,398.74458649972456,62.61939814814815,2019-09-03 17:37:30+00:00,,203.61959584160573,7.223503764548298,601.5846516681241
2019-08-30 17:52:30,30.328563807016643,38.70782404462592,-2.9792082949196264,413.9477253756261,62.629814814814814,2019-09-03 17:52:30+00:00,,203.4820114568596,7.223617396689987,603.5800408087553
2019-08-30 18:07:30,30.349191393029955,38.678084933695686,-2.987393008532458,414.3262025857049,62.64023148148148,2019-09-03 18:07:30+00:00,,203.34442711991824,7.2237308050074525,588.199909902748
2019-08-30 18:22:30,30.370080159761873,38.64846691302472,-2.9955644748767027,412.3616880847925,62.65064814814815,2019-09-03 18:22:30+00:00,,203.2068428307693,7.223843989492834,587.7759228343535
2019-08-30 18:37:30,30.391229653364388,38.61897042500539,-3.0037224813385968,406.51752921535893,62.661064814814814,2019-09-03 18:37:30+00:00,,203.06925858941497,7.223956950138242,589.7103638339031
2019-08-30 18:52:30,30.41263941055395,38.58959591181125,-3.0118668145272087,395.690734557596,62.67148148148148,2019-09-03 18:52:30+00:00,,202.9316743957993,7.224069686935803,576.4236690780931
2019-08-30 19:07:30,30.43430895845572,38.560343815390766,-3.0199972602811695,402.0322584885571,62.68189814814815,2019-09-03 19:07:30+00:00,,202.79409024996852,7.224182199877634,576.6648117232425
2019-08-30 19:22:30,30.45623781473926,38.53121457742173,-3.0281136036850897,391.87359509944395,62.692314814814814,2019-09-03 19:22:30+00:00,,202.65650615186655,7.224294488955911,575.4535336672232
2019-08-30 19:37:30,30.478425487428577,38.502208639317026,-3.0362156290736535,395.62060799006093,62.70273148148148,2019-09-03 19:37:30+00:00,,202.51892210149597,7.224406554162731,578.861594721361
2019-08-30 19:52:30,30.500871474940045,38.47332644219112,-3.044303120045226,380.86915692821367,62.71314814814815,2019-09-03 19:52:30+00:00,,202.3813380988302,7.224518395490263,576.8662055807298
2019-08-30 20:07:30,30.523575265983883,38.444568426843055,-3.0523758594716717,384.4702410995069,62.723564814814814,2019-09-03 20:07:30+00:00,,202.24375414388635,7.224630012930638,577.1099981450566
2019-08-30 20:22:30,30.54653633956382,38.41593503373605,-3.0604336295093,384.819660674768,62.73398148148148,2019-09-03 20:22:30+00:00,,202.106170236638,7.22474140647601,575.1596576304422
2019-08-30 20:37:30,30.569754164956347,38.387426702974416,-3.0684762116108337,367.95434250883255,62.74439814814815,2019-09-03 20:37:30+00:00,,201.96858637707317,7.224852576118532,578.4798025198693
2019-08-30 20:52:30,30.593228201601484,38.35904387428371,-3.076503386535923,372.0925952703325,62.754814814814814,2019-09-03 20:52:30+00:00,,201.8310025651802,7.224963521850353,580.0222593210907
2019-08-30 21:07:30,30.61695789910496,38.33078698700105,-3.08451493436007,393.9278642699072,62.76523148148148,2019-09-03 21:07:30+00:00,,201.6934188009327,7.225074243663635,581.9606751994064
2019-08-30 21:22:30,30.6409426972356,38.30265648003076,-3.092510634492547,380.440268664829,62.77564814814815,2019-09-03 21:22:30+00:00,,201.55583508434805,7.225184741550535,581.1299255372711
2019-08-30 21:37:30,30.66518202584548,38.27465279184168,-3.1004902656828,405.8469542260357,62.786064814814814,2019-09-03 21:37:30+00:00,,201.41825141540025,7.225295015503215,575.5147468002226
2019-08-30 21:52:30,30.689675304760208,38.246776360446745,-3.1084536060327035,398.63980951859656,62.79648148148148,2019-09-03 21:52:30+00:00,,201.28066779406308,7.225405065513837,570.2387577178896
2019-08-30 22:07:30,30.714421943953603,38.2190276233637,-3.116400433013809,395.9001436502698,62.80689814814815,2019-09-03 22:07:30+00:00,,201.1430842203541,7.225514891574591,582.0441476534966
2019-08-30 22:22:30,30.739421343293696,38.19140701761174,-3.1243305234742587,397.2201731568117,62.817314814814814,2019-09-03 22:22:30+00:00,,201.00550069426188,7.225624493677635,589.3322203672788
2019-08-30 22:37:30,30.764672892582247,38.16391497968739,-3.1322436536523752,407.3222813215825,62.82773148148148,2019-09-03 22:37:30+00:00,,200.86791721573127,7.225733871815166,586.5516601743647
2019-08-30 22:52:30,30.790175971601453,38.13655194553314,-3.1401395991924765,420.6776919866444,62.83814814814815,2019-09-03 22:52:30+00:00,,200.7303337847947,7.225843025979347,577.072899276572
2019-08-30 23:07:30,30.81592994990118,38.10931835052357,-3.1480181351549636,400.4213371492169,62.848564814814814,2019-09-03 23:07:30+00:00,,200.5927504014265,7.225951956162355,579.4498767787583
2019-08-30 23:22:30,30.841934186997243,38.082214629438205,-3.1558790360316085,398.0432503785379,62.85898148148148,2019-09-03 23:22:30+00:00,,200.4551670656006,7.226060662356414,589.9192256454361
2019-08-30 23:37:30,30.868188032163857,38.055241216443235,-3.1637220757574984,396.1211393989984,62.86939814814815,2019-09-03 23:37:30+00:00,,200.31758377732044,7.226169144553687,584.1852823488883
2019-08-30 23:52:30,30.89469082438851,38.028398545073735,-3.1715470277233586,389.0981092518539,62.879814814814814,2019-09-03 23:52:30+00:00,,200.1800005365896,7.226277402746345,582.3081759642694
2019-08-31 00:07:30,30.921441892532773,38.001687048195315,-3.179353664794296,389.21118530884814,62.89023148148148,2019-09-04 00:07:30+00:00,,200.0424173433824,7.226385436926626,584.1375838036939
2019-08-31 00:22:30,30.94844055510405,37.97510715799848,-3.187141759318425,394.0189028959026,62.90064814814815,2019-09-04 00:22:30+00:00,,199.90483419768785,7.226493247086743,580.9979595622334
2019-08-31 00:37:30,30.975686120265305,37.94865930596927,-3.1949110831431433,392.5526919866444,62.911064814814814,2019-09-04 00:37:30+00:00,,199.76725109949493,7.22660083321886,576.3754405490632
2019-08-31 00:52:30,31.003177885914617,37.92234392286445,-3.202661407630349,389.4397639476647,62.92148148148148,2019-09-04 00:52:30+00:00,,199.6296680487929,7.226708195315203,584.4240400667779
2019-08-31 01:07:30,31.030915139534855,37.89616143869221,-3.210392503670094,389.66494545172185,62.93189814814815,2019-09-04 01:07:30+00:00,,199.4920850455708,7.226815333368004,584.4953228926516
2019-08-31 01:22:30,31.058897158221782,37.87011228268693,-3.2181041416951284,395.3643669682028,62.942314814814814,2019-09-04 01:22:30+00:00,,199.35450208980345,7.22692224736944,560.5798023160294
2019-08-31 01:37:30,31.08712320865443,37.844196883287005,-3.2257960916964437,413.9712020033389,62.95273148148148,2019-09-04 01:37:30+00:00,,199.2169191815092,7.227028937311751,556.2140604711557
2019-08-31 01:52:30,31.115592547078176,37.818415668111726,-3.2334681232382447,401.56074076949955,62.96314814814815,2019-09-04 01:52:30+00:00,,199.07933632066263,7.2271354031871695,547.0016164506982
2019-08-31 02:07:30,31.144304419245483,37.7927690639367,-3.2411200054734746,400.9706099312808,62.973564814814814,2019-09-04 02:07:30+00:00,,198.9417535072535,7.2272416449879,546.2919680949731
2019-08-31 02:22:30,31.17325806041504,37.76725749667504,-3.2487515071579987,406.6933260861125,62.98398148148148,2019-09-04 02:22:30+00:00,,198.8041707412566,7.227347662706196,551.5091289715664
2019-08-31 02:37:30,31.202452695309756,37.74188139134683,-3.256362396668547,415.8180300500835,62.99439814814815,2019-09-04 02:37:30+00:00,,198.66658802270484,7.227453456334276,546.0953440920052
2019-08-31 02:52:30,31.23188753815172,37.716641172061266,-3.2639524420166817,403.5796094265637,63.004814814814814,2019-09-04 02:52:30+00:00,,198.5290053515444,7.227559025864372,537.0458701009619
2019-08-31 03:07:30,31.26156179257727,37.691537261987946,-3.27152141086657,398.6799704934581,63.01523148148148,2019-09-04 03:07:30+00:00,,198.3914227277795,7.22766437128872,541.0406232609904
2019-08-31 03:22:30,31.291474651632115,37.6665700833388,-3.279069070549465,404.2862134565361,63.02564814814815,2019-09-04 03:22:30+00:00,,198.2538401513996,7.227769492599589,550.1444205951718
2019-08-31 03:37:30,31.321625297798,37.641740057337955,-3.2865951880819506,388.70252504173624,63.036064814814814,2019-09-04 03:37:30+00:00,,198.1162576223946,7.227874389789227,544.7112709216216
2019-08-31 03:52:30,31.352012902902977,37.61704760420168,-3.2940995301816702,367.10020576930543,63.04648148148148,2019-09-04 03:52:30+00:00,,197.97867514075415,7.227979062849865,551.3933478875048
2019-08-31 04:07:30,31.38263662809667,37.59249314312107,-3.301581863281833,376.69759676981016,63.05689814814815,2019-09-04 04:07:30+00:00,,197.84109270646832,7.228083511773762,546.3232371412672
2019-08-31 04:22:30,31.413495623928775,37.56807709222233,-3.309041953552898,369.02589587296654,63.067314814814814,2019-09-04 04:22:30+00:00,,197.70351031954144,7.2281877365531875,550.5935818957522
2019-08-31 04:37:30,31.44458903027158,37.543799868553926,-3.3164795669165628,347.2349749582638,63.07773148148148,2019-09-04 04:37:30+00:00,,197.5659279799343,7.228291737180393,551.801150064923
2019-08-31 04:52:30,31.47591597631386,37.51966188805443,-3.3238944690653183,349.2642776720891,63.08814814814815,2019-09-04 04:52:30+00:00,,197.42834568766608,7.228395513647659,556.603598590243
2019-08-31 05:07:30,31.507475580528947,37.495663565536475,-3.3312864254773227,360.06522498738207,63.098564814814814,2019-09-04 05:07:30+00:00,,197.2907634426978,7.2284990659472355,556.2127355115668
2019-08-31 05:22:30,31.53926695065301,37.47180531466389,-3.338655201433943,385.0914314555266,63.10898148148148,2019-09-04 05:22:30+00:00,,197.15318124504867,7.228602394071406,556.8020775366351
2019-08-31 05:37:30,31.571289183729725,37.44808754791307,-3.3460005620416213,365.7658597662771,63.11939814814815,2019-09-04 05:37:30+00:00,,197.01559909469427,7.228705498012473,545.6978562153854
2019-08-31 05:52:30,31.603541366047537,37.42451067656162,-3.3533222722460936,371.1146484450829,63.129814814814814,2019-09-04 05:52:30+00:00,,196.8780169916104,7.228808377762667,550.074197736969
2019-08-31 06:07:30,31.636022573176067,37.40107511065715,-3.3606200968524536,377.21784369297666,63.14023148148148,2019-09-04 06:07:30+00:00,,196.7404349358017,7.228911033314309,535.5741049897978
2019-08-31 06:22:30,31.668731869855897,37.377781258996286,-3.36789380054246,360.9193617269092,63.15064814814815,2019-09-04 06:22:30+00:00,,196.60285292728773,7.229013464659692,532.1127805601928
2019-08-31 06:37:30,31.701668310192005,37.354629529096705,-3.3751431478941427,382.5594741235393,63.161064814814814,2019-09-04 06:37:30+00:00,,196.46527096600065,7.229115671791099,540.5639028009646
2019-08-31 06:52:30,31.73483093737732,37.331620327174384,-3.3823679033996528,377.1246651395737,63.17148148148148,2019-09-04 06:52:30+00:00,,196.3276890519893,7.229217654700827,539.66134032912
2019-08-31 07:07:30,31.76821878392835,37.30875405811655,-3.3895678314850857,367.10020576930543,63.18189814814815,2019-09-04 07:07:30+00:00,,196.19010718520036,7.229319413381151,559.3295222677526
2019-08-31 07:22:30,31.80183087148878,37.28603112546141,-3.3967426965276437,364.33590868501767,63.192314814814814,2019-09-04 07:22:30+00:00,,196.05252536563907,7.229420947824424,575.8227999046029
2019-08-31 07:37:30,31.835666211015024,37.26345193136703,-3.4038922628772763,370.6724749582638,63.20273148148148,2019-09-04 07:37:30+00:00,,195.9149435932958,7.229522258022934,567.3715451678725
2019-08-31 07:52:30,31.86972380258075,37.24101687658907,-3.411016294874721,363.4274177893388,63.21314814814815,2019-09-04 07:52:30+00:00,,195.7773618681615,7.229623343968975,572.3904920899912
2019-08-31 08:07:30,31.90400263552405,37.21872636045789,-3.418114556870466,361.22995690491905,63.223564814814814,2019-09-04 08:07:30+00:00,,195.63978019022687,7.229724205654871,557.2422291120121
2019-08-31 08:22:30,31.93850168839446,37.19658078084298,-3.4251868132476604,354.4822766626548,63.23398148148148,2019-09-04 08:22:30+00:00,,195.50219855949717,7.229824843072954,532.0116861435725
2019-08-31 08:37:30,31.973219928943145,37.174580534146365,-3.4322328284364114,355.78829298831386,63.24439814814815,2019-09-04 08:37:30+00:00,,195.36461697594856,7.229925256215547,485.5744422522386
2019-08-31 08:52:30,32.00815631408275,37.15272601526085,-3.439252366938151,352.0285747563769,63.254814814814814,2019-09-04 08:52:30+00:00,,195.22703543957212,7.230025445074978,480.8702334578795
2019-08-31 09:07:30,32.04330979001806,37.131017617550555,-3.446245193344876,343.2464960981481,63.26523148148148,2019-09-04 09:07:30+00:00,,195.0894539503587,7.23012540964357,481.72880727137823
2019-08-31 09:22:30,32.078679292096275,37.10945573282812,-3.4532110723575307,335.9242147765656,63.27564814814815,2019-09-04 09:22:30+00:00,,194.95187250829937,7.230225149913664,485.44440163805774
2019-08-31 09:37:30,32.11426374492412,37.08804075132493,-3.460149768808855,364.4276919866444,63.286064814814814,2019-09-04 09:37:30+00:00,,194.81429111337064,7.230324665877594,480.59146196041024
2019-08-31 09:52:30,32.15006206234902,37.06677306166752,-3.467061047682913,379.7880187910083,63.29648148148148,2019-09-04 09:52:30+00:00,,194.6767097656072,7.23042395752771,476.01558152476355
2019-08-31 10:07:30,32.186073147426036,37.04565305085113,-3.473944674135512,405.730481034282,63.30689814814815,2019-09-04 10:07:30+00:00,,194.53912846495663,7.230523024856365,474.38323131144494
2019-08-31 10:22:30,32.22229589245777,37.02468110421768,-3.480800413515171,376.3714718328998,63.317314814814814,2019-09-04 10:22:30+00:00,,194.4015472114246,7.230621867855904,476.998701539603
2019-08-31 10:37:30,32.25872917901724,37.00385760542626,-3.487628031383968,385.17320534223705,63.32773148148148,2019-09-04 10:37:30+00:00,,194.2639660050025,7.230720486518687,472.4487903118955
2019-08-31 10:52:30,32.29537187791409,36.98318293643025,-3.494427293539045,376.42582598905153,63.33814814814815,2019-09-04 10:52:30+00:00,,194.12638484569607,7.230818880837053,474.20237432758296
2019-08-31 11:07:30,32.33222284924518,36.96265747745046,-3.5011979660332173,365.0269829560896,63.348564814814814,2019-09-04 11:07:30+00:00,,193.9888037334822,7.230917050803401,471.1657476265156
2019-08-31 11:22:30,32.36928094243272,36.942281606947624,-3.5079398151974197,354.98699382692087,63.35898148148148,2019-09-04 11:22:30+00:00,,193.8512226683523,7.231014996410087,472.1067098362591
2019-08-31 11:37:30,32.40654499611129,36.922055701606496,-3.5146526076591353,358.0968280467446,63.36939814814815,2019-09-04 11:37:30+00:00,,193.71364165028336,7.231112717649462,463.35474949832206
2019-08-31 11:52:30,32.444013838307285,36.90198013629632,-3.521336110368064,362.44904297860774,63.379814814814814,2019-09-04 11:52:30+00:00,,193.5760606793106,7.231210214513924,454.5565360256512
2019-08-31 12:07:30,32.48168628634996,36.88205528405515,-3.527990090614628,354.202741002446,63.39023148148148,2019-09-04 12:07:30+00:00,,193.4384797553817,7.231307486995849,431.1074012242627
2019-08-31 12:22:30,32.51956114699887,36.862281516056655,-3.534614316055232,366.1218309585744,63.40064814814815,2019-09-04 12:22:30+00:00,,193.3008988785176,7.231404535087624,431.42539152555855
2019-08-31 12:37:30,32.55763721625724,36.84265920159764,-3.5412085547281116,378.99885225375624,63.411064814814814,2019-09-04 12:37:30+00:00,,193.163318048681,7.231501358781632,436.8189406586736
2019-08-31 12:52:30,32.595913279620206,36.82318870805858,-3.5477725750815186,360.50005823659586,63.42148148148148,2019-09-04 12:52:30+00:00,,193.0257372658925,7.231597958070252,434.05676126878126
2019-08-31 13:07:30,32.634388111934584,36.80387040088515,-3.5543061459924954,356.9748029661839,63.43189814814815,2019-09-04 13:07:30+00:00,,192.88815653011488,7.231694332945915,428.4270079762567
2019-08-31 13:22:30,32.673060477539124,36.784704643562065,-3.560809036789711,351.8655122879218,63.442314814814814,2019-09-04 13:22:30+00:00,,192.75057584136917,7.231790483401005,434.1643479873864
2019-08-31 13:37:30,32.71192913019911,36.76569179758621,-3.5672810172760347,359.2393572621035,63.45273148148148,2019-09-04 13:37:30+00:00,,192.6129951996472,7.231886409427926,440.7206455203116
2019-08-31 13:52:30,32.75099281318527,36.746832222443665,-3.5737218577503236,372.5356213844779,63.46314814814815,2019-09-04 13:52:30+00:00,,192.47541460489725,7.231982111019074,458.7526830431672
2019-08-31 14:07:30,32.79025025926244,36.72812627558084,-3.58013132903024,382.3892534068408,63.473564814814814,2019-09-04 14:07:30+00:00,,192.3378340571697,7.2320775881668835,458.518827675756
2019-08-31 14:22:30,32.829700190760015,36.7095743123834,-3.586509202474769,391.91099749582634,63.48398148148148,2019-09-04 14:22:30+00:00,,192.20025355642724,7.232172840863771,472.39844184752366
2019-08-31 14:37:30,32.869341319539785,36.6911766861471,-3.5928552500066684,398.1441938113911,63.49439814814815,2019-09-04 14:37:30+00:00,,192.0626731026476,7.23226786910216,467.39804435964703
2019-08-31 14:52:30,32.90917234708364,36.67293374805694,-3.5991692441342926,393.16690608378303,63.504814814814814,2019-09-04 14:52:30+00:00,,191.9250926958519,7.232362672874466,470.9775551845669
2019-08-31 15:07:30,32.94919196459031,36.654845847152394,-3.605450957977564,410.4592926194821,63.51523148148148,2019-09-04 15:07:30+00:00,,191.787512336018,7.232457252173112,475.5120968810452
2019-08-31 15:22:30,32.989398852801486,36.63691333031459,-3.611700165286636,393.1317821368948,63.52564814814815,2019-09-04 15:22:30+00:00,,191.649932023138,7.232551606990568,476.8428862919681
2019-08-31 15:37:30,33.02979168220283,36.61913654223787,-3.61791664046547,399.56516675078615,63.536064814814814,2019-09-04 15:37:30+00:00,,191.51235175720433,7.232645737319242,487.4075840686858
2019-08-31 15:52:30,33.07036911303985,36.60151582539723,-3.6241001585974777,413.08382187366544,63.54648148148148,2019-09-04 15:52:30+00:00,,191.37477153823832,7.232739643151594,483.35188276757555
2019-08-31 16:07:30,33.111129795283695,36.584051520031935,-3.6302504954662504,429.7705478122453,63.55689814814815,2019-09-04 16:07:30+00:00,,191.23719136617436,7.232833324480063,508.05045446113894
2019-08-31 16:22:30,33.15207236877685,36.56674396411586,-3.636367427579047,421.2411310517529,63.567314814814814,2019-09-04 16:22:30+00:00,,191.09961124104856,7.232926781297081,511.71396772398447
2019-08-31 16:37:30,33.19319546318935,36.549593493334,-3.6424507321899937,405.7460107931825,63.57773148148148,2019-09-04 16:37:30+00:00,,190.96203116283857,7.233020013595159,514.234835837507
2019-08-31 16:52:30,33.234497698059634,36.53260044105763,-3.648500187323362,397.61618200877433,63.58814814814815,2019-09-04 16:52:30+00:00,,190.82445113152275,7.2331130213667185,518.8175578826664
2019-08-31 17:07:30,33.27597768292037,36.51576513831934,-3.654515571796397,396.6688667158443,63.598564814814814,2019-09-04 17:07:30+00:00,,190.68687114713728,7.233205804604235,520.9765563688769
2019-08-31 17:22:30,33.317634017187174,36.49908791379327,-3.6604966652408137,414.99634808013354,63.60898148148148,2019-09-04 17:22:30+00:00,,190.54929120964584,7.233298363300167,524.1328139491746
2019-08-31 17:37:30,33.35946529038987,36.48256909375958,-3.6664432481302223,393.09702216873086,63.61939814814815,2019-09-04 17:37:30+00:00,,190.4117113190408,7.233390697447014,518.9352624744946
2019-08-31 17:52:30,33.40147008211079,36.4662090020891,-3.6723551017997385,407.41545987498546,63.629814814814814,2019-09-04 17:52:30+00:00,,190.27413147531527,7.233482807037225,518.9983305509182
2019-08-31 18:07:30,33.443646961998574,36.45000796021862,-3.67823200846971,414.62903288426446,63.64023148148148,2019-09-04 18:07:30+00:00,,190.136551678462,7.233574692063309,504.3557444225224
2019-08-31 18:22:30,33.48599448993179,36.43396628712035,-3.684073751270593,402.46765442404006,63.65064814814815,2019-09-04 18:22:30+00:00,,189.9989719284739,7.2336663525177345,507.1017833956065
2019-08-31 18:37:30,33.52851121593757,36.41808429928457,-3.6898801142644886,409.387739255348,63.661064814814814,2019-09-04 18:37:30+00:00,,189.86139222535832,7.233757788393,517.6000404714929
2019-08-31 18:52:30,33.571195680389366,36.40236231069125,-3.6956508824692698,424.4050161121248,63.67148148148148,2019-09-04 18:52:30+00:00,,189.7238125690791,7.233848999681618,532.3979118636881
2019-08-31 19:07:30,33.614046413926886,36.38680063278689,-3.701385841882323,404.6356330317972,63.68189814814815,2019-09-04 19:07:30+00:00,,189.586232959673,7.233939986376075,529.4075985227905
2019-08-31 19:22:30,33.65706193755207,36.371399574462814,-3.707084779502427,392.7405050083472,63.692314814814814,2019-09-04 19:22:30+00:00,,189.44865339707496,7.234030748468862,542.7272968174469
2019-08-31 19:37:30,33.70024076276058,36.35615944207079,-3.7127474833542498,387.2655977015957,63.70273148148148,2019-09-04 19:37:30+00:00,,189.31107388133628,7.234121285952513,554.4796883695047
2019-08-31 19:52:30,33.74358139148812,36.341080539508376,-3.718373742510773,384.6565982063129,63.71314814814815,2019-09-04 19:52:30+00:00,,189.17349441240637,7.234211598819529,558.1006222492032
2019-08-31 20:07:30,33.78708231622012,36.32616316787541,-3.7239633471173943,380.96828046744577,63.723564814814814,2019-09-04 20:07:30+00:00,,189.0359149903222,7.234301687062446,564.2340408617538
2019-08-31 20:22:30,33.83074202004021,36.31140762560064,-3.729516088413577,375.2269407345576,63.73398148148148,2019-09-04 20:22:30+00:00,,188.8983356150189,7.234391550673749,557.1368948247078
2019-08-31 20:37:30,33.87455897669631,36.296814208434895,-3.7350317587584434,375.8124005124821,63.74439814814815,2019-09-04 20:37:30+00:00,,188.76075628654783,7.234481189646006,552.1350398812837
2019-08-31 20:52:30,33.918531650716844,36.282383209432886,-3.740510151651997,365.8345304189153,63.754814814814814,2019-09-04 20:52:30+00:00,,188.62317700485875,7.234570603971746,549.6585217787222
2019-08-31 21:07:30,33.962658497312404,36.26811491892943,-3.74595106175812,363.01587917847576,63.76523148148148,2019-09-04 21:07:30+00:00,,188.48559776997433,7.234659793643494,551.530328324986
2019-08-31 21:22:30,34.00693796263356,36.25400962451553,-3.7513542849292616,368.1135225375626,63.77564814814815,2019-09-04 21:22:30+00:00,,188.34801858187336,7.234748758653796,538.174735670562
2019-08-31 21:37:30,34.051368483772386,36.24006761101373,-3.7567196182286486,366.43242613658424,63.786064814814814,2019-09-04 21:37:30+00:00,,188.21043944054932,7.23483749899519,534.3986008426743
2019-08-31 21:52:30,34.09594848868457,36.22628916046268,-3.7620468599517656,371.5184221764957,63.79648148148148,2019-09-04 21:52:30+00:00,,188.0728603459958,7.234926014660225,539.7480649567461
2019-08-31 22:07:30,34.140676396536875,36.21267455208219,-3.7673358096533542,371.64266024769967,63.80689814814815,2019-09-04 22:07:30+00:00,,187.93528129820655,7.235014305641475,545.2288205209742
2019-08-31 22:22:30,34.18555061752694,36.19922406226653,-3.772586268164479,368.9743322203673,63.817314814814814,2019-09-04 22:22:30+00:00,,187.7977022972042,7.235102371931502,541.6991281765905
2019-08-31 22:37:30,34.23056955304623,36.18593796454952,-3.7777980376204328,368.5056489498001,63.82773148148148,2019-09-04 22:37:30+00:00,,187.66012334292432,7.235190213522833,540.1727747303707
2019-08-31 22:52:30,34.275731595809674,36.17281652958821,-3.782970921480912,377.21784369297666,63.83814814814815,2019-09-04 22:52:30+00:00,,187.5225444354189,7.2352778304080845,542.3059596682301
2019-08-31 23:07:30,34.32103512983406,36.159860025140944,-3.7881047245533614,365.0813371122414,63.848564814814814,2019-09-04 23:07:30+00:00,,187.38496557463787,7.235365222579809,541.2994721842803
2019-08-31 23:22:30,34.36647853057899,36.1470687160443,-3.7931992530151306,374.06876043405674,63.85898148148148,2019-09-04 23:22:30+00:00,,187.24738676060443,7.235452390030581,543.5063730556218
2019-08-31 23:37:30,34.41206016496037,36.1344428641937,-3.79825431443612,387.4985440851031,63.86939814814815,2019-09-04 23:37:30+00:00,,187.10980799331256,7.235539332753004,541.8930540800324
2019-08-31 23:52:30,34.45777839153619,36.12198272851783,-3.803269717802341,361.64149551578214,63.879814814814814,2019-09-04 23:52:30+00:00,,186.9722292727124,7.235626050739636,551.1236676512135
2019-09-01 00:07:30,34.50363156044838,36.10968856496252,-3.8082452735360866,358.0851807275692,63.89023148148148,2019-09-05 00:07:30+00:00,,186.8346505988561,7.235712543983094,538.3778158402532
2019-09-01 00:22:30,34.5496180135764,36.09756062646834,-3.8131807935195017,409.96452420701166,63.90064814814815,2019-09-05 00:22:30+00:00,,186.69707197170865,7.235798812475987,547.4627023875771
2019-09-01 00:37:30,34.59573608466644,36.08559916294824,-3.8180760911161222,401.12590752028575,63.911064814814814,2019-09-05 00:37:30+00:00,,186.55949339126428,7.235884856210871,549.6282978753762
2019-09-01 00:52:30,34.64198409930218,36.07380442126843,-3.822930981193705,399.6195209069379,63.92148148148148,2019-09-05 00:52:30+00:00,,186.421914857517,7.23597067518039,547.478601902642
2019-09-01 01:07:30,34.68836037504528,36.06217664522828,-3.827745280144593,385.448615910238,63.93189814814815,2019-09-05 01:07:30+00:00,,186.284336370461,7.236056269377164,538.2767575588945
2019-09-01 01:22:30,34.73486322154994,36.05071607553915,-3.832518805909192,354.89618113522533,63.942314814814814,2019-09-05 01:22:30+00:00,,186.14675793010508,7.2361416387937885,538.1098126507142
2019-09-01 01:37:30,34.78149094061555,36.039422949805,-3.8372513779962696,351.3142058469542,63.95273148148148,2019-09-05 01:37:30+00:00,,186.00917953644372,7.23622678342288,537.3453109680155
2019-09-01 01:52:30,34.82824182626452,36.028297502502504,-3.841942817504873,351.5704468688124,63.96314814814815,2019-09-05 01:52:30+00:00,,185.87160118944195,7.236311703257081,536.0719043523718
2019-09-01 02:07:30,34.875114164845975,36.01733996496141,-3.846592947146317,377.4119656792328,63.973564814814814,2019-09-05 02:07:30+00:00,,185.73402288912317,7.23639639828902,538.8637146567029
2019-09-01 02:22:30,34.92210623512673,36.00655056534533,-3.8512015912643105,386.61310517529216,63.98398148148148,2019-09-05 02:22:30+00:00,,185.5964446354675,7.23648086851133,540.2303502470446
2019-09-01 02:37:30,34.96921630836526,35.99592952863451,-3.8557685758564326,376.3947664712505,63.99439814814815,2019-09-05 02:37:30+00:00,,185.45886642846924,7.23656511391665,539.8425948008586
2019-09-01 02:52:30,35.01644264845017,35.98547707660382,-3.860293728594984,382.05536359048017,64.00481481481482,2019-09-05 02:52:30+00:00,,185.32128826812308,7.236649134497632,536.867000556483
2019-09-01 03:07:30,35.06378351190135,35.97519342780565,-3.864776878848414,380.0132002950654,64.01523148148148,2019-09-05 03:07:30+00:00,,185.183710154438,7.236732930246917,537.3347112913056
2019-09-01 03:22:30,35.11123714806297,35.96507879755187,-3.8692178577008214,377.1441986644407,64.02564814814815,2019-09-05 03:22:30+00:00,,185.04613208739391,7.236816501157171,537.3956594323873
2019-09-01 03:37:30,35.15880179920139,35.955133397894066,-3.873616497973702,386.4735799976705,64.03606481481482,2019-09-05 03:37:30+00:00,,184.90855406700032,7.236899847221062,539.6189416222804
2019-09-01 03:52:30,35.20647570045583,35.94535743760797,-3.8779726342446854,400.5202469231665,64.04648148148148,2019-09-05 03:52:30+00:00,,184.77097609322283,7.23698296843124,541.3866415535865
2019-09-01 04:07:30,35.254257080126266,35.93575112217413,-3.8822861028687328,427.11495904026094,64.05689814814815,2019-09-05 04:07:30+00:00,,184.63339816608513,7.237065864780373,543.9065108514191
2019-09-01 04:22:30,35.30214415964515,35.92631465376117,-3.8865567419975178,453.29455342237065,64.06731481481482,2019-09-05 04:22:30+00:00,,184.49582028556745,7.237148536261146,540.3238201234863
2019-09-01 04:37:30,35.35013515371268,35.9170482312074,-3.8907843915994937,428.6368754125092,64.07773148148148,2019-09-05 04:37:30+00:00,,184.35824245167936,7.237230982866222,538.8953098468958
2019-09-01 04:52:30,35.39822827041134,35.90795205000458,-3.894968893479463,461.7618511472609,64.08814814814815,2019-09-05 04:52:30+00:00,,184.22066466438653,7.237313204588307,533.513527837401
2019-09-01 05:07:30,35.44642171132487,35.899026302282714,-3.899110091297101,460.1653797996661,64.09856481481482,2019-09-05 05:07:30+00:00,,184.08308692371293,7.237395201420104,532.4522352068261
2019-09-01 05:22:30,35.49471367157255,35.890271176790655,-3.903207830587232,451.43456147843307,64.10898148148148,2019-09-05 05:22:30+00:00,,183.94550922965368,7.23747697335426,530.8026605188542
2019-09-01 05:37:30,35.54310233995512,35.881686858882865,-3.907261958777739,447.086228986295,64.11939814814815,2019-09-05 05:37:30+00:00,,183.80793158218924,7.237558520383524,528.8443702467074
2019-09-01 05:52:30,35.59158589909714,35.87327353050031,-3.9112723252091266,447.024109950693,64.12981481481482,2019-09-05 05:52:30+00:00,,183.67035398131452,7.23763984250057,522.0891962795134
2019-09-01 06:07:30,35.640162525477535,35.86503137015801,-3.915238781152676,449.6478505843072,64.14023148148148,2019-09-05 06:07:30+00:00,,183.5327764270251,7.237720939698107,528.3342608050455
2019-09-01 06:22:30,35.68883038959209,35.85696055292727,-3.9191611798283272,451.0385526264705,64.15064814814815,2019-09-05 06:22:30+00:00,,183.3951989193156,7.237801811968868,518.2314439409598
2019-09-01 06:37:30,35.73758765605142,35.8490612504211,-3.923039376424049,445.4556043017432,64.16106481481482,2019-09-05 06:37:30+00:00,,183.25762145821056,7.237882459305566,521.5501619508296
2019-09-01 06:52:30,35.78643248367226,35.841333630779616,-3.926873228111827,469.5034359591567,64.17148148148148,2019-09-05 06:52:30+00:00,,183.12004404366152,7.237962881700928,517.3208909435954
2019-09-01 07:07:30,35.83536302558174,35.833777858655914,-3.930662594067059,468.429152754591,64.18189814814815,2019-09-05 07:07:30+00:00,,182.98246667569305,7.238043079147693,515.5656252484299
2019-09-01 07:22:30,35.8843774293723,35.82639409520172,-3.934407335484041,481.8418294055985,64.19231481481482,2019-09-05 07:22:30+00:00,,182.8448893542712,7.238123051638562,515.4980523094046
2019-09-01 07:37:30,35.93347383712337,35.819182498051894,-3.9381073155947983,472.3531467173973,64.20273148148148,2019-09-05 07:37:30+00:00,,182.70731207943516,7.238202799166312,521.7611362853432
2019-09-01 07:52:30,35.98265038568133,35.81214322131155,-3.941762399686013,465.7141747874364,64.21314814814815,2019-09-05 07:52:30+00:00,,182.56973485113664,7.238282321723653,519.013170098312
2019-09-01 08:07:30,36.031905206588775,35.80527641554294,-3.945372455114016,469.25083472454094,64.22356481481482,2019-09-05 08:07:30+00:00,,182.43215766940017,7.238361619303377,512.4546201340859
2019-09-01 08:22:30,36.0812364262899,35.79858222775203,-3.9489373513227735,466.234421710603,64.23398148148148,2019-09-05 08:22:30+00:00,,182.29458053420677,7.2384406918982,523.4329943845804
2019-09-01 08:37:30,36.13064216621598,35.79206080137637,-3.952456959858524,471.4912450984199,64.24439814814815,2019-09-05 08:37:30+00:00,,182.15700344556663,7.238519539500912,520.567612687813
2019-09-01 08:52:30,36.18012054295509,35.785712276269855,-3.955931154388054,445.5177233373451,64.25481481481482,2019-09-05 08:52:30+00:00,,182.01942640346073,7.238598162104267,523.9877910996443
2019-09-01 09:07:30,36.22966966829692,35.77953678869443,-3.959359810711137,441.4623330550918,64.26523148148148,2019-09-05 09:07:30+00:00,,181.88184940788472,7.238676559701031,523.7830246177491
2019-09-01 09:22:30,36.279287649420134,35.77353447130492,-3.962742806778447,458.4169207632556,64.27564814814815,2019-09-05 09:22:30+00:00,,181.74427245884888,7.238754732283976,523.7076038411598
2019-09-01 09:37:30,36.32897258892201,35.767705453137886,-3.9660800227057846,470.3347386887751,64.28606481481482,2019-09-05 09:37:30+00:00,,181.60669555633456,7.238832679845896,521.007947719133
2019-09-01 09:52:30,36.37872258506151,35.76204985960079,-3.969371340788749,457.3591644989711,64.29648148148148,2019-09-05 09:52:30+00:00,,181.46911870033713,7.238910402379577,516.0346609428412
2019-09-01 10:07:30,36.42853573172109,35.756567812461704,-3.9726166455168066,461.9965567612687,64.30689814814815,2019-09-05 10:07:30+00:00,,181.33154189086733,7.238987899877814,516.2206370887507
2019-09-01 10:22:30,36.47841011872171,35.75125942983658,-3.9758158235885217,453.9426175408626,64.31731481481482,2019-09-05 10:22:30+00:00,,181.19396512790635,7.239065172333378,517.6617113178048
2019-09-01 10:37:30,36.52834383171114,35.746124826181266,-3.978968763924233,419.1438856427379,64.32773148148148,2019-09-05 10:37:30+00:00,,181.0563884114501,7.239142219739099,518.3082915971063
2019-09-01 10:52:30,36.57833495250707,35.74116411227826,-3.982075357681441,400.9162557751291,64.33814814814815,2019-09-05 10:52:30+00:00,,180.91881174149475,7.239219042087763,520.5183241911122
2019-09-01 11:07:30,36.62838155910242,35.73637739522918,-3.9851354982665534,407.3820951585976,64.34856481481482,2019-09-05 11:07:30+00:00,,180.7812351180651,7.239295639372189,517.7239844184752
2019-09-01 11:22:30,36.67848172576952,35.73176477844489,-3.9881490813483778,404.472570563342,64.35898148148148,2019-09-05 11:22:30+00:00,,180.64365854111367,7.239372011585206,519.8187455282614
2019-09-01 11:37:30,36.72863352327359,35.72732636163581,-3.9911160048713863,392.68548355786777,64.36939814814815,2019-09-05 11:37:30+00:00,,180.50608201066564,7.239448158719628,521.6239186522993
2019-09-01 11:52:30,36.77883501891229,35.723062240803166,-3.994036169067665,394.7043522149319,64.37981481481482,2019-09-05 11:52:30+00:00,,180.3685055267027,7.239524080768287,526.3454964623578
2019-09-01 12:07:30,36.82908427670265,35.71897250822993,-3.99690947646914,395.4246661101837,64.39023148148148,2019-09-05 12:07:30+00:00,,180.23092908923545,7.239599777723987,523.7803746985717
2019-09-01 12:22:30,36.87937935744131,35.71505725247396,-3.999735831919309,390.0298947858834,64.40064814814815,2019-09-05 12:22:30+00:00,,180.09335269824552,7.239675249579614,525.9162095556086
2019-09-01 12:37:30,36.92971831893035,35.711316558358675,-4.002515142585438,395.40319136545406,64.41106481481482,2019-09-05 12:37:30+00:00,,179.95577635372942,7.23975049632796,524.6744574290484
2019-09-01 12:52:30,36.980099215979,35.70775050696594,-4.005247317968567,412.9984081997127,64.42148148148148,2019-09-05 12:52:30+00:00,,179.8182000556977,7.239825517961928,526.2474494527917
2019-09-01 13:07:30,37.03052010061857,35.7043591756297,-4.007932269915318,376.2051335559265,64.43189814814815,2019-09-05 13:07:30+00:00,,179.68062380413235,7.23990031447433,520.7064684527122
2019-09-01 13:22:30,37.080979022227595,35.701142637926914,-4.010569912628083,386.42699072096906,64.44231481481482,2019-09-05 13:22:30+00:00,,179.54304759902956,7.239974885858052,522.6859580782786
2019-09-01 13:37:30,37.13147402760025,35.69810096367312,-4.013160162675358,384.0354078502931,64.45273148148148,2019-09-05 13:37:30+00:00,,179.40547144040065,7.240049232105917,524.2732596655802
2019-09-01 13:52:30,37.1820031611612,35.69523421891534,-4.015702939001836,388.02655588771984,64.46314814814815,2019-09-05 13:52:30+00:00,,179.26789532824182,7.240123353210848,524.3520345356739
2019-09-01 14:07:30,37.23256446496546,35.692542465926586,-4.018198162937045,377.55112687813016,64.47356481481482,2019-09-05 14:07:30+00:00,,179.1303192625206,7.240197249165696,524.8270927736704
2019-09-01 14:22:30,37.28315597898654,35.69002576319796,-4.020645758205838,369.3830803276779,64.48398148148148,2019-09-05 14:22:30+00:00,,178.99274324326245,7.240270919963348,511.4357262103506
2019-09-01 14:37:30,37.33377574111894,35.6876841654373,-4.023045650936641,365.96653336956945,64.49439814814815,2019-09-05 14:37:30+00:00,,178.85516727044964,7.240344365596679,508.9196279513475
2019-09-01 14:52:30,37.38442178738113,35.685517723561176,-4.025397769669971,366.2227743914276,64.50481481481482,2019-09-05 14:52:30+00:00,,178.71759134409336,7.240417586058577,502.0510374433579
2019-09-01 15:07:30,37.43509215203541,35.683526484691384,-4.027702045367124,366.3058222036728,64.51523148148148,2019-09-05 15:07:30+00:00,,178.58001546417563,7.240490581341955,501.9662400296791
2019-09-01 15:22:30,37.48578486763533,35.68171049215088,-4.02995841141729,367.5505687774197,64.52564814814815,2019-09-05 15:22:30+00:00,,178.44243963069323,7.240563351439705,507.7642631899727
2019-09-01 15:37:30,37.53649796532596,35.68006978545899,-4.03216680364577,358.3181271110766,64.53606481481482,2019-09-05 15:37:30+00:00,,178.304863843672,7.240635896344728,505.8708959376739
2019-09-01 15:52:30,37.58722947477112,35.678604400329874,-4.034327160320916,354.9481694296696,64.54648148148148,2019-09-05 15:52:30+00:00,,178.16728810306518,7.240708216049955,501.8549434242256
2019-09-01 16:07:30,37.637977424497976,35.6773143686666,-4.036439422160975,349.6765442404007,64.55689814814815,2019-09-05 16:07:30+00:00,,178.02971240889855,7.240780310548299,493.0717863105175
2019-09-01 16:22:30,37.68873984177684,35.67619971855992,-4.038503532340156,345.04018325115504,64.56731481481482,2019-09-05 16:22:30+00:00,,177.89213676115455,7.24085217983266,491.8912473169568
2019-09-01 16:37:30,37.73951475302896,35.67526047428581,-4.040519436495681,338.83604457040803,64.57773148148148,2019-09-05 16:37:30+00:00,,177.75456115983016,7.240923823896008,493.0953298232096
2019-09-01 16:52:30,37.790300183741515,35.67449665630231,-4.042487082733098,376.51123966300423,64.58814814814815,2019-09-05 16:52:30+00:00,,177.6169856049514,7.2409952427312465,484.9855579404828
2019-09-01 17:07:30,37.841094158744816,35.67390828124893,-4.044406421631675,371.97934056761267,64.59856481481482,2019-09-05 17:07:30+00:00,,177.47941009647158,7.241066436331337,492.80281951400485
2019-09-01 17:22:30,37.891894702221414,35.673495361944006,-4.04627740624918,341.8643475560042,64.60898148148148,2019-09-05 17:22:30+00:00,,177.34183463441687,7.241137404689189,489.6851896017171
2019-09-01 17:37:30,37.94269983792308,35.67325790738378,-4.048099992127291,358.5433086151337,64.61939814814815,2019-09-05 17:37:30+00:00,,177.2042592187699,7.241208147797802,489.8561093886636
2019-09-01 17:52:30,37.993507589279886,35.67319592274234,-4.049874137295431,339.20099390456966,64.62981481481482,2019-09-05 17:52:30+00:00,,177.06668384954236,7.241278665650087,491.50806900389534
2019-09-01 18:07:30,38.04431597953388,35.6733094093702,-4.0515998022754145,356.86039232053423,64.64023148148148,2019-09-05 18:07:30+00:00,,176.92910852673117,7.241348958239039,493.5898455097119
2019-09-01 18:22:30,38.09512303190704,35.67359836479488,-4.053276950084231,359.9254571572776,64.65064814814815,2019-09-05 18:22:30+00:00,,176.79153325030472,7.241419025557608,483.1183285273435
2019-09-01 18:37:30,38.14592676961228,35.67406278272058,-4.054905546237668,356.5943238731219,64.66106481481482,2019-09-05 18:37:30+00:00,,176.65395802028917,7.241488867598774,468.3460529453852
2019-09-01 18:52:30,38.196725216112995,35.674702653029314,-4.05648555875385,357.0873330550918,64.67148148148148,2019-09-05 18:52:30+00:00,,176.51638283666745,7.241558484355496,467.9002040437767
2019-09-01 19:07:30,38.24751639523413,35.67551796178107,-4.058016958154845,361.4396086500757,64.68189814814815,2019-09-05 19:07:30+00:00,,176.37880769945133,7.241627875820806,480.2316029361105
2019-09-01 19:22:30,38.2982983312429,35.67650869121634,-4.059499717469583,360.5078231160461,64.69231481481482,2019-09-05 19:22:30+00:00,,176.24123260863817,7.241697041987645,486.92264885920986
2019-09-01 19:37:30,38.34906904904702,35.67767481975606,-4.060933812235707,370.9127615793765,64.70273148148148,2019-09-05 19:37:30+00:00,,176.10365756419634,7.241765982849021,499.5548135781858
2019-09-01 19:52:30,38.39982657422153,35.67901632200422,-4.062319220500028,356.2891277128548,64.71314814814815,2019-09-05 19:52:30+00:00,,175.96608256616696,7.241834698397927,504.1550732702652
2019-09-01 20:07:30,38.45056893326471,35.68053316875148,-4.063655922821192,354.97146406802034,64.72356481481482,2019-09-05 20:07:30+00:00,,175.82850761450376,7.2419031886274,498.4550971195378
2019-09-01 20:22:30,38.50129415365562,35.68222532697583,-4.064943902269541,366.8284349885468,64.73398148148148,2019-09-05 20:22:30+00:00,,175.69093270923338,7.241971453530428,519.577602883112
2019-09-01 20:37:30,38.552000264019,35.684092759846486,-4.066183144427466,347.99860232169897,64.74439814814815,2019-09-05 20:37:30+00:00,,175.5533578503536,7.242039493100019,514.0115681017184
2019-09-01 20:52:30,38.602685294260375,35.686135426727745,-4.06737363739,352.01638146911523,64.75481481481482,2019-09-05 20:52:30+00:00,,175.41578303784718,7.242107307329219,512.3348437872645
2019-09-01 21:07:30,38.65334727565471,35.68835328318079,-4.06851537176378,352.16834258648134,64.76523148148148,2019-09-05 21:07:30+00:00,,175.27820827171195,7.2421748962110515,515.4331292895566
2019-09-01 21:22:30,38.70398424097037,35.69074628097003,-4.069608340666916,344.6131148813914,64.77564814814815,2019-09-05 21:22:30+00:00,,175.1406335519601,7.242242259738526,494.9916527545909
2019-09-01 21:37:30,38.75459422468027,35.693314368065685,-4.070652539727764,337.2442442831075,64.78606481481482,2019-09-05 21:37:30+00:00,,175.0030588785749,7.242309397904721,477.5180856983862
2019-09-01 21:52:30,38.805175263048376,35.69605748865009,-4.071647967083569,335.87725574369983,64.79648148148148,2019-09-05 21:52:30+00:00,,174.86548425158304,7.242376310702648,480.5880170654795
2019-09-01 22:07:30,38.855725394217224,35.6989755831206,-4.072594623378553,329.921962961525,64.80689814814815,2019-09-05 22:07:30+00:00,,174.72790967092425,7.242442998125349,507.91386317262777
2019-09-01 22:22:30,38.906242658420595,35.70206858809662,-4.073492511761979,336.28139923127696,64.81731481481482,2019-09-05 22:22:30+00:00,,174.59033513666904,7.242509460165936,519.1536158147177
2019-09-01 22:37:30,38.956725098043144,35.70533643642493,-4.07434163788558,328.1748650852195,64.82773148148148,2019-09-05 22:37:30+00:00,,174.4527606487426,7.2425756968174255,497.05063995548136
2019-09-01 22:52:30,39.00717075778137,35.7087790571853,-4.075142009900781,317.4040066777963,64.83814814814815,2019-09-05 22:52:30+00:00,,174.31518620720112,7.242641708072888,486.54371041683225
2019-09-01 23:07:30,39.05757768477516,35.71239637569754,-4.07589363845541,318.5308848080133,64.84856481481482,2019-09-05 23:07:30+00:00,,174.17761181202772,7.242707493925436,483.6897474627024
2019-09-01 23:22:30,39.107943928709496,35.71618831352715,-4.076596536690164,318.4687657724114,64.85898148148148,2019-09-05 23:22:30+00:00,,174.04003746319154,7.242773054368088,474.3461324429605
2019-09-01 23:37:30,39.15826754199141,35.720154788493645,-4.077250720234857,338.331327406142,64.86939814814815,2019-09-05 23:37:30+00:00,,173.90246316071978,7.242838389393956,473.541616980682
2019-09-01 23:52:30,39.20854657980584,35.724295714676686,-4.077856207203948,341.89795492487485,64.87981481481482,2019-09-05 23:52:30+00:00,,173.7648889046103,7.2429034989961565,469.4583565201262
2019-09-02 00:07:30,39.25877910031633,35.72861100242483,-4.0784130181921086,393.2961185308848,64.89023148148148,2019-09-06 00:07:30+00:00,,173.62731469484677,7.242968383167744,471.82340938601374
2019-09-02 00:22:30,39.30896316475977,35.73310055836256,-4.078921176269198,414.79986023216986,64.90064814814815,2019-09-06 00:22:30+00:00,,173.48974053142737,7.243033041901831,471.74921164904464
2019-09-02 00:37:30,39.35909683756325,35.7377642854,-4.0793807069750265,416.93520208098766,64.91106481481482,2019-09-06 00:37:30+00:00,,173.35216641437924,7.243097475191555,483.25728065294015
2019-09-02 00:52:30,39.40917818646503,35.742602082738976,-4.079791638313449,395.18207429048414,64.92148148148148,2019-09-06 00:52:30+00:00,,173.21459234365716,7.243161683029988,476.15470228158046
2019-09-02 01:07:30,39.45920528268078,35.747613845885844,-4.080154000746889,327.09554684163527,64.93189814814815,2019-09-06 01:07:30+00:00,,173.0770183192883,7.243225665410275,486.1965710045843
2019-09-02 01:22:30,39.50917620098167,35.75279946665661,-4.080467827189384,339.5038242031293,64.94231481481482,2019-09-06 01:22:30+00:00,,172.93944434127098,7.243289422325534,483.2313114450009
2019-09-02 01:37:30,39.55908901987294,35.75815883319086,-4.080733153000495,360.5699421516481,64.95273148148148,2019-09-06 01:37:30+00:00,,172.8018704095891,7.243352953768889,505.5008347245409
2019-09-02 01:52:30,39.60894182156741,35.76369182995669,-4.0809500159778205,349.94261268781304,64.96314814814815,2019-09-06 01:52:30+00:00,,172.66429652424097,7.243416259733478,501.2163129024564
2019-09-02 02:07:30,39.65873269235226,35.7693983377659,-4.081118456349993,352.6575299918469,64.97356481481482,2019-09-06 02:07:30+00:00,,172.526722685254,7.243479340212453,493.0625115933965
2019-09-02 02:22:30,39.70845972253316,35.77527823378136,-4.081238516768757,345.8554955934309,64.98398148148148,2019-09-06 02:22:30+00:00,,172.38914889258325,7.243542195198943,491.3844502742666
2019-09-02 02:37:30,39.75812100656615,35.78133139152865,-4.081310242301176,379.3764801801452,64.99439814814815,2019-09-06 02:37:30+00:00,,172.2515751462559,7.243604824686126,516.8280467445743
2019-09-02 02:52:30,39.807714643291135,35.78755768090924,-4.081333680421072,393.38219949916527,65.00481481481482,2019-09-06 02:52:30+00:00,,172.11400144625628,7.243667228667141,531.6718340090628
2019-09-02 03:07:30,39.857238735930125,35.79395696820843,-4.081308881000557,390.581201226851,65.01523148148148,2019-09-06 03:07:30+00:00,,171.9764277926118,7.243729407135171,524.4296048970506
2019-09-02 03:22:30,39.9066913921955,35.80052911610777,-4.081235896300889,396.785339907598,65.02564814814815,2019-09-06 03:22:30+00:00,,171.8388541852776,7.243791360083361,530.0918196994991
2019-09-02 03:37:30,39.956070724550706,35.80727398370185,-4.081114780963247,380.6266257716349,65.03606481481482,2019-09-06 03:37:30+00:00,,171.70128062429592,7.243853087504926,537.0098312001484
2019-09-02 03:52:30,40.00537485022402,35.8141914265047,-4.080945591999075,397.58327371015184,65.04648148148148,2019-09-06 03:52:30+00:00,,171.56370710962165,7.243914589392999,541.5878315711371
2019-09-02 04:07:30,40.05460189131917,35.82128129646492,-4.08072838878022,414.86331385642734,65.05689814814815,2019-09-06 04:07:30+00:00,,171.42613364128258,7.2439758657408,539.4146940056789
2019-09-02 04:22:30,40.10374997492449,35.828543441979015,-4.080463233028527,404.7598711030011,65.06731481481482,2019-09-06 04:22:30+00:00,,171.2885602192776,7.244036916541538,531.3556782671975
2019-09-02 04:37:30,40.152817233326225,35.83597770790448,-4.080150188805344,407.8580580036495,65.07773148148148,2019-09-06 04:37:30+00:00,,171.15098684359083,7.244097741788379,526.4626228900019
2019-09-02 04:52:30,40.201801804019055,35.84358393557359,-4.079789322500667,429.7396702838064,65.08814814814815,2019-09-06 04:52:30+00:00,,171.01341351423574,7.24415834147454,523.3444629938787
2019-09-02 05:07:30,40.25070182985405,35.8513619628055,-4.079380702822153,419.9557401871336,65.09856481481482,2019-09-06 05:07:30+00:00,,170.87584023119643,7.244218715593235,522.0128786072025
2019-09-02 05:22:30,40.29951545912856,35.859311623921805,-4.078924400783157,415.73164576619945,65.10898148148148,2019-09-06 05:22:30+00:00,,170.73826699448654,7.244278864137686,513.6894824707847
2019-09-02 05:37:30,40.348240845760905,35.86743274976241,-4.078420489691431,417.51756803975616,65.11939814814815,2019-09-06 05:37:30+00:00,,170.60069380410485,7.244338787101102,516.289053183878
2019-09-02 05:52:30,40.3968761493588,35.87572516769764,-4.077869045136825,406.9605256071948,65.12981481481482,2019-09-06 05:52:30+00:00,,170.46312066002127,7.244398484476729,513.0217028380634
2019-09-02 06:07:30,40.445419535313114,35.88418870164389,-4.077270144979093,419.20661419826695,65.14023148148148,2019-09-06 06:07:30+00:00,,170.32554756226386,7.244457956257796,521.4245965498052
2019-09-02 06:22:30,40.49386917491241,35.89282317207953,-4.076623869335102,429.1088822578313,65.15064814814815,2019-09-06 06:22:30+00:00,,170.18797451084612,7.244517202437551,517.9094787608977
2019-09-02 06:37:30,40.54222324550964,35.90162839605996,-4.07593030056602,424.6379624956322,65.16106481481482,2019-09-06 06:37:30+00:00,,170.05040150572358,7.244576223009227,520.7117682910672
2019-09-02 06:52:30,40.59047993050703,35.91060418723272,-4.075189523264001,418.3456803005008,65.17148148148148,2019-09-06 06:52:30+00:00,,169.9128285469244,7.244635017966073,510.3577187049641
2019-09-02 07:07:30,40.63863741962142,35.919750355856316,-4.074401624238864,406.4914392204061,65.18189814814815,2019-09-06 07:07:30+00:00,,169.77525563444777,7.244693587301374,511.9643850862549
2019-09-02 07:22:30,40.68669390885122,35.929066708811895,-4.073566692504341,397.8957176689832,65.19231481481482,2019-09-06 07:22:30+00:00,,169.63768276827804,7.244751931008386,509.54368391764046
2019-09-02 07:37:30,40.73464760064957,35.93855304962333,-4.0726848192637615,400.20188686570646,65.20273148148148,2019-09-06 07:37:30+00:00,,169.5001099484148,7.244810049080352,508.07827861250234
2019-09-02 07:52:30,40.78249670401219,35.94820917847322,-4.071756097896295,419.98904424040063,65.21314814814815,2019-09-06 07:52:30+00:00,,169.36253717488609,7.244867941510576,503.5800408087553
2019-09-02 08:07:30,40.830239434584925,35.95803489221944,-4.0707806239419835,402.98171370889463,65.22356481481482,2019-09-06 08:07:30+00:00,,169.22496444766213,7.24492560829234,500.34316453348174
2019-09-02 08:22:30,40.877874014741145,35.96802998441306,-4.069758495087126,413.2567612687813,65.23398148148148,2019-09-06 08:22:30+00:00,,169.08739176674231,7.244983049418936,497.52497548824766
2019-09-02 08:37:30,40.92539867371134,35.97819424531425,-4.068689811149308,383.7714019489847,65.24439814814815,2019-09-06 08:37:30+00:00,,168.94981913214045,7.245040264883633,500.0623935515422
2019-09-02 08:52:30,40.97281164769394,35.988527461914146,-4.067574674061867,383.1307387312187,65.25481481481482,2019-09-06 08:52:30+00:00,,168.81224654384133,7.24509725467975,495.402390227098
2019-09-02 09:07:30,41.02011117986576,35.99902941794714,-4.066413187858571,383.54622044492754,65.26523148148148,2019-09-06 09:07:30+00:00,,168.6746740018736,7.245154018800585,496.5973592350888
2019-09-02 09:22:30,41.06729552061361,36.009699893913236,-4.065205458657984,379.63272120200327,65.27564814814815,2019-09-06 09:22:30+00:00,,168.53710150619287,7.245210557239463,497.7820176484617
2019-09-02 09:37:30,41.11436292750397,36.02053866709441,-4.0639515946470475,380.4465776293823,65.28606481481482,2019-09-06 09:37:30+00:00,,168.39952905682787,7.2452668699897105,497.5586090778077
2019-09-02 09:52:30,41.16131166544585,36.03154551157682,-4.062651706065083,356.6564429087239,65.29648148148148,2019-09-06 09:52:30+00:00,,168.261956653778,7.245322957044628,499.6047543626842
2019-09-02 10:07:30,41.20814000678858,36.04272019826441,-4.061305905187621,359.7779244477229,65.30689814814815,2019-09-06 10:07:30+00:00,,168.12438429704287,7.245378818397556,501.86024326258047
2019-09-02 10:22:30,41.25484623136114,36.054062494900805,-4.059914306309131,363.3109445975851,65.31731481481482,2019-09-06 10:22:30+00:00,,167.98681198660745,7.245434454041813,503.4056761268782
2019-09-02 10:37:30,41.301428626573326,36.06557216608928,-4.058477025726523,377.418092654424,65.32773148148148,2019-09-06 10:37:30+00:00,,167.84923972247145,7.245489863970776,502.2365317857805
2019-09-02 10:52:30,41.34788548763212,36.077248973313615,-4.056994181721819,387.3044220988469,65.33814814814815,2019-09-06 10:52:30+00:00,,167.7116675046489,7.245545048177776,502.3557781487664
2019-09-02 11:07:30,41.39421511741448,36.08909267495356,-4.055465894545097,365.8733548161664,65.34856481481482,2019-09-06 11:07:30+00:00,,167.57409533313952,7.245600006656181,502.4803243501073
2019-09-02 11:22:30,41.440415826724255,36.10110302630821,-4.053892286396739,375.1213262414101,65.35898148148148,2019-09-06 11:22:30+00:00,,167.43652320792856,7.245654739399307,502.8519755147467
2019-09-02 11:37:30,41.48648593429678,36.11327977961468,-4.0522734814098245,407.77337228714526,65.36939814814815,2019-09-06 11:37:30+00:00,,167.29895112903026,7.245709246400581,504.7263958449267
2019-09-02 11:52:30,41.53242376688681,36.125622684068794,-4.05060960563225,407.19804325037853,65.37981481481482,2019-09-06 11:52:30+00:00,,167.1613790964299,7.245763527653345,505.1103691337414
2019-09-02 12:07:30,41.57822765943546,36.1381314858478,-4.048900787008226,361.63373063633185,65.39023148148148,2019-09-06 12:07:30+00:00,,167.0238071101418,7.245817583150964,505.6708270397753
2019-09-02 12:22:30,41.62389595502172,36.15080592812722,-4.047147155360589,393.2367899988353,65.40064814814815,2019-09-06 12:22:30+00:00,,166.8862351701657,7.245871412886862,505.0989744812784
2019-09-02 12:37:30,41.66942700506844,36.16364575110499,-4.045348842371987,377.63720784641066,65.41106481481482,2019-09-06 12:37:30+00:00,,166.74866327650167,7.245925016854388,498.7293637544055
2019-09-02 12:52:30,41.71481916931821,36.17665069202205,-4.043505981566187,384.2994137516015,65.42148148148148,2019-09-06 12:52:30+00:00,,166.61109142912042,7.245978395046968,495.3069931367093
2019-09-02 13:07:30,41.76007081593959,36.18982048517948,-4.041618708289652,384.0121132119424,65.43189814814815,2019-09-06 13:07:30+00:00,,166.47351962806545,7.246031547457995,496.19399335592993
2019-09-02 13:22:30,41.805180321688525,36.203154861967874,-4.039687159691956,371.3010055518888,65.44231481481482,2019-09-06 13:22:30+00:00,,166.33594787329332,7.246084474080873,495.3202427325967
2019-09-02 13:37:30,41.850146071876146,36.21665355088204,-4.037711474707053,370.6646494156928,65.45273148148148,2019-09-06 13:37:30+00:00,,166.19837616484736,7.24613717490903,501.83639398998326
2019-09-02 13:52:30,41.89496646050133,36.23031627754849,-4.035691794033691,364.22720037271426,65.46314814814815,2019-09-06 13:52:30+00:00,,166.0608045027133,7.246189649935883,497.70914487108143
2019-09-02 14:07:30,41.939639890326994,36.24414276474193,-4.033628260116262,396.4048608145358,65.47356481481482,2019-09-06 14:07:30+00:00,,165.92323288687666,7.24624189915486,487.6713714777154
2019-09-02 14:22:30,41.98416477286751,36.258132732411305,-4.031521017125077,391.2800403773731,65.48398148148148,2019-09-06 14:22:30+00:00,,165.78566131733749,7.246293922559376,486.3688157511196
2019-09-02 14:37:30,42.02853952861888,36.27228589769986,-4.0293702109364835,395.45596828046746,65.49439814814815,2019-09-06 14:37:30+00:00,,165.64808979411052,7.246345720142899,482.6908483836698
2019-09-02 14:52:30,42.07276258695408,36.28660197496896,-4.027175989113117,407.4076949955352,65.50481481481482,2019-09-06 14:52:30+00:00,,165.51051831719576,7.246397291898867,480.7456872565387
2019-09-02 15:07:30,42.11683238633375,36.30108067582143,-4.024938500883853,359.1101448150017,65.51523148148148,2019-09-06 15:07:30+00:00,,165.37294688657897,7.246448637820734,487.1486146945246
2019-09-02 15:22:30,42.16074737426329,36.31572170912151,-4.022657897123776,378.43692976666534,65.52564814814815,2019-09-06 15:22:30+00:00,,165.235375502275,7.2464997579019395,483.9732888146911
2019-09-02 15:37:30,42.20450600747067,36.33052478102066,-4.020334330333528,404.11101836393993,65.53606481481482,2019-09-06 15:37:30+00:00,,165.09780416428413,7.246550652135967,486.9623976468718
2019-09-02 15:52:30,42.24810675183011,36.34548959497795,-4.017967954619483,391.0936832705672,65.54648148148148,2019-09-06 15:52:30+00:00,,164.9602328725918,7.246601320516299,487.42348358375074
2019-09-02 16:07:30,42.29154808199173,36.36061585212352,-4.015558925794682,348.9692122529798,65.55689814814815,2019-09-06 16:07:30+00:00,,164.82266162721325,7.246651763036381,488.4728515780269
2019-09-02 16:22:30,42.33482847952321,36.37590325223093,-4.013107401714159,408.6578405870249,65.56731481481482,2019-09-06 16:22:30+00:00,,164.6850904281342,7.246701979689701,496.8373214616954
2019-09-02 16:37:30,42.37794644193987,36.391351488847896,-4.01061354045676,437.4008764607679,65.57773148148148,2019-09-06 16:37:30+00:00,,164.54751927536952,7.246751970469771,493.7191615655722
2019-09-02 16:52:30,42.420900472691415,36.40696025490537,-4.00807750234411,380.58003649493344,65.58814814814815,2019-09-06 16:52:30+00:00,,164.40994816891973,7.246801735370058,488.8517900204044
2019-09-02 17:07:30,42.463689084744125,36.42272924076116,-4.0054994491996325,472.943277555616,65.59856481481482,2019-09-06 17:07:30+00:00,,164.27237710878515,7.246851274384099,481.9157470242613
2019-09-02 17:22:30,42.50631080065342,36.438658134220425,-4.002879544327852,403.49419575261095,65.60898148148148,2019-09-06 17:22:30+00:00,,164.13480609495178,7.246900587505373,477.860407075766
2019-09-02 17:37:30,42.54876415263957,36.45474662056475,-4.0002179524927275,395.3385851419032,65.61939814814815,2019-09-06 17:37:30+00:00,,163.9972351274201,7.246949674727406,473.8267482841773
2019-09-02 17:52:30,42.59104768252913,36.470994382571334,-3.99751483989728,390.1230733392864,65.62981481481482,2019-09-06 17:52:30+00:00,,163.85966420620528,7.246998536043711,481.4638153536317
2019-09-02 18:07:30,42.633159942032094,36.48740110054364,-3.9947703741610727,377.45855495593435,65.64023148148148,2019-09-06 18:07:30+00:00,,163.7220933313079,7.247047171447826,488.57818586533114
2019-09-02 18:22:30,42.67509949253666,36.50396645232867,-3.9919847243001874,388.53127305198586,65.65064814814815,2019-09-06 18:22:30+00:00,,163.58452250272848,7.24709558093329,497.3408061054138
2019-09-02 18:37:30,42.716864905361746,36.52069011334407,-3.9891580607054697,414.7537562604341,65.66106481481482,2019-09-06 18:37:30+00:00,,163.44695172045323,7.247143764493601,493.3434512065565
2019-09-02 18:52:30,42.758454761683566,36.53757175660372,-3.9862905551205823,433.6762821757192,65.67148148148148,2019-09-06 18:52:30+00:00,,163.30938098449727,7.247191722122356,489.0796830696664
2019-09-02 19:07:30,42.799867652614,36.55461105274035,-3.983382380621004,422.9995729316302,65.68189814814815,2019-09-06 19:07:30+00:00,,163.1718102948614,7.247239453813072,490.1224262659989
2019-09-02 19:22:30,42.841102179286835,36.57180767003105,-3.980433711592333,434.235353496137,65.69231481481482,2019-09-06 19:22:30+00:00,,163.03423965153172,7.247286959559325,490.025041736227
2019-09-02 19:37:30,42.88215695287569,36.58916127442393,-3.9774447237084054,401.58336811352257,65.70273148148148,2019-09-06 19:37:30+00:00,,162.8966690545236,7.247334239354658,479.9666110183639
2019-09-02 19:52:30,42.923030594610225,36.606671529559435,-3.974415593909944,395.39542648600377,65.71314814814815,2019-09-06 19:52:30+00:00,,162.75909850382325,7.247381293192681,476.42830643665366
2019-09-02 20:07:30,42.96372173583415,36.62433809679329,-3.971346500383509,394.5102302286757,65.72356481481482,2019-09-06 20:07:30+00:00,,162.62152799946062,7.247428121066921,470.2606195511038
2019-09-02 20:22:30,43.004229018073424,36.64216063522757,-3.96823762253852,382.8085568971542,65.73398148148148,2019-09-06 20:22:30+00:00,,162.4839575414074,7.247474722971016,470.8810981265072
2019-09-02 20:37:30,43.04455109305756,36.66013880173391,-3.965089140985792,374.3739565943239,65.74439814814815,2019-09-06 20:37:30+00:00,,162.34638712966455,7.247521098898495,473.02170283806345
2019-09-02 20:52:30,43.084686622792375,36.67827225097721,-3.9619012375162,354.8006367201149,65.75481481481482,2019-09-06 20:52:30+00:00,,162.20881676424762,7.247567248842993,472.83519670831856
2019-09-02 21:07:30,43.12463427946729,36.69656063543675,-3.9586740950793127,348.5499087626665,65.76523148148148,2019-09-06 21:07:30+00:00,,162.07124644515727,7.247613172798115,470.2949360044518
2019-09-02 21:22:30,43.16439274565,36.715003605438646,-3.95540789776031,352.31587529603604,65.77564814814815,2019-09-06 21:22:30+00:00,,161.9336761723947,7.247658870757444,476.3587460582452
2019-09-02 21:37:30,43.20396071426168,36.73360080917579,-3.952102830759272,352.86936560934896,65.78606481481482,2019-09-06 21:37:30+00:00,,161.79610594594635,7.247704342714606,475.83008718234095
2019-09-02 21:52:30,43.24333688860094,36.752351892738766,-3.9487590803682022,347.5715339519354,65.79648148148148,2019-09-06 21:52:30+00:00,,161.6585357658278,7.2477495886632335,481.5637173066222
2019-09-02 22:07:30,43.282519982334854,36.77125650013303,-3.945376833950562,341.49163334239233,65.80689814814815,2019-09-06 22:07:30+00:00,,161.52096563202554,7.247794608596938,485.7328351485279
2019-09-02 22:22:30,43.32150871962292,36.79031427331033,-3.9419562799184513,361.8977365376403,65.81731481481482,2019-09-06 22:22:30+00:00,,161.38339554456965,7.247839402509361,486.5516601743646
2019-09-02 22:37:30,43.36030183506363,36.8095248521916,-3.938497607711,344.15953672787975,65.82773148148148,2019-09-06 22:37:30+00:00,,161.24582550343237,7.24788397039414,487.1664414235365
2019-09-02 22:52:30,43.39889807380269,36.82888787469413,-3.935001007772734,342.08952906006135,65.83814814814815,2019-09-06 22:52:30+00:00,,161.10825550862918,7.247928312244936,487.63680207753663
2019-09-02 23:07:30,43.437296191448226,36.84840297675376,-3.9314666715314703,338.98357727996273,65.84856481481482,2019-09-06 23:07:30+00:00,,160.97068556013235,7.247972428055359,485.8724655051867
2019-09-02 23:22:30,43.47549495419401,36.8680697923542,-3.92789479137682,339.3019373374228,65.85898148148148,2019-09-06 23:22:30+00:00,,160.8331156580013,7.248016317819118,491.048573018523
2019-09-02 23:37:30,43.51349313884047,36.88788795354947,-3.9242855606380336,351.8989983305509,65.86939814814815,2019-09-06 23:37:30+00:00,,160.69554580217894,7.248059981529862,474.49452791689856
2019-09-02 23:52:30,43.551289532732405,36.9078570904921,-3.920639173562584,371.0758240478317,65.87981481481482,2019-09-06 23:52:30+00:00,,160.55797599271023,7.248103419181231,474.8655166017437
2019-09-03 00:07:30,43.58888293386176,36.92797683145356,-3.916955825294475,359.2266180067554,65.89023148148148,2019-09-07 00:07:30+00:00,,160.4204062295674,7.248146630766955,495.6455203116305
2019-09-03 00:22:30,43.62627215087905,36.94824680285644,-3.913235711852195,372.19063021702834,65.90064814814815,2019-09-07 00:22:30+00:00,,160.28283651276632,7.248189616280674,488.5549990725283
2019-09-03 00:37:30,43.66345600303371,36.968666629295704,-3.909479030107274,369.4607291221804,65.91106481481482,2019-09-07 00:37:30+00:00,,160.14526684229384,7.2482323757161184,491.9081660317053
2019-09-03 00:52:30,43.7004333203201,36.98923593356413,-3.9056859777627535,369.041425631867,65.92148148148148,2019-09-07 00:52:30+00:00,,160.00769721818028,7.248274909066948,477.95850226568086
2019-09-03 01:07:30,43.7372029434222,37.0099543366805,-3.901856753331376,369.8101486974415,65.93189814814815,2019-09-07 01:07:30+00:00,,159.8701276403982,7.248317216326888,479.9885330770139
2019-09-03 01:22:30,43.773763723682094,37.03082145791269,-3.8979915561143663,361.1722662771286,65.94231481481482,2019-09-07 01:22:30+00:00,,159.73255810894875,7.248359297489651,478.6098523995018
2019-09-03 01:37:30,43.8101145232243,37.05183691480433,-3.894090586179565,341.9885856272082,65.95273148148148,2019-09-07 01:37:30+00:00,,159.59498862384825,7.248401152548933,487.6739009460211
2019-09-03 01:52:30,43.846254214862945,37.07300032319738,-3.890154044340864,343.8676864541678,65.96314814814815,2019-09-07 01:52:30+00:00,,159.45741918511263,7.248442781498484,491.994594164878
2019-09-03 02:07:30,43.88218168218018,37.094311297263175,-3.886182132135611,365.6637030710098,65.97356481481482,2019-09-07 02:07:30+00:00,,159.3198497926997,7.248484184332019,477.3723401436257
2019-09-03 02:22:30,43.917895819542515,37.11576944952459,-3.88217505180408,358.2846410684474,65.98398148148148,2019-09-07 02:22:30+00:00,,159.1822804466548,7.24852536104327,476.052680393248
2019-09-03 02:37:30,43.95339553204642,37.1373743908786,-3.878133006268596,358.6209574096362,65.99439814814815,2019-09-07 02:37:30+00:00,,159.0447111469647,7.2485663116259955,478.7476481967301
2019-09-03 02:52:30,43.98867973560434,37.15912573062879,-3.8740561991110978,362.85281671002053,66.00481481481482,2019-09-07 02:52:30+00:00,,158.9071418936168,7.24860703607392,478.5104804303469
2019-09-03 03:07:30,44.02374735686999,37.18102307650434,-3.8699448345534657,365.4928757231044,66.01523148148148,2019-09-07 03:07:30+00:00,,158.76957268661266,7.248647534380819,473.63860402257734
2019-09-03 03:22:30,44.05859733334812,37.20306603468923,-3.86579911743561,376.0251460767946,66.02564814814815,2019-09-07 03:22:30+00:00,,158.6320035259682,7.248687806540444,466.184381376368
2019-09-03 03:37:30,44.093228613272885,37.225254209844714,-3.861619253194924,390.1230733392864,66.03606481481482,2019-09-07 03:37:30+00:00,,158.4944344117001,7.248727852546579,471.0363833903066
2019-09-03 03:52:30,44.12764015571135,37.24758720513544,-3.857405447845651,389.2689365997593,66.04648148148148,2019-09-07 03:52:30+00:00,,158.3568653437808,7.248767672392969,474.2014468558709
2019-09-03 04:07:30,44.16183093054911,37.27006462225917,-3.8531579079571143,390.40260899949527,66.05689814814815,2019-09-07 04:07:30+00:00,,158.21929632221187,7.248807266073421,473.49550838699423
2019-09-03 04:22:30,44.19579991844499,37.29268606146369,-3.848876840634425,399.4156928213689,66.06731481481482,2019-09-07 04:22:30+00:00,,158.0817273470099,7.24884663358171,473.92948361228827
2019-09-03 04:37:30,44.22954611085966,37.31545112157907,-3.844562453496935,401.2190860736887,66.07773148148148,2019-09-07 04:37:30+00:00,,157.94415841819125,7.248885774911644,471.04698306701647
2019-09-03 04:52:30,44.263068510107246,37.33835940004045,-3.84021495465795,396.0476763598245,66.08814814814815,2019-09-07 04:52:30+00:00,,157.80658953571387,7.248924690057007,468.9111482099795
2019-09-03 05:07:30,44.2963661292042,37.36141049290913,-3.835834552704982,397.8568932717319,66.09856481481482,2019-09-07 05:07:30+00:00,,157.66902069960895,7.248963379011607,473.76941366924666
2019-09-03 05:22:30,44.329437992069494,37.38460399490454,-3.831421456678614,381.9099540901502,66.10898148148148,2019-09-07 05:22:30+00:00,,157.53145190989272,7.249001841769266,483.9865384105785
2019-09-03 05:37:30,44.362283133391514,37.40793949942736,-3.8269758760520873,372.6753892145824,66.11939814814815,2019-09-07 05:37:30+00:00,,157.3938831665383,7.249040078323794,471.25765164162493
2019-09-03 05:52:30,44.39490059857473,37.4314165985805,-3.822498020712587,376.9693675505688,66.12981481481482,2019-09-07 05:52:30+00:00,,157.25631446956194,7.249078088669032,469.0992924715797
2019-09-03 06:07:30,44.42728944389441,37.45503488319765,-3.8179881009400063,434.4605350001941,66.14023148148148,2019-09-07 06:07:30+00:00,,157.1187458189511,7.249115872798812,459.02429975885735
2019-09-03 06:22:30,44.45944873637746,37.47879394286774,-3.8134463273874566,431.0543614357262,66.15064814814815,2019-09-07 06:22:30+00:00,,156.98117721472235,7.249153430706961,455.9954421390147
2019-09-03 06:37:30,44.49137755378786,37.50269336595517,-3.808872911062367,412.6256939861009,66.16106481481482,2019-09-07 06:37:30+00:00,,156.8436086568924,7.249190762387332,454.26636987571874
2019-09-03 06:52:30,44.52307498468021,37.52673273963311,-3.804268063305414,365.1201615094926,66.17148148148148,2019-09-07 06:52:30+00:00,,156.70604014541942,7.249227867833778,453.814558655961
2019-09-03 07:07:30,44.5545401283408,37.550911649899774,-3.7996319957719225,400.9939045696316,66.18189814814815,2019-09-07 07:07:30+00:00,,156.56847168034932,7.24926474704014,464.2654424040067
2019-09-03 07:22:30,44.58577209479567,37.57522968160953,-3.7949649204119975,441.5014607679466,66.19231481481482,2019-09-07 07:22:30+00:00,,156.43090326165495,7.249301400000328,455.1737744726058
2019-09-03 07:37:30,44.616770004815834,37.59968641849127,-3.7902670494521247,427.75167915518114,66.20273148148148,2019-09-07 07:37:30+00:00,,156.2933348893532,7.249337826708161,455.3276625062936
2019-09-03 07:52:30,44.64753298986357,37.62428144317845,-3.7855385953747898,391.3266296540746,66.21314814814815,2019-09-07 07:52:30+00:00,,156.155766563446,7.249374027157568,460.4433314783899
2019-09-03 08:07:30,44.67806019209106,37.64901433723023,-3.780779770900356,370.6953449547695,66.22356481481482,2019-09-07 08:07:30+00:00,,156.01819828393565,7.2494100013423965,463.47881389617623
2019-09-03 08:22:30,44.70835076433645,37.673884681151975,-3.7759907889686897,434.466297996661,66.23398148148148,2019-09-07 08:22:30+00:00,,155.88063005080988,7.249445749256544,469.33441257314377
2019-09-03 08:37:30,44.73840387011515,37.69889205442838,-3.771171862719072,439.8804208564662,66.24439814814815,2019-09-07 08:37:30+00:00,,155.74306186408538,7.249481270893936,470.48043034687447
2019-09-03 08:52:30,44.7682186835837,37.72403603554205,-3.766323205471913,434.2431183755872,66.25481481481482,2019-09-07 08:52:30+00:00,,155.60549372376454,7.24951656624845,479.4286774253385
2019-09-03 09:07:30,44.797794389562014,37.74931620199786,-3.76144503071104,418.49594285048727,66.26523148148148,2019-09-07 09:07:30+00:00,,155.4679256298494,7.2495516353140115,484.90871028433634
2019-09-03 09:22:30,44.82713018341225,37.77473213034493,-3.7565375520652697,418.93259599332225,66.27564814814815,2019-09-07 09:22:30+00:00,,155.330357582328,7.2495864780845425,482.6748284177332
2019-09-03 09:37:30,44.85622527116865,37.80028339620524,-3.7516009832892063,409.72162907170866,66.28606481481482,2019-09-07 09:37:30+00:00,,155.1927895812316,7.249621094553942,487.81567162201554
2019-09-03 09:52:30,44.88507886935888,37.82596957429188,-3.7466355382465184,405.98672205614014,66.29648148148148,2019-09-07 09:52:30+00:00,,155.05522162651903,7.249655484716159,492.4389652269452
2019-09-03 10:07:30,44.91369020512517,37.8517902384387,-3.741641430890845,381.069223900299,66.30689814814815,2019-09-07 10:07:30+00:00,,154.91765371825085,7.249689648565131,469.0467017679037
2019-09-03 10:22:30,44.942058516098896,37.87774496161873,-3.736618875248842,377.15202420701166,66.31731481481482,2019-09-07 10:22:30+00:00,,154.78008585637133,7.249723586094819,469.61602671118527
2019-09-03 10:37:30,44.97018305044052,37.90383331596634,-3.7315680854028654,377.3964359203323,66.32773148148148,2019-09-07 10:37:30+00:00,,154.6425180409264,7.249757297299156,457.6212880052613
2019-09-03 10:52:30,44.99806306679614,37.93005487281079,-3.7264892754716694,377.11690026012343,66.33814814814815,2019-09-07 10:52:30+00:00,,154.5049502718896,7.249790782172093,455.4946074144739
2019-09-03 11:07:30,45.02569783424717,37.95640920268912,-3.7213826595949446,372.45020771052526,66.34856481481482,2019-09-07 11:07:30+00:00,,154.36738254926348,7.249824040707607,454.1643479873864
2019-09-03 11:22:30,45.05308663229458,37.9828958753635,-3.716248451917268,381.4012938230384,66.35898148148148,2019-09-07 11:22:30+00:00,,154.22981487309394,7.249857072899676,456.7056204785754
2019-09-03 11:37:30,45.08022875085324,38.00951445986382,-3.7110868665674257,365.0114531971891,66.36939814814815,2019-09-07 11:37:30+00:00,,154.09224724332557,7.249889878742256,463.87961417176774
2019-09-03 11:52:30,45.10712349023603,38.0362645244958,-3.705898117644317,366.393601739333,66.37981481481482,2019-09-07 11:52:30+00:00,,153.95467965999003,7.2499224582293476,482.507883509553
2019-09-03 12:07:30,45.13377016108639,38.063145636866295,-3.7006824191996177,368.6920060566059,66.39023148148148,2019-09-07 12:07:30+00:00,,153.81711212310432,7.249954811354948,477.4030792060842
2019-09-03 12:22:30,45.16016808435733,38.0901573639073,-3.695439985221586,362.3069699499165,66.40064814814815,2019-09-07 12:22:30+00:00,,153.6795446326276,7.249986938113024,476.052680393248
2019-09-03 12:37:30,45.186316591325735,38.117299271902176,-3.6901710296172543,359.51391854641463,66.41106481481482,2019-09-07 12:37:30+00:00,,153.54197718860613,7.2500188384976045,472.8183335862802
2019-09-03 12:52:30,45.21221502350404,38.1445709265001,-3.684875766197912,354.10179756959275,66.42148148148148,2019-09-07 12:52:30+00:00,,153.4044097910133,7.250050512502711,470.6362455945094
2019-09-03 13:07:30,45.237862732611305,38.17197189274021,-3.679554408663246,347.3851768451295,66.43189814814815,2019-09-07 13:07:30+00:00,,153.2668424398813,7.250081960122336,477.4836367490791
2019-09-03 13:22:30,45.263259080565675,38.19950173507719,-3.674207170584045,339.55029215358934,66.44231481481482,2019-09-07 13:22:30+00:00,,153.12927513518332,7.250113181350525,479.7254683732146
2019-09-03 13:37:30,45.288403439528814,38.227160017407975,-3.668834265385966,355.41266694490815,66.45273148148148,2019-09-07 13:37:30+00:00,,152.99170787693686,7.25014417618129,479.0841879322681
2019-09-03 13:52:30,45.31329519168719,38.25494630308064,-3.663435906336613,371.37088946694104,66.46314814814815,2019-09-07 13:52:30+00:00,,152.85414066514474,7.250174944608697,478.0560192914116
2019-09-03 14:07:30,45.33793372938776,38.282860154925714,-3.658012306527996,377.73893989983304,66.47356481481482,2019-09-07 14:07:30+00:00,,152.71657349980964,7.250205486626748,477.76982802024537
2019-09-03 14:22:30,45.362318455007205,38.31090113527209,-3.652563678862447,360.13510890243424,66.48398148148148,2019-09-07 14:22:30+00:00,,152.57900638092005,7.250235802229523,466.6666666666667
2019-09-03 14:37:30,45.38644878098757,38.339068805978414,-3.647090236035913,364.77074193423147,66.49439814814815,2019-09-07 14:37:30+00:00,,152.44143930849313,7.250265891411083,467.3344462993878
2019-09-03 14:52:30,45.41032412970908,38.36736272843656,-3.641592190526371,371.5339519353962,66.50481481481482,2019-09-07 14:52:30+00:00,,152.30387228253187,7.250295754165486,460.7864960118716
2019-09-03 15:07:30,45.43394393353162,38.395782463617465,-3.636069754574247,351.7943238731219,66.51523148148148,2019-09-07 15:07:30+00:00,,152.16630530303917,7.2503253904868,456.44857831836134
2019-09-03 15:22:30,45.457307634752986,38.42432757206815,-3.630523140172715,357.19998447024113,66.52564814814815,2019-09-07 15:22:30+00:00,,152.02873837001795,7.250354800369098,452.7015926014256
2019-09-03 15:37:30,45.48041468552708,38.4529976139484,-3.6249525590500578,357.9997670536165,66.53606481481482,2019-09-07 15:37:30+00:00,,151.89117148345662,7.250383983806475,449.1745501762195
2019-09-03 15:52:30,45.503264547828046,38.481792149041496,-3.6193582226577914,353.06906860270993,66.54648148148148,2019-09-07 15:52:30+00:00,,151.75360464338715,7.250412940793005,448.98905583379707
2019-09-03 16:07:30,45.52585669347072,38.51071073678844,-3.613740342153601,345.2394616026711,66.55689814814815,2019-09-07 16:07:30+00:00,,151.61603784978368,7.250441671322808,452.53199777406786
2019-09-03 16:22:30,45.54819060405232,38.53975293629605,-3.608099128390098,351.5782117482626,66.56731481481482,2019-09-07 16:22:30+00:00,,151.4784711026635,7.250470175389991,455.0653205077245
2019-09-03 16:37:30,45.570265770803,38.56891830635364,-3.602434791901892,342.4933027914742,66.57773148148148,2019-09-07 16:37:30+00:00,,151.3409044020298,7.250498452988636,451.6142288429434
2019-09-03 16:52:30,45.59208169467335,38.59820640546749,-3.5967475428890903,355.28205924603026,66.58814814814815,2019-09-07 16:52:30+00:00,,151.20333774787107,7.250526504112887,448.3530752312054
2019-09-03 17:07:30,45.61363788633293,38.62761679188113,-3.591037591204333,355.0526919866444,66.59856481481482,2019-09-07 17:07:30+00:00,,151.06577114021948,7.250554328756864,446.3364867371545
2019-09-03 17:22:30,45.63493386595297,38.6571490235816,-3.5853051463418684,373.071398066545,66.60898148148148,2019-09-07 17:22:30+00:00,,150.9282045790491,7.250581926914706,443.5249224898641
2019-09-03 17:37:30,45.65596916326912,38.68680265832026,-3.579550417424517,352.3003455371355,66.61939814814815,2019-09-07 17:37:30+00:00,,150.79063806437756,7.250609298580525,443.6319792246336
2019-09-03 17:52:30,45.67674331757154,38.71657725364879,-3.573773613187799,337.795550724075,66.62981481481482,2019-09-07 17:52:30+00:00,,150.65307159622267,7.250636443748495,446.94066830961657
2019-09-03 18:07:30,45.69725587760266,38.746472366925474,-3.5679749419697737,354.59098497495825,66.64023148148148,2019-09-07 18:07:30+00:00,,150.51550517454396,7.25066336241274,456.5916739539444
2019-09-03 18:22:30,45.717506401530635,38.776487555338115,-3.562154611697925,347.3851768451295,66.65064814814815,2019-09-07 18:22:30+00:00,,150.37793879940273,7.250690054567449,456.2047857540345
2019-09-03 18:37:30,45.73749445691061,38.80662237591998,-3.5563128298770903,375.0782554257095,66.66106481481482,2019-09-07 18:37:30+00:00,,150.24037247074406,7.25071652020677,452.36505286588766
2019-09-03 18:52:30,45.75721962059944,38.83687638557819,-3.550449803576463,350.1572388088675,66.67148148148148,2019-09-07 18:52:30+00:00,,150.1028061886003,7.250742759324897,448.3861992209238
2019-09-03 19:07:30,45.7766814788095,38.867249141097695,-3.544565739419499,356.4378130217028,66.68189814814815,2019-09-07 19:07:30+00:00,,149.96523995298938,7.250768771915968,445.50176219625297
2019-09-03 19:22:30,45.7958796269277,38.897740199175665,-3.5386608435698608,342.49330279147415,66.69231481481482,2019-09-07 19:22:30+00:00,,149.82767376388543,7.250794557974205,442.3216182815515
2019-09-03 19:37:30,45.81481366958118,38.92834911637003,-3.532735321721543,335.1632565904414,66.70273148148148,2019-09-07 19:37:30+00:00,,149.69010762130637,7.250820117493768,442.9631396242414
2019-09-03 19:52:30,45.83348322054911,38.95907544897982,-3.526789379085683,349.5282835733975,66.71314814814815,2019-09-07 19:52:30+00:00,,149.5525415252555,7.250845450468899,446.3643108885179
2019-09-03 20:07:30,45.851887902752125,38.98991875349755,-3.520823220380714,374.1157136894825,66.72356481481482,2019-09-07 20:07:30+00:00,,149.41497547572163,7.250870556893762,442.508943477224
2019-09-03 20:22:30,45.87002734808634,39.02087858642054,-3.5148370498223596,339.5348837209302,66.73398148148148,2019-09-07 20:22:30+00:00,,149.27740947273733,7.25089543676261,441.21684288629194
2019-09-03 20:37:30,45.887901197518445,39.05195450425038,-3.50883107110961,342.4156539969717,66.74439814814815,2019-09-07 20:37:30+00:00,,149.13984351627698,7.250920090069629,442.4496668236234
2019-09-03 20:52:30,45.90550910096787,39.08314606350331,-3.502805487416154,375.6415731645766,66.75481481481482,2019-09-07 20:52:30+00:00,,149.0022776063729,7.250944516809053,442.1178154066301
2019-09-03 21:07:30,45.922850717274336,39.11445282073217,-3.4967605013784997,359.4976001669449,66.76523148148148,2019-09-07 21:07:30+00:00,,148.86471174299962,7.250968716975132,443.7429385676464
2019-09-03 21:22:30,45.93992571413167,39.14587433252977,-3.4906963150884067,343.89874597196876,66.77564814814815,2019-09-07 21:22:30+00:00,,148.7271459261752,7.250992690562093,433.4843787264488
2019-09-03 21:37:30,45.95673376804624,39.17741015556394,-3.4846131300791505,343.8366269363668,66.78606481481482,2019-09-07 21:37:30+00:00,,148.58958015591756,7.2510164375641795,432.4379015530935
2019-09-03 21:52:30,45.973274564312014,39.20905984659344,-3.4785111473163055,337.56260434056765,66.79648148148148,2019-09-07 21:52:30+00:00,,148.4520144321868,7.251039957975648,433.473779049739
2019-09-03 22:07:30,45.98954779693272,39.24082296246823,-3.4723905671902946,335.1210350584307,66.80689814814815,2019-09-07 22:07:30+00:00,,148.31444875503004,7.251063251790783,436.0128834252373
2019-09-03 22:22:30,46.00555316857514,39.27269906016381,-3.466251589504045,342.3422239165012,66.81731481481482,2019-09-07 22:22:30+00:00,,148.17688312442155,7.251086319003813,431.4465908789782
2019-09-03 22:37:30,46.02129039050136,39.304687696796016,-3.4600944134634175,419.0744574290484,66.82773148148148,2019-09-07 22:37:30+00:00,,148.03931754039434,7.25110915960904,430.23557781487665
2019-09-03 22:52:30,46.03675918260007,39.33678842962835,-3.453919237669651,349.3186318282409,66.83814814814815,2019-09-07 22:52:30+00:00,,147.90175200293737,7.251131773600744,420.10016694490815
2019-09-03 23:07:30,46.0519592732173,39.36900081609466,-3.4477262601092695,341.89795492487474,66.84856481481482,2019-09-07 23:07:30+00:00,,147.7641865120252,7.251154160973188,419.9684659617881
2019-09-03 23:22:30,46.06689039916695,39.4013244138157,-3.441515678144813,343.1921419419964,66.85898148148148,2019-09-07 23:22:30+00:00,,147.6266210677197,7.251176321720696,422.8043890815176
2019-09-03 23:37:30,46.081552305718255,39.43375878061689,-3.4352876885055186,347.2298792561245,66.86939814814815,2019-09-07 23:37:30+00:00,,147.48905566996626,7.251198255837538,420.6534700691629
2019-09-03 23:52:30,46.09594474650541,39.466303474542805,-3.429042487279111,348.05295647785067,66.87981481481482,2019-09-07 23:52:30+00:00,,147.3514903188124,7.251219963318078,419.49545538861065
2019-09-04 00:07:30,46.110067483386246,39.498958053862026,-3.422780269905525,360.78098914858094,66.89023148148148,2019-09-08 00:07:30+00:00,,147.21392501424725,7.251241444156575,419.03171953255423
2019-09-04 00:22:30,46.12392028656893,39.53172207710847,-3.41650123116327,337.12000621190356,66.90064814814815,2019-09-08 00:22:30+00:00,,147.07635975627463,7.251262698347367,418.7071044333148
2019-09-04 00:37:30,46.13750293441812,39.56459510307273,-3.410205565166254,331.83988818573596,66.91106481481482,2019-09-08 00:37:30+00:00,,146.93879454489823,7.251283725884789,415.7966982007049
2019-09-04 00:52:30,46.15081521346346,39.5975766908284,-3.4038934653531268,345.69243312497576,66.92148148148148,2019-09-08 00:52:30+00:00,,146.8012293801073,7.251304526763189,423.03839732888144
2019-09-04 01:07:30,46.16385691832898,39.630666399745905,-3.3975651244803964,336.16965776293824,66.93189814814815,2019-09-08 01:07:30+00:00,,146.6636642619348,7.251325100976897,418.0724487903119
2019-09-04 01:22:30,46.17662785167424,39.66386378950744,-3.391220734614109,342.68742477773037,66.94231481481482,2019-09-08 01:22:30+00:00,,146.52609919035547,7.251345448520265,422.1387497681321
2019-09-04 01:37:30,46.189127824200014,39.69716842012368,-3.384860487122422,341.6935202080988,66.95273148148148,2019-09-08 01:37:30+00:00,,146.38853416538777,7.251365569387642,421.9042319209264
2019-09-04 01:52:30,46.20135665448486,39.7305798519422,-3.378484572668996,343.6347400706604,66.96314814814815,2019-09-08 01:52:30+00:00,,146.2509691870355,7.25138546357341,426.12131329994435
2019-09-04 02:07:30,46.2133141690253,39.76409764567052,-3.3720931812043635,332.3742696160267,66.97356481481482,2019-09-08 02:07:30+00:00,,146.1134042553028,7.251405131071906,426.47717706148416
2019-09-04 02:22:30,46.22500020213228,39.79772136238726,-3.3656865019597912,335.79997670536164,66.98398148148148,2019-09-08 02:22:30+00:00,,145.97583937019328,7.251424571877546,423.7353260725547
2019-09-04 02:37:30,46.23641459593727,39.831450563552075,-3.359264723440764,336.47552121753307,66.99439814814815,2019-09-08 02:37:30+00:00,,145.83827453171108,7.251443785984699,423.7525505472083
2019-09-04 02:52:30,46.24755720024176,39.86528481103109,-3.3528280334182248,346.4766859494506,67.00481481481482,2019-09-08 02:52:30+00:00,,145.70070973986023,7.251462773387757,425.8022630309776
2019-09-04 03:07:30,46.25842787253583,39.8992236670945,-3.346376618924865,342.11707011686144,67.01523148148148,2019-09-08 03:07:30+00:00,,145.56314499464466,7.251481534081113,426.1268781302171
2019-09-04 03:22:30,46.26902647795042,39.93326669445038,-3.339910666245778,359.1877936095042,67.02564814814815,2019-09-08 03:22:30+00:00,,145.42558029606832,7.251500068059174,432.0852214007473
2019-09-04 03:37:30,46.27935288914786,39.9674134562386,-3.333430360914477,358.5277788562332,67.03606481481482,2019-09-08 03:37:30+00:00,,145.2880156441208,7.251518375316358,427.99109627156366
2019-09-04 03:52:30,46.28940698631,40.001663516058635,-3.326935887705449,349.8777031486586,67.04648148148148,2019-09-08 03:52:30+00:00,,145.1504510388207,7.251536455847078,433.7520205633727
2019-09-04 04:07:30,46.29918865706263,40.03601643797461,-3.320427430628773,346.6871869782972,67.05689814814815,2019-09-08 04:07:30+00:00,,145.01288648018652,7.251554309645757,432.805517613531
2019-09-04 04:22:30,46.30869779644687,40.07047178653337,-3.3139051729239655,355.6470085801918,67.06731481481482,2019-09-08 04:22:30+00:00,,144.87532196819356,7.251571936706828,428.47603148103985
2019-09-04 04:37:30,46.317934306834154,40.10502912678266,-3.3073692970529724,360.2671118530885,67.07773148148148,2019-09-08 04:37:30+00:00,,144.73775750286018,7.251589337024757,426.6569638856784
2019-09-04 04:52:30,46.32689809788005,40.13968802426388,-3.300819984698585,356.0621869782972,67.08814814814815,2019-09-08 04:52:30+00:00,,144.60019308419078,7.25160651059395,431.2902456475078
2019-09-04 05:07:30,46.33558908645736,40.17444804504738,-3.294257416754643,366.6187832433901,67.09856481481482,2019-09-08 05:07:30+00:00,,144.46262871218946,7.251623457408879,430.4449214298964
2019-09-04 05:22:30,46.344007196674646,40.20930875573757,-3.2876817733227193,357.81340994681057,67.10898148148148,2019-09-08 05:22:30+00:00,,144.3250643868602,7.251640177464015,427.0543498423298
2019-09-04 05:37:30,46.35215235972117,40.2442697234825,-3.2810932337066676,356.7185619443258,67.11939814814815,2019-09-08 05:37:30+00:00,,144.18750010820762,7.251656670753797,428.5316797837666
2019-09-04 05:52:30,46.36002451384942,40.27933051598882,-3.2744919764082945,358.0185726210351,67.12981481481482,2019-09-08 05:52:30+00:00,,144.04993587623548,7.25167293727273,427.1470970135411
2019-09-04 06:07:30,46.36762360433514,40.314490701526246,-3.267878179122638,351.67139030166555,67.14023148148148,2019-09-08 06:07:30+00:00,,143.91237169094845,7.251688977015295,425.02053687362536
2019-09-04 06:22:30,46.37494958345311,40.34974984895494,-3.2612520187318967,347.3618822067787,67.15064814814815,2019-09-08 06:22:30+00:00,,143.7748075523505,7.251704789975958,420.2883593868569
2019-09-04 06:37:30,46.382002410286034,40.38510752772471,-3.2546136713019376,345.3119540319137,67.16106481481482,2019-09-08 06:37:30+00:00,,143.63724346044603,7.251720376149242,419.1324164612979
2019-09-04 06:52:30,46.38878205088125,40.42056330789277,-3.2479633120778217,366.6579716193656,67.17148148148148,2019-09-08 06:52:30+00:00,,143.4996794152249,7.2517357355296195,410.76794657762935
2019-09-04 07:07:30,46.39528847798649,40.45611676013424,-3.241301115478883,356.9515083278332,67.18189814814815,2019-09-08 07:07:30+00:00,,143.36211541672048,7.251750868111597,420.5077245144023
2019-09-04 07:22:30,46.40152167111876,40.4917674557474,-3.234627255096481,362.4723376169585,67.19231481481482,2019-09-08 07:22:30+00:00,,143.22455146490793,7.251765773889739,427.22771570851705
2019-09-04 07:37:30,46.40748161648364,40.527514966675106,-3.2279419036877153,369.13460418527,67.20273148148148,2019-09-08 07:37:30+00:00,,143.0869875598209,7.251780452858503,411.463550361714
2019-09-04 07:52:30,46.413168306921136,40.56335886551249,-3.2212452331723673,394.1882303839733,67.21314814814815,2019-09-08 07:52:30+00:00,,142.94942370144912,7.25179490501248,409.139571243077
2019-09-04 08:07:30,46.4185817418504,40.59929872551831,-3.2145374146289147,371.33982994914,67.22356481481482,2019-09-08 08:07:30+00:00,,142.81185988978245,7.251809130346165,401.3448339825635
2019-09-04 08:22:30,46.4237219271835,40.63533412061506,-3.207818618293272,386.77641029623015,67.23398148148148,2019-09-08 08:22:30+00:00,,142.6742961248399,7.25182312885414,409.9451466730265
2019-09-04 08:37:30,46.42858887528914,40.67146462541414,-3.201089013552387,421.05058818961834,67.24439814814815,2019-09-08 08:37:30+00:00,,142.53673240662602,7.251836900530907,415.8925845069418
2019-09-04 08:52:30,46.43318260499431,40.70768981522939,-3.1943487689404115,413.8851210350584,67.25481481481482,2019-09-08 08:52:30+00:00,,142.3991687351597,7.251850445371072,412.8070593846887
2019-09-04 09:07:30,46.43750314141853,40.744009266064936,-3.187598052139718,369.41413984547887,67.26523148148148,2019-09-08 09:07:30+00:00,,142.26160511041635,7.2518637633691805,422.426265998887
2019-09-04 09:22:30,46.44155051601451,40.78042255464861,-3.180837029973709,354.83169623791593,67.27564814814815,2019-09-08 09:22:30+00:00,,142.1240415324151,7.251876854519785,423.1231947425604
2019-09-04 09:37:30,46.445324766457425,40.81692925843048,-3.174065868405533,340.89373762472337,67.28606481481482,2019-09-08 09:37:30+00:00,,141.98647800116052,7.25188971881749,413.64310888517895
2019-09-04 09:52:30,46.448825936684834,40.853528955601064,-3.1672847325345663,420.6432207949889,67.29648148148148,2019-09-08 09:52:30+00:00,,141.84891451665703,7.251902356256878,415.4834777539285
2019-09-04 10:07:30,46.452054076643286,40.89022122508388,-3.1604937865956413,409.8878708608836,67.30689814814815,2019-09-08 10:07:30+00:00,,141.71135107892388,7.251914766832549,418.60080190631106
2019-09-04 10:22:30,46.45500924243405,40.92700564656389,-3.153693193954607,401.5685056489498,67.31731481481482,2019-09-08 10:22:30+00:00,,141.57378768793652,7.251926950539094,424.68086541542306
2019-09-04 10:37:30,46.457691496223546,40.96388180050083,-3.1468831171036578,358.10847536591996,67.32773148148148,2019-09-08 10:37:30+00:00,,141.43622434371414,7.251938907371123,431.19749847629646
2019-09-04 10:52:30,46.46010090607416,41.000849268107686,-3.140063717665803,362.3460976627713,67.33814814814815,2019-09-08 10:52:30+00:00,,141.29866104626143,7.251950637323238,432.9901687998516
2019-09-04 11:07:30,46.462237545982426,41.03790763139069,-3.1332351563863656,347.82777497379357,67.34856481481482,2019-09-08 11:07:30+00:00,,141.16109779558295,7.251962140390063,431.10422132124967
2019-09-04 11:22:30,46.464101495834335,41.0750564731508,-3.126397593132402,331.66129595838026,67.35898148148148,2019-09-08 11:22:30+00:00,,141.02353459168333,7.2519734165662575,431.73639567629544
2019-09-04 11:37:30,46.46569284129191,41.112295376986395,-3.11955118689231,319.3306673913887,67.36939814814815,2019-09-08 11:37:30+00:00,,140.88597143455286,7.251984465846419,451.5462278400509
2019-09-04 11:52:30,46.4670116738392,41.14962392730647,-3.112696095772404,326.1686143572621,67.37981481481482,2019-09-08 11:52:30+00:00,,140.74840832423976,7.251995288225211,449.10962715637174
2019-09-04 12:07:30,46.46805809054192,41.187041709331446,-3.105832476997229,347.3308226889778,67.39023148148148,2019-09-08 12:07:30+00:00,,140.6108452606907,7.252005883697274,461.0143890611336
2019-09-04 12:22:30,46.468832194246495,41.22454830912331,-3.0989604869036524,337.8654346391272,67.40064814814815,2019-09-08 12:22:30+00:00,,140.4732822439685,7.252016252257284,464.33871266926354
2019-09-04 12:37:30,46.46933409327351,41.262143313564366,-3.092080280944866,352.4323484877897,67.41106481481482,2019-09-08 12:37:30+00:00,,140.33571927403446,7.2520263938998575,461.9476905954369
2019-09-04 12:52:30,46.469563901574666,41.29982631038899,-3.0851920136847144,339.0494574290484,67.42148148148148,2019-09-08 12:52:30+00:00,,140.19815635090785,7.252036308619722,459.99743161679726
