time,longitude,radius,latitude,Vr,Time_days,Times_Earth,Vr_pred_Earth,Lon-L1,Lat-L1,Vr_obs_Earth
2020-06-04 02:52:30,14.32594300717966,38.99367213866738,-0.5636422143993571,277.3261206230884,13.701215277777777,2020-06-08 02:52:30+00:00,299.2186456812107,131.75823173695304,0.2228991942861059,467.5902144599974
2020-06-04 03:07:30,14.326415146681082,38.93692262031966,-0.5735288902330706,276.0717307874548,13.711631944444445,2020-06-08 03:07:30+00:00,299.14599473690873,131.620357692114,0.2241562609743738,471.2483769245038
2020-06-04 03:22:30,14.32732038727861,38.88022509781471,-0.5834405577707037,280.0847514674996,13.722048611111111,2020-06-08 03:22:30+00:00,299.14599473690873,131.48248362851993,0.225413318087764,475.8327371015184
2020-06-04 03:37:30,14.328660237236486,38.82358010693777,-0.5933772158465312,297.7398654457318,13.732465277777777,2020-06-08 03:37:30+00:00,299.0809738110545,131.3446095462496,0.2266703655899909,473.38686170071816
2020-06-04 03:52:30,14.330436206674849,38.76698818699112,-0.603338862002917,302.75333441039726,13.742881944444445,2020-06-08 03:52:30+00:00,299.0233783885722,131.20673544527983,0.2279274034448621,473.14969393433495
2020-06-04 04:07:30,14.33264980754803,38.710449880809406,-0.6133254924707233,340.92066920895246,13.753298611111111,2020-06-08 04:07:30+00:00,299.0233783885722,131.0688613257039,0.2291844316161485,469.1575906934838
2020-06-04 04:22:30,14.335302553409369,38.6539657348353,-0.6233371021377335,332.3543271043136,13.763715277777777,2020-06-08 04:22:30+00:00,298.9729974684419,130.93098718752773,0.2304414500676288,462.7847759734238
2020-06-04 04:37:30,14.338395959544384,38.5975362990479,-0.6333736845436979,329.8006667754315,13.774131944444445,2020-06-08 04:37:30+00:00,298.92961416535064,130.79311303077168,0.2316984587630476,462.98592892916776
2020-06-04 04:52:30,14.341931542627574,38.54116212707117,-0.6434352318422869,331.03140214274686,13.784548611111111,2020-06-08 04:52:30+00:00,298.92961416535064,130.65523885549987,0.2329554576662199,460.0445186421814
2020-06-04 05:07:30,14.345910820920976,38.484843776119895,-0.6535217347925812,329.6050640372948,13.794965277777777,2020-06-08 05:07:30+00:00,298.89300635019805,130.51736466171786,0.2342124467408841,463.2774200386888
2020-06-04 05:22:30,14.35033531400465,38.428581807049014,-0.663633182731735,327.556473832505,13.805381944444445,2020-06-08 05:22:30+00:00,298.8629473247868,130.3794904494898,0.2354694259508172,470.9237618252643
2020-06-04 05:37:30,14.35520654276873,38.37237678436279,-0.6737695635541637,333.7519271303635,13.815798611111111,2020-06-08 05:37:30+00:00,298.8629473247868,130.24161621883573,0.2367263952597834,465.1010944166203
2020-06-04 05:52:30,14.360526029312464,38.31622927623727,-0.6839308636884304,337.1090210924042,13.826215277777777,2020-06-08 05:52:30+00:00,298.8392065255742,130.1037419697759,0.237983354631551,460.9812650714154
2020-06-04 06:07:30,14.366295296839668,38.26013985452702,-0.694117068076773,282.84676408603883,13.836631944444445,2020-06-08 06:07:30+00:00,298.8215502509671,129.9658677023888,0.2392403040299123,460.6937488406603
2020-06-04 06:22:30,14.372515869602248,38.20410909479161,-0.7043281601506641,274.47361839838885,13.847048611111111,2020-06-08 06:22:30+00:00,298.8215502509671,129.8279934166653,0.2404972434186201,461.98160956090834
2020-06-04 06:37:30,14.3791892727618,38.14813757630226,-0.7145641218099062,267.43817712486424,13.857465277777777,2020-06-08 06:37:30+00:00,298.8097424063179,129.6901191126546,0.2417541727614106,468.3361157484696
2020-06-04 06:52:30,14.386317032383731,38.09222588206362,-0.7248249333984748,266.40411668025524,13.867881944444445,2020-06-08 06:52:30+00:00,298.80354526052747,129.55224479040584,0.2430110920220811,467.72398441847525
2020-06-04 07:07:30,14.393900675233892,38.03637459884059,-0.7351105736799232,265.7352508888014,13.878298611111111,2020-06-08 07:07:30+00:00,298.80354526052747,129.41437044992438,0.2442680011643994,471.2736716075614
2020-06-04 07:22:30,14.401941728753066,37.98058431715477,-0.7454210198185738,267.0594713035239,13.888715277777777,2020-06-08 07:22:30+00:00,298.8027202079911,129.2764960912739,0.2455249001521103,471.6511646394785
2020-06-04 07:37:30,14.410441721003904,37.92485563130313,-0.7557562473522467,284.92693145493837,13.899131944444445,2020-06-08 07:37:30+00:00,298.8027202079911,129.13862171445967,0.2467817889489986,473.4613244296049
2020-06-04 07:52:30,14.419402180379006,37.86918913939567,-0.7661162301659172,268.24982603683543,13.909548611111111,2020-06-08 07:52:30+00:00,298.8070285295379,129.00074731954533,0.2480386675188123,475.6021941330789
2020-06-04 08:07:30,14.428824635752914,37.81358544333654,-0.7765009404741863,275.8521606772568,13.919965277777777,2020-06-08 08:07:30+00:00,298.8162321460131,128.86287290653604,0.2492955358253223,472.83519670831856
2020-06-04 08:22:30,14.438710616213722,37.758045148858,-0.7869103487935165,266.5832477205599,13.930381944444445,2020-06-08 08:22:30+00:00,298.8162321460131,128.72499847549523,0.2505523938322682,474.1129395553437
2020-06-04 08:37:30,14.449061650993718,37.70256886554501,-0.7973444239163086,270.68968547795635,13.940798611111111,2020-06-08 08:37:30+00:00,298.8300943582413,128.58712402642809,0.2518092415034388,474.9860879243183
2020-06-04 08:52:30,14.45987926939923,37.64715720683557,-0.8078031328884409,285.2637520494802,13.951215277777777,2020-06-08 08:52:30+00:00,298.848380567282,128.44924955941252,0.253066078802588,475.3504518112198
2020-06-04 09:07:30,14.47116500065284,37.59181079004031,-0.8182864409842547,285.32491540761134,13.961631944444445,2020-06-08 09:07:30+00:00,298.848380567282,128.311375074439,0.2543229056934489,472.3189442721997
2020-06-04 09:22:30,14.48292037380828,37.5365302363617,-0.8287943116798614,281.47391149227207,13.972048611111111,2020-06-08 09:22:30+00:00,298.8708589691446,128.17350057155633,0.2555797221398145,471.2230822414462
2020-06-04 09:37:30,14.495146917645153,37.48131617090764,-0.8393267066286001,273.90883415265137,13.982465277777777,2020-06-08 09:37:30+00:00,298.8973012184661,128.03562605079858,0.2568365281054353,467.71285475792985
2020-06-04 09:52:30,14.507846160537202,37.42616922269727,-0.8498835856367295,286.68033531954023,13.992881944444445,2020-06-08 09:52:30+00:00,298.8973012184661,127.8977515121998,0.2580933235540412,465.3635689111482
2020-06-04 10:07:30,14.521019630340032,37.37109002469411,-0.8604649066345078,297.06274648795755,14.003298611111111,2020-06-08 10:07:30+00:00,298.9274830560616,127.75987695579404,0.2593501084494298,468.5242600100698
2020-06-04 10:22:30,14.534668854266643,37.31607921379682,-0.8710706256543665,271.92191185043856,14.013715277777777,2020-06-08 10:22:30+00:00,298.96118489572785,127.62200238161527,0.2606068827553165,467.6683361157485
2020-06-04 10:37:30,14.548795358804313,37.2611374308769,-0.8817006968004024,270.9910882601801,14.024131944444445,2020-06-08 10:37:30+00:00,298.96118489572785,127.48412778971192,0.2618636464354786,466.6560669899568
2020-06-04 10:52:30,14.56340066954454,37.206265320772715,-0.8923550722255407,268.13596789222345,14.034548611111111,2020-06-08 10:52:30+00:00,298.9981923662114,127.34625318008896,0.2631203994536823,467.4240617479349
2020-06-04 11:07:30,14.578486311062372,37.151463532328954,-0.9030337021004068,268.66359645798246,14.044965277777777,2020-06-08 11:07:30+00:00,299.0382968048243,127.2083785528092,0.2643771417736623,463.5768609057424
2020-06-04 11:22:30,14.594053806803018,37.09673271838427,-0.9137365345910676,274.41730841725456,14.055381944444445,2020-06-08 11:22:30+00:00,299.0382968048243,127.07050390787737,0.2656338733591881,462.845483212762
2020-06-04 11:37:30,14.610104679012387,37.04207353578565,-0.924463515832168,276.60558712299115,14.065798611111111,2020-06-08 11:37:30+00:00,299.08129569980036,126.9326292453564,0.2668905941739753,459.6470307655616
2020-06-04 11:52:30,14.626640448478918,36.98748664541946,-0.9352145898958928,280.74722790722325,14.076215277777777,2020-06-08 11:52:30+00:00,299.08129569980036,126.79475456526538,0.2681473041818333,457.8318361289981
2020-06-04 12:07:30,14.643662634499494,36.93297271223134,-0.9459896987634636,286.67510366740265,14.086631944444445,2020-06-08 12:07:30+00:00,299.12699307912027,126.6568798676235,0.2694040033464644,458.76460767946577
2020-06-04 12:22:30,14.661172754681466,36.87853240520564,-0.9567887823039014,291.8540792139037,14.097048611111111,2020-06-08 12:22:30+00:00,299.1751998441815,126.51900515249352,0.2706606916316471,460.38370829689694
2020-06-04 12:37:30,14.679172324894964,36.82416639740249,-0.9676117782413626,284.5869397232447,14.107465277777777,2020-06-08 12:37:30+00:00,299.1751998441815,126.3811304198945,0.2719173690011177,461.2687813021703
2020-06-04 12:52:30,14.697662859016072,36.769875365969874,-0.978458622127049,275.6699868042511,14.117881944444445,2020-06-08 12:52:30+00:00,299.2257340473392,126.24325566985992,0.2731740354186332,459.69207939157855
2020-06-04 13:07:30,14.716645868891623,36.715659992141745,-0.9893292473142288,292.7549780548225,14.128298611111111,2020-06-08 13:07:30+00:00,299.2784211129839,126.10538090242332,0.2744306908479547,456.06566499721754
2020-06-04 13:22:30,14.736122864133613,36.66152096126742,-1.000223584925539,288.0013409028384,14.138715277777777,2020-06-08 13:22:30+00:00,299.2784211129839,125.96750611761824,0.2756873352527871,454.46378885444
2020-06-04 13:37:30,14.756095351958567,36.607458962816494,-1.011141563826305,297.22851732091937,14.149131944444445,2020-06-08 13:37:30+00:00,299.33309400244883,125.829631315478,0.2769439685969483,448.7942867742534
2020-06-04 13:52:30,14.77656483709445,36.553474690389784,-1.0220831105956498,293.83873802196445,14.159548611111111,2020-06-08 13:52:30+00:00,299.3895933236278,125.69175649603612,0.2782005908441262,451.9172165248961
2020-06-04 14:07:30,14.7975328215694,36.499568841727985,-1.03304814949807,284.20653138829266,14.169965277777777,2020-06-08 14:07:30+00:00,299.3895933236278,125.55388165932598,0.2794572019580832,451.1686143572622
2020-06-04 14:22:30,14.819000804612893,36.445742118736106,-1.0440366024511287,276.235351342888,14.180381944444445,2020-06-08 14:22:30+00:00,299.44776738674824,125.41600680539524,0.2807138019025859,447.6720460025969
2020-06-04 14:37:30,14.840970282510476,36.391995227464534,-1.0550483890025164,275.0020839194752,14.190798611111111,2020-06-08 14:37:30+00:00,299.5074722082492,125.2781319342482,0.2819703906413666,442.5815512626865
2020-06-04 14:52:30,14.863442748330227,36.338328878156574,-1.066083426292889,271.82937452040625,14.201215277777777,2020-06-08 14:52:30+00:00,299.5074722082492,125.14025704593251,0.2832269681381559,445.4393686447109
2020-06-04 15:07:30,14.88641969191892,36.28474378524044,-1.077141629029452,270.89175844148855,14.211631944444445,2020-06-08 15:07:30+00:00,299.56857146518155,125.00238214048144,0.2844835343567181,446.3258870604447
2020-06-04 15:22:30,14.90990259959146,36.231240667336195,-1.0882229094572162,271.5340499308824,14.222048611111111,2020-06-08 15:22:30+00:00,299.6309364029475,124.86450721794267,0.2857400892607945,443.1719532554257
2020-06-04 15:37:30,14.933892954109346,36.17782024727471,-1.099327177326479,271.8211754425211,14.232465277777777,2020-06-08 15:37:30+00:00,299.6309364029475,124.7266322783056,0.2869966328141299,443.86676206375705
2020-06-04 15:52:30,14.958392234336785,36.124483252102415,-1.1104543398636422,269.21109397917655,14.242881944444445,2020-06-08 15:52:30+00:00,299.69444569954436,124.58875732166152,0.2882531649804534,441.29104062326104
2020-06-04 16:07:30,14.98340191530036,36.071230413088635,-1.121604301741233,261.4175507566374,14.253298611111111,2020-06-08 16:07:30+00:00,299.69444569954436,124.45088234801432,0.2895096857235263,448.2338288682195
2020-06-04 16:22:30,15.00892346778256,36.01806246574202,-1.1327769650457922,259.3568784283595,14.263715277777777,2020-06-08 16:22:30+00:00,299.75898528976023,124.3130073573824,0.2907661950070919,445.92882076187584
2020-06-04 16:37:30,15.034958358272386,35.964980149816775,-1.1439722292471175,263.598831867627,14.274131944444445,2020-06-08 16:37:30+00:00,299.8244481529853,124.17513234981328,0.2920226927948674,444.590189999205
2020-06-04 16:52:30,15.061508048821407,35.91198420930136,-1.1551899911720391,265.78972829700785,14.284548611111111,2020-06-08 16:52:30+00:00,299.8244481529853,124.03725732535422,0.2932791790506143,441.4422898563132
2020-06-04 17:07:30,15.088573996765708,35.85907539246556,-1.1664301449645529,259.08099520706554,14.294965277777777,2020-06-08 17:07:30+00:00,299.8907340684645,123.89938228400923,0.294535653738077,436.9247891785455
2020-06-04 17:22:30,15.116157654547704,35.8062544518347,-1.1776925820619306,262.3036671800115,14.305381944444445,2020-06-08 17:22:30+00:00,299.9577493419045,123.76150722582544,0.2957921168209863,438.2383337308213
2020-06-04 17:37:30,15.144260469613249,35.75352214421652,-1.1889771911590574,254.73342459154023,14.315798611111111,2020-06-08 17:37:30+00:00,299.9577493419045,123.6236321508357,0.2970485682630776,437.9264586276272
2020-06-04 17:52:30,15.172883884140012,35.70087923069373,-1.2002838581801618,247.274589932959,14.326215277777777,2020-06-08 17:52:30+00:00,300.025406507391,123.48575705908716,0.2983050080280957,435.5698651191139
2020-06-04 18:07:30,15.202029334934393,35.64832647664253,-1.211612466244314,247.80288576198427,14.336631944444445,2020-06-08 18:07:30+00:00,300.09362400854394,123.34788195059804,0.2995614360797841,426.785383045817
2020-06-04 18:22:30,15.231698253107638,35.59586465173068,-1.2229628956354184,238.8317864107095,14.347048611111111,2020-06-08 18:22:30+00:00,300.09362400854394,123.21000682538632,0.3008178523818881,425.9162095556085
2020-06-04 18:37:30,15.261892064020484,35.54349452992891,-1.2343350237694442,237.5810305227551,14.357465277777777,2020-06-08 18:37:30+00:00,300.1623258627738,123.07213168351386,0.3020742568981217,426.0434056761269
2020-06-04 18:52:30,15.292612186995967,35.49121688951195,-1.2457287251629985,236.6159152475932,14.367881944444445,2020-06-08 18:52:30+00:00,300.2314413123779,122.9342565249838,0.3033306495922337,425.041736227045
2020-06-04 19:07:30,15.323860035094883,35.43903251306947,-1.2571438713999254,241.27993967917232,14.378298611111111,2020-06-08 19:07:30+00:00,300.2314413123779,122.79638134985804,0.3045870304279678,425.82081246521983
2020-06-04 19:22:30,15.35563701506948,35.38694218749599,-1.268580331102596,251.6677340234778,14.388715277777777,2020-06-08 19:22:30+00:00,300.3009044660594,122.65850615813974,0.3058433993690547,425.5982192543127
2020-06-04 19:37:30,15.387944526882713,35.33494670402639,-1.280037969892331,251.9876279587426,14.399131944444445,2020-06-08 19:37:30+00:00,300.37065393425735,122.5206309498905,0.3070997563792476,419.6200015899515
2020-06-04 19:52:30,15.420783963758009,35.2830468582074,-1.2915166503643751,259.2798867496507,14.409548611111111,2020-06-08 19:52:30+00:00,300.37065393425735,122.382755725128,0.3083561014222431,424.77740678909294
2020-06-04 20:07:30,15.454156711896832,35.23124344990776,-1.3030162320536671,261.4318335045589,14.419965277777777,2020-06-08 20:07:30+00:00,300.44063246145345,122.24488048388471,0.3096124344618238,425.5664202241831
2020-06-04 20:22:30,15.488064150124064,35.1795372833369,-1.3145365713989496,266.96786729916886,14.430381944444445,2020-06-08 20:22:30+00:00,300.44063246145345,122.10700522617836,0.3108687554616914,419.1012799109628
2020-06-04 20:37:30,15.52250764984916,35.12792916703672,-1.3260775217122678,257.9541770546502,14.440798611111111,2020-06-08 20:37:30+00:00,300.5107865583762,121.96912995205568,0.3121250643855875,427.20203187648934
2020-06-04 20:52:30,15.557488574755224,35.076419913876464,-1.3376389331480796,263.937592876117,14.451215277777777,2020-06-08 20:52:30+00:00,300.58106613676114,121.8312546615634,0.3133813611972376,435.52132341781754
2020-06-04 21:07:30,15.593008280574312,35.02501034107026,-1.3492206526664856,276.09263620584574,14.461631944444445,2020-06-08 21:07:30+00:00,300.58106613676114,121.6933793547046,0.3146376458604099,438.0740387418184
2020-06-04 21:22:30,15.629068114906284,34.97370127016686,-1.3608225240035507,265.47247750804064,14.472048611111111,2020-06-08 21:22:30+00:00,300.6514241490589,121.55550403154056,0.3158939183388118,435.1558152476349
2020-06-04 21:37:30,15.665669416954763,34.92249352704989,-1.3724443876379893,283.0270211642266,14.482465277777777,2020-06-08 21:37:30+00:00,300.72181623520595,121.4176286920886,0.3171501785961684,423.83973288814695
2020-06-04 21:52:30,15.70281351721738,34.87138794195634,-1.38408608075424,276.20694751425407,14.492881944444445,2020-06-08 21:52:30+00:00,300.72181623520595,121.27975333636644,0.318406426596245,418.4566870710443
2020-06-04 22:07:30,15.740501737435377,34.820385349447875,-1.3957474372157217,272.1593280467446,14.503298611111111,2020-06-08 22:07:30+00:00,300.79220037830055,121.14187796443504,0.3196626623027304,418.2248191430161
2020-06-04 22:22:30,15.778735390208393,34.769486588424314,-1.4074282875290685,278.06308839313334,14.513715277777777,2020-06-08 22:22:30+00:00,300.8625365707663,121.00400257629715,0.3209188856793861,418.24734345602457
2020-06-04 22:37:30,15.817515778789854,34.71869250212586,-1.4191284588099118,291.51169261430545,14.524131944444445,2020-06-08 22:37:30+00:00,300.8625365707663,120.86612717201392,0.3221750966899346,418.6270046036323
2020-06-04 22:52:30,15.856844196879123,34.6680039381268,-1.4308477747508814,272.241223911988,14.534548611111111,2020-06-08 22:52:30+00:00,300.9327864923266,120.7282517515881,0.3234312952981153,414.2565651747621
2020-06-04 23:07:30,15.896721928269557,34.617421748333285,-1.442586055588986,305.6615640763279,14.544965277777777,2020-06-08 23:07:30+00:00,301.00291320088365,120.59037631506595,0.3246874814676401,413.68948247078464
2020-06-04 23:22:30,15.937150246737952,34.5669467889774,-1.4543431180726272,288.1016780150996,14.555381944444445,2020-06-08 23:22:30+00:00,301.00291320088365,120.45250086249388,0.3259436551622598,413.5893155258764
2020-06-04 23:37:30,15.978130415736668,34.51657992061714,-1.466118775428379,289.37536136955777,14.565798611111111,2020-06-08 23:37:30+00:00,301.07288083717407,120.31462539387452,0.3271998163457023,414.3201632350213
2020-06-04 23:52:30,16.019663688030988,34.466322008137205,-1.4779128373265689,279.34273437370797,14.576215277777777,2020-06-08 23:52:30+00:00,301.1426543438846,120.17674990926857,0.3284559649816749,413.9752151020932
2020-06-05 00:07:30,16.06175130562018,34.41617392073155,-1.4897251098517983,265.465241814589,14.586631944444445,2020-06-09 00:07:30+00:00,301.1426543438846,120.03887440867868,0.3297121010339486,411.5099239473196
2020-06-05 00:22:30,16.10439449936201,34.366136531911394,-1.5015553954663854,263.31395035737233,14.597048611111111,2020-06-09 00:22:30+00:00,301.2121991997394,119.90099889216546,0.3309682244662023,410.3055356811617
2020-06-05 00:37:30,16.147594488769705,34.316210719481155,-1.513403492982394,260.06579117650864,14.607465277777777,2020-06-09 00:37:30+00:00,301.2121991997394,119.76312335971686,0.3322243352422107,411.8145627327597
2020-06-05 00:52:30,16.191352481641434,34.2663973655535,-1.5252691975235797,257.5949595615989,14.617881944444445,2020-06-09 00:52:30+00:00,301.28148116893425,119.62524781142255,0.333480433325677,413.9577358275189
2020-06-05 01:07:30,16.235669673911303,34.21669735653365,-1.537152300494949,261.8895662744786,14.628298611111111,2020-06-09 01:07:30+00:00,301.35046606617715,119.48737224727046,0.334736518680326,423.7856745369266
2020-06-05 01:22:30,16.280547249315443,34.16711158310466,-1.5490525895517908,256.8972482914324,14.638715277777777,2020-06-09 01:22:30+00:00,301.35046606617715,119.34949666732108,0.3359925912699076,421.1092561676869
2020-06-05 01:37:30,16.325986379101277,34.11764094022667,-1.5609698485657149,266.01186486915464,14.649131944444445,2020-06-09 01:37:30+00:00,301.41911953751566,119.21162107156206,0.3372486510581324,431.0369133741421
2020-06-05 01:52:30,16.371988221800105,34.06828632712046,-1.5729038575936072,259.2380188218213,14.659548611111111,2020-06-09 01:52:30+00:00,301.4874068570744,119.07374546006852,0.3385046980087245,416.9541828974216
2020-06-05 02:07:30,16.418553922870824,34.019048647273834,-1.5848543928417984,265.82045539983915,14.669965277777777,2020-06-09 02:07:30+00:00,301.4874068570744,118.93586983285718,0.3397607320854199,430.4422715107189
2020-06-05 02:22:30,16.465684614502923,33.969928808409904,-1.596821226639917,256.26586112304375,14.680381944444445,2020-06-09 02:22:30+00:00,301.55529273980443,118.79799418997374,0.3410167532519389,432.475000421578
2020-06-05 02:37:30,16.513381415281078,33.9209277224925,-1.608804127403903,282.08654834827234,14.690798611111111,2020-06-09 02:37:30+00:00,301.6227411703454,118.6601185314205,0.3422727614720285,435.7103108355195
2020-06-05 02:52:30,16.561645429892984,33.87204630569472,-1.6208028596098694,293.2210753618526,14.701215277777777,2020-06-09 02:52:30+00:00,301.6227411703454,118.52224285724314,0.3435287567093871,435.5407160081618
2020-06-05 03:07:30,16.610477748803113,33.82328547841199,-1.6328171837561631,249.92344217876357,14.711631944444445,2020-06-09 03:07:30+00:00,301.6897152481358,118.38436716747267,0.3447847389277538,418.0141505684076
2020-06-05 03:22:30,16.6598794480494,33.77464616523169,-1.6448468563359686,301.18666775249704,14.722048611111111,2020-06-09 03:22:30+00:00,301.7561770489541,118.2464914621257,0.3460407080908502,420.714010530371
2020-06-05 03:37:30,16.709851588874802,33.72612929492404,-1.6568916298056868,282.86520711981,14.732465277777777,2020-06-09 03:37:30+00:00,301.7561770489541,118.10861574126248,0.3472966641624131,415.9803375997032
2020-06-05 03:52:30,16.760395217374658,33.67773580042294,-1.6689512525545775,272.35355884145537,14.742881944444445,2020-06-09 03:52:30+00:00,301.8220875031582,117.97074000489934,0.3485526071061592,413.4801388557649
2020-06-05 04:07:30,16.811511364344298,33.629466618816046,-1.6810254688727349,259.637363431008,14.753298611111111,2020-06-09 04:07:30+00:00,301.8874062909835,117.8328642530674,0.3498085368858204,420.1986475776125
2020-06-05 04:22:30,16.863201044841336,33.58132269132658,-1.6931140189218277,258.292913983775,14.763715277777777,2020-06-09 04:22:30+00:00,301.8874062909835,117.6949884857974,0.3510644534651074,412.4864191642155
2020-06-05 04:37:30,16.915465257901406,33.53330496329331,-1.7052166387047882,245.8246448089485,14.774131944444445,2020-06-09 04:37:30+00:00,301.9520917553816,117.55711270312038,0.3523203568077536,409.77555184566864
2020-06-05 04:52:30,16.96830498625141,33.48541438415694,-1.717333060036056,261.63332817240206,14.784548611111111,2020-06-09 04:52:30+00:00,301.9520917553816,117.41923690505249,0.3535762468774839,409.6748549169251
2020-06-05 05:07:30,17.021721195997642,33.437651907436454,-1.7294630105119937,254.43791299477832,14.794965277777777,2020-06-09 05:07:30+00:00,302.0161008330149,117.28136109163916,0.3548321236380073,403.78071196101246
2020-06-05 05:22:30,17.075714836249958,33.39001849071581,-1.7416062134814294,254.1099799156801,14.805381944444445,2020-06-09 05:22:30+00:00,302.0793890041788,117.14348526292572,0.3560879870530719,401.595251344834
2020-06-05 05:37:30,17.130286838862276,33.342515095616676,-1.7537623880175506,254.29604280790372,14.815798611111111,2020-06-09 05:37:30+00:00,302.0793890041788,117.00560941891376,0.3573438370863972,404.8135781858653
2020-06-05 05:52:30,17.185438118092055,33.295142687779176,-1.7659312488893546,244.92240091011905,14.826215277777777,2020-06-09 05:52:30+00:00,302.14191026259334,116.86773355966302,0.3585996737016882,408.124652198108
2020-06-05 06:07:30,17.24116957026508,33.24790223684744,-1.7781125065315049,273.7230933061193,14.836631944444445,2020-06-09 06:07:30+00:00,302.20361710619426,116.72985768517512,0.3598554968626907,400.3082059843328
2020-06-05 06:22:30,17.297482073419634,33.20079471643298,-1.7903058670200598,294.0911319338281,14.847048611111111,2020-06-09 06:22:30+00:00,302.20361710619426,116.59198179549516,0.3611113065331032,405.1881340696032
2020-06-05 06:37:30,17.354376486995186,33.15382110410092,-1.8025110320419433,312.5003287549767,14.857465277777777,2020-06-09 06:37:30+00:00,302.2644605502684,116.4541058906536,0.3623671026766809,395.4500887722925
2020-06-05 06:52:30,17.411853651556537,33.10698238134187,-1.8147276988701553,303.0285677849326,14.867881944444445,2020-06-09 06:52:30+00:00,302.32439016451684,116.31622997068104,0.363622885257121,401.3448339825635
2020-06-05 07:07:30,17.469914388348997,33.0602795335472,-1.826955560335602,261.9585614266672,14.878298611111111,2020-06-09 07:07:30+00:00,302.32439016451684,116.1783540356078,0.3648786542381503,397.41950870498454
2020-06-05 07:22:30,17.52855949905805,33.01371354997754,-1.83919430480292,266.22209650512633,14.888715277777777,2020-06-09 07:22:30+00:00,302.38335413590926,116.0404780854646,0.3661344095835003,395.29215358931555
2020-06-05 07:37:30,17.587789765386958,32.9672854237445,-1.8514436161426004,288.2411287862004,14.899131944444445,2020-06-09 07:37:30+00:00,302.4412993595211,115.90260212028149,0.3673901512568767,394.60476455468114
2020-06-05 07:52:30,17.647605948717068,32.920996151776336,-1.863703173707294,285.13785119424546,14.909548611111111,2020-06-09 07:52:30+00:00,302.4412993595211,115.76472614007452,0.3686458792220309,390.7531070302355
2020-06-05 08:07:30,17.70800878986086,32.874846734785734,-1.8759726523075089,276.74548163262676,14.919965277777777,2020-06-09 08:07:30+00:00,302.49817155995055,115.62685014490286,0.3699015934426457,390.71998304051726
2020-06-05 08:22:30,17.768999008597316,32.828838177243185,-1.888251722187145,249.9408241041897,14.930381944444445,2020-06-09 08:22:30+00:00,302.49817155995055,115.488974134768,0.3711572938824821,395.7336301242812
2020-06-05 08:37:30,17.83057730332795,32.78297148735572,-1.9005400489968896,269.09263686062224,14.940798611111111,2020-06-09 08:37:30+00:00,302.5539154464124,115.35109810971424,0.372412980505233,391.8517394310383
2020-06-05 08:52:30,17.89274435081454,32.73724767701457,-1.912837293776482,278.1219436599727,14.951215277777777,2020-06-09 08:52:30+00:00,302.60847490525407,115.2132220697867,0.3736686532746357,395.37324111614595
2020-06-05 09:07:30,17.955500805740066,32.69166776177077,-1.9251431129302816,278.6850977789363,14.961631944444445,2020-06-09 09:07:30+00:00,302.60847490525407,115.0753460149862,0.3749243121544121,395.46719279607424
2020-06-05 09:22:30,18.018847300378265,32.64623276080674,-1.9374571582034432,266.56033791419475,14.972048611111111,2020-06-09 09:22:30+00:00,302.66179323446886,114.93746994537192,0.3761799571082739,391.84619869094
2020-06-05 09:37:30,18.082784444192978,32.6009436968975,-1.9497790766620748,252.5633037959784,14.982465277777777,2020-06-09 09:37:30+00:00,302.71381342588637,114.79959386094497,0.3774355880999313,389.8922446501745
2020-06-05 09:52:30,18.147312823568583,32.555801596362144,-1.962108510675228,251.75998976789273,14.992881944444445,2020-06-09 09:52:30+00:00,302.71381342588637,114.66171776174971,0.3786912050931348,389.37912393672
2020-06-05 10:07:30,18.212433001333423,32.51080748905202,-1.9744450978888133,255.08714407316356,15.003298611111111,2020-06-09 10:07:30+00:00,302.76447850217124,114.52384164781633,0.3799468080516073,389.15785568540167
2020-06-05 10:22:30,18.27814551645543,32.46596240828895,-1.9867884712125785,267.7813645170224,15.013715277777777,2020-06-09 10:22:30+00:00,302.8137319176955,114.38596551916002,0.3812023969390262,383.8659670880038
2020-06-05 10:37:30,18.344450883666138,32.42126739083599,-1.999138258798334,242.7589725955219,15.024131944444445,2020-06-09 10:37:30+00:00,302.8137319176955,114.2480893758398,0.3824579717191495,387.71285475792985
2020-06-05 10:52:30,18.411349593100994,32.37672347685493,-2.011494084023096,252.27277317033767,15.034548611111111,2020-06-09 10:52:30+00:00,302.8615180349221,114.110213217871,0.383713532355695,392.01526353446224
2020-06-05 11:07:30,18.478842109884813,32.332331709863574,-2.023855565472046,238.5346336584146,15.044965277777777,2020-06-09 11:07:30+00:00,302.907782691348,113.97233704528335,0.3849690788123609,391.2514122864707
2020-06-05 11:22:30,18.546928873769453,32.28809313670091,-2.036222316920347,237.6561213630748,15.055381944444445,2020-06-09 11:22:30+00:00,302.907782691348,113.83446085809211,0.3862246110529031,391.04327318016794
2020-06-05 11:37:30,18.615610298810843,32.244008807470415,-2.0485939473208887,236.26556134223952,15.065798611111111,2020-06-09 11:37:30+00:00,302.9524738765839,113.6965846563561,0.3874801290410011,387.9137186315818
2020-06-05 11:52:30,18.684886772890057,32.200079775507334,-2.060970060786152,243.3091611018364,15.076215277777777,2020-06-09 11:52:30+00:00,302.99554254511366,113.55870844006134,0.3887356327404151,389.34056761268783
2020-06-05 12:07:30,18.754758657470443,32.15630709731595,-2.073350256579609,272.1634618051126,15.086631944444445,2020-06-09 12:07:30+00:00,302.99554254511366,113.42083220929564,0.3899911221148321,384.4158253173278
2020-06-05 12:22:30,18.82522628709347,32.11269183254362,-2.0857341290957594,253.5845981528771,15.097048611111111,2020-06-09 12:22:30+00:00,303.03694359813926,113.28295596403036,0.3912465971280194,384.283570260198
2020-06-05 12:37:30,18.896289969018017,32.06923504392161,-2.0981212678516763,244.23959952942369,15.107465277777777,2020-06-09 12:37:30+00:00,303.03694359813926,113.1450797043534,0.3925020577436311,377.0199008930228
2020-06-05 12:52:30,18.967949982903633,32.025937797213544,-2.1105112574763307,243.96141386437716,15.117881944444445,2020-06-09 12:52:30+00:00,303.07663707820024,113.0072034302359,0.393757503925443,374.8747913188648
2020-06-05 13:07:30,19.0402065803288,31.98280116116856,-2.1229036776986336,235.75944069489825,15.128298611111111,2020-06-09 13:07:30+00:00,303.1145896336742,112.86932714175109,0.3950129356371464,376.1745766754114
2020-06-05 13:22:30,19.11305998453356,31.939826207468723,-2.135298103339194,239.15732689432795,15.138715277777777,2020-06-09 13:22:30+00:00,303.1145896336742,112.7314508388992,0.3962683528424653,373.8638471526618
2020-06-05 13:37:30,19.186510389861017,31.897014010676585,-2.14769410430081,240.53341024261553,15.149131944444445,2020-06-09 13:37:30+00:00,303.1507763276796,112.5935745217388,0.3975237555051376,367.5978482656279
2020-06-05 13:52:30,19.26055796153927,31.854365648179616,-2.160091245561876,251.00732709452217,15.159548611111111,2020-06-09 13:52:30+00:00,303.18518288840033,112.4556981902701,0.3987791435888599,363.1886477462437
2020-06-05 14:07:30,19.33520283516648,31.811882200133876,-2.172489087170097,224.48611596416077,15.169965277777777,2020-06-09 14:07:30+00:00,303.18518288840033,112.31782184453692,0.4000345170573627,363.905450883748
2020-06-05 14:22:30,19.410445116404567,31.769564749416656,-2.184887184234703,235.6524857424707,15.180381944444445,2020-06-09 14:22:30+00:00,303.2178085267975,112.17994548458316,0.4012898758743617,366.5792193338103
2020-06-05 14:37:30,19.486284880514493,31.7274143815549,-2.1972850869257754,232.00239601994463,15.190798611111111,2020-06-09 14:37:30+00:00,303.2486694847289,112.04206911040882,0.4025452200035911,367.8082518483186
2020-06-05 14:52:30,19.56272217200051,31.68543218467782,-2.209682340467539,238.32774045452095,15.201215277777777,2020-06-09 14:52:30+00:00,303.2486694847289,111.90419272205776,0.4038005494087568,363.5583114715002
2020-06-05 15:07:30,19.6397570042901,31.643619249442395,-2.2220784851409796,233.4932648020102,15.211631944444445,2020-06-09 15:07:30+00:00,303.277803523728,111.76631631954454,0.4050558640535863,370.89593767390096
2020-06-05 15:22:30,19.71738935918009,31.60197666898976,-2.2344730562771526,222.51158309473712,15.222048611111111,2020-06-09 15:22:30+00:00,303.30527562461447,111.62843990291272,0.4063111639017879,369.0038953811909
2020-06-05 15:37:30,19.795619186593868,31.560505538875976,-2.2468655842590044,246.18494549154175,15.232465277777777,2020-06-09 15:37:30+00:00,303.30527562461447,111.49056347220603,0.4075664489171002,371.0332034872936
2020-06-05 15:52:30,19.87444640405606,31.51920695700347,-2.2592555945243205,232.58962369452965,15.242881944444445,2020-06-09 15:52:30+00:00,303.33118524375965,111.35268702743892,0.408821719063226,368.646156292233
2020-06-05 16:07:30,19.953870896449907,31.478082023558812,-2.2716426075679053,226.4455084841137,15.253298611111111,2020-06-09 16:07:30+00:00,303.35567556690023,111.21481056862568,0.410076974303903,372.9751606212374
2020-06-05 16:22:30,20.033892515496618,31.437131840945437,-2.2840261389444065,243.9862030352505,15.263715277777777,2020-06-09 16:22:30+00:00,303.35567556690023,111.07693409579544,0.4113322146028245,378.13286694755806
2020-06-05 16:37:30,20.114511079410327,31.396357513720265,-2.296405699272876,244.98530185010236,15.274131944444445,2020-06-09 16:37:30+00:00,303.3789453202548,110.93905760902057,0.4125874399237521,377.3622704507513
2020-06-05 16:52:30,20.195726372514347,31.35576014852229,-2.308780794243553,239.2988597294302,15.284548611111111,2020-06-09 16:52:30+00:00,303.3789453202548,110.801181108272,0.4138426502303598,368.78130217028377
2020-06-05 17:07:30,20.277538144855537,31.31534085399508,-2.321150924627506,235.87472773688083,15.294965277777777,2020-06-09 17:07:30+00:00,303.4012638465296,110.66330459362176,0.415097845486399,380.3561491374513
2020-06-05 17:22:30,20.359946111722863,31.275100740729563,-2.3335155862810235,295.87188115893747,15.305381944444445,2020-06-09 17:22:30+00:00,303.4229903362298,110.52542806508448,0.4163530256555807,383.5837506956038
2020-06-05 17:37:30,20.442949953388425,31.235040921181945,-2.3458742701587276,340.7316178419058,15.315798611111111,2020-06-09 17:37:30+00:00,303.4229903362298,110.38755152265963,0.4176081907016337,389.5920810778907
2020-06-05 17:52:30,20.526549314626468,31.1951625095996,-2.3582264623256366,260.8918040174877,15.326215277777777,2020-06-09 17:52:30+00:00,303.44459832941806,110.249674966434,0.4188633405882592,400.3776134827888
2020-06-05 18:07:30,20.610743804364496,31.155466621948733,-2.3705716439684186,266.1983847059749,15.336631944444445,2020-06-09 18:07:30+00:00,303.46670687738896,110.11179839639276,0.420118475279189,403.98282852373
2020-06-05 18:22:30,20.695532995224436,31.115954375840644,-2.382909291409036,267.8198273912974,15.347048611111111,2020-06-09 18:22:30+00:00,303.46670687738896,109.97392181257904,0.4213735947381609,410.016694490818
2020-06-05 18:37:30,20.780916423224554,31.07662689044641,-2.3952388761233347,272.4068844579676,15.357465277777777,2020-06-09 18:37:30+00:00,303.49012008596867,109.83604521500683,0.4226286989288632,416.6181731457191
2020-06-05 18:52:30,20.866893587346254,31.03748528642137,-2.407559864756271,271.182745205341,15.367881944444445,2020-06-09 18:52:30+00:00,303.51587716077415,109.69816860373386,0.4238837878150424,423.3583750695604
2020-06-05 19:07:30,20.95346394915682,30.998530685829586,-2.4198717191398336,274.6147439835507,15.378298611111111,2020-06-09 19:07:30+00:00,303.51587716077415,109.56029197875932,0.4251388613604125,424.824442854493
2020-06-05 19:22:30,21.040626932404997,30.95976421204703,-2.432173896317531,280.6343502090047,15.388715277777777,2020-06-09 19:22:30+00:00,303.54531554762946,109.42241534014092,0.4263939195286683,437.73431910326735
2020-06-05 19:37:30,21.128381922695336,30.92118698969395,-2.444465848561404,275.0088192622625,15.399131944444445,2020-06-09 19:37:30+00:00,303.5801503141701,109.28453868787794,0.4276489622835621,449.0076052680393
2020-06-05 19:52:30,21.216728266946248,30.8828001445545,-2.456747023393771,282.48330864018175,15.409548611111111,2020-06-09 19:52:30+00:00,303.5801503141701,109.14666202199874,0.4289039895888235,454.7446802872512
2020-06-05 20:07:30,21.305665273236254,30.844604803473647,-2.4690168636180143,267.02261860083036,15.419965277777777,2020-06-09 20:07:30+00:00,303.62257355283464,109.00878534257534,0.4301590014081546,456.66852161009086
2020-06-05 20:22:30,21.395192210349567,30.80660209426774,-2.4812748073453443,282.754995927613,15.430381944444445,2020-06-09 20:22:30+00:00,303.6753782939964,108.87090864956323,0.4314139977052779,458.3008718234094
2020-06-05 20:37:30,21.48530830723102,30.768793145666333,-2.4935202880132157,272.24992215862414,15.440798611111111,2020-06-09 20:37:30+00:00,303.6753782939964,108.73303194306337,0.4326689784439187,462.8926999544695
2020-06-05 20:52:30,21.57601275283558,30.73117908719194,-2.505752734425328,283.5153696604452,15.451215277777777,2020-06-09 20:52:30+00:00,303.7421121797748,108.59515522307495,0.4339239435877877,464.4946965481189
2020-06-05 21:07:30,21.667304695653183,30.693761049081935,-2.5179715707779966,284.28086431735926,15.461631944444445,2020-06-09 21:07:30+00:00,303.7421121797748,108.45727848961172,0.4351788931006088,465.6093489148581
2020-06-05 21:22:30,21.75918324338357,30.65654016219572,-2.530176216694023,276.7459811530512,15.472048611111111,2020-06-09 21:22:30+00:00,303.8272669193814,108.31940174270149,0.4364338269461322,463.7676550865199
2020-06-05 21:37:30,21.85164746248082,30.619517557917703,-2.542366087257962,272.64335234650343,15.482465277777777,2020-06-09 21:37:30+00:00,303.93651024357564,108.18152498240173,0.4376887450880521,457.2835066991995
2020-06-05 21:52:30,21.944696377886743,30.582694368071554,-2.55454059304981,267.48118582233207,15.492881944444445,2020-06-09 21:52:30+00:00,303.93651024357564,108.04364820871122,0.4389436474900908,449.16130058033224
2020-06-05 22:07:30,22.038328972664793,30.546071724805895,-2.566699140189048,277.84124662217306,15.503298611111111,2020-06-09 22:07:30+00:00,304.0769675587809,107.90577142168723,0.4401985341159982,447.5180856983862
2020-06-05 22:22:30,22.13254418758556,30.509650760515942,-2.5788411303680863,274.6898824237024,15.513715277777777,2020-06-09 22:22:30+00:00,304.2575605430787,107.76789462132857,0.4414534049294651,454.082445100809
2020-06-05 22:37:30,22.227340920777873,30.473432607740715,-2.5909659608952005,292.474343699406,15.524131944444445,2020-06-09 22:37:30+00:00,304.2575605430787,107.6300178076776,0.4427082598942169,454.9964226091104
2020-06-05 22:52:30,22.322718027451344,30.43741839905538,-2.603073024740755,264.4290256123932,15.534548611111111,2020-06-09 22:52:30+00:00,304.4894091709857,107.4921409807623,0.4439630989739994,440.35007841351745
2020-06-05 23:07:30,22.4186743195102,30.4016092669709,-2.6151617105816016,266.59755506489313,15.544965277777777,2020-06-09 23:07:30+00:00,304.78630156429165,107.35426414061068,0.4452179221325132,439.1247316956832
2020-06-05 23:22:30,22.515208565134905,30.36600634384128,-2.627231402845189,267.8178408581794,15.555381944444445,2020-06-09 23:22:30+00:00,304.78630156429165,107.2163872872358,0.446472729333504,447.37061769616025
2020-06-05 23:37:30,22.6123194886147,30.33061076174578,-2.6392814817630685,304.10824155851145,15.565798611111111,2020-06-09 23:37:30+00:00,305.16523185807614,107.0785104206946,0.4477275205406671,453.0858308821582
2020-06-05 23:52:30,22.710005769813986,30.295423652406907,-2.6513113234131764,319.90576943067157,15.576215277777777,2020-06-09 23:52:30+00:00,305.64699884375284,106.94063354097123,0.4489822957177474,451.4527579636094
2020-06-06 00:07:30,22.808266044029324,30.26044614704949,-2.6633202997850116,312.5901800620081,15.586631944444445,2020-06-10 00:07:30+00:00,305.64699884375284,106.80275664813686,0.4502370548284551,460.5413784879561
2020-06-06 00:22:30,22.90709890148315,30.225679376327708,-2.6753077788217468,308.4724019068206,15.597048611111111,2020-06-10 00:22:30+00:00,306.25684603501037,106.66487974220482,0.4514917978365328,454.3823038397329
2020-06-06 00:37:30,23.006502887185373,30.19112447019532,-2.6872731244835633,320.30297685295596,15.607465277777777,2020-06-10 00:37:30+00:00,307.02510516829676,106.52700282318808,0.4527465247056769,450.65585499642265
2020-06-06 00:52:30,23.106476500518585,30.156782557799502,-2.699215696804738,318.35796516334267,15.617881944444445,2020-06-10 00:52:30+00:00,307.02510516829676,106.38912589114332,0.4540012353996461,446.4991510066636
2020-06-06 01:07:30,23.207018194874507,30.122654767376737,-2.7111348519510927,312.6639637491056,15.628298611111111,2020-06-10 01:07:30+00:00,307.9877779639411,106.25124894606893,0.4552559298821479,440.04316959241834
2020-06-06 01:22:30,23.308126377515386,30.088742226131476,-2.723029942285655,309.34110823198284,15.638715277777777,2020-06-10 01:22:30+00:00,307.9877779639411,106.11337198800702,0.4565106081169038,441.0498979781117
2020-06-06 01:37:30,23.40979940915392,30.055046060126244,-2.7349003164302275,329.87994103075016,15.649131944444445,2020-06-10 01:37:30+00:00,309.1869534477067,105.97549501697048,0.4577652700676435,441.92172138749766
2020-06-06 01:52:30,23.51203560354907,30.021567394177183,-2.7467453193287716,328.3883992701013,15.659548611111111,2020-06-10 01:52:30+00:00,310.6709096697661,105.8376180330158,0.4590199156980711,443.3818268542809
2020-06-06 02:07:30,23.614833227496725,29.988307351721957,-2.758564292320192,335.34940496392875,15.669965277777777,2020-06-10 02:07:30+00:00,310.6709096697661,105.69974103614145,0.4602745449719504,458.5791133370432
2020-06-06 02:22:30,23.71819050040688,29.95526705470132,-2.770356573208786,327.8487401483092,15.680381944444445,2020-06-10 02:22:30+00:00,312.4936915646792,105.56186402638907,0.4615291578529956,447.3010573177518
2020-06-06 02:37:30,23.822105593977295,29.92244762345898,-2.7821214963294123,341.96644945877534,15.690798611111111,2020-06-10 02:37:30+00:00,314.71389883078797,105.42398700378614,0.4627837543049083,450.1104534493516
2020-06-06 02:52:30,23.926576631962284,29.88985017661282,-2.793858392625048,337.2342608666715,15.701215277777777,2020-06-10 02:52:30+00:00,314.71389883078797,105.28610996835978,0.4640383342914425,445.77867875029807
2020-06-06 03:07:30,24.031601689919977,29.85747583092947,-2.8055665897234823,354.79721349369066,15.711631944444445,2020-06-10 03:07:30+00:00,317.39237591164925,105.14823292012288,0.4652928977763145,438.3399942665385
2020-06-06 03:22:30,24.13717879501364,29.825325701208623,-2.8172454120135817,358.5110801907488,15.722048611111111,2020-06-10 03:22:30+00:00,320.5884994312399,105.0103558591169,0.4665474447232541,452.2034077960622
2020-06-06 03:37:30,24.24330592562834,29.79340090016395,-2.828894180723054,362.0558072978774,15.732465277777777,2020-06-10 03:37:30+00:00,320.5884994312399,104.87247878536924,0.4678019750959861,454.56958178160176
2020-06-06 03:52:30,24.349981011268376,29.761702538289153,-2.840512214004207,368.1257543100299,15.742881944444445,2020-06-10 03:52:30+00:00,324.3548482394273,104.73460169890691,0.4690564888582271,455.3051381932851
2020-06-06 04:07:30,24.457201932244743,29.73023172374183,-2.852098827013831,358.7523441000166,15.753298611111111,2020-06-10 04:07:30+00:00,328.7302644343876,104.596724599757,0.4703109859737277,449.1175769139042
2020-06-06 04:22:30,24.564966518730056,29.698989561378376,-2.8636533314355863,339.3400937880547,15.763715277777777,2020-06-10 04:22:30+00:00,328.7302644343876,104.45884748793196,0.4715654664062014,460.9719903542942
2020-06-06 04:37:30,24.673272549858027,29.667977151923708,-2.8751750351043013,378.5286572197048,15.774131944444445,2020-06-10 04:37:30+00:00,333.73170270251967,104.3209703634733,0.4728199301193698,459.12234676842354
2020-06-06 04:52:30,24.78211776010136,29.637195598958808,-2.886663246872158,345.1695144153318,15.784548611111111,2020-06-10 04:52:30+00:00,339.34580300763815,104.1830932264082,0.4740743770769806,452.35392320534226
2020-06-06 05:07:30,24.89149983088681,29.60664600001945,-2.898117270795173,381.4897797905235,15.794965277777777,2020-06-10 05:07:30+00:00,339.34580300763815,104.04521607676328,0.4753288072427599,447.5852611495349
2020-06-06 05:22:30,25.001416393397164,29.576329449672414,-2.90953640837944,346.2839197357969,15.805381944444445,2020-06-10 05:22:30+00:00,345.5217007427881,103.90733891455106,0.4765832205804153,444.2404006677796
2020-06-06 05:37:30,25.111865028415732,29.54624703937184,-2.9209199586820827,320.7286000861651,15.815798611111111,2020-06-10 05:37:30+00:00,345.5217007427881,103.7694617398129,0.4778376170536884,444.0511964385086
2020-06-06 05:52:30,25.222843266211505,29.516399857332495,-2.932267218406637,310.68811005915484,15.826215277777777,2020-06-10 05:52:30+00:00,352.1669919902667,103.63158455257548,0.4790919966263156,446.6602586802921
2020-06-06 06:07:30,25.334348586219978,29.48678898840338,-2.9435774819999447,300.6998410704512,15.836631944444445,2020-06-10 06:07:30+00:00,359.1487164856691,103.49370735286588,0.4803463592620257,449.11996184116384
2020-06-06 06:22:30,25.446378417004812,29.457415513929583,-2.9548500417557424,296.4459812782912,15.847048611111111,2020-06-10 06:22:30+00:00,359.1487164856691,103.35583014071048,0.4816007049245378,446.7477847694876
2020-06-06 06:37:30,25.558930136013227,29.428280511621143,-2.9660841879166213,306.4983057079259,15.857465277777777,2020-06-10 06:37:30+00:00,366.30048972265655,103.21795291612156,0.4828550335775888,471.31329994435174
2020-06-06 06:52:30,25.672001069571216,29.39938505541597,-2.9772792087800872,298.20589538035597,15.867881944444445,2020-06-10 06:52:30+00:00,373.43553725692226,103.08007567914034,0.4841093451849204,458.025280228953
2020-06-06 07:07:30,25.785588492589294,29.370730215347383,-2.988434390805006,301.2524257545029,15.878298611111111,2020-06-10 07:07:30+00:00,373.43553725692226,102.94219842979348,0.4853636397102668,461.7089087873729
2020-06-06 07:22:30,25.8996896285419,29.34231705742135,-2.9995490187181932,294.4491966063302,15.888715277777777,2020-06-10 07:22:30+00:00,380.36374236546993,102.80432116809284,0.4866179171173313,455.7331001404457
2020-06-06 07:37:30,26.014301649373913,29.314146643445948,-3.0106223756313657,291.8466955507857,15.899131944444445,2020-06-10 07:37:30+00:00,386.909551208871,102.66644389407972,0.4878721773698574,460.7679465776294
2020-06-06 07:52:30,26.129421675353512,29.286220030920383,-3.021653743145941,303.8062520638507,15.909548611111111,2020-06-10 07:52:30+00:00,386.909551208871,102.52856660778046,0.4891264204315976,447.3010573177518
2020-06-06 08:07:30,26.24504677494628,29.258538272886113,-3.0326424014730087,294.4810493107417,15.919965277777777,2020-06-10 08:07:30+00:00,392.9272624047872,102.39068930920706,0.4903806462662604,453.88104753714106
2020-06-06 08:22:30,26.3611739648317,29.231102417794535,-3.043587629546595,292.4661969684924,15.930381944444445,2020-06-10 08:22:30+00:00,398.3110248479336,102.2528119984296,0.4916348548376011,447.18976071229827
2020-06-06 08:37:30,26.47780020975665,29.20391350936494,-3.0544887051426266,288.72627171818,15.940798611111111,2020-06-10 08:37:30+00:00,398.3110248479336,102.11493467540156,0.4928890461093174,454.23324588600053
2020-06-06 08:52:30,26.594922422474937,29.176972586445885,-3.065344904999106,287.7374681932666,15.951215277777777,2020-06-10 08:52:30+00:00,402.99842045482586,101.97705734020768,0.4941432200451839,462.845483212762
2020-06-06 09:07:30,26.71253746380324,29.15028068287266,-3.076155504937643,285.1861546354869,15.961631944444445,2020-06-10 09:07:30+00:00,406.9681548813165,101.83917999287422,0.4953973766089197,459.81397567374194
2020-06-06 09:22:30,26.830642142407573,29.12383882733456,-3.0869197799839916,282.27083995813126,15.972048611111111,2020-06-10 09:22:30+00:00,406.9681548813165,101.70130263338372,0.4966515157642587,465.4424040066778
2020-06-06 09:37:30,26.949233214950908,29.097648043224492,-3.0976370044970345,282.72093065002474,15.982465277777777,2020-06-10 09:37:30+00:00,410.233531292276,101.56342526179156,0.497905637474919,467.8658875904285
2020-06-06 09:52:30,27.068307386006037,29.07170934849561,-3.108306452295089,274.3178699516282,15.992881944444445,2020-06-10 09:52:30+00:00,410.233531292276,101.42554787812408,0.4991597417046548,463.9921755113742
2020-06-06 10:07:30,27.187861307995256,29.046023755537274,-3.1189273967780453,261.5658803801833,16.003298611111113,2020-06-10 10:07:30+00:00,412.8337914681417,101.28767048240724,0.5004138284171988,459.73977793677295
2020-06-06 10:22:30,27.30789158132144,29.02059227101032,-3.1294991110659134,260.2287414508051,16.013715277777777,2020-06-10 10:22:30+00:00,414.82517982378266,101.14979307465266,0.5016678975762825,454.1238764944942
2020-06-06 10:37:30,27.428394754310403,28.995415895719713,-3.1400208681241493,252.56589208912848,16.024131944444445,2020-06-10 10:37:30+00:00,414.82517982378266,101.01191565490112,0.5029219491456617,470.84028937117415
2020-06-06 10:52:30,27.549367323225862,28.970495624466423,-3.1504919408984273,245.15376001962173,16.034548611111113,2020-06-10 10:52:30+00:00,416.27301101351617,100.87403822317842,0.5041759830890441,475.63995548135784
2020-06-06 11:07:30,27.670805732407576,28.94583244590182,-3.160911602450764,255.9916829513444,16.044965277777777,2020-06-10 11:07:30+00:00,417.2453904130504,100.73616077949626,0.5054299993701797,460.7957707289927
2020-06-06 11:22:30,27.792706374221005,28.921427342392857,-3.1712791260919424,260.7711429260034,16.055381944444445,2020-06-10 11:22:30+00:00,417.2453904130504,100.59828332390953,0.5066839979528163,474.70784641068445
2020-06-06 11:37:30,27.915065589231432,28.89728128986919,-3.181593785522219,257.1026769730035,16.065798611111113,2020-06-10 11:37:30+00:00,417.8087309033767,100.46040585641524,0.5079379788006836,468.3546651827119
2020-06-06 11:52:30,28.03787966619034,28.873395257687108,-3.1918548549680574,245.03549196982053,16.076215277777777,2020-06-10 11:52:30+00:00,418.02489144588395,100.32252837705369,0.5091919418774998,470.1645599809206
2020-06-06 12:07:30,28.16114484218919,28.849770208483577,-3.2020616093225107,238.82350752546236,16.086631944444445,2020-06-10 12:07:30+00:00,418.02489144588395,100.1846508858508,0.5104458871470414,475.5653361663379
2020-06-06 12:22:30,28.28485730276254,28.826407098029712,-3.21221332428811,232.46084587181167,16.097048611111113,2020-06-10 12:22:30+00:00,417.9496151426163,100.04677338281796,0.5116998145730307,472.81447915838567
2020-06-06 12:37:30,28.40901318196751,28.803306875094577,-3.22230927651688,243.89416816990487,16.107465277777777,2020-06-10 12:37:30+00:00,417.63191562941444,99.90889586799533,0.5129537241192067,476.4644778334261
2020-06-06 12:52:30,28.53360856259417,28.780470481293666,-3.2323487437572633,230.24308778666816,16.117881944444445,2020-06-10 12:52:30+00:00,417.63191562941444,99.77101834140872,0.5142076157493032,476.64626228900016
2020-06-06 13:07:30,28.65863947626903,28.757898850949985,-3.2423310049972356,243.6809163218592,16.128298611111113,2020-06-10 13:07:30+00:00,417.11409822549143,99.63314080306934,0.5154614894270725,465.0389538119087
2020-06-06 13:22:30,28.784101903577923,28.73559291095151,-3.2522553406111294,249.81941234504063,16.138715277777777,2020-06-10 13:22:30+00:00,416.43216677229276,99.49526325301738,0.5167153451162481,470.7011686143572
2020-06-06 13:37:30,28.90999177435653,28.71355358060562,-3.2621210325071126,255.03548626035035,16.149131944444445,2020-06-10 13:37:30+00:00,416.43216677229276,99.35738569126394,0.5179691827805979,471.5455245922692
2020-06-06 13:52:30,29.0363049677085,28.691781771498565,-3.271927364274887,237.0617696160267,16.159548611111113,2020-06-10 13:52:30+00:00,415.6164344520728,99.21950811786375,0.5192230023838087,481.79770516999224
2020-06-06 14:07:30,29.163037312373813,28.670278387352298,-3.281673621335749,231.63813637491,16.169965277777777,2020-06-10 14:07:30+00:00,415.6164344520728,99.08163053281326,0.5204768038896617,466.0044518642182
2020-06-06 14:22:30,29.290184586841026,28.649044323881306,-3.291359091092794,229.09215977246023,16.180381944444445,2020-06-10 14:22:30+00:00,414.69221525656155,98.94375293616704,0.5217305872619098,466.03863582160744
2020-06-06 14:37:30,29.417742519579832,28.628080468654776,-3.300983063080539,240.20304212825877,16.190798611111113,2020-06-10 14:37:30+00:00,413.68051823739364,98.80587532790712,0.5229843524642743,466.7700135145878
2020-06-06 14:52:30,29.545706789403877,28.607387700946123,-3.3105448291207904,265.3899641090016,16.201215277777777,2020-06-10 14:52:30+00:00,413.68051823739364,98.66799770808792,0.5242380994605003,466.2956779818216
2020-06-06 15:07:30,29.67407302551269,28.58696689160452,-3.32004368347012,255.8185375738307,16.211631944444445,2020-06-10 15:07:30+00:00,412.59869950669025,98.5301200767494,0.5254918282143497,460.6831491639505
2020-06-06 15:22:30,29.80283680796421,28.566818902905492,-3.329478922976706,267.269755147468,16.222048611111113,2020-06-10 15:22:30+00:00,411.46104926582865,98.39224243387326,0.5267455386895336,466.4347987386385
2020-06-06 15:37:30,29.93199366787479,28.5469445884128,-3.338849847234608,248.14511429592685,16.232465277777777,2020-06-10 15:37:30+00:00,411.46104926582865,98.25436477952866,0.5279992308498318,454.29419402708226
2020-06-06 15:52:30,30.061539087616296,28.527344792846193,-3.348155758734181,259.4683717107157,16.242881944444445,2020-06-10 15:52:30+00:00,410.2793054490759,98.11648711369708,0.5292529046589652,458.65331107401227
2020-06-06 16:07:30,30.1914685013344,28.50802035193008,-3.3573959630237287,369.8830390145373,16.253298611111113,2020-06-10 16:07:30+00:00,409.06309417767324,97.9786094364622,0.5305065600807128,465.1880117656412
2020-06-06 16:22:30,30.321777295126168,28.48897209226568,-3.366569768860217,274.8924869151288,16.263715277777777,2020-06-10 16:22:30+00:00,409.06309417767324,97.84073174779088,0.5317601970788021,458.9176405119644
2020-06-06 16:37:30,30.452460807416276,28.4702008311911,-3.3756764883668855,267.14872565811066,16.274131944444445,2020-06-10 16:37:30+00:00,407.82030197322564,97.70285404773752,0.5330138156169572,453.4760314810398
2020-06-06 16:52:30,30.583514329382503,28.451707376641448,-3.3847154371913692,264.15411565538756,16.284548611111113,2020-06-10 16:52:30+00:00,406.5573869443776,97.5649763363273,0.5342674156589702,454.1086996846596
2020-06-06 17:07:30,30.71493310517273,28.4334925270195,-3.393685934658548,258.7886293664542,16.294965277777777,2020-06-10 17:07:30+00:00,406.5573869443776,97.42709861357076,0.5355209971685536,456.1020504259236
2020-06-06 17:22:30,30.846712332426115,28.415557071056405,-3.40258730393064,259.93547251955874,16.305381944444445,2020-06-10 17:22:30+00:00,405.27963689779614,97.28922087950752,0.5367745601094723,442.425206031216
2020-06-06 17:37:30,30.978847162544284,28.39790178768115,-3.411418872162155,276.78159683750397,16.315798611111113,2020-06-10 17:37:30+00:00,403.9913821787637,97.15134313417728,0.5380281044454907,445.9426679793958
2020-06-06 17:52:30,31.11133270124313,28.380527445885043,-3.4201799706582845,301.835051210914,16.326215277777777,2020-06-10 17:52:30+00:00,403.9913821787637,97.01346537756136,0.5392816301403246,449.4236425789013
2020-06-06 18:07:30,31.24416400889375,28.363434804589556,-3.428869935032691,329.68752022104024,16.336631944444445,2020-06-10 18:07:30+00:00,402.69617043539967,96.8755876097284,0.5405351371577605,446.990354294194
2020-06-06 18:22:30,31.377336100949005,28.34662461251858,-3.437488105362221,268.6141566071658,16.347048611111113,2020-06-10 18:22:30+00:00,402.69617043539967,96.73770983065968,0.5417886254615204,436.32316487074417
2020-06-06 18:37:30,31.51084394841774,28.330097608068783,-3.446033826344623,278.8013842800777,16.357465277777777,2020-06-10 18:37:30+00:00,401.3969096829005,96.59983204042388,0.5430420950153669,455.91570366194736
2020-06-06 18:52:30,31.644682478344464,28.313854519176825,-3.4545064474567844,273.69819639105657,16.367881944444445,2020-06-10 18:52:30+00:00,400.09598517397194,96.4619542390166,0.5442955457830514,453.4342952539948
2020-06-06 19:07:30,31.77884657423061,28.297896063199016,-3.462905323108501,279.4567172677978,16.378298611111113,2020-06-10 19:07:30+00:00,400.09598517397194,96.32407642647745,0.545548977728329,445.1400482285291
2020-06-06 19:22:30,31.913331076610913,28.282222946779875,-3.4712298128004635,312.7849197373674,16.388715277777777,2020-06-10 19:22:30+00:00,398.7953547444065,96.18619860283108,0.546802390814962,444.1105546280839
2020-06-06 19:37:30,32.04813078353557,28.26683586572641,-3.4794792812808426,277.0665955303517,16.399131944444445,2020-06-10 19:37:30+00:00,397.49662654147176,96.04832076808776,0.5480557850066841,448.2915971062883
2020-06-06 19:52:30,32.18324045103672,28.25173550489163,-3.487653098697544,261.1017131419352,16.409548611111113,2020-06-10 19:52:30+00:00,397.49662654147176,95.91044292228678,0.549309160267264,448.2331663884251
2020-06-06 20:07:30,32.31865479369171,28.23692253804834,-3.49575064075369,316.40288900326567,16.419965277777777,2020-06-10 20:07:30+00:00,396.2011223746149,95.77256506545297,0.5505625165604633,451.9543153933805
2020-06-06 20:22:30,32.454368485193854,28.222397627768817,-3.503771288862795,280.7798298089408,16.430381944444445,2020-06-10 20:22:30+00:00,394.90992935534905,95.6346871976108,0.551815853850012,437.9044439144606
2020-06-06 20:37:30,32.59037615896676,28.20816142530363,-3.5117144303027885,281.64437961386363,16.440798611111113,2020-06-10 20:37:30+00:00,394.90992935534905,95.49680931877045,0.5530691720996943,435.5533031242547
2020-06-06 20:52:30,32.72667240853222,28.194214570472653,-3.5195794583637223,296.0415753831136,16.451215277777777,2020-06-10 20:52:30+00:00,393.6239420105257,95.3589314289565,0.554322471273238,439.13930625115927
2020-06-06 21:07:30,32.86325178830941,28.180557691539867,-3.527365772504529,334.83053568066475,16.461631944444445,2020-06-10 21:07:30+00:00,392.34389665122353,95.22105352820816,0.5555757513344364,449.4978403158704
2020-06-06 21:22:30,33.00010881417446,28.167191405103576,-3.5350727785021965,281.17196788971296,16.472048611111113,2020-06-10 21:22:30+00:00,392.34389665122353,95.08317561654977,0.5568290122470155,453.4493516129576
2020-06-06 21:37:30,33.13723796398143,28.154116315983565,-3.5426998886000844,319.8611784276064,16.482465277777777,2020-06-10 21:37:30+00:00,391.0703994476232,94.945297694006,0.5580822539747518,444.0977386553347
2020-06-06 21:52:30,33.274633678233144,28.14133301711166,-3.5502465216567263,308.40865391741147,16.492881944444445,2020-06-10 21:52:30+00:00,389.8039493880239,94.80741976058668,0.5593354764813921,435.6056390280096
2020-06-06 22:07:30,33.412290360816165,28.128842089418946,-3.5577121032955055,301.7257929883138,16.503298611111113,2020-06-10 22:07:30+00:00,389.8039493880239,94.6695418163308,0.5605886797306998,442.0104936799428
2020-06-06 22:22:30,33.55020237948067,28.116644101732543,-3.5650960660482487,288.8360137573943,16.513715277777777,2020-06-10 22:22:30+00:00,388.54495707792205,94.53166386126271,0.5618418636864467,430.06863290669634
2020-06-06 22:37:30,33.68836406659987,28.10473961067139,-3.5723978494996804,299.7723194542807,16.524131944444445,2020-06-10 22:37:30+00:00,388.54495707792205,94.3937858953923,0.5630950283123831,436.6324827092773
2020-06-06 22:52:30,33.826769719892646,28.09312916053558,-3.5796169004347194,311.9234439916394,16.534548611111113,2020-06-10 22:52:30+00:00,387.2937601542551,94.25590791874376,0.5643481735722655,443.64416885285
2020-06-06 23:07:30,33.96541360301365,28.081813283212146,-3.58675267297672,311.8242575344873,16.544965277777777,2020-06-10 23:07:30+00:00,386.05063594316476,94.11802993135608,0.5656012994298689,448.8115112489069
2020-06-06 23:22:30,34.104289946273745,28.070792498075047,-3.593804628728377,274.49660639473115,16.555381944444445,2020-06-10 23:22:30+00:00,386.05063594316476,93.98015193325352,0.5668544058489656,446.07679465776295
2020-06-06 23:37:30,34.2433929473911,28.060067311883063,-3.6007722369127557,284.9131378773806,16.565798611111113,2020-06-10 23:37:30+00:00,384.8158118707253,93.84227392447464,0.5681074927932852,457.5304078225615
2020-06-06 23:52:30,34.382716772165864,28.049638218689296,-3.6076549745084407,294.43868241088416,16.576215277777777,2020-06-10 23:52:30+00:00,383.58947403983467,93.70439590500015,0.5693605602266171,445.7531783742134
2020-06-07 00:07:30,34.52225555528763,28.03950569974424,-3.614452326386913,268.4219338432271,16.586631944444445,2020-06-11 00:07:30+00:00,383.58947403983467,93.56651787488322,0.5706136081127222,447.11749018927645
2020-06-07 00:22:30,34.662003400988226,28.02967022340807,-3.6211637854439127,267.6737592061582,16.597048611111113,2020-06-11 00:22:30+00:00,382.37177430861,93.42863983414796,0.5718666364153376,441.35463868352014
2020-06-07 00:37:30,34.80195438384978,28.020132245058676,-3.627788852733385,226.19013512229017,16.607465277777777,2020-06-11 00:37:30+00:00,381.16283614265706,93.29076178280395,0.5731196450982963,443.948247078464
2020-06-07 00:52:30,34.94210254954814,28.010892207007387,-3.6343270375956926,221.8900924452037,16.617881944444445,2020-06-11 00:52:30+00:00,381.16283614265706,93.1528837208898,0.5743726341253071,418.10424782044146
2020-06-07 01:07:30,35.08244191563264,28.00195053841376,-3.640777857786134,267.2214106844741,16.628298611111113,2020-06-11 01:07:30+00:00,379.9627594626433,93.01500564842944,0.5756256034601404,434.0503403107744
2020-06-07 01:22:30,35.22296647234552,27.993307655202265,-3.647140839600854,267.0992700017819,16.638715277777777,2020-06-11 01:22:30+00:00,378.7716246673829,92.87712756541777,0.5768785530665745,430.03173787814853
2020-06-07 01:37:30,35.36367018333241,27.984963959983975,-3.6534155179999,271.09500094708,16.649131944444445,2020-06-11 01:37:30+00:00,378.7716246673829,92.73924947192242,0.5781314829084077,429.1077722129475
2020-06-07 01:52:30,35.50454698660288,27.976919841978052,-3.6596014367292486,271.9028164724873,16.659548611111113,2020-06-11 01:52:30+00:00,377.58949597926573,92.60137136793811,0.5793843929493555,426.19922092376186
2020-06-07 02:07:30,35.645590795125784,27.969175676938512,-3.665698148438426,275.0310068667906,16.669965277777777,2020-06-11 02:07:30+00:00,376.4164242318117,92.46349325351795,0.5806372831532326,429.465776293823
2020-06-07 02:22:30,35.78679549782837,27.961731827079,-3.671705214798989,254.99305149955617,16.680381944444445,2020-06-11 02:22:30+00:00,376.4164242318117,92.32561512865654,0.5818901534837849,419.1522908551289
2020-06-07 02:37:30,35.92815496037999,27.954588641004605,-3.6776222066169297,242.95694268962495,16.690798611111113,2020-06-11 02:37:30+00:00,375.2524491971943,92.18773699337775,0.5831430039047896,425.262341998569
2020-06-07 02:52:30,36.069663025994,27.94774645364394,-3.683448703945881,255.6754655834518,16.701215277777777,2020-06-11 02:52:30+00:00,375.2524491971943,92.04985884770537,0.5843958343800295,430.9640646869361
2020-06-07 03:07:30,36.21131351634237,27.9412055861825,-3.689184296196212,220.59735656922757,16.711631944444445,2020-06-11 03:07:30+00:00,374.0976015337653,91.91198069169216,0.5856486448732554,419.71009884198537
2020-06-07 03:22:30,36.35310023234133,27.934966346002145,-3.6948285822402585,218.65519099219492,16.722048611111113,2020-06-11 03:22:30+00:00,372.9519044191299,91.77410252533284,0.5869014353482501,419.8163606010016
2020-06-07 03:37:30,36.49501695509083,27.92902902661963,-3.700381170518075,244.97529104432087,16.732465277777777,2020-06-11 03:37:30+00:00,372.9519044191299,91.63622434866554,0.5881542057687951,425.3756260434057
2020-06-07 03:52:30,36.63705744667595,27.923393907630043,-3.705841679137496,272.9493169062995,16.742881944444445,2020-06-11 03:52:30+00:00,371.8153749225399,91.4983461616994,0.5894069560986521,427.2762296134583
2020-06-07 04:07:30,36.77921545102643,27.918061254652407,-3.711209735972016,247.17502053687363,16.753298611111113,2020-06-11 04:07:30+00:00,370.688025160767,91.36046796447243,0.5906596863016155,434.3071786310518
2020-06-07 04:22:30,36.92148469496387,27.91303131927525,-3.7164849787587846,236.8839457882,16.763715277777777,2020-06-11 04:22:30+00:00,370.688025160767,91.22258975700836,0.5919123963414372,432.41116145957545
2020-06-07 04:37:30,37.06385888886433,27.90830433900993,-3.7216670551887745,218.6266220176219,16.774131944444445,2020-06-11 04:37:30+00:00,369.56986327378235,91.08471153930164,0.5931650861819155,423.76182526432945
2020-06-07 04:52:30,37.206331727767314,27.90388053724264,-3.726755622998247,261.0685583392032,16.784548611111113,2020-06-11 04:52:30+00:00,368.4608942501635,90.9468333114192,0.5944177557868036,422.1581423584762
2020-06-07 05:07:30,37.34889689214733,27.89976012318982,-3.731750350055099,254.59479516422505,16.794965277777777,2020-06-11 05:07:30+00:00,368.4608942501635,90.80895507335563,0.5956704051199073,424.3461324429604
2020-06-07 05:22:30,37.491548048777354,27.89594329185896,-3.7366509144408,218.12726637418953,16.805381944444445,2020-06-11 05:22:30+00:00,367.36112062691154,90.6710768251635,0.596923034145002,429.89506320057234
2020-06-07 05:37:30,37.634278851864245,27.892430224007096,-3.7414570045352975,219.99874688734076,16.815798611111113,2020-06-11 05:37:30+00:00,366.27054308406105,90.5331985668078,0.5981756428258432,438.07102747002574
2020-06-07 05:52:30,37.77708294371899,27.88922108610765,-3.7461683190904247,234.1846737918679,16.826215277777777,2020-06-11 05:52:30+00:00,366.27054308406105,90.39532029837017,0.599428231126228,429.6732649654186
2020-06-07 06:07:30,37.919953955835325,27.88631603031573,-3.7507845673072193,236.19209706306629,16.836631944444445,2020-06-11 06:07:30+00:00,365.18916095094676,90.257442019874,0.6006807990099398,424.3461324429605
2020-06-07 06:22:30,38.06288550979964,27.883715194439255,-3.7553054689053673,243.6915591181115,16.847048611111113,2020-06-11 06:22:30+00:00,364.11697263808554,90.11956373129895,0.6019333464407561,422.9032514508308
2020-06-07 06:37:30,38.20587121814349,27.881418701910572,-3.7597307541923257,248.8821406723337,16.857465277777777,2020-06-11 06:37:30+00:00,364.11697263808554,89.98168543268278,0.6031858733824695,422.2239085344261
2020-06-07 06:52:30,38.34890468527641,27.87942666176308,-3.7640601641265823,244.459540073496,16.867881944444445,2020-06-11 06:52:30+00:00,363.05397600624957,89.8438071240778,0.604438379798826,424.4852531997774
2020-06-07 07:07:30,38.49197950856787,27.877739168608436,-3.768293450380913,224.34682804674455,16.878298611111113,2020-06-11 07:07:30+00:00,363.05397600624957,89.70592880547824,0.6056908656536681,424.1831624135464
2020-06-07 07:22:30,38.635089279156766,27.876356302618134,-3.772430375399871,215.77925187235277,16.888715277777777,2020-06-11 07:22:30+00:00,362.0001686823381,89.5680504769217,0.6069433309107405,427.0116861435726
2020-06-07 07:37:30,38.7782275829663,27.87527812950826,-3.776470712453889,229.75497630668104,16.899131944444445,2020-06-11 07:37:30+00:00,360.955548330027,89.43017213841684,0.6081957755338503,423.34843787264487
2020-06-07 07:52:30,38.92138800153115,27.874504700525343,-3.780414245690868,218.46204853542665,16.909548611111113,2020-06-11 07:52:30+00:00,360.955548330027,89.29229379000122,0.6094481994867297,418.9204229271007
2020-06-07 08:07:30,39.06456411309427,27.874036052436992,-3.784260770184304,215.9331412569336,16.919965277777777,2020-06-11 08:07:30+00:00,359.9201128818331,89.15441543168335,0.6107006027332375,428.8099212974004
2020-06-07 08:22:30,39.207749493435635,27.873872207523736,-3.788010091977165,200.47209490343104,16.930381944444445,2020-06-11 08:22:30+00:00,358.89386073811215,89.01653706350093,0.6119529852371247,422.53756260434056
2020-06-07 08:37:30,39.35093771690771,27.874013173575673,-3.791662028124024,206.75162632854224,16.940798611111113,2020-06-11 08:37:30+00:00,358.89386073811215,88.8786586854769,0.6132053469621775,425.3517767708085
2020-06-07 08:52:30,39.49412235735994,27.87445894388998,-3.795216406727508,199.26903178905283,16.951215277777777,2020-06-11 08:52:30+00:00,357.8767909375856,88.74078029760517,0.6144576878722199,421.234525074258
2020-06-07 09:07:30,39.637296988987856,27.87520949727296,-3.798673066971544,205.25447251062528,16.961631944444445,2020-06-11 09:07:30+00:00,356.86890330322177,88.60290189995226,0.6157100079309856,420.4203976324176
2020-06-07 09:22:30,39.78045518741895,27.876264798043344,-3.802031859153752,230.89054273869996,16.972048611111113,2020-06-11 09:22:30+00:00,356.86890330322177,88.46502349252661,0.616962307102315,422.71563717306617
2020-06-07 09:37:30,39.92359053068988,27.877624796040532,-3.8052926447115016,239.09982951986217,16.982465277777777,2020-06-11 09:37:30+00:00,355.8701985666535,88.32714507532188,0.6182145853499673,429.7638922012879
2020-06-07 09:52:30,40.066696599957744,27.879289426633505,-3.808455296244274,232.91454750165005,16.992881944444445,2020-06-11 09:52:30+00:00,354.88067847378363,88.18926664839012,0.6194668426377552,426.6396374910566
2020-06-07 10:07:30,40.20976698074737,27.88125861073488,-3.8115196975353554,223.81438911343463,17.003298611111113,2020-06-11 10:07:30+00:00,354.88067847378363,88.05138821176868,0.6207190789294802,414.2181413466889
2020-06-07 10:22:30,40.35279526366564,27.88353225481521,-3.814485743565883,221.25953403664317,17.013715277777777,2020-06-11 10:22:30+00:00,353.9003458737775,87.9135097654366,0.6219712941889026,419.03171953255423
2020-06-07 10:37:30,40.495775045437846,27.88611025092262,-3.817353340529413,223.0758608709713,17.024131944444445,2020-06-11 10:37:30+00:00,352.9292047932732,87.77563130944577,0.6232234883798267,411.63606010016696
2020-06-07 10:52:30,40.63869992986092,27.888992476703713,-3.820122405839629,232.40204262005304,17.034548611111113,2020-06-11 10:52:30+00:00,352.9292047932732,87.63775284381892,0.6244756614660786,426.5442404006678
2020-06-07 11:07:30,40.78156352877101,27.892178795428805,-3.822792868137457,215.21215915414575,17.044965277777777,2020-06-11 11:07:30+00:00,351.96726049732104,87.49987436854957,0.625727813411426,425.6488086204279
2020-06-07 11:22:30,40.924359462827184,27.895669056017375,-3.825364667291147,221.02803306359624,17.055381944444445,2020-06-11 11:22:30+00:00,351.96726049732104,87.36199588370411,0.6269799441796728,427.35511566897213
2020-06-07 11:37:30,41.06708136259752,27.89946309306949,-3.8278377543958255,215.54821092585337,17.065798611111113,2020-06-11 11:37:30+00:00,351.01451953830707,87.22411738927612,0.6282320537346073,428.16334101809895
2020-06-07 11:52:30,41.20972286945184,27.90356072689768,-3.8302120917681983,219.63955095618644,17.076215277777777,2020-06-11 11:52:30+00:00,350.07098979388803,87.08623888530235,0.6294841420400382,419.9423281226286
2020-06-07 12:07:30,41.352277636445606,27.90796176356329,-3.83248765293772,234.2514475183507,17.086631944444445,2020-06-11 12:07:30+00:00,350.07098979388803,86.94836037180576,0.63073620905977,415.3350822799904
2020-06-07 12:22:30,41.49473932923874,27.91266599491367,-3.834664422634252,254.76347622560303,17.097048611111113,2020-06-11 12:22:30+00:00,349.13668049478474,86.81048184879413,0.631988254757594,424.09571508069
2020-06-07 12:37:30,41.63710162706147,27.9176731986242,-3.8367423967724754,219.57775469356977,17.107465277777777,2020-06-11 12:37:30+00:00,348.2116022431208,86.67260331629008,0.6332402790973196,415.0011924636298
2020-06-07 12:52:30,41.77935822363344,27.922983138242135,-3.838721582432829,217.07076513123448,17.117881944444445,2020-06-11 12:52:30+00:00,348.2116022431208,86.53472477433046,0.6344922820427412,409.4509367464293
2020-06-07 13:07:30,41.92150282795233,27.92859556323233,-3.840601997838271,205.59970752287404,17.128298611111113,2020-06-11 13:07:30+00:00,347.295767021865,86.39684622292323,0.6357442635576782,395.1307735114079
2020-06-07 13:22:30,42.063529165340725,27.934510209027067,-3.842383672328333,205.1762627635206,17.138715277777777,2020-06-11 13:22:30+00:00,346.38918819582307,86.25896766211977,0.6369962236059119,407.3455759599332
2020-06-07 13:37:30,42.20543097824189,27.94072679707823,-3.844066646329523,205.45837265006895,17.149131944444445,2020-06-11 13:37:30+00:00,346.38918819582307,86.12108909189895,0.6382481621512518,393.8230383973289
2020-06-07 13:52:30,42.34720202708952,27.94724503491051,-3.845650971321932,210.5516770374867,17.159548611111113,2020-06-11 13:52:30+00:00,345.4918805045332,85.98321051231218,0.6395000791575022,400.91819699499166
2020-06-07 14:07:30,42.48883609134129,27.954064616181263,-3.847136709803275,208.0916339719772,17.169965277777777,2020-06-11 14:07:30+00:00,344.60386004734124,85.84533192338161,0.6407519745885052,400.9420462675889
2020-06-07 14:22:30,42.63032697013527,27.961185220737367,-3.8485239352485943,205.1205895733597,17.180381944444445,2020-06-11 14:22:30+00:00,344.60386004734124,85.70745332511507,0.6420038484080023,398.33055091819705
2020-06-07 14:37:30,42.771668483359576,27.96860651467996,-3.849812732067256,204.61562818660911,17.190798611111113,2020-06-11 14:37:30+00:00,343.72514426086855,85.56957471753469,0.6432557005798547,411.4079020589872
2020-06-07 14:52:30,42.91285447228762,27.976328150426287,-3.851003195556124,204.8809164966302,17.201215277777777,2020-06-11 14:52:30+00:00,342.8557518890286,85.43169610069191,0.6445075310678375,407.7165646447784
2020-06-07 15:07:30,43.053878800669786,27.984349766781836,-3.852095431850445,203.0880231153517,17.211631944444445,2020-06-11 15:07:30+00:00,342.8557518890286,85.29381747456522,0.645759339835783,405.9265442404007
2020-06-07 15:22:30,43.1947353553994,27.992670989005937,-3.8530895578703386,205.8619862362534,17.222048611111113,2020-06-11 15:22:30+00:00,341.99570294570805,85.15593883922028,0.6470111268475023,393.3361157484696
2020-06-07 15:37:30,43.33541804746975,28.001291428887285,-3.853985701264852,202.46337814066973,17.232465277777777,2020-06-11 15:37:30+00:00,341.99570294570805,85.01806019465025,0.6482628920667858,398.28285237300264
2020-06-07 15:52:30,43.47592081264406,28.0102106848165,-3.854784000352306,199.33943358257503,17.242881944444445,2020-06-11 15:52:30+00:00,341.145018670191,84.88018154087709,0.6495146354574577,396.53589315525875
2020-06-07 16:07:30,43.616237612457944,28.019428341864867,-3.855484604058194,204.192048886695,17.253298611111113,2020-06-11 16:07:30+00:00,340.3037214753769,84.74230287793745,0.6507663569833401,393.0996104618809
2020-06-07 16:22:30,43.7563624348784,28.028943971864173,-3.85608767184941,206.7576451708921,17.263715277777777,2020-06-11 16:22:30+00:00,340.3037214753769,84.60442420583882,0.652018056608234,398.8075363701407
2020-06-07 16:37:30,43.896289295144825,28.038757133484808,-3.8565933736653095,211.51691850142757,17.274131944444445,2020-06-11 16:37:30+00:00,339.47183488882143,84.4665455246177,0.6532697342959625,399.08180300500834
2020-06-07 16:52:30,44.03601223659531,28.04886737232733,-3.8570018898470897,207.44929048414025,17.284548611111113,2020-06-11 16:52:30+00:00,338.64938348661485,84.32866683429604,0.6545213900103334,396.0648700214644
2020-06-07 17:07:30,44.17552533140119,28.059274221002106,-3.857313411062388,209.89518589239051,17.294965277777777,2020-06-11 17:07:30+00:00,338.64938348661485,84.19078813488116,0.6557730237151724,400.3338898163606
2020-06-07 17:22:30,44.31482268138106,28.069977199222425,-3.8575281382283064,213.96505219794096,17.305381944444445,2020-06-11 17:22:30+00:00,337.8363928200996,84.05290942639499,0.6570246353742726,391.2075681691708
2020-06-07 17:37:30,44.45389841870192,28.080975813893655,-3.8576462824310607,229.72691080741808,17.315798611111113,2020-06-11 17:37:30+00:00,337.032889335428,83.91503070887394,0.6582762249514876,382.3229191509659
2020-06-07 17:52:30,44.592746706593246,28.09226955920393,-3.8576680648429753,200.52078218599627,17.326215277777777,2020-06-11 17:52:30+00:00,337.032889335428,83.7771519823253,0.6595277924106154,393.2566181731457
2020-06-07 18:07:30,44.731361740199134,28.10385791672452,-3.8575937166367886,204.51989935237205,17.336631944444445,2020-06-11 18:07:30+00:00,336.2389002859559,83.63927324680003,0.66077933771548,376.69449081803
2020-06-07 18:22:30,44.86973774725054,28.115740355504354,-3.857423478897118,207.85617940378248,17.347048611111113,2020-06-11 18:22:30+00:00,335.4544536374744,83.50139450226153,0.6620308608299078,385.93489148580966
2020-06-07 18:37:30,45.00786898871294,28.12791633216762,-3.857157602529568,213.25744624803943,17.357465277777777,2020-06-11 18:37:30+00:00,335.4544536374744,83.36351574878984,0.6632823617177176,389.440734557596
2020-06-07 18:52:30,45.14574975965971,28.14038529102113,-3.8567963481668577,209.69963379826592,17.367881944444445,2020-06-11 18:52:30+00:00,334.6795779662905,83.22563698639208,0.6645338403427228,408.0578742348359
2020-06-07 19:07:30,45.28337438965287,28.15314666414644,-3.8563399860731367,206.6829729135122,17.378298611111113,2020-06-11 19:07:30+00:00,333.9143023501755,83.08775821507541,0.6657852966687675,399.68465961788166
2020-06-07 19:22:30,45.42073724372362,28.166199871516284,-3.855788796044967,209.93656093489145,17.388715277777777,2020-06-11 19:22:30+00:00,333.9143023501755,82.94987943487597,0.6670367306596562,398.3027267668336
2020-06-07 19:37:30,45.55783272296393,28.179544321097215,-3.855143067310517,207.23406949287292,17.399131944444445,2020-06-11 19:37:30+00:00,333.1586562522204,82.81200064578627,0.6682881422792183,398.4338977661181
2020-06-07 19:52:30,45.69465526506005,28.193179408956475,-3.854403098426466,211.00972885844223,17.409548611111113,2020-06-11 19:52:30+00:00,333.1586562522204,82.67412184787159,0.6695395314912701,399.6939343350028
2020-06-07 20:07:30,45.83119934506866,28.207104519375783,-3.853569197172349,218.71633601221671,17.419965277777777,2020-06-11 20:07:30+00:00,332.4126693976548,82.53624304112431,0.6707908982596645,398.6730020119002
2020-06-07 20:22:30,45.96745947594167,28.221319024961485,-3.8526416804425736,225.9806983920817,17.430381944444445,2020-06-11 20:22:30+00:00,331.67637164370905,82.39836422556607,0.6720422425482213,397.8297161936561
2020-06-07 20:37:30,46.10343020922676,28.23582228675892,-3.851620874136961,233.00967259332617,17.440798611111113,2020-06-11 20:37:30+00:00,331.67637164370905,82.26048540123277,0.6732935643207694,394.1495084399926
2020-06-07 20:52:30,46.239106135574154,28.250613654367054,-3.8505071130488178,256.0315579729657,17.451215277777777,2020-06-11 20:52:30+00:00,330.9497928426294,82.12260656814598,0.6745448635411404,397.43680545016105
2020-06-07 21:07:30,46.37448188549269,28.265692466063033,-3.8493007407501896,247.18084817437088,17.461631944444445,2020-06-11 21:07:30+00:00,330.2329626979822,81.98472772629796,0.6757961401731482,397.45409015025047
2020-06-07 21:22:30,46.509552129730714,28.28105804890727,-3.8480021094772736,244.7220736736772,17.472048611111113,2020-06-11 21:22:30+00:00,330.2329626979822,81.84684887575374,0.6770473941806338,396.37491056522776
2020-06-07 21:37:30,46.64431157993242,28.296709718876283,-3.8466115800114298,242.92708839822248,17.482465277777777,2020-06-11 21:37:30+00:00,329.5259106144245,81.70897001649114,0.6782986255274464,394.7433757116562
2020-06-07 21:52:30,46.77875498921203,28.312646780977524,-3.845129521560474,259.6279417308417,17.492881944444445,2020-06-11 21:52:30+00:00,328.8286655411525,81.571091148575,0.6795498341773822,392.17213874976807
2020-06-07 22:07:30,46.91287715258983,28.328868529373732,-3.843556311637141,264.16704343030665,17.503298611111113,2020-06-11 22:07:30+00:00,328.8286655411525,81.43321227198312,0.6808010200943223,390.493414950844
2020-06-07 22:22:30,47.0466729077193,28.345374247513757,-3.841892335935458,255.86460008947097,17.513715277777777,2020-06-11 22:22:30+00:00,328.14125580928385,81.29533338676578,0.6820521832420701,388.75904284919307
2020-06-07 22:37:30,47.18013713516683,28.362163208247093,-3.840137988207318,258.13368891126123,17.524131944444445,2020-06-11 22:37:30+00:00,327.4637089634774,81.1574544929443,0.6833033235844745,389.3526247449452
2020-06-07 22:52:30,47.31326475896255,28.37923467395637,-3.838293670136011,257.293142189845,17.534548611111113,2020-06-11 22:52:30+00:00,327.4637089634774,81.01957559052525,0.684554441085372,389.7468002225932
2020-06-07 23:07:30,47.44605074719747,28.396587896690317,-3.836359791207693,257.5807223926182,17.544965277777777,2020-06-11 23:07:30+00:00,326.79605158814513,80.88169667954439,0.6858055357085906,390.6033865967088
2020-06-07 23:22:30,47.578490112415494,28.414222118285824,-3.834336768583939,254.4851989291146,17.555381944444445,2020-06-11 23:22:30+00:00,326.79605158814513,80.74381776000855,0.6870566074180167,389.4672939748065
2020-06-07 23:37:30,47.710577912015886,28.43213657050347,-3.832225026970213,247.5119415834561,17.565798611111113,2020-06-11 23:37:30+00:00,326.1383091286638,80.60593883195301,0.6883076561774176,391.2817659061398
2020-06-07 23:52:30,47.84230924873343,28.45033047515317,-3.83002499848541,250.748559427002,17.576215277777777,2020-06-11 23:52:30+00:00,325.49050570805593,80.46805989537008,0.6895586819506699,390.4136523836023
2020-06-08 00:07:30,47.97367927117694,28.46880304423853,-3.827737122527757,252.4561769616027,17.586631944444445,2020-06-12 00:07:30+00:00,325.49050570805593,80.33018095033881,0.6908096847016187,401.6551395182448
2020-06-08 00:22:30,48.104683174044425,28.48755348007514,-3.8253618456427647,239.26937493972824,17.597048611111113,2020-06-12 00:22:30+00:00,324.8526639396713,80.19230199680767,0.6920606643941014,391.36060100166947
2020-06-08 00:37:30,48.23531619857207,28.506580975435053,-3.8228996213868527,237.8212487774937,17.607465277777777,2020-06-12 00:37:30+00:00,324.2248047364679,80.05442303485589,0.6933116209919906,391.0883218061849
2020-06-08 00:52:30,48.365573633139654,28.52588471368615,-3.8203509101915194,242.79435820453443,17.617881944444445,2020-06-12 00:52:30+00:00,324.2248047364679,79.9165440644751,0.6945625544590908,391.79187534780186
2020-06-08 01:07:30,48.495450813305894,28.54546386891563,-3.817716179227741,210.93678293080396,17.628298611111113,2020-06-12 01:07:30+00:00,323.60694711756236,79.77866508568655,0.6958134647592557,388.5841481834804
2020-06-08 01:22:30,48.624943122375214,28.565317606076576,-3.814995902267333,219.92081944512503,17.638715277777777,2020-06-12 01:22:30+00:00,322.999108012797,79.64078609851093,0.6970643518563543,392.4571255122173
2020-06-08 01:37:30,48.75404599167887,28.58544508112283,-3.8121905595449617,245.2825226339974,17.649131944444445,2020-06-12 01:37:30+00:00,322.999108012797,79.50290710299832,0.6983152157142154,375.8714666894968
2020-06-08 01:52:30,48.88275490094632,28.60584544115051,-3.8093006376184646,221.95710608951427,17.659548611111113,2020-06-12 01:52:30+00:00,322.40130206614714,79.36502809914043,0.6995660562966963,377.1815459628481
2020-06-08 02:07:30,49.0110653784917,28.62651782452732,-3.806326629230731,217.9678893012068,17.669965277777777,2020-06-12 02:07:30+00:00,321.81354143888,79.22714908695812,0.7008168735676398,378.1285307161767
2020-06-08 02:22:30,49.13897300163847,28.647461361044652,-3.803269033167456,217.4030668808787,17.680381944444445,2020-06-12 02:22:30+00:00,321.81354143888,79.08927006648683,0.7020676674909017,377.5021861833214
2020-06-08 02:37:30,49.26647339707755,28.66867517205693,-3.8001283541164392,214.27793761460353,17.690798611111113,2020-06-12 02:37:30+00:00,321.2358356134605,78.95139103771808,0.7033184380303492,384.1216842886293
2020-06-08 02:52:30,49.393562240905325,28.69015837061218,-3.796905102528048,233.4524564442645,17.701215277777777,2020-06-12 02:52:30+00:00,320.66819119929215,78.81351200071644,0.7045691851498052,371.3782229641995
2020-06-08 03:07:30,49.5202352590763,28.71191006160342,-3.793599794471798,235.3371731914615,17.711631944444445,2020-06-12 03:07:30+00:00,320.66819119929215,78.67563295547339,0.7058199088131618,368.8740493414951
2020-06-08 03:22:30,49.646488227491794,28.733929341901007,-3.790212951496045,241.5081650212219,17.722048611111113,2020-06-12 03:22:30+00:00,320.1106117414787,78.53775390202418,0.7070706089842315,367.1277526035456
2020-06-08 03:37:30,49.772316972441246,28.75621530050473,-3.7867451004841985,255.06436819302016,17.732465277777777,2020-06-12 03:37:30+00:00,320.1106117414787,78.39987484036033,0.7083212856268851,365.31997774067895
2020-06-08 03:52:30,49.8977173706025,28.778767018682977,-3.783196773512804,266.8350309614131,17.742881944444445,2020-06-12 03:52:30+00:00,319.56309753388797,78.2619957705317,0.7095719387050097,370.64631528738374
2020-06-08 04:07:30,50.02268534942343,28.80158357011115,-3.779568507709704,259.5524348135289,17.753298611111113,2020-06-12 04:07:30+00:00,319.0256454379075,78.12411669255862,0.7108225681824133,369.1879628440563
2020-06-08 04:22:30,50.14721688713975,28.82466402101762,-3.775860845111099,250.27492265386888,17.763715277777777,2020-06-12 04:22:30+00:00,319.0256454379075,77.98623760644745,0.712073174022994,361.5943238731218
2020-06-08 04:37:30,50.27130801308723,28.848007430330014,-3.7720743325185566,238.40304276969553,17.774131944444445,2020-06-12 04:37:30+00:00,318.4982487083878,77.84835851223315,0.7133237561905986,356.883695047301
2020-06-08 04:52:30,50.394954807851576,28.871612849814255,-3.768209521356963,242.36317844068697,17.784548611111113,2020-06-12 04:52:30+00:00,317.98089682838264,77.71047940992155,0.7145743146490944,341.6858785807033
2020-06-08 05:07:30,50.518153403262986,28.89547932421382,-3.764266967533015,264.74202022959827,17.794965277777777,2020-06-12 05:07:30+00:00,317.98089682838264,77.57260029953324,0.7158248493623365,354.12724911890183
2020-06-08 05:22:30,50.64089998277142,28.91960589140361,-3.7602472312912782,265.9882873572356,17.805381944444445,2020-06-12 05:22:30+00:00,317.4735753544172,77.43472118110326,0.7170753602941874,374.9203217483685
2020-06-08 05:37:30,50.7631907814173,28.943991582529293,-3.756150877073096,260.3409075609888,17.815798611111113,2020-06-12 05:37:30+00:00,316.976265774138,77.29684205463745,0.7183258474085144,377.3251715822667
2020-06-08 05:52:30,50.885022085942715,28.96863542214645,-3.7519784733752455,243.2905587077269,17.826215277777777,2020-06-12 05:52:30+00:00,316.976265774138,77.15896292017061,0.7195763106691803,379.18289742162864
2020-06-08 06:07:30,51.00639023498151,28.99353642836732,-3.747730592608413,246.52356745279812,17.836631944444445,2020-06-12 06:07:30+00:00,316.488945378334,77.02108377770877,0.7208267500400553,381.55656252484295
2020-06-08 06:22:30,51.127291619022216,29.01869361300645,-3.7434078109559743,246.67168461564475,17.847048611111113,2020-06-12 06:22:30+00:00,316.0115871494594,76.88320462727219,0.7220771654849977,377.9725468373215
2020-06-08 06:37:30,51.24772268058867,29.04410598171995,-3.739010708233774,260.23746588229056,17.857465277777777,2020-06-12 06:37:30+00:00,316.0115871494594,76.74532546889567,0.7233275569678913,384.8822110925617
2020-06-08 06:52:30,51.36767991422349,29.069772534147234,-3.734539867750993,256.9564344341511,17.867881944444445,2020-06-12 06:52:30+00:00,315.5441596689443,76.60744630258495,0.7245779244525961,379.7069189389723
2020-06-08 07:07:30,51.487159866541646,29.095692264052996,-3.729995876169532,250.69763744298825,17.878298611111113,2020-06-12 07:07:30+00:00,315.0866270457433,76.469567128375,0.7258282679029789,376.44592839918386
2020-06-08 07:22:30,51.60615913638157,29.12186415945828,-3.7253793233653463,244.96090633676783,17.888715277777777,2020-06-12 07:22:30+00:00,315.0866270457433,76.33168794627124,0.7270785872829207,376.6833611574846
2020-06-08 07:37:30,51.72467437466209,29.14828720281657,-3.7206908022908816,246.8420002252431,17.899131944444445,2020-06-12 07:37:30+00:00,314.63894886875966,76.19380875630853,0.7283288825562854,348.4557595993322
2020-06-08 07:52:30,51.842702284459754,29.174960371132876,-3.7159309088388266,246.4715511098142,17.909548611111113,2020-06-12 07:52:30+00:00,314.63894886875966,76.05592955847797,0.729579153686945,339.1578556854016
2020-06-08 08:07:30,51.96023962102308,29.201882636115226,-3.7111002417032153,242.45042896784295,17.919965277777777,2020-06-12 08:07:30+00:00,314.2010801859833,75.9180503528433,0.7308294006387869,331.32999443516974
2020-06-08 08:22:30,52.077283191809634,29.229052964309375,-3.706199402244498,239.1474408867739,17.930381944444445,2020-06-12 08:22:30+00:00,313.77297151341065,75.78017113939556,0.7320796233756841,328.6286668256618
2020-06-08 08:37:30,52.19382985630952,29.25647031723594,-3.701228994355428,241.7175467176477,17.940798611111113,2020-06-12 08:37:30+00:00,313.77297151341065,75.64229191815478,0.7333298218614961,330.69931367093307
2020-06-08 08:52:30,52.30987652622454,29.284133651538852,-3.696189624325481,239.54234047024352,17.951215277777777,2020-06-12 08:52:30+00:00,313.3545688770729,75.50441268914112,0.7345799960601307,326.33306222621746
2020-06-08 09:07:30,52.425420165175375,29.31204191911622,-3.691081900709214,235.82644409015447,17.961631944444445,2020-06-12 09:07:30+00:00,312.94581389179115,75.36653345238899,0.7358301459354338,326.9523279539974
2020-06-08 09:22:30,52.5404577888617,29.34019406726713,-3.6859064341926766,230.95228851333988,17.972048611111113,2020-06-12 09:22:30+00:00,312.94581389179115,75.22865420791845,0.7370802714513166,329.32665553700616
2020-06-08 09:37:30,52.654986464828184,29.368589038820215,-3.6806638374641696,230.66846962679736,17.982465277777777,2020-06-12 09:37:30+00:00,312.54664388061735,75.09077495572042,0.7383303725716414,328.955666852161
2020-06-08 09:52:30,52.76900331252108,29.397225772284575,-3.6753547250817378,231.9145312204512,17.992881944444445,2020-06-12 09:52:30+00:00,312.156992039305,74.95289569585847,0.7395804492602716,329.6774084754052
2020-06-08 10:07:30,52.882505503111815,29.426103201977767,-3.669979713345757,222.18290481675191,18.003298611111113,2020-06-12 10:07:30+00:00,312.156992039305,74.81501642832339,0.7408305014811282,325.75125208681135
2020-06-08 10:22:30,52.99549025943534,29.45522025816685,-3.664539420170316,220.17040153193557,18.013715277777777,2020-06-12 10:22:30+00:00,311.77678765060415,74.67713715312053,0.7420805291980855,333.51882767575586
2020-06-08 10:37:30,53.10795485587849,29.48457586720252,-3.659034464956769,221.57030069957864,18.024131944444445,2020-06-12 10:37:30+00:00,311.40595635369453,74.53925787029875,0.7433305323749975,330.36542385457244
2020-06-08 10:52:30,53.219896618178595,29.514168951651545,-3.653465468468768,229.5952535713227,18.034548611111113,2020-06-12 10:52:30+00:00,311.40595635369453,74.40137857989261,0.7445805109758109,330.7258128627077
2020-06-08 11:07:30,53.33131292345334,29.543998430438027,-3.647833052706644,238.6877107224974,18.044965277777777,2020-06-12 11:07:30+00:00,311.0444204746741,74.26349928186357,0.7458304649643533,329.75329252457806
2020-06-08 11:22:30,53.442201199882255,29.574063218969975,-3.642137840785681,238.78118945429185,18.055381944444445,2020-06-12 11:22:30+00:00,310.6920994247153,74.12561997627509,0.7470803943045381,326.6184381376368
2020-06-08 11:37:30,53.55255892676493,29.60436222928284,-3.636380456812319,238.9593374710539,18.065798611111113,2020-06-12 11:37:30+00:00,310.6920994247153,73.9877406631614,0.7483302989602679,328.5846781673159
2020-06-08 11:52:30,53.66238363413801,29.6348943701572,-3.630561525766325,239.89225305372372,18.076215277777777,2020-06-12 11:52:30+00:00,310.3489101733106,73.8498613424987,0.7495801788954036,329.1782600630681
2020-06-08 12:07:30,53.77167290274106,29.66565854726055,-3.624681673379858,231.45778097278912,18.086631944444445,2020-06-12 12:07:30+00:00,310.3489101733106,73.71198201433569,0.7508300340738677,339.1578556854016
2020-06-08 12:22:30,53.88042436385007,29.69665366327374,-3.6187415260204503,230.6109081527477,18.097048611111113,2020-06-12 12:22:30+00:00,310.0147678049568,73.57410267867742,0.7520798644595301,334.40973050321963
2020-06-08 12:37:30,53.98863569901338,29.72787861802145,-3.612741710574209,229.18531894555443,18.107465277777777,2020-06-12 12:37:30+00:00,309.6895861686966,73.43622333554366,0.7533296700162975,338.930625115934
2020-06-08 12:52:30,54.09630463991456,29.759332308600467,-3.606682854331173,220.49426693067255,18.117881944444445,2020-06-12 12:52:30+00:00,309.6895861686966,73.29834398496848,0.7545794507080542,329.7161936560935
2020-06-08 13:07:30,54.20342896815767,29.791013629507493,-3.6005655848715596,225.29847820886775,18.128298611111113,2020-06-12 13:07:30+00:00,309.3732786311617,73.16046462695685,0.7558292064987172,327.5459098497496
2020-06-08 13:22:30,54.31000651506281,29.82292147276668,-3.5943905299538437,221.87508479791063,18.138715277777777,2020-06-12 13:22:30+00:00,309.0657589451483,73.02258526152849,0.7570789373521564,320.9515859766277
2020-06-08 13:37:30,54.416035161411145,29.85505472805054,-3.588158317404726,222.2959805320696,18.149131944444445,2020-06-12 13:37:30+00:00,309.0657589451483,72.88470588871736,0.7583286432322928,338.61992209237616
2020-06-08 13:52:30,54.52151283728656,29.887412282812885,-3.58186957500877,227.71051694476208,18.159548611111113,2020-06-12 13:52:30+00:00,308.76694224734274,72.74682650852836,0.7595783241030113,335.05843071786313
2020-06-08 14:07:30,54.62643752177144,29.91999302240383,-3.5755249304023926,218.2915569431187,18.169965277777777,2020-06-12 14:07:30+00:00,308.4767462005882,72.60894712099567,0.7608279799282193,334.37210165089965
2020-06-08 14:22:30,54.730807242774105,29.952795830199396,-3.5691250109664874,218.85321655668653,18.180381944444445,2020-06-12 14:22:30+00:00,308.4767462005882,72.47106772612386,0.7620776106718081,331.73808198849935
2020-06-08 14:37:30,54.83462007670241,29.985819587719675,-3.5626704437226704,224.9413505035274,18.190798611111113,2020-06-12 14:37:30+00:00,308.1950922980733,72.33318832393272,0.7633272162977037,330.2763865702096
2020-06-08 14:52:30,54.93787414826911,30.019063174746496,-3.55616185523088,225.35675655140832,18.201215277777777,2020-06-12 14:52:30+00:00,307.9219073490363,72.19530891445591,0.7645767967697839,335.7818586533111
2020-06-08 15:07:30,55.040567630221005,30.052525469449023,-3.549599871486837,227.37804651496765,18.211631944444445,2020-06-12 15:07:30+00:00,307.9219073490363,72.05742949768387,0.7658263520519953,339.12075681691715
2020-06-08 15:22:30,55.14269874306457,30.086205348497145,-3.542985117823305,222.56457791409457,18.222048611111113,2020-06-12 15:22:30+00:00,307.6571251680177,71.91955007367942,0.7670758821081692,346.55907994806165
2020-06-08 15:37:30,55.24426575474066,30.120101687181847,-3.5363182188112963,235.51163902202595,18.232465277777777,2020-06-12 15:37:30+00:00,307.4006884923543,71.7816706424183,0.7683253869022946,347.81514163818
2020-06-08 15:52:30,55.34526698047764,30.154213359527585,-3.529599798164263,244.8654734635245,18.242881944444445,2020-06-12 15:52:30+00:00,307.4006884923543,71.64379120394888,0.7695748663982136,348.06105413784877
2020-06-08 16:07:30,55.44570078231033,30.188539238406563,-3.522830478643392,259.00765675559126,18.253298611111113,2020-06-12 16:07:30+00:00,307.15255115549485,71.5059117582904,0.7708243205598818,343.9648090733233
2020-06-08 16:22:30,55.545565568973565,30.223078195663792,-3.5160108819619293,255.4405713281409,18.263715277777777,2020-06-12 16:22:30+00:00,307.15255115549485,71.36803230544747,0.7720737493511799,344.054906325357
2020-06-08 16:37:30,55.64485979549954,30.25782910221365,-3.5091416286968937,248.09317612687815,18.274131944444445,2020-06-12 16:37:30+00:00,306.9126805468006,71.2301528454394,0.7733231527360531,339.5659432387312
2020-06-08 16:52:30,55.743581962905914,30.29279082815383,-3.502223338198461,239.6599149787447,18.284548611111113,2020-06-12 16:52:30+00:00,306.6810603917528,71.09227337828533,0.7745725306783869,338.494713411241
2020-06-08 17:07:30,55.84173061790904,30.327962242884514,-3.4952566284998547,246.53000478834232,18.294965277777777,2020-06-12 17:07:30+00:00,306.6810603917528,70.9543939040188,0.775821883142104,335.74475978482656
2020-06-08 17:22:30,55.93930435267787,30.363342215215177,-3.4882421162311235,228.99102671118533,18.305381944444445,2020-06-12 17:22:30+00:00,306.45769388987645,70.81651442264456,0.7770712100911207,338.3973288814691
2020-06-08 17:37:30,56.03630180440365,30.398929613464457,-3.48118041653558,243.4954575455216,18.315798611111113,2020-06-12 17:37:30+00:00,306.2426072511401,70.67863493419614,0.7783205114893357,332.71192728621776
2020-06-08 17:52:30,56.13272165506804,30.434723305575936,-3.474072142984653,235.1850066022349,18.326215277777777,2020-06-12 17:52:30+00:00,306.2426072511401,70.54075543866354,0.7795697873006968,344.00853273975144
2020-06-08 18:07:30,56.228562630955736,30.470722159206268,-3.466917907499558,245.12062907212612,18.336631944444445,2020-06-12 18:07:30+00:00,306.0358536750244,70.40287593610941,0.7808190374891031,345.41828974216287
2020-06-08 18:22:30,56.32382350251575,30.50692504185388,-3.459718320266373,240.84672370617696,18.347048611111113,2020-06-12 18:22:30+00:00,305.8375178197425,70.26499642650913,0.7820682620184795,349.59376739009457
2020-06-08 18:37:30,56.41850308395008,30.54333082094371,-3.452473989661104,247.88926780943984,18.357465277777777,2020-06-12 18:37:30+00:00,305.8375178197425,70.12711690991065,0.7833174608527428,352.0358004080876
2020-06-08 18:52:30,56.512600232811025,30.579938363935575,-3.4451855221718315,241.4716366904748,18.367881944444445,2020-06-12 18:52:30+00:00,305.64772081210015,69.98923738631856,0.7845666339558095,347.57255358257027
2020-06-08 19:07:30,56.60611384974899,30.616746538420248,-3.4378535223240534,232.64422115545585,18.378298611111113,2020-06-12 19:07:30+00:00,305.46662585100023,69.85135785576627,0.7858157812916411,342.41791875347803
2020-06-08 19:22:30,56.699042878069555,30.653754212222136,-3.4304785926070767,232.111398702138,18.388715277777777,2020-06-12 19:22:30+00:00,305.46662585100023,69.7134783182581,0.7870649028241112,336.8159896123168
2020-06-08 19:37:30,56.79138630347142,30.69096025349291,-3.4230613334024778,234.16951378913177,18.399131944444445,2020-06-12 19:37:30+00:00,305.2944444593835,69.57559877381297,0.7883139985171838,331.64971922901805
2020-06-08 19:52:30,56.88314315361405,30.728363530811876,-3.4156023429138007,244.1795757787527,18.409548611111113,2020-06-12 19:52:30+00:00,305.1314434401362,69.43771922244959,0.7895630683347392,341.2278039156169
2020-06-08 20:07:30,56.97431249778935,30.765962913276677,-3.408102217098335,245.02803497201512,18.419965277777777,2020-06-12 20:07:30+00:00,305.1314434401362,69.29983966418689,0.7908121122407549,330.89911757691385
2020-06-08 20:22:30,57.064893446549334,30.803757270600283,-3.4005615496000767,245.0241329635414,18.430381944444445,2020-06-12 20:22:30+00:00,304.9779525908025,69.16196009905826,0.7920611301991509,334.40582789497654
2020-06-08 20:37:30,57.15488515136943,30.84174547320124,-3.3929809316848294,244.50384037996145,18.440798611111113,2020-06-12 20:37:30+00:00,304.9779525908025,69.02408052708225,0.7933101221738279,327.6154702281581
2020-06-08 20:52:30,57.24428680425093,30.87992639229449,-3.385360952176851,247.33194984889795,18.451215277777777,2020-06-12 20:52:30+00:00,304.8343732293343,68.88620094826328,0.7945590881287357,319.5993322203672
2020-06-08 21:07:30,57.33309763732973,30.918298899985174,-3.3777021973958155,251.20612373460645,18.461631944444445,2020-06-12 21:07:30+00:00,304.70118757800304,68.7483213626199,0.7958080280278153,321.4616954182897
2020-06-08 21:22:30,57.42131692257344,30.95686186935253,-3.3700052510977363,250.76850193871505,18.472048611111113,2020-06-12 21:22:30+00:00,304.70118757800304,68.61044177017095,0.7970569418349844,324.2441105546281
2020-06-08 21:37:30,57.50894397129241,30.995614174534303,-3.362270694416574,250.34706088876143,18.482465277777777,2020-06-12 21:37:30+00:00,304.5789690442785,68.47256217094943,0.7983058295141934,326.97087738823967
2020-06-08 21:52:30,57.59597813384438,31.03455469082034,-3.354499105805719,255.47642388476925,18.492881944444445,2020-06-12 21:52:30+00:00,304.4683934250867,68.33468256495956,0.7995546910293596,329.54924874791317
2020-06-08 22:07:30,57.68241879927936,31.073682294733164,-3.3466910609831015,249.90763550653935,18.503298611111113,2020-06-12 22:07:30+00:00,304.4683934250867,68.19680295221985,0.8008035263444332,331.27434613244293
2020-06-08 22:22:30,57.76826539484959,31.112995864110633,-3.33884713287744,251.7476203618935,18.513715277777777,2020-06-12 22:22:30+00:00,304.3702510433731,68.05892333276353,0.8020523354233527,329.2524578000371
2020-06-08 22:37:30,57.85351738572181,31.152494278184527,-3.3309678915763907,248.41318843901297,18.524131944444445,2020-06-12 22:37:30+00:00,304.28545980210856,67.92104370659463,0.8033011182300613,327.92617325171585
2020-06-08 22:52:30,57.93817427458676,31.19217641768023,-3.3230539042721463,250.04757032329871,18.534548611111113,2020-06-12 22:52:30+00:00,304.28545980210856,67.78316407373153,0.8045498747284865,330.0421337149217
2020-06-08 23:07:30,58.022235601156574,31.232041164859112,-3.315105735219214,257.22190407785587,18.544965277777777,2020-06-12 23:07:30+00:00,304.2150791093898,67.64528443419273,0.8057986048825746,329.2570951585977
2020-06-08 23:22:30,58.10570094084229,31.27208740306111,-3.307123945637478,261.6931276590016,18.555381944444445,2020-06-12 23:22:30+00:00,304.1603245875019,67.50740478801141,0.8070473086562671,330.6065664997218
2020-06-08 23:37:30,58.18856990399936,31.312314016592545,-3.2991090936545833,262.0675202189529,18.565798611111113,2020-06-12 23:37:30+00:00,304.1603245875019,67.36952513519138,0.8082959860135256,329.3531547287808
2020-06-08 23:52:30,58.2708421429757,31.3527198947274,-3.2910617345584545,253.2271632181835,18.576215277777777,2020-06-12 23:52:30+00:00,304.1225834269272,67.23164547576555,0.8095446369182756,328.36208495640886
2020-06-09 00:07:30,58.35251734198037,31.39330392672725,-3.2829824203725515,260.68884186823,18.586631944444445,2020-06-13 00:07:30+00:00,304.1034301813682,67.0937658097233,0.8107932613344732,323.5392320534224
2020-06-09 00:22:30,58.43359522051159,31.434065003802523,-3.274871699951498,258.07856844741235,18.597048611111113,2020-06-13 00:22:30+00:00,304.1034301813682,66.955886137112,0.812041859226057,323.1682433685773
2020-06-09 00:37:30,58.514075532720994,31.47500201916447,-3.266730118944881,245.2821051673603,18.607465277777777,2020-06-13 00:37:30+00:00,304.1046427198361,66.81800645793554,0.8132904305569923,327.0784641068447
2020-06-09 00:52:30,58.593958067181134,31.516113868092496,-3.258558219758691,259.9325123434448,18.617881944444445,2020-06-13 00:52:30+00:00,304.1046427198361,66.68012677222676,0.8145389752912181,327.9910962715637
2020-06-09 01:07:30,58.6732426463759,31.55739944801955,-3.2503565415146096,249.75118637540336,18.628298611111113,2020-06-13 01:07:30+00:00,304.1282179547241,66.54224707997481,0.815787493392679,327.06362455945094
2020-06-09 01:22:30,58.751929126452445,31.59885765859471,-3.242125620015085,238.5555091819699,18.638715277777777,2020-06-13 01:22:30+00:00,304.17638684869434,66.40436738124166,0.8170359848253397,326.1732517158227
2020-06-09 01:37:30,58.83001739662852,31.640487401739875,-3.2338659877102005,217.86253898616556,18.649131944444445,2020-06-13 01:37:30+00:00,304.17638684869434,66.2664876760018,0.8182844495531573,325.83008718234095
2020-06-09 01:52:30,58.907507379003206,31.682287581723628,-3.2255781736631572,213.45494329149255,18.659548611111113,2020-06-13 01:52:30+00:00,304.25162806676883,66.12860796430257,0.8195328875400709,327.90205898720086
2020-06-09 02:07:30,58.98439902801062,31.724257105223774,-3.217262703518274,206.66994219627384,18.669965277777777,2020-06-13 02:07:30+00:00,304.3566794827036,65.99072824614767,0.8207812987500571,330.7178631051753
2020-06-09 02:22:30,59.06069233010097,31.76639488138835,-3.208920099470687,227.28125726252992,18.680381944444445,2020-06-13 02:22:30+00:00,304.3566794827036,65.85284852155526,0.8220296831470494,326.0063068076424
2020-06-09 02:37:30,59.13638730328738,31.808699821899182,-3.2005508802368516,221.9656015840354,18.690798611111113,2020-06-13 02:37:30+00:00,304.4945465713259,65.71496879055788,0.8232780406950182,325.5518456687071
2020-06-09 02:52:30,59.2114839968314,31.851170841031134,-3.192155561026614,214.64549442869895,18.701215277777777,2020-06-13 02:52:30+00:00,304.6685065239059,65.57708905315926,0.8245263713579435,326.26599888703396
2020-06-09 03:07:30,59.28598249078618,31.89380685570987,-3.1837346535168742,209.37997437589783,18.711631944444445,2020-06-13 03:07:30+00:00,304.6685065239059,65.43920930936284,0.8257746750997638,327.0682619180115
2020-06-09 03:22:30,59.35988289562196,31.936606785573396,-3.175288665825432,200.1695534223706,18.722048611111113,2020-06-13 03:22:30+00:00,304.882106717599,65.30132955921579,0.8270229518844316,325.50547208310144
2020-06-09 03:37:30,59.433185351856295,31.979569553021538,-3.166818102488121,196.54462864464028,18.732465277777777,2020-06-13 03:37:30+00:00,305.139155962398,65.16344980275068,0.8282712016759313,325.0945307706576
2020-06-09 03:52:30,59.50589002960087,32.02269408327664,-3.158323464435243,202.0142097293939,18.742881944444445,2020-06-13 03:52:30+00:00,305.139155962398,65.02557003992733,0.829519424438213,327.64607679465774
2020-06-09 04:07:30,59.57799712827031,32.06597930444584,-3.1498052489678456,202.52099752818003,18.753298611111113,2020-06-13 04:07:30+00:00,305.44370675513386,64.88769027080728,0.8307676201352544,325.9003100405438
2020-06-09 04:22:30,59.649506876099856,32.10942414755849,-3.1412639497405994,194.73862687813025,18.763715277777777,2020-06-13 04:22:30+00:00,305.8000266121487,64.74981049540865,0.8320157887310202,326.4626228900019
2020-06-09 04:37:30,59.720419529753,32.153027546617686,-3.1327000567425833,195.57401871335944,18.774131944444445,2020-06-13 04:37:30+00:00,305.8000266121487,64.61193071372017,0.8332639301894755,326.3912075681692
2020-06-09 04:52:30,59.79073537401021,32.1967884386685,-3.1241140562755225,195.48084015995653,18.784548611111113,2020-06-13 04:52:30+00:00,306.2125564614806,64.47405092578877,0.8345120444745805,327.8612502318679
2020-06-09 05:07:30,59.86045472134977,32.240705763832985,-3.1155064309400737,209.0361455138409,18.794965277777777,2020-06-13 05:07:30+00:00,306.2125564614806,64.33617113163241,0.8357601315503513,330.7735114079021
2020-06-09 05:22:30,59.92957791156241,32.284778465363594,-3.1068776596185343,214.5075526518557,18.805381944444445,2020-06-13 05:22:30+00:00,306.6858540939139,64.19829133123993,0.8370081913807019,330.55091819699504
2020-06-09 05:37:30,59.998105311313594,32.32900548968901,-3.0982282174607403,213.92250973845296,18.815798611111113,2020-06-13 05:37:30+00:00,307.2245208558728,64.06041152464344,0.8382562239296228,329.6268191092899
2020-06-09 05:52:30,60.0660373138743,32.37338578646225,-3.0895585758700013,204.27327199078567,18.826215277777777,2020-06-13 05:52:30+00:00,307.2245208558728,63.92253171189012,0.8395042291611114,332.2940832122802
2020-06-09 06:07:30,60.13337433858405,32.41791830859769,-3.0808692024920097,206.0255464533913,18.836631944444445,2020-06-13 06:07:30+00:00,307.833110188718,63.784651892953875,0.8407522070391056,329.09015025041737
2020-06-09 06:22:30,60.20011683062166,32.46260201232471,-3.072160561201578,204.2936143572621,18.847048611111113,2020-06-13 06:22:30+00:00,308.51601737370555,63.646772067881706,0.8420001575276348,329.43795214245966
2020-06-09 06:37:30,60.26626526059388,32.50743585723565,-3.063433112091161,197.18134875956056,18.857465277777777,2020-06-13 06:37:30+00:00,308.51601737370555,63.50889223666216,0.8432480805906353,328.774809868299
2020-06-09 06:52:30,60.33182012406813,32.552418806305845,-3.0546873114656483,197.59288737042357,18.867881944444445,2020-06-13 06:52:30+00:00,309.2773510559421,63.37101239934202,0.8444959761920793,329.9480615841217
2020-06-09 07:07:30,60.39678194129115,32.597549825953024,-3.0459236118302333,197.05711068835657,18.878298611111113,2020-06-13 07:07:30+00:00,310.1207889676824,63.23313255592436,0.8457438442959833,328.6788522180842
2020-06-09 07:22:30,60.461151256803966,32.642827886074684,-3.037142461883551,194.77775459098496,18.888715277777777,2020-06-13 07:22:30+00:00,310.1207889676824,63.0952527064415,0.8469916848663033,329.4750510109442
2020-06-09 07:37:30,60.52492863900688,32.6882519600731,-3.028344306513817,198.81973832356252,18.899131944444445,2020-06-13 07:37:30+00:00,311.0494230020463,62.95737285089645,0.8482394978670492,328.6588759042849
2020-06-09 07:52:30,60.58811467985072,32.73382102490778,-3.0195295867901324,207.733172859158,18.909548611111113,2020-06-13 07:52:30+00:00,312.065602785929,62.81949298929222,0.849487283262177,329.46021146355037
2020-06-09 08:07:30,60.65070999453582,32.77953406113459,-3.01069873995782,205.83420283806345,18.919965277777777,2020-06-13 08:07:30+00:00,312.065602785929,62.68161312169012,0.8507350410156763,330.7703315048891
2020-06-09 08:22:30,60.71271522097923,32.82539005292591,-3.0018521994372387,206.8538002614176,18.930381944444445,2020-06-13 08:22:30+00:00,313.1707927803298,62.54373324806403,0.8519827710915626,331.79878922783763
2020-06-09 08:37:30,60.774131019557714,32.871387988106264,-2.992990394821116,209.86537889127476,18.940798611111113,2020-06-13 08:37:30+00:00,314.3654667172935,62.4058533684603,0.8532304734537866,327.0742242361608
2020-06-09 08:52:30,60.83495807277505,32.917526858201136,-2.9841137518695784,208.80278500342948,18.951215277777777,2020-06-13 08:52:30+00:00,314.3654667172935,62.267973482882255,0.8544781480663569,325.4312743461325
2020-06-09 09:07:30,60.895197084812054,32.963805658458526,-2.975222692510921,208.4359348914858,18.961631944444445,2020-06-13 09:07:30+00:00,315.6490765844302,62.13009359134719,0.8557257948932707,326.4422185123354
2020-06-09 09:22:30,60.954848781268176,33.01022338787949,-2.9663176348419698,210.12669694969657,18.972048611111113,2020-06-13 09:22:30+00:00,315.6490765844302,61.9922136938725,0.8569734138984879,324.0080268460903
2020-06-09 09:37:30,61.01391390871336,33.05677904925361,-2.957398993127401,213.0467230051809,18.982465277777777,2020-06-13 09:37:30+00:00,317.0201542966865,61.85433379049024,0.8582210050460345,325.3199777406789
2020-06-09 09:52:30,61.0723932343972,33.10347164917888,-2.948467177803175,209.65433344980656,18.992881944444445,2020-06-13 09:52:30+00:00,318.47663752807364,61.71645388118869,0.8594685682999199,326.3958449267297
2020-06-09 10:07:30,61.130287545923885,33.150300198108525,-2.939522595474948,210.42883973288815,19.003298611111113,2020-06-13 10:07:30+00:00,318.47663752807364,61.57857396601414,0.8607161036240776,333.0842409306516
2020-06-09 10:22:30,61.187597650816585,33.19726371035905,-2.930565648925315,212.4574549313455,19.013715277777777,2020-06-13 10:22:30+00:00,320.01656498957743,61.44069404496974,0.8619636109825632,334.6351663546989
2020-06-09 10:37:30,61.24432437627777,33.24436120414628,-2.9215967371151166,214.6526787909713,19.024131944444445,2020-06-13 10:37:30+00:00,321.6393738611964,61.302814118087035,0.8632110903393407,336.8206269708774
2020-06-09 10:52:30,61.300468568759904,33.29159170161206,-2.9126162551879933,214.4301568901816,19.034548611111113,2020-06-13 10:52:30+00:00,321.6393738611964,61.164934185368836,0.8644585416584345,326.7621962530142
2020-06-09 11:07:30,61.35603109366327,33.33895422884333,-2.9036245944767405,211.77882254738287,19.044965277777777,2020-06-13 11:07:30+00:00,323.3481739407745,61.02705424683257,0.865705964903844,330.17992951214984
2020-06-09 11:22:30,61.41101283498593,33.38644781589967,-2.8946221425080747,210.4828460871478,19.055381944444445,2020-06-13 11:22:30+00:00,325.15360126713256,60.88917430249525,0.8669533600395525,325.0417362270451
2020-06-09 11:37:30,61.46541469507972,33.43407149684433,-2.885609283008315,217.94907348349133,19.065798611111113,2020-06-13 11:37:30+00:00,325.15360126713256,60.75129435237417,0.8682007270295558,322.58208124652197
2020-06-09 11:52:30,61.5192375941453,33.48182430975242,-2.8765863959126237,213.4959577829477,19.076215277777777,2020-06-13 11:52:30+00:00,327.08021470216596,60.61341439648662,0.8694480658378875,323.08609587407585
2020-06-09 12:07:30,61.57248247008388,33.52970529673335,-2.8675538573727786,212.15498052309405,19.086631944444445,2020-06-13 12:07:30+00:00,329.176952059474,60.47553443487884,0.8706953764285629,321.9439807085884
2020-06-09 12:22:30,61.62515027800969,33.57771350396529,-2.8585120397632955,214.0906679090474,19.097048611111113,2020-06-13 12:22:30+00:00,329.176952059474,60.33765446750958,0.8719426587655361,327.62938230383975
2020-06-09 12:37:30,61.677241990099674,33.62584798169995,-2.849461311693098,209.75670725519,19.107465277777777,2020-06-13 12:37:30+00:00,331.5339655030821,60.19977449443988,0.8731899128128674,324.8111932586056
2020-06-09 12:52:30,61.72875859507261,33.67410778428928,-2.840402038013637,208.5699221132495,19.117881944444445,2020-06-13 12:52:30+00:00,334.3092020856641,60.06189451568661,0.8744371385345365,330.550918196995
2020-06-09 13:07:30,61.77970109809089,33.72249197020419,-2.8313345798294436,208.21108096828047,19.128298611111113,2020-06-13 13:07:30+00:00,334.3092020856641,59.92401453123788,0.8756843358945691,331.7974401780746
2020-06-09 13:22:30,61.83007052025448,33.77099960204699,-2.822259294509232,213.02499702934537,19.138715277777777,2020-06-13 13:22:30+00:00,337.7691244901619,59.78613454113969,0.8769315048569655,332.4193521188513
2020-06-09 13:37:30,61.879867898418645,33.81962974656798,-2.813176535697887,211.2986608627999,19.149131944444445,2020-06-13 13:37:30+00:00,337.7691244901619,59.64825454539458,0.8781786453857476,335.6779818215544
2020-06-09 13:52:30,61.929094284795006,33.868381474687475,-2.8040866533268023,215.31182461725612,19.159548611111113,2020-06-13 13:52:30+00:00,342.34797674287216,59.510374544034185,0.8794257574449348,335.8695468879108
2020-06-09 14:07:30,61.97775074669729,33.91725386149836,-2.7949899936288425,209.9358305509182,19.169965277777777,2020-06-13 14:07:30+00:00,348.72614867112526,59.37249453704627,0.8806728409985377,337.99189124731697
2020-06-09 14:22:30,62.0258383662868,33.96624598630349,-2.785886899146794,209.9452177799811,19.180381944444445,2020-06-13 14:22:30+00:00,348.72614867112526,59.23461452446227,0.8819198960105588,341.5275459098498
2020-06-09 14:37:30,62.07335824011685,34.01535693260095,-2.7767777087521384,208.18728889233992,19.190798611111113,2020-06-13 14:37:30+00:00,357.91390897679906,59.09673450631377,0.883166922445051,328.0944431194848
2020-06-09 14:52:30,62.12031147898604,34.06458578811303,-2.767662757656036,209.51456561970204,19.201215277777777,2020-06-13 14:52:30+00:00,371.29051696570934,58.95885448260307,0.8844139202660058,326.23353737711
2020-06-09 15:07:30,62.1666992075742,34.11393164479871,-2.7585423774233324,208.50114774624373,19.211631944444445,2020-06-13 15:07:30+00:00,371.29051696570934,58.82097445334698,0.8856608894374528,322.91120120836314
2020-06-09 15:22:30,62.2125225641783,34.1633935988576,-2.749416895989003,208.20074801672035,19.222048611111113,2020-06-13 15:22:30+00:00,390.4814030880346,58.68309441857701,0.8869078299234131,320.3434295253995
2020-06-09 15:37:30,62.2577827004071,34.212970750743615,-2.740286637672685,211.33062302064903,19.232465277777777,2020-06-13 15:37:30+00:00,416.8881486659552,58.54521437828071,0.8881547416879189,323.40432707711506
2020-06-09 15:52:30,62.302480780906414,34.262662205184924,-2.7311519231925976,234.6071577629382,19.242881944444445,2020-06-13 15:52:30+00:00,416.8881486659552,58.407334332504114,0.889401624695,317.762938230384
2020-06-09 16:07:30,62.346617982992406,34.312467071164576,-2.722013069686642,230.95356577201315,19.253298611111113,2020-06-13 16:07:30+00:00,450.76232871177893,58.26945428124938,0.8906484789086636,315.6928213689483
2020-06-09 16:22:30,62.39019549651844,34.36238446196311,-2.712870390722932,219.488798112085,19.263715277777777,2020-06-13 16:22:30+00:00,490.16589607324215,58.13157422453327,0.8918953042929446,315.85976627712853
2020-06-09 16:37:30,62.43321452357653,34.4124134951534,-2.703724196318801,213.9331055635361,19.274131944444445,2020-06-13 16:37:30+00:00,490.16589607324215,57.9936941623725,0.8931421008118724,316.4971922901806
2020-06-09 16:52:30,62.47567627803095,34.46255329259583,-2.694574792960436,210.70106965020744,19.284548611111113,2020-06-13 16:52:30+00:00,530.8212643542533,57.85581409479838,0.8943888684294843,316.6918408988526
2020-06-09 17:07:30,62.5175819854942,34.5128029804564,-2.685422483617949,209.3433909456938,19.294965277777777,2020-06-13 17:07:30+00:00,567.6315005282594,57.71793402181279,0.8956356071098059,316.93563346317933
2020-06-09 17:22:30,62.55893288295081,34.56316168922625,-2.6762675677612187,209.2583245978439,19.305381944444445,2020-06-13 17:22:30+00:00,567.6315005282594,57.58005394343267,0.8968823168168637,314.2830643665368
2020-06-09 17:37:30,62.59973021842481,34.61362855369847,-2.66711034138312,209.05074348720737,19.315798611111113,2020-06-13 17:37:30+00:00,596.9744327744745,57.44217385967455,0.8981289975147181,313.7215224026576
2020-06-09 17:52:30,62.63997525086853,34.664202712985194,-2.657951097015841,211.93092215338592,19.326215277777777,2020-06-13 17:52:30+00:00,596.9744327744745,57.30429377054031,0.8993756491673708,312.38837215464923
2020-06-09 18:07:30,62.67966924975595,34.71488331053379,-2.6487901237475744,215.09957071309324,19.336631944444445,2020-06-13 18:07:30+00:00,617.8437575049292,57.16641367609035,0.9006222717388751,310.586427113973
2020-06-09 18:22:30,62.718813494903,34.76566949410794,-2.6396277072457894,214.12470396397097,19.347048611111113,2020-06-13 18:22:30+00:00,631.2707276207782,57.028533576312064,0.9018688651932883,311.22240771656465
2020-06-09 18:37:30,62.75740927620929,34.816560415812894,-2.6304641297724354,213.70117600948052,19.357465277777777,2020-06-13 18:37:30+00:00,631.2707276207782,56.89065347120737,0.9031154294945986,313.4509897448127
2020-06-09 18:52:30,62.79545789342683,34.867555232084186,-2.621299670206389,212.87817465753335,19.367881944444445,2020-06-13 18:52:30+00:00,639.0939625458913,56.752773360822005,0.9043619646068984,313.3741420886663
2020-06-09 19:07:30,62.83296065582854,34.918653103693835,-2.61213460406218,220.10903589315524,19.378298611111113,2020-06-13 19:07:30+00:00,643.0800973243828,56.614893245157766,0.9056084704941976,313.0264726925829
2020-06-09 19:22:30,62.86991888206988,34.969853195749955,-2.6029692035111203,218.00601593279308,19.388715277777777,2020-06-13 19:22:30+00:00,643.0800973243828,56.477013124231085,0.9068549471205588,312.94750510109435
2020-06-09 19:37:30,62.906333899855184,35.02115467770383,-2.593803737400008,212.35521735191728,19.399131944444445,2020-06-13 19:37:30+00:00,644.5846660070855,56.339132998073026,0.908101394450021,313.6179346529931
2020-06-09 19:52:30,62.94220704575172,35.07255672334133,-2.584638471273681,216.18041012266224,19.409548611111113,2020-06-13 19:52:30+00:00,644.5360936625998,56.20125286667094,0.9093478124466412,314.004822852903
2020-06-09 20:07:30,62.97753966498072,35.124058510786526,-2.5754736673950833,220.18513645931623,19.419965277777777,2020-06-13 20:07:30+00:00,644.5360936625998,56.063372730070064,0.9105942010744412,313.1859978270663
2020-06-09 20:22:30,63.012333111022656,35.17565922250014,-2.566309584766534,224.80361325723752,19.430381944444445,2020-06-13 20:22:30+00:00,643.5322069355135,55.92549258827241,0.9118405602974656,314.8951956965313
2020-06-09 20:37:30,63.04658874568472,35.22735804528918,-2.5571464791489,224.2425784040852,19.440798611111113,2020-06-13 20:37:30+00:00,641.945225823286,55.78761244129421,0.9130868900798016,313.93062511593394
2020-06-09 20:52:30,63.080307938560935,35.27915417028706,-2.5479846030865647,231.70248552006177,19.451215277777777,2020-06-13 20:52:30+00:00,641.945225823286,55.64973228913731,0.9143331903854812,311.4348830542487
2020-06-09 21:07:30,63.113492066972874,35.331046792965495,-2.53882420592625,228.59974958263777,19.461631944444445,2020-06-13 21:07:30+00:00,640.0028904656785,55.51185213186157,0.9155794611785651,305.4181211109424
2020-06-09 21:22:30,63.14614251570249,35.38303511311902,-2.5296655338410576,224.6255063348475,19.472048611111113,2020-06-13 21:22:30+00:00,637.8434568713544,55.373971969439495,0.9168257024230824,308.7659326390545
2020-06-09 21:37:30,63.17826067683522,35.43511833487563,-2.520508829850168,238.01710861772207,19.482465277777777,2020-06-13 21:37:30+00:00,637.8434568713544,55.236091801916594,0.9180719140831252,310.9515859766277
2020-06-09 21:52:30,63.209847949445845,35.487295666691104,-2.5113543338412487,232.94508447988028,19.492881944444445,2020-06-13 21:52:30+00:00,635.5507075737781,55.09821162929444,0.919318096122716,310.428491930996
2020-06-09 22:07:30,63.24090573948578,35.539566321339976,-2.502202282593319,234.72033492513364,19.503298611111113,2020-06-13 22:07:30+00:00,635.5507075737781,54.9603314515891,0.9205642485059228,313.1979224633648
2020-06-09 22:22:30,63.27143545946346,35.591929515914074,-2.493052909798903,225.6732797556651,19.513715277777777,2020-06-13 22:22:30+00:00,633.1755329514696,54.822451268817,0.9218103711968324,312.5857911333704
2020-06-09 22:37:30,63.3014385282953,35.64438447180503,-2.4839064460883793,228.0120948434104,19.524131944444445,2020-06-13 22:37:30+00:00,630.7490178009759,54.684571080994,0.9230564641594692,313.8749768132072
2020-06-09 22:52:30,63.33091637113347,35.69693041472619,-2.474763119047968,224.882148666581,19.534548611111113,2020-06-13 22:52:30+00:00,630.7490178009759,54.546690888136375,0.9243025273578992,315.4685418458373
2020-06-09 23:07:30,63.3598704191023,35.74956657468484,-2.465623153246293,251.06558591048247,19.544965277777777,2020-06-13 23:07:30+00:00,628.2903160319509,54.408810690274706,0.9255485607561966,314.9749582637729
2020-06-09 23:22:30,63.38830210912486,35.80229218598879,-2.456486770254853,229.62969456888428,19.555381944444445,2020-06-13 23:22:30+00:00,625.8113764526852,54.27093048741041,0.9267945643184428,311.59910391963814
2020-06-09 23:37:30,63.41621288374456,35.85510648722807,-2.4473541886729646,241.74132274721433,19.565798611111113,2020-06-13 23:37:30+00:00,625.8113764526852,54.13305027954509,0.928040538008674,311.33370432201815
2020-06-09 23:52:30,63.44360419083071,35.90800872127331,-2.43822562414965,223.6731010016695,19.576215277777777,2020-06-13 23:52:30+00:00,623.3197795311652,53.99517006672387,0.929286481790969,310.4340567612688
2020-06-10 00:07:30,63.47047748360315,35.96099813528628,-2.429101289403825,235.44536032276017,19.586631944444445,2020-06-14 00:07:30+00:00,620.8204436568061,53.857289848948135,0.9305323956294046,310.55197816466597
2020-06-10 00:22:30,63.49683422020887,36.01407398068519,-2.4199813942518764,229.31295280856452,19.597048611111113,2020-06-14 00:22:30+00:00,620.8204436568061,53.71940962623376,0.9317782794880288,309.84974958263774
2020-06-10 00:37:30,63.52267586360846,36.067235513141874,-2.4108661456299374,226.20615754940405,19.607465277777777,2020-06-14 00:37:30+00:00,618.3166546160998,53.581529398596814,0.9330241333309334,308.6705355486658
2020-06-10 00:52:30,63.54800388149661,36.12048199259194,-2.4017557476137754,216.88929465776292,19.617881944444445,2020-06-14 00:52:30+00:00,615.8106891029613,53.44364916606784,0.9342699571221892,309.2005193841588
2020-06-10 01:07:30,63.572819745974726,36.173812683213626,-2.392650401444426,220.584120246348,19.628298611111113,2020-06-14 01:07:30+00:00,615.8106891029613,53.30576892863326,0.9355157508258632,309.38095478996985
2020-06-10 01:22:30,63.597124933459625,36.227226853413974,-2.38355030555196,216.0419174075656,19.638715277777777,2020-06-14 01:22:30+00:00,613.3041939930735,53.16788868633846,0.936761514406038,309.07067334446293
2020-06-10 01:37:30,63.62092092447987,36.28072377583428,-2.37445565557656,215.36783528102387,19.649131944444445,2020-06-14 01:37:30+00:00,610.7984181569489,53.030008439169954,0.9380072478267746,306.97193735591065
2020-06-10 01:52:30,63.644209203525946,36.33430272732549,-2.3653666443940224,216.17725971857857,19.659548611111113,2020-06-14 01:52:30+00:00,610.7984181569489,52.892128187187254,0.9392529510521704,307.5774438879614
2020-06-10 02:07:30,63.66699125883142,36.387962988955735,-2.356283462136462,215.3244385846896,19.669965277777777,2020-06-14 02:07:30+00:00,608.294354887525,52.75424793034791,0.9404986240462956,308.2637729549249
2020-06-10 02:22:30,63.68926858225691,36.44170384598474,-2.3472062962180025,213.4855563438085,19.680381944444445,2020-06-14 02:22:30+00:00,608.294354887525,52.61636766871152,0.9417442667732429,307.47913188647743
2020-06-10 02:37:30,63.71104266908287,36.495524587859315,-2.3381353313573183,214.63776837364605,19.690798611111113,2020-06-14 02:37:30+00:00,605.7928299147363,52.47848740229354,0.9429898791970628,308.44673782904164
2020-06-10 02:52:30,63.73231501785605,36.54942450820132,-2.329070749600863,214.13292988313856,19.701215277777777,2020-06-14 02:52:30+00:00,603.2945561468342,52.340607131080766,0.9442354612818628,309.432387312187
2020-06-10 03:07:30,63.75308713023151,36.60340290480259,-2.3200127303455886,214.93445147597413,19.711631944444445,2020-06-14 03:07:30+00:00,603.2945561468342,52.202726855103435,0.9454810129917388,307.0302355778149
2020-06-10 03:22:30,63.77336051084757,36.65745907961111,-2.3109614503624014,255.95797947817505,19.722048611111113,2020-06-14 03:22:30+00:00,600.8001679681292,52.06484657439177,0.9467265342907611,305.01677880642825
2020-06-10 03:37:30,63.79313666712194,36.71159233871829,-2.301917083819722,254.79241262736383,19.732465277777777,2020-06-14 03:37:30+00:00,598.3102429120712,51.92696628894688,0.9479720251430006,303.6879647898012
2020-06-10 03:52:30,63.81241710909106,36.76580199234055,-2.292879802307783,250.3344788356939,19.742881944444445,2020-06-14 03:52:30+00:00,598.3102429120712,51.78908599876975,0.9492174855125864,303.36009751702574
2020-06-10 04:07:30,63.831203349321925,36.820087354828544,-2.283849774858559,243.25635838756477,19.753298611111113,2020-06-14 04:07:30+00:00,595.825315495574,51.65120570390516,0.950462915363582,306.7890929326656
2020-06-10 04:22:30,63.84949690269321,36.87444774463716,-2.2748271679717655,263.826662007739,19.763715277777777,2020-06-14 04:22:30+00:00,593.3458861573383,51.51332540435406,0.9517083146600754,306.44592839918386
2020-06-10 04:37:30,63.86729928626307,36.92888248430337,-2.265812145639443,224.60368339366897,19.774131944444445,2020-06-14 04:37:30+00:00,593.3458861573383,51.37544510013216,0.9529536833661878,308.13645638353483
2020-06-10 04:52:30,63.88461201919014,36.983390900470354,-2.2568048693633793,226.5673804459045,19.784548611111113,2020-06-14 04:52:30+00:00,590.8724271182903,51.23756479125486,0.9541990214459656,302.8380634390651
2020-06-10 05:07:30,63.90143662249531,37.03797232383831,-2.247805498183833,224.37449210325147,19.794965277777777,2020-06-14 05:07:30+00:00,588.4053862932054,51.099684477752206,0.9554443288635412,302.0271881707608
2020-06-10 05:22:30,63.9177746189945,37.09262608918047,-2.2388141886980306,218.20374304165117,19.805381944444445,2020-06-14 05:22:30+00:00,588.4053862932054,50.961804159610544,0.9566896055830164,300.2504173622704
2020-06-10 05:37:30,63.93362753309676,37.14735153529404,-2.229831095088818,217.42155071322085,19.815798611111113,2020-06-14 05:37:30+00:00,585.9451899586035,50.82392383687458,0.9579348515684696,300.3598590242998
2020-06-10 05:52:30,63.94899689073262,37.20214800502338,-2.220856369141515,216.17432240007852,19.826215277777777,2020-06-14 05:52:30+00:00,583.4922446199693,50.68604350953053,0.9591800667840028,301.5227399200688
2020-06-10 06:07:30,63.9638842191922,37.25701484523164,-2.211890160269369,215.33830246986903,19.836631944444445,2020-06-14 06:07:30+00:00,583.4922446199693,50.548163177622925,0.9604252511937248,297.2493838937913
2020-06-10 06:22:30,63.97829104700675,37.311951406791735,-2.2029326155353983,218.83309616690667,19.847048611111113,2020-06-14 06:22:30+00:00,581.0469383586506,50.41028284113805,0.9616704047617242,296.05453533667225
2020-06-10 06:37:30,63.99221890373582,37.36695704454909,-2.1939838796787923,223.77195530820993,19.857465277777777,2020-06-14 06:37:30+00:00,581.0469383586506,50.272402500134966,0.9629155274521244,295.4580385298248
2020-06-10 06:52:30,64.00566931998604,37.42203111734224,-2.1850440951320413,228.1197829716194,19.867881944444445,2020-06-14 06:52:30+00:00,578.6096418372355,50.134522154570696,0.9641606192290296,295.59872514797394
2020-06-10 07:07:30,64.01864382717993,37.477172987965346,-2.176113402046923,229.5568048940449,19.878298611111113,2020-06-14 07:07:30+00:00,576.1807090784871,49.996641804504264,0.9654056800565352,293.91843548771766
2020-06-10 07:22:30,64.03114395748426,37.53238202316679,-2.1671919383138483,227.51464159863008,19.888715277777777,2020-06-14 07:22:30+00:00,576.1807090784871,49.85876144995101,0.9666507098987372,294.7077037227288
2020-06-10 07:37:30,64.04317124364357,37.58765759361799,-2.1582798395895346,227.9531485542504,19.899131944444445,2020-06-14 07:37:30+00:00,573.7604780926647,49.72088109089698,0.9678957087197836,294.47058228360396
2020-06-10 07:52:30,64.05472721892257,37.642999073928515,-2.1493772393131194,224.33743739565944,19.909548611111113,2020-06-14 07:52:30+00:00,571.3492714024514,49.58300072737206,0.9691406764837328,295.3175928134192
2020-06-10 08:07:30,64.06581341688407,37.69840584259393,-2.1404842687344168,225.01533563691427,19.919965277777777,2020-06-14 08:07:30+00:00,571.3492714024514,49.44512035939152,0.9703856131547506,292.32980894082726
2020-06-10 08:22:30,64.07643137144574,37.75387728201451,-2.131601056930424,226.3234422963003,19.930381944444445,2020-06-14 08:22:30+00:00,568.9473964982743,49.30723998697044,0.9716305186969144,292.1562392347034
2020-06-10 08:37:30,64.0865826165438,37.8094127784636,-2.122727730830047,228.09057857118705,19.940798611111113,2020-06-14 08:37:30+00:00,566.5551462461488,49.16935961013843,0.9728753930743392,292.37618252643296
2020-06-10 08:52:30,64.09626868627272,37.86501172207325,-2.11386441523573,234.8001878130217,19.951215277777777,2020-06-14 08:52:30+00:00,566.5551462461488,49.03147922889638,0.9741202362511618,291.65540451016244
2020-06-10 09:07:30,64.10549111458569,37.920673506818474,-2.1050112328455484,234.19185347255015,19.961631944444445,2020-06-14 09:07:30+00:00,564.1727992631907,48.89359884324461,0.9753650481914904,291.77585538186537
2020-06-10 09:22:30,64.11425143520809,37.9763975305035,-2.0961683042743555,235.43248082471368,19.972048611111113,2020-06-14 09:22:30+00:00,561.8006202712776,48.75571845322743,0.976609828859452,291.7720009539709
2020-06-10 09:37:30,64.12255118163792,38.03218319474234,-2.087335748076106,227.74624373956593,19.982465277777777,2020-06-14 09:37:30+00:00,561.8006202712776,48.61783805883084,0.9778545782191496,291.9852175277885
2020-06-10 09:52:30,64.13039188700445,38.08802990496616,-2.0785136807617297,227.4628100405438,19.992881944444445,2020-06-14 09:52:30+00:00,559.4388604361984,48.479957660113385,0.9790992962347096,292.3549831730132
2020-06-10 10:07:30,64.13777508385033,38.14393707035441,-2.0697022168285657,229.79810061029448,20.003298611111113,2020-06-14 10:07:30+00:00,557.0877576974549,48.34207725704668,0.980343982870268,292.8820761875854
2020-06-10 10:22:30,64.14470230416231,38.19990410387201,-2.060901468773714,226.44562643164969,20.013715277777777,2020-06-14 10:22:30+00:00,557.0877576974549,48.20419684966009,0.9815886380899272,291.93670362284723
2020-06-10 10:37:30,64.15117507929571,38.25593042224444,-2.0521115471161084,225.7602107049127,20.024131944444445,2020-06-14 10:37:30+00:00,554.7475370923551,48.066316437954086,0.982833261857843,293.6719930042134
2020-06-10 10:52:30,64.15719493976586,38.31201544591721,-2.043332560421646,227.07202977184195,20.034548611111113,2020-06-14 10:52:30+00:00,554.7475370923551,47.928436021987245,0.984077854138118,291.77332591355963
2020-06-10 11:07:30,64.16276341517289,38.36815859904643,-2.034564615323005,225.63672011492025,20.044965277777777,2020-06-14 11:07:30+00:00,552.4184110769437,47.79055560173083,0.9853224148948736,292.8869544478893
2020-06-10 11:22:30,64.16788203422502,38.42435930950322,-2.0258078165369726,222.36071078099965,20.055381944444445,2020-06-14 11:22:30+00:00,550.100579845515,47.65267517721447,0.986566944092266,292.60214836174765
2020-06-10 11:37:30,64.17255232449511,38.4806170088383,-2.0170622668882556,226.22631172539937,20.065798611111113,2020-06-14 11:37:30+00:00,550.100579845515,47.51479474845296,0.9878114416944253,293.8736277634441
2020-06-10 11:52:30,64.17677581243646,38.536931132267625,-2.0083280673297477,229.08826132634852,20.076215277777777,2020-06-14 11:52:30+00:00,547.794231649856,47.37691431547558,0.9890559076654633,293.17380819884994
2020-06-10 12:07:30,64.18055402329105,38.59330111867427,-1.999605316959872,230.3694141398455,20.086631944444445,2020-06-14 12:07:30+00:00,545.4995431189286,47.239033878268195,0.9903003419695235,294.6895619683599
2020-06-10 12:22:30,64.18388848090082,38.64972641055457,-1.99089411304873,230.2395643813377,20.097048611111113,2020-06-14 12:22:30+00:00,545.4995431189286,47.10115343687462,0.9915447445707416,292.37618252643296
2020-06-10 12:37:30,64.18678070776572,38.70620645403709,-1.9821945510528425,230.4358911357639,20.107465277777777,2020-06-14 12:37:30+00:00,543.216679579342,46.96327299128065,0.9927891154332624,293.7806396904894
2020-06-10 12:52:30,64.18923222487243,38.762740698850166,-1.9735067246374056,230.1934564251605,20.117881944444445,2020-06-14 12:52:30+00:00,540.945795376724,46.82539254153013,0.9940334545212168,294.31062352598246
2020-06-10 13:07:30,64.1912445516117,38.81932859830243,-1.964830725696738,230.048833951623,20.128298611111113,2020-06-14 13:07:30+00:00,540.945795376724,46.687512087623105,0.995277761798739,294.8061584121684
2020-06-10 13:22:30,64.19281920577568,38.875969609279885,-1.95616664437186,226.7215384814484,20.138715277777777,2020-06-14 13:22:30+00:00,538.6870341978857,46.54963162955994,0.9965220372299742,294.01527798856677
2020-06-10 13:37:30,64.1939577033865,38.93266319221514,-1.9475145690722768,225.776327481286,20.149131944444445,2020-06-14 13:37:30+00:00,536.4405293935349,46.41175116738427,0.9977662807790576,294.77749110470313
2020-06-10 13:52:30,64.19466155870694,38.98940881107455,-1.938874586494841,225.6344553584139,20.159548611111113,2020-06-14 13:52:30+00:00,536.4405293935349,46.273870701081826,0.999010492410161,295.0473010573178
2020-06-10 14:07:30,64.1949322840527,39.046205933338136,-1.93024678164345,224.62760932303195,20.169965277777777,2020-06-14 14:07:30+00:00,534.2064043011742,46.13599023069629,1.0002546720874164,294.917455017622
