time,longitude,radius,latitude,Vr,Time_days,Times_Earth,Vr_pred_Earth,Lon-L1,Lat-L1,Vr_obs_Earth
2021-08-07 00:22:30,9.634000704069404,34.31494720193647,2.0832772338834857,384.3680077724771,6.192245370370371,2021-08-11 00:22:30+00:00,411.1094818998603,228.72618150796103,6.431239438934441,456.1602671118531
2021-08-07 00:37:30,9.634954751198856,34.22989612370029,2.074836808057786,330.1286089468945,6.202662037037037,2021-08-11 00:37:30+00:00,411.9374995366678,228.5884696952687,6.431825038053888,453.8993560696399
2021-08-07 00:52:30,9.636648351483798,34.14480485262125,2.0663402488440523,340.1329895024887,6.213078703703704,2021-08-11 00:52:30+00:00,411.9374995366678,228.4507579354164,6.4324104438671466,451.8299730319763
2021-08-07 01:07:30,9.639087391106532,34.05967376986533,2.0577870682350055,362.6626387895169,6.223495370370371,2021-08-11 01:07:30+00:00,412.62378749318555,228.313046228374,6.432995656353187,447.3169568328166
2021-08-07 01:22:30,9.642277816217463,33.974503264018296,2.0491767733534982,341.4375555093957,6.233912037037037,2021-08-11 01:22:30+00:00,412.62378749318555,228.1753345741258,6.433580675490945,445.1264928727366
2021-08-07 01:37:30,9.64622563366042,33.88929373120255,2.040508866405093,338.74073877783763,6.244328703703704,2021-08-11 01:37:30+00:00,413.16729962824814,228.03762297264169,6.434165501259358,445.6658533453191
2021-08-07 01:52:30,9.650936911575842,33.804045575213706,2.0317828446329607,377.17587949001023,6.254745370370371,2021-08-11 01:52:30+00:00,413.5694965207298,227.89991142393495,6.434750133637401,449.1056522776056
2021-08-07 02:07:30,9.656417780095506,33.718759207675994,2.022998200273701,320.89697615574073,6.265162037037037,2021-08-11 02:07:30+00:00,413.5694965207298,227.7621999279611,6.435334572604004,443.73956594323874
2021-08-07 02:22:30,9.662674432241472,33.633435048116766,2.014154420505272,335.2764416831297,6.275578703703704,2021-08-11 02:22:30+00:00,413.8339455980319,227.62448848470456,6.43591881813813,445.09897448127833
2021-08-07 02:37:30,9.669713124446371,33.54807352414255,2.0052509874039735,323.54935645430555,6.285995370370371,2021-08-11 02:37:30+00:00,413.96590767653095,227.4867770941933,6.436502870218729,446.24373956594326
2021-08-07 02:52:30,9.677540177365673,33.462675071560135,1.996287377896796,333.23399020945243,6.296412037037037,2021-08-11 02:52:30+00:00,413.96590767653095,227.3490657563536,6.437086728824769,442.9525399475316
2021-08-07 03:07:30,9.68616197661836,33.377240134531775,1.987263063715392,348.73077808077,6.306828703703704,2021-08-11 03:07:30+00:00,413.97193474861035,227.21135447119912,6.437670393935202,439.5507664288966
2021-08-07 03:22:30,9.695584973525532,33.291769165695385,1.9781775113473776,325.75383347359633,6.317245370370371,2021-08-11 03:22:30+00:00,413.859497293051,227.0736432387288,6.438253865528968,447.7462437395659
2021-08-07 03:37:30,9.705815685824282,33.2062626263293,1.969030181991704,326.12120737395793,6.327662037037037,2021-08-11 03:37:30+00:00,413.859497293051,226.9359320589124,6.43883714358506,447.65518288055847
2021-08-07 03:52:30,9.71686069854196,33.12072098647117,1.9598205315083543,318.84847997767076,6.338078703703704,2021-08-11 03:52:30+00:00,413.63665299455744,226.79822093170569,6.439420228082419,438.37347960887195
2021-08-07 04:07:30,9.72872666462625,33.03514472508727,1.9505480103733712,325.4393639025506,6.348495370370371,2021-08-11 04:07:30+00:00,413.31176313830343,226.660509857151,6.440003119,434.72454090150256
2021-08-07 04:22:30,9.741420305804862,32.94953433022476,1.9412120636326484,328.0433954949256,6.358912037037037,2021-08-11 04:22:30+00:00,413.31176313830343,226.5227988351749,6.440585816316786,435.9993929276066
2021-08-07 04:37:30,9.754948413367858,32.863890299162605,1.9318121308538492,331.57537695100297,6.369328703703704,2021-08-11 04:37:30+00:00,412.8932584154577,226.38508786580556,6.441168320011737,433.00739327450515
2021-08-07 04:52:30,9.769317848943173,32.77821313856262,1.922347646079317,329.8037948552247,6.379745370370371,2021-08-11 04:52:30+00:00,412.3894525240245,226.2473769489983,6.441750630063817,434.08711488845046
2021-08-07 05:07:30,9.784535545303854,32.69250336463332,1.912818037779756,328.7303424362121,6.390162037037037,2021-08-11 05:07:30+00:00,412.3894525240245,226.10966608476687,6.442332746451986,437.3718101597902
2021-08-07 05:22:30,9.800608507181016,32.606761503292915,1.9032227288072925,324.38521779911366,6.400578703703704,2021-08-11 05:22:30+00:00,411.8083997042723,225.97195527306673,6.442914669155236,428.881469115192
2021-08-07 05:37:30,9.817543812061258,32.52098809033508,1.8935611363495704,333.6159434005397,6.410995370370371,2021-08-11 05:37:30+00:00,411.8083997042723,225.83424451391153,6.443496398152519,431.71953255425706
2021-08-07 05:52:30,9.835348611075611,32.4351836715923,1.8838326718823513,322.2697380143699,6.421412037037037,2021-08-11 05:52:30+00:00,411.15779104540894,225.69653380725688,6.444077933422821,436.3522537562605
2021-08-07 06:07:30,9.854030129775834,32.3493488031114,1.8740367411241563,324.78198470923866,6.431828703703704,2021-08-11 06:07:30+00:00,410.44488383781373,225.55882315308725,6.444659274945106,440.2337228714524
2021-08-07 06:22:30,9.873595668965711,32.26348405133672,1.864172743991172,385.3655517285793,6.442245370370371,2021-08-11 06:22:30+00:00,410.44488383781373,225.4211125514311,6.445240422698361,456.2604340567613
2021-08-07 06:37:30,9.89405260563576,32.17758999326389,1.854240074549428,349.88641677074,6.452662037037037,2021-08-11 06:37:30+00:00,409.6764582209929,225.28340200221476,6.445821376661568,454.8294777009301
2021-08-07 06:52:30,9.915408393730898,32.091667216648695,1.8442381209722156,328.1562698433955,6.463078703703704,2021-08-11 06:52:30+00:00,408.85879571203174,225.14569150546657,6.4464021368136875,456.4035296923443
2021-08-07 07:07:30,9.937670565116038,32.005716320146554,1.834166265490306,323.81250592344236,6.473495370370371,2021-08-11 07:07:30+00:00,408.85879571203174,225.0079810611421,6.446982703133712,459.9332220367279
2021-08-07 07:22:30,9.960846730285644,31.91973791357615,1.8240238843564576,317.2300334711306,6.483912037037037,2021-08-11 07:22:30+00:00,407.9976747464592,224.87027066925515,6.447563075600619,469.5325542570952
2021-08-07 07:37:30,9.984944579485155,31.83373261801268,1.8138103477896776,320.57354552596297,6.494328703703704,2021-08-11 07:37:30+00:00,407.09837901220186,224.73256032976133,6.448143254193386,466.8614357262103
2021-08-07 07:52:30,10.009971883385877,31.74770106606217,1.80352501994093,325.50569273161364,6.504745370370371,2021-08-11 07:52:30+00:00,407.09837901220186,224.59485004265977,6.448723238891029,455.61650369663727
2021-08-07 08:07:30,10.035936494130723,31.66164390201897,1.7931672588460952,328.5872352877673,6.515162037037037,2021-08-11 08:07:30+00:00,406.16571502920306,224.45713980792095,6.449303029672497,463.5225375626043
2021-08-07 08:22:30,10.06284634614073,31.575561782069997,1.782736416382669,331.2214531095211,6.525578703703704,2021-08-11 08:22:30+00:00,405.2040360709582,224.31942962555857,6.449882626516802,452.4683997138088
2021-08-07 08:37:30,10.090709457119976,31.489455374508896,1.7722318382299689,383.7189137709535,6.535995370370371,2021-08-11 08:37:30+00:00,405.2040360709582,224.18171949555733,6.450462029402938,454.4574290484141
2021-08-07 08:52:30,10.11953392891212,31.403325359914675,1.7616528638237654,343.1016559672221,6.546412037037037,2021-08-11 08:52:30+00:00,404.21727010940214,224.04400941785855,6.451041238309868,461.3689482470785
2021-08-07 09:07:30,10.149327948461398,31.317172431419102,1.7509988263224858,324.86543564595854,6.556828703703704,2021-08-11 09:07:30+00:00,403.20894997643455,223.90629939247583,6.451620253216617,458.8480801335559
2021-08-07 09:22:30,10.180099788782655,31.23099729486334,1.7402690525603155,340.9836252330752,6.567245370370371,2021-08-11 09:22:30+00:00,403.20894997643455,223.7685894194089,6.452199074102154,463.415215835917
2021-08-07 09:37:30,10.2118578098306,31.144800669033938,1.7294628630103792,332.1374033218132,6.577662037037037,2021-08-11 09:37:30+00:00,402.1822443696444,223.63087949861333,6.452777700945509,459.1938945862151
2021-08-07 09:52:30,10.244610459534742,31.058583285916857,1.718579571750071,350.1545067216536,6.588078703703704,2021-08-11 09:52:30+00:00,402.1822443696444,223.4931696300885,6.453356133725624,458.21824252542115
2021-08-07 10:07:30,10.278366274706398,30.972345890873207,1.7076184864175117,328.9989942114849,6.598495370370371,2021-08-11 10:07:30+00:00,401.1399886889968,223.3554598138192,6.453934372421554,464.3453374672072
2021-08-07 10:22:30,10.3131338820363,30.88608924291719,1.6965789081817304,326.89523771190915,6.608912037037037,2021-08-11 10:22:30+00:00,400.08471498183883,223.2177500497904,6.454512417012263,464.8580968280468
2021-08-07 10:37:30,10.34892199908965,30.79981411488284,1.685460131697743,361.7230137704096,6.619328703703704,2021-08-11 10:37:30+00:00,400.08471498183883,223.08004033800165,6.455090267476788,466.3486763653708
2021-08-07 10:52:30,10.385739435213802,30.71352129376313,1.674261445086638,351.78945821597307,6.629745370370371,2021-08-11 10:52:30+00:00,399.0186805038995,222.94233067839403,6.455667923794112,465.1085141903172
2021-08-07 11:07:30,10.42359509263556,30.627211580863214,1.6629821298901186,305.09202312985764,6.640162037037037,2021-08-11 11:07:30+00:00,397.94389458294074,222.80462107099615,6.456245385943231,469.6577629382303
2021-08-07 11:22:30,10.462497967373045,30.54088579206739,1.651621461041738,294.5461399497696,6.650578703703704,2021-08-11 11:22:30+00:00,397.94389458294074,222.6669115157787,6.456822653903175,465.3756260434057
2021-08-07 11:37:30,10.502457150295127,30.45454475812368,1.6401787068410496,322.48992592496353,6.660995370370371,2021-08-11 11:37:30+00:00,396.8621436080181,222.52920201271175,6.457399727652951,464.6315287383735
2021-08-07 11:52:30,10.54348182810862,30.36818932487158,1.6286531289207642,284.5003184721143,6.671412037037037,2021-08-11 11:52:30+00:00,395.77501406885085,222.391492561795,6.457976607171536,463.9398998330552
2021-08-07 12:07:30,10.585581284315642,30.281820353512018,1.6170439822212073,289.9826512965029,6.681828703703704,2021-08-11 12:07:30+00:00,395.77501406885085,222.25378316301337,6.458553292437991,462.05580729787744
2021-08-07 12:22:30,10.628764900387887,30.195438720845782,1.6053505149605538,283.68395639570355,6.692245370370371,2021-08-11 12:22:30+00:00,394.6839136435533,222.1160738163518,6.459129783431293,450.321965180062
2021-08-07 12:37:30,10.673042156587757,30.10904531960251,1.5935719686188008,276.6177744105477,6.702662037037037,2021-08-11 12:37:30+00:00,393.5900903848674,221.9783645217956,6.459706080130482,454.5909849749583
2021-08-07 12:52:30,10.71842263326615,30.022641058626633,1.5817075779037093,273.6150882461851,6.713078703703704,2021-08-11 12:52:30+00:00,393.5900903848674,221.84065527932975,6.460282182514548,459.36560934891486
2021-08-07 13:07:30,10.764916011603324,29.93622686323856,1.5697565707415797,264.04843412976294,6.723495370370371,2021-08-11 13:07:30+00:00,392.4946500900133,221.70294608895372,6.460858090562543,449.3489148580968
2021-08-07 13:22:30,10.812532074947809,29.849803675456688,1.5577181682503876,260.662699830523,6.733912037037037,2021-08-11 13:22:30+00:00,391.3985719613681,221.5652369506235,6.461433804253457,450.6797042690198
2021-08-07 13:37:30,10.86128070956188,29.76337245434979,1.54559158473196,254.46258143990423,6.744328703703704,2021-08-11 13:37:30+00:00,391.3985719613681,221.4275278643245,6.462009323566347,450.5008347245409
2021-08-07 13:52:30,10.911171905955738,29.676934176256136,1.5333760276478006,256.0477272148512,6.754745370370371,2021-08-11 13:52:30+00:00,390.3027226776473,221.2898188300706,6.46258464848021,446.1071482774321
2021-08-07 14:07:30,10.96221575978171,29.590489835127507,1.521070697613565,256.78788483073185,6.765162037037037,2021-08-11 14:07:30+00:00,390.3027226776473,221.15210984781817,6.463159778974077,445.46972226438
2021-08-07 14:22:30,11.014422472927135,29.50404044282013,1.5086747883871114,319.21331751969706,6.775578703703704,2021-08-11 14:22:30+00:00,389.20786900065815,221.0144009175665,6.463734715026978,443.524922489864
2021-08-07 14:37:30,11.067802354616076,29.417587029407287,1.4961874868635954,317.8182833906056,6.785995370370371,2021-08-11 14:37:30+00:00,388.1146890430266,220.87669203931563,6.4643094566179435,442.9048414023373
2021-08-07 14:52:30,11.122365822370217,29.331130643501034,1.4836079730705118,316.1730645002015,6.796412037037037,2021-08-11 14:52:30+00:00,388.1146890430266,220.73898321302175,6.464884003725999,437.5149057953733
2021-08-07 15:07:30,11.17812340322295,29.24467235253964,1.4709354201629554,316.1415421250387,6.806828703703704,2021-08-11 15:07:30+00:00,387.02378231912127,220.6012744386989,6.465458356330186,439.8044359647031
2021-08-07 15:22:30,11.235085734711106,29.158213243144772,1.458168994429364,316.43048491672164,6.817245370370371,2021-08-11 15:22:30+00:00,385.93567869587457,220.46356571630355,6.466032514409527,441.65275459098496
2021-08-07 15:37:30,11.293263565955584,29.07175442143335,1.4453078552930612,309.1590247165216,6.827662037037037,2021-08-11 15:37:30+00:00,385.93567869587457,220.32585704582067,6.466606477943074,438.7312186978297
2021-08-07 15:52:30,11.352667758721385,28.985297013365617,1.4323511553222283,300.5528928141885,6.838078703703704,2021-08-11 15:52:30+00:00,384.85084635322295,220.1881484272647,6.467180246909863,442.7378964941569
2021-08-07 16:07:30,11.413309288529865,28.89884216506348,1.4192980402373965,297.54595521801565,6.848495370370371,2021-08-11 16:07:30+00:00,383.76969885609714,220.05043986060656,6.467753821288904,444.7412353923205
2021-08-07 16:22:30,11.47519924571597,28.81239104319146,1.4061476489310964,298.3538455565477,6.858912037037037,2021-08-11 16:22:30+00:00,383.76969885609714,219.91273134583156,6.468327201059276,442.6468356351495
2021-08-07 16:37:30,11.538348836448986,28.725944835279577,1.3928991134816913,298.07111661304447,6.869328703703704,2021-08-11 16:37:30+00:00,382.6926014317676,219.7750228829248,6.468900386199994,440.0906272358693
2021-08-07 16:52:30,11.60276938394095,28.639504750094225,1.3795515591776275,296.06195371881364,6.879745370370371,2021-08-11 16:52:30+00:00,381.6198765382206,219.63731447187195,6.469473376690124,437.36530581271813
2021-08-07 17:07:30,11.668472329356382,28.553072018004116,1.366104104543193,283.00901725221115,6.890162037037037,2021-08-11 17:07:30+00:00,381.6198765382206,219.49960611264365,6.470046172508698,432.93584545671354
2021-08-07 17:22:30,11.735469232995104,28.466647891356633,1.3525558613702893,293.91784805252115,6.900578703703704,2021-08-11 17:22:30+00:00,380.5518088013268,219.36189780525447,6.470618773634784,432.97161936560934
2021-08-07 17:37:30,11.80377177528902,28.38023364482887,1.3389059347493395,245.12749379469517,6.910995370370371,2021-08-11 17:37:30+00:00,379.4886493910367,219.2241895496752,6.471191180047411,431.2186978297162
2021-08-07 17:52:30,11.873391757905267,28.29383057585401,1.3251534231150004,236.38234266413016,6.921412037037037,2021-08-11 17:52:30+00:00,379.4886493910367,219.0864813458768,6.471763391725638,429.0007154781779
2021-08-07 18:07:30,11.944341104814637,28.207440004971527,1.3112974182842592,221.8304931884089,6.931828703703704,2021-08-11 18:07:30+00:00,378.4306198997625,218.94877319385932,6.472335408648528,428.5141903171953
2021-08-07 18:22:30,12.016631863276164,28.121063276230977,1.2973370055072968,218.338981358743,6.942245370370371,2021-08-11 18:22:30+00:00,378.4306198997625,218.8110650936229,6.472907230795119,426.2818984020987
2021-08-07 18:37:30,12.090276204988726,28.03470175760996,1.2832712635243455,245.37517342510307,6.952662037037037,2021-08-11 18:37:30+00:00,377.3779157795554,218.67335704512365,6.473478858144479,420.61010775534976
2021-08-07 18:52:30,12.165286426986212,27.948356841419557,1.269099264624215,277.07431667520194,6.963078703703704,2021-08-11 18:52:30+00:00,376.33070938866456,218.53564904837643,6.47405029067569,422.4898640591462
2021-08-07 19:07:30,12.24167495281393,27.862029944703977,1.254820074708488,265.6258712170722,6.973495370370371,2021-08-11 19:07:30+00:00,376.33070938866456,218.39794110333756,6.47462152836775,422.78797996661103
2021-08-07 19:22:30,12.319454333425584,27.77572250969064,1.2404327533667092,268.671633684715,6.983912037037037,2021-08-11 19:22:30+00:00,375.2891526925778,218.26023321000727,6.475192571199778,424.70784641068445
2021-08-07 19:37:30,12.398637248273223,27.6894360041885,1.2259363539495298,260.2838323579756,6.994328703703704,2021-08-11 19:37:30+00:00,374.25337965966656,218.1225253683712,6.475763419150822,426.29382303839736
2021-08-07 19:52:30,12.479236506282756,27.603171922055704,1.211329923657701,220.81187682016636,7.004745370370371,2021-08-11 19:52:30+00:00,374.25337965966656,217.9848175784147,6.476334072199963,428.499880753637
2021-08-07 20:07:30,12.56126504685368,27.516931783595407,1.1966125036246733,221.2574557332032,7.015162037037037,2021-08-11 20:07:30+00:00,373.22350838707604,217.8471098401093,6.476904530326244,427.9440092461796
2021-08-07 20:22:30,12.644735940833517,27.430717136063425,1.181783129024807,221.3016506109404,7.025578703703704,2021-08-11 20:22:30+00:00,372.1996429884705,217.70940215346943,6.477474793508749,426.7882368049314
2021-08-07 20:37:30,12.729662391366173,27.344529554108146,1.1668408291751995,221.479747193292,7.035995370370371,2021-08-11 20:37:30+00:00,372.1996429884705,217.57169451846616,6.478044861726555,427.9274982113045
2021-08-07 20:52:30,12.816057735021657,27.258370640210195,1.1517846276434731,216.4107373643264,7.046412037037037,2021-08-11 20:52:30+00:00,371.1818752716387,217.4339869350855,6.478614734958723,428.7915757030949
2021-08-07 21:07:30,12.903935442594213,27.17224202517291,1.136613542372179,229.88138899125377,7.056828703703704,2021-08-11 21:07:30+00:00,370.170286230748,217.2962794033129,6.479184413184333,432.3634629143811
2021-08-07 21:22:30,12.993309120110718,27.08614536858775,1.1213265858042567,250.7297192131839,7.067245370370371,2021-08-11 21:22:30+00:00,370.170286230748,217.15857192313428,6.479753896382468,429.0484140233723
2021-08-07 21:37:30,13.084192509550835,27.00008235937023,1.1059227650289487,233.0494287940135,7.077662037037037,2021-08-11 21:37:30+00:00,369.1649473751651,217.0208644945208,6.4803231845322085,428.2136894824708
2021-08-07 21:52:30,13.176599489864993,26.91405471618219,1.090401081915518,225.06357811667328,7.088078703703704,2021-08-11 21:52:30+00:00,368.16592191421944,216.8831571174874,6.480892277612632,424.88996812869937
2021-08-07 22:07:30,13.270544077732469,26.82806418799065,1.0747605332778778,218.39718097900345,7.098495370370371,2021-08-11 22:07:30+00:00,368.16592191421944,216.7454497919907,6.481461175602824,421.7743858812306
2021-08-07 22:22:30,13.366040428445537,26.742112554550832,1.0590001110340477,222.0263417749551,7.108912037037037,2021-08-11 22:22:30+00:00,367.173265815018,216.60774251804577,6.482029878481872,421.1564729093944
2021-08-07 22:37:30,13.46310283667746,26.65620162691625,1.0431188023802551,231.27422288038815,7.119328703703704,2021-08-11 22:37:30+00:00,367.173265815018,216.47003529562383,6.482598386228863,422.34676842356305
2021-08-07 22:52:30,13.561745737160022,26.570333247998025,1.027115589981069,230.64434766439527,7.129745370370371,2021-08-11 22:52:30+00:00,366.1870287484198,216.33232812469615,6.483166698822879,422.2421985360216
2021-08-07 23:07:30,13.66198370556483,26.484509293062356,1.0109894521586946,217.56627530571456,7.140162037037037,2021-08-11 23:07:30+00:00,365.20725493650036,216.19462100527795,6.483734816243033,419.6994991652755
2021-08-07 23:22:30,13.763831459058864,26.398731670288505,0.9947393631022754,211.13510872862523,7.150578703703704,2021-08-11 23:22:30+00:00,365.20725493650036,216.05691393732604,6.484302738468394,418.6262818984021
2021-08-07 23:37:30,13.867303857069473,26.313002321316763,0.9783642930858388,233.20241466764745,7.160995370370371,2021-08-11 23:37:30+00:00,364.23398391326685,215.91920692084076,6.484870465478072,416.47189760712297
2021-08-07 23:52:30,13.97241590186661,26.227323221796784,0.9618632086959944,215.32569763462936,7.171412037037037,2021-08-11 23:52:30+00:00,363.26725120899204,215.78149995580813,6.485437997251151,414.5370489277
2021-08-08 00:07:30,14.079182739195437,26.141696381959356,0.9452350730756716,214.77892313847255,7.181828703703704,2021-08-12 00:07:30+00:00,363.26725120899204,215.64379304222885,6.486005333766744,414.69115191986646
2021-08-08 00:22:30,14.187619658769764,26.05612384719264,0.9284788461792094,205.16598644497444,7.192245370370371,2021-08-12 00:22:30+00:00,362.307088967308,215.50608618005973,6.486572475003966,411.6145957548295
2021-08-08 00:37:30,14.297742094823098,25.97060769860593,0.9115934850375752,207.7536078510445,7.202662037037037,2021-08-12 00:37:30+00:00,361.35352650311313,215.36837936931596,6.4871394209418725,410.6844741235392
2021-08-08 00:52:30,14.409565626533018,25.885150053651422,0.8945779440467014,219.9740644745614,7.213078703703704,2021-08-12 00:52:30+00:00,361.35352650311313,215.23067260995452,6.4877061715596325,411.81969949916527
2021-08-08 01:07:30,14.523105978458034,25.799753066674903,0.8774311752534136,197.37021066618908,7.223495370370371,2021-08-12 01:07:30+00:00,360.4065908083824,215.0929659019906,6.488272726836298,421.5358931552588
2021-08-08 01:22:30,14.63837902096547,25.714418929552306,0.8601521286733725,193.53352377178567,7.233912037037037,2021-08-12 01:22:30+00:00,359.4663070121234,214.95525924538137,6.488839086751003,423.92082041497736
2021-08-08 01:37:30,14.755400770388071,25.629149872301134,0.8427397526151742,202.12388238962913,7.244328703703704,2021-08-12 01:37:30+00:00,359.4663070121234,214.81755264012727,6.489405251282864,423.70617696160264
2021-08-08 01:52:30,14.87418738946518,25.543948163681986,0.8251929940191304,203.2007804312991,7.254745370370371,2021-08-12 01:52:30+00:00,358.5326987999651,214.67984608621475,6.489971220410983,418.9289842044433
2021-08-08 02:07:30,14.994755187290602,25.458816111871617,0.807510798822969,215.40593829592623,7.265162037037037,2021-08-12 02:07:30+00:00,357.60578879820247,214.54213958364429,6.49053699411447,420.98735988552346
2021-08-08 02:22:30,15.11712061972338,25.373756065036737,0.7896921123242598,216.29564189342807,7.275578703703704,2021-08-12 02:22:30+00:00,357.60578879820247,214.40443313237324,6.49110257237248,414.91374513077346
2021-08-08 02:37:30,15.241300289301378,25.2887704120258,0.7717358795811589,224.464223317933,7.285995370370371,2021-08-12 02:37:30+00:00,356.685598926526,214.26672673240236,6.491667955164093,423.34843787264487
2021-08-08 02:52:30,15.36731094524546,25.203861583009807,0.7536410458205718,223.87381486672112,7.296412037037037,2021-08-12 02:52:30+00:00,356.685598926526,214.12902038371791,6.492233142468435,418.36393989983304
2021-08-08 03:07:30,15.495169483420732,25.11903205013433,0.7354065568639248,220.22126748631092,7.306828703703704,2021-08-12 03:07:30+00:00,355.77215072314374,213.99131408630615,6.4927981342646515,420.8442642499403
2021-08-08 03:22:30,15.624892946156091,25.034284328214778,0.7170313595814228,221.78617431294745,7.317245370370371,2021-08-12 03:22:30+00:00,354.86546564553635,213.85360784015356,6.4933629305318625,437.8206101077554
2021-08-08 03:37:30,15.756498522031574,24.949620975378217,0.6985144023514673,243.78534115999784,7.327662037037037,2021-08-12 03:37:30+00:00,354.86546564553635,213.71590164526097,6.493927531249177,428.96494156928213
2021-08-08 03:52:30,15.890003545599312,24.865044593769944,0.6798546355534614,242.0264318611434,7.338078703703704,2021-08-12 03:52:30+00:00,353.96556534967095,213.57819550158547,6.494491936395756,430.1714979511306
2021-08-08 04:07:30,16.025425496889802,24.780557830253116,0.6610510120787242,227.0932299017993,7.348495370370371,2021-08-12 04:07:30+00:00,353.0724719501306,213.44048940912828,6.495056145950706,429.2869067493441
2021-08-08 04:22:30,16.162782001099885,24.696163377071933,0.6421024878534988,242.6058556077378,7.358912037037037,2021-08-12 04:22:30+00:00,353.0724719501306,213.30278336787583,6.495620159893168,426.7827331266397
2021-08-08 04:37:30,16.30209082780816,24.611863972608415,0.6230080224028433,243.8112658381624,7.369328703703704,2021-08-12 04:37:30+00:00,352.1862082632855,213.16507737781436,6.496183978202286,424.79131886477455
2021-08-08 04:52:30,16.443369890401186,24.52766240206226,0.6037665794203176,246.5379205080725,7.379745370370371,2021-08-12 04:52:30+00:00,351.30679803533667,213.0273714389306,6.4967476008572005,422.4373956594323
2021-08-08 05:07:30,16.58663724527026,24.443561498193095,0.5843771273724002,239.2686130631155,7.390162037037037,2021-08-12 05:07:30+00:00,351.30679803533667,212.88966555121095,6.497311027837049,414.9415692821369
2021-08-08 05:22:30,16.73191109093073,24.359564142035804,0.5648386401208388,242.29919201346624,7.400578703703704,2021-08-12 05:22:30+00:00,350.4342661567972,212.75195971465652,6.497874259120961,411.3999523014549
2021-08-08 05:37:30,16.87920976694121,24.275673263644812,0.5451500975752763,232.28717194613432,7.410995370370371,2021-08-12 05:37:30+00:00,349.5686388647345,212.6142539292248,6.498437294688089,403.3085445439369
2021-08-08 05:52:30,17.028551752849637,24.19189184283297,0.5253104863689319,216.36946477676173,7.421412037037037,2021-08-12 05:52:30+00:00,349.5686388647345,212.476548194917,6.49900013451761,403.67278797996664
2021-08-08 06:07:30,17.179955665725604,24.108222907698593,0.5053188029697085,214.9467863105175,7.431828703703704,2021-08-12 06:07:30+00:00,348.70994393388503,212.33884251173413,6.499562778588633,408.2637729549249
2021-08-08 06:22:30,17.333440261008196,24.02466953941056,0.485174050050309,224.0885360515018,7.442245370370371,2021-08-12 06:22:30+00:00,347.85821085754907,212.2011368796338,6.5001252268803285,412.33007393274505
2021-08-08 06:37:30,17.48902443168405,23.941234874217123,0.4648752359187521,210.27709825142907,7.452662037037037,2021-08-12 06:37:30+00:00,347.85821085754907,212.0634312986174,6.500687479371852,411.048717559569
2021-08-08 06:52:30,17.6467272033063,23.85792209854092,0.4444213814250328,215.08370400187923,7.463078703703704,2021-08-12 06:52:30+00:00,347.0134710189999,211.9257257686714,6.501249536042351,413.1501219982021
2021-08-08 07:07:30,17.806567733936184,23.77473445235072,0.4238115179404775,221.82074107842485,7.473495370370371,2021-08-12 07:07:30+00:00,347.0134710189999,211.7880202897827,6.5018113968710045,414.54805628428335
2021-08-08 07:22:30,17.968565311972416,23.691675229978586,0.4030446882180198,218.79402379564135,7.483912037037037,2021-08-12 07:22:30+00:00,346.1757578539717,211.6503148619527,6.502373061836957,411.1853088480801
2021-08-08 07:37:30,18.13273935413268,23.608747780897783,0.3821199472724121,231.5211941549661,7.494328703703704,2021-08-12 07:37:30+00:00,345.3451070046406,211.51260948513888,6.502934530919365,411.1853088480801
2021-08-08 07:52:30,18.29910940320779,23.525955510490707,0.3610363632896929,223.7155739136049,7.504745370370371,2021-08-12 07:52:30+00:00,345.3451070046406,211.37490415935693,6.503495804097402,407.5125208681135
2021-08-08 08:07:30,18.467695125584378,23.44330188085706,0.3397930185789177,227.64511220115745,7.515162037037037,2021-08-12 08:07:30+00:00,344.52155646537074,211.23719888456532,6.504056881350259,410.607422627456
2021-08-08 08:22:30,18.638516308658737,23.36079041160117,0.3183890105525412,219.76447922806787,7.525578703703704,2021-08-12 08:22:30+00:00,343.70514672036416,211.09949366076492,6.504617762657068,412.3539232053422
2021-08-08 08:37:30,18.811592857957272,23.278424680649792,0.2968234527478702,218.51155349354872,7.535995370370371,2021-08-12 08:37:30+00:00,343.70514672036416,210.96178848795728,6.505178447997014,422.4183162413546
2021-08-08 08:52:30,18.98694479428959,23.196208325025538,0.2750954758730012,233.1275403310087,7.546412037037037,2021-08-12 08:52:30+00:00,342.8959208732323,210.82408336610015,6.505738937349287,415.4424040066778
2021-08-08 09:07:30,19.164592250416703,23.114145041693774,0.2532042289077444,236.98488208421543,7.556828703703704,2021-08-12 09:07:30+00:00,342.0939247683833,210.68637829522444,6.506299230693049,411.10183639399
2021-08-08 09:22:30,19.344555467775283,23.032238588316424,0.2311488802179306,227.43919975102943,7.567245370370371,2021-08-12 09:22:30+00:00,342.0939247683833,210.5486732752588,6.506859328007474,405.8582485961451
2021-08-08 09:37:30,19.526854792713394,22.95049278412985,0.2089286187394853,216.4713229765754,7.577662037037037,2021-08-12 09:37:30+00:00,341.2992071040136,210.4109683062337,6.507419229271758,418.4246471391713
2021-08-08 09:52:30,19.711510672825476,22.86891151069445,0.1865426551688561,218.45590003095276,7.588078703703704,2021-08-12 09:52:30+00:00,340.5118195363793,210.273263388122,6.5079789344650925,408.18030050083473
2021-08-08 10:07:30,19.89854365290036,22.78749871272401,0.1639902232142777,210.65551493399423,7.598495370370371,2021-08-12 10:07:30+00:00,340.5118195363793,210.1355585208959,6.508538443566647,417.278797996661
2021-08-08 10:22:30,20.087974370450713,22.706258398916383,0.1412705808885098,246.98938368426275,7.608912037037037,2021-08-12 10:22:30+00:00,339.7318167749244,209.99785370457172,6.509097756555603,405.3183877891725
2021-08-08 10:37:30,20.279823551406075,22.625194642728875,0.1183830118293094,216.1354820688763,7.619328703703704,2021-08-12 10:37:30+00:00,338.9592566677405,209.86014893912215,6.509656873411171,403.0717863105175
2021-08-08 10:52:30,20.47411200511757,22.54431158323557,0.0953268266852131,225.19841145595245,7.629745370370371,2021-08-12 10:52:30+00:00,338.9592566677405,209.7224442245197,6.510215794112525,406.3916050560458
2021-08-08 11:07:30,20.67086061952612,22.463613425862352,0.0721013645115308,211.41292039615607,7.640162037037037,2021-08-12 11:07:30+00:00,338.1942002767344,209.5847395607807,6.510774518638895,404.1280922750038
2021-08-08 11:22:30,20.870090355611858,22.38310444326685,0.0487059942530902,215.2133229847149,7.650578703703704,2021-08-12 11:22:30+00:00,338.1942002767344,209.44703494787785,6.511333046969443,413.5463868352015
2021-08-08 11:37:30,21.07182224197383,22.302788976084912,0.02514011623349,217.95270140290177,7.660995370370371,2021-08-12 11:37:30+00:00,337.43671194179075,209.30933038581293,6.511891379083371,406.1054137848796
2021-08-08 11:52:30,21.27607736891788,22.222671433724187,0.0014031637082452,221.24394829926177,7.671412037037037,2021-08-12 11:52:30+00:00,336.68685933312054,209.17162587452944,6.512449514959915,409.3250655854996
2021-08-08 12:07:30,21.48287688221491,22.142756295192555,-0.0225053955273417,232.8567104507712,7.681828703703704,2021-08-12 12:07:30+00:00,336.68685933312054,209.0339214140586,6.513007454578238,398.6644407345576
2021-08-08 12:22:30,21.69224197663118,22.063048109848587,-0.0465860575015387,222.98095538441035,7.692245370370371,2021-08-12 12:22:30+00:00,335.9447134909007,208.8962170043877,6.513565197917582,400.4173622704507
2021-08-08 12:37:30,21.904193889089186,21.983551498177583,-0.070839280371387,221.3844755694033,7.702662037037037,2021-08-12 12:37:30+00:00,335.2103488512212,208.7585126454748,6.514122744957141,407.5363701407107
2021-08-08 12:52:30,22.118753891743616,21.904271152556973,-0.0952654826825247,220.60819879427285,7.713078703703704,2021-08-12 12:52:30+00:00,335.2103488512212,208.62080833732207,6.514680095676137,394.5036599460639
2021-08-08 13:07:30,22.335943284176487,21.825211838027535,-0.1198650415730138,211.81898494897465,7.723495370370371,2021-08-12 13:07:30+00:00,334.483843257276,208.48310407991687,6.515237250053771,392.79751967564994
2021-08-08 13:22:30,22.555783385943514,21.746378393010417,-0.1446382909411241,225.9482232828658,7.733912037037037,2021-08-12 13:22:30+00:00,333.7652779546516,208.34539987326124,6.515794208069289,390.56761268781304
2021-08-08 13:37:30,22.77829552804442,21.667775730081836,-0.1695855195420978,228.3716379034022,7.744328703703704,2021-08-12 13:37:30+00:00,333.7652779546516,208.2076957173282,6.516350969701865,391.0803720486525
2021-08-08 13:52:30,23.00350104472428,21.589408836645156,-0.1947069690616382,228.7525733090797,7.754745370370371,2021-08-12 13:52:30+00:00,333.05473756949226,208.06999161209055,6.5169075349307475,399.1197450295948
2021-08-08 14:07:30,23.231421264386967,21.511282775663435,-0.2200028321160322,234.96329667092212,7.765162037037037,2021-08-12 14:07:30+00:00,332.3523100682523,207.9322875575507,6.517463903735192,396.5895540186024
2021-08-08 14:22:30,23.462077500310567,21.43340268634117,-0.2454732502105158,249.26254648505216,7.775578703703704,2021-08-12 14:22:30+00:00,332.3523100682523,207.79458355372495,6.5180200760943725,401.44685587089594
2021-08-08 14:37:30,23.69549104112525,21.355773784789484,-0.2711183116485868,254.40392926382685,7.785995370370371,2021-08-12 14:37:30+00:00,331.6580866976763,207.65687960055757,6.518576051987544,390.7941807774863
2021-08-08 14:52:30,23.93168314039454,21.27840136470009,-0.2969380493781883,255.86897559114325,7.796412037037037,2021-08-12 14:52:30+00:00,330.972161903594,207.5191756980362,6.519131831393947,390.90150250417366
2021-08-08 15:07:30,24.17067500646789,21.201290797947387,-0.3229324388052896,251.0544298198786,7.806828703703704,2021-08-12 15:07:30+00:00,330.972161903594,207.38147184617748,6.519687414292804,395.7364838833954
2021-08-08 15:22:30,24.41248779135518,21.12444753521624,-0.3491013955400112,244.98930711392373,7.817245370370371,2021-08-12 15:22:30+00:00,330.2946332270657,207.2437680449548,6.520242800663343,400.4531361793466
2021-08-08 15:37:30,24.6571425793196,21.04787710658795,-0.3754447730974011,230.10133830431164,7.827662037037037,2021-08-12 15:37:30+00:00,330.2946332270657,207.1060642943556,6.520797990484827,394.4756412202155
2021-08-08 15:52:30,24.904660375216412,20.971585122097913,-0.4019623605482639,235.7494214956076,7.838078703703704,2021-08-12 15:52:30+00:00,329.62560117637344,206.9683605943679,6.521352983736481,394.6577629382304
2021-08-08 16:07:30,25.155062092103417,20.895577272262916,-0.4286538801214764,238.60712584653768,7.848495370370371,2021-08-12 16:07:30+00:00,328.965169073325,206.830656944994,6.521907780397585,390.5600242828957
2021-08-08 16:22:30,25.408368538552423,20.819859328599335,-0.4555189847488804,241.3753897572891,7.858912037037037,2021-08-12 16:22:30+00:00,328.965169073325,206.69295334620725,6.52246238044734,387.2883377057
2021-08-08 16:37:30,25.664600405446414,20.744437144083445,-0.4825572555703679,234.7420828680938,7.869328703703704,2021-08-12 16:37:30+00:00,328.313442872323,206.55524979796635,6.52301678386501,387.0997116406132
2021-08-08 16:52:30,25.92377825216923,20.669316653614136,-0.5097681993782927,228.0928974085986,7.879745370370371,2021-08-12 16:52:30+00:00,327.67053095065137,206.41754630031753,6.52357099062987,388.8480801335559
2021-08-08 17:07:30,26.18592249261669,20.59450387439054,-0.5371512460324832,218.3686310999484,7.890162037037037,2021-08-12 17:07:30+00:00,327.67053095065137,206.27984285321944,6.524125000721155,390.31719532554257
2021-08-08 17:22:30,26.451053380417033,20.52000490628923,-0.5647057458161089,230.01194491324955,7.900578703703704,2021-08-12 17:22:30+00:00,327.036543868451,206.14213945666043,6.5246788141181336,388.7192940615311
2021-08-08 17:37:30,26.719190993572344,20.44582593222252,-0.5924309667377582,241.71978819977983,7.910995370370371,2021-08-12 17:37:30+00:00,326.4115940968921,206.0044361106135,6.525232430800066,390.4841402337229
2021-08-08 17:52:30,26.99035521904279,20.371973218382404,-0.6203260918189493,245.90357544966972,7.921412037037037,2021-08-12 17:52:30+00:00,326.4115940968921,205.8667328150961,6.5257858507462005,393.15525876460765
2021-08-08 18:07:30,27.264565736141662,20.298453114527263,-0.648390216304702,245.7900106721528,7.931828703703704,2021-08-12 18:07:30+00:00,325.79579571311587,205.72902957008165,6.526339073935827,402.81421416646793
2021-08-08 18:22:30,27.54184200006587,20.22527205415322,-0.6766223448634803,237.45521104817104,7.942245370370371,2021-08-12 18:22:30+00:00,325.18926406059944,205.5913263755583,6.526892100348204,413.4891485809683
2021-08-08 18:37:30,27.82220322453076,20.152436554634455,-0.7050213887403844,235.570748536377,7.952662037037037,2021-08-12 18:37:30+00:00,325.18926406059944,205.45362323152884,6.527444929962601,414.762699737658
2021-08-08 18:52:30,28.105668363490015,20.079953217389452,-0.7335861628451538,307.08933754724154,7.963078703703704,2021-08-12 18:52:30+00:00,324.59211537371846,205.31592013795205,6.527997562758297,416.110183639399
2021-08-08 19:07:30,28.392256093325464,20.007828727832436,-0.76231538286984,293.8027124828147,7.973495370370371,2021-08-12 19:07:30+00:00,324.00446636542114,205.1782170948456,6.528549998714562,414.9057953732412
2021-08-08 19:22:30,28.68198479341613,19.936069855440728,-0.7912076623096111,297.76064906115477,7.983912037037037,2021-08-12 19:22:30+00:00,324.00446636542114,205.04051410216832,6.52910223781068,410.2671118530885
2021-08-08 19:37:30,28.97487252675229,19.864683453642737,-0.820261509501985,299.80213423391905,7.994328703703704,2021-08-12 19:37:30+00:00,323.42643377711084,204.90281115993787,6.529654280025928,401.4548056284283
2021-08-08 19:52:30,29.27093701980708,19.79367645970719,-0.8494753246176306,273.6186272500234,8.00474537037037,2021-08-12 19:52:30+00:00,323.42643377711084,204.7651082681134,6.530206125339614,404.2570951585976
2021-08-08 20:07:30,29.57019564177794,19.723055894549585,-0.8788473966387376,250.98064344883787,8.015162037037037,2021-08-12 20:07:30+00:00,322.85813389004755,204.6274054267122,6.530757773730996,388.1469115191987
2021-08-08 20:22:30,29.87266538357802,19.65282886244292,-0.90837590033077,245.8236324523535,8.025578703703705,2021-08-12 20:22:30+00:00,322.2996819978306,204.4897026357229,6.531309225179393,405.6761268781302
2021-08-08 20:37:30,30.178362835617232,19.58300255072735,-0.9380588931728576,264.4290456861654,8.03599537037037,2021-08-12 20:37:30+00:00,322.2996819978306,204.35199989508993,6.53186047966406,410.7679465776294
2021-08-08 20:52:30,30.487304165677536,19.513584229390418,-0.9678943123044074,244.16085657474468,8.046412037037037,2021-08-12 20:52:30+00:00,321.75119183982014,204.21429720486023,6.532411537164331,408.6811352253756
2021-08-08 21:07:30,30.799505095877645,19.444581250570717,-0.997879971467104,241.8820407852796,8.056828703703705,2021-08-12 21:07:30+00:00,321.2127749956921,204.07659456497856,6.532962397659474,406.677796327212
2021-08-08 21:22:30,31.11498087913945,19.376001048015777,-1.028013557934594,234.60756674978427,8.06724537037037,2021-08-12 21:22:30+00:00,321.2127749956921,203.93889197546252,6.533513061128822,404.8175530646315
2021-08-08 21:37:30,31.433746275071176,19.307851136434017,-1.0582926294575978,239.8525386333819,8.077662037037037,2021-08-12 21:37:30+00:00,320.6845402416957,203.80118943628617,6.534063527551667,404.09015025041737
2021-08-08 21:52:30,31.75581552528315,19.240139110774845,-1.0887146112177315,239.92870870054745,8.088078703703705,2021-08-12 21:52:30+00:00,320.1665928696137,203.66348694742337,6.534613796907318,399.02217982351544
2021-08-08 22:07:30,32.08120232817156,19.172872645411672,-1.1192767928007232,227.80937142004595,8.09849537037037,2021-08-12 22:07:30+00:00,320.1665928696137,203.525784508892,6.535163869175087,392.98831385642734
2021-08-08 22:22:30,32.409919813280204,19.10605949322403,-1.1499763251986952,229.0500699743662,8.108912037037037,2021-08-12 22:22:30+00:00,319.6590339698857,203.3880821206809,6.53571374433427,393.58454567135703
2021-08-08 22:37:30,32.74198051481526,19.039707484619203,-1.1808102178307385,230.12418295586153,8.119328703703705,2021-08-12 22:37:30+00:00,319.1619596808702,203.25037978273485,6.536263422364197,388.1924419487024
2021-08-08 22:52:30,33.077396344850406,18.973824526436275,-1.2117753356059866,204.01554478769944,8.12974537037037,2021-08-12 22:52:30+00:00,319.1619596808702,203.11267749508625,6.536812903244181,387.00214643453376
2021-08-08 23:07:30,33.41617856635134,18.90841860069603,-1.2428683960601614,183.912024255731,8.140162037037037,2021-08-12 23:07:30+00:00,318.6754604067697,202.9749752577385,6.537362186953552,396.7381533324772
2021-08-08 23:22:30,33.758337764653014,18.843497763387564,-1.2740859664786557,175.90157138616877,8.150578703703705,2021-08-12 23:22:30+00:00,318.6754604067697,202.8372730706221,6.537911273471634,389.5583548338139
2021-08-08 23:37:30,34.10388381988577,18.779070142977552,-1.305424461159346,188.33802001824185,8.16099537037037,2021-08-12 23:37:30+00:00,318.1996200073339,202.6995709337698,6.538460162777733,387.07369425232537
2021-08-08 23:52:30,34.45282587769194,18.71514393894267,-1.336880138684801,183.4944337085941,8.171412037037037,2021-08-12 23:52:30+00:00,317.7345149630786,202.56186884714103,6.53900885485121,389.8720089037285
2021-08-09 00:07:30,34.80517232040571,18.651727420099046,-1.368449099311067,182.27046961034804,8.181828703703705,2021-08-13 00:07:30+00:00,317.7345149630786,202.4241668107687,6.539557349671383,379.7758168375864
2021-08-09 00:22:30,35.16093073702156,18.58882892289947,-1.4001272824067827,179.1997078464107,8.19224537037037,2021-08-13 00:22:30+00:00,317.2802135204077,202.28646482459777,6.540105647217605,380.7178631051753
2021-08-09 00:37:30,35.52010789349717,18.526456849533307,-1.4319104640260167,190.12207141935733,8.202662037037037,2021-08-13 00:37:30+00:00,316.83677482169827,202.14876288863192,6.5406537474691815,382.42308609587405
2021-08-09 00:52:30,35.88270970244053,18.464619665926275,-1.4637942545765186,190.3864082076462,8.213078703703705,2021-08-13 00:52:30+00:00,316.83677482169827,202.01106100287484,6.541201650405486,375.5489919095929
2021-08-09 01:07:30,36.24874119187531,18.40332589968429,-1.4957740965695745,188.12398085957216,8.22349537037037,2021-08-13 01:07:30+00:00,316.404248026091,201.8733591672863,6.541749356005842,376.6992606725495
2021-08-09 01:22:30,36.61820647497461,18.342584137780005,-1.5278452625636605,218.1031934406508,8.233912037037037,2021-08-13 01:22:30+00:00,315.9826714274143,201.73565738188475,6.542296864249604,377.1285475792988
2021-08-09 01:37:30,36.99110871804738,18.282403024248612,-1.560002853171581,249.1157273876065,8.244328703703705,2021-08-13 01:37:30+00:00,315.9826714274143,201.59795564664432,6.542844175116136,375.1252086811352
2021-08-09 01:52:30,37.36745010967373,18.222791257626497,-1.5922417952852528,200.32674431445403,8.25474537037037,2021-08-13 01:52:30+00:00,315.5720715763445,201.46025396155463,6.543391288584777,374.47027096442787
2021-08-09 02:07:30,37.74723182849967,18.16375758835959,-1.624556840399533,201.55685832977443,8.265162037037037,2021-08-13 02:07:30+00:00,315.17246241455933,201.32255232661913,6.54393820463488,367.52921535893154
2021-08-09 02:22:30,38.130454011680335,18.10531081600481,-1.6569425631488015,208.74737256123075,8.275578703703705,2021-08-13 02:22:30+00:00,315.17246241455933,201.1848507417982,6.544484923245817,372.1917481516814
2021-08-09 02:37:30,38.51711572294966,18.047459786308416,-1.6893933600145803,196.34015348578376,8.28599537037037,2021-08-13 02:37:30+00:00,314.78384442925426,201.04714920709557,6.545031444396948,374.1690696615571
2021-08-09 02:52:30,38.90721492036753,17.9902133881804,-1.7219034482087965,217.01519603087277,8.296412037037037,2021-08-13 02:52:30+00:00,314.40620383695455,200.90944772251495,6.545577768067637,369.1151919866444
2021-08-09 03:07:30,39.30074842455006,17.93358055047096,-1.7544668647935897,200.12601752274463,8.306828703703705,2021-08-13 03:07:30+00:00,314.40620383695455,200.77174628803144,6.546123894237264,368.69782971619367
2021-08-09 03:22:30,39.69771188662958,17.877570238641464,-1.787077465997131,193.98383663720247,8.31724537037037,2021-08-13 03:22:30+00:00,314.0395118060486,200.63404490363413,6.546669822885177,364.440734557596
2021-08-09 03:37:30,40.098099756428354,17.822191451274005,-1.81972892677178,219.08486768237208,8.327662037037037,2021-08-13 03:37:30+00:00,314.0395118060486,200.49634356932728,6.547215553990754,360.3505843071787
2021-08-09 03:52:30,40.50190525081158,17.76745321643354,-1.8524147405909055,232.8941605184268,8.338078703703705,2021-08-13 03:52:30+00:00,313.6837237278729,200.35864228507103,6.547761087533413,357.3098020510374
2021-08-09 04:07:30,40.90912032218495,17.713364587893757,-1.885128219499276,204.6345653608728,8.34849537037037,2021-08-13 04:07:30+00:00,313.3387785464808,200.2209410508841,6.548306423492507,355.7747761420549
2021-08-09 04:22:30,41.31973562733404,17.659934641211976,-1.917862494427855,209.91624210059769,8.358912037037037,2021-08-13 04:22:30+00:00,313.3387785464808,200.08323986674145,6.548851561847389,357.67304481828694
2021-08-09 04:37:30,41.733740496717104,17.607172469641274,-1.9506105158013165,212.99490147996096,8.369328703703705,2021-08-13 04:37:30+00:00,313.0045981574083,199.94553873263268,6.549396502577502,360.60100166944903
2021-08-09 04:52:30,42.1511229038916,17.55508717993191,-1.9833650544091164,213.93233514190317,8.37974537037037,2021-08-13 04:52:30+00:00,312.6810868857917,199.80783764854723,6.549941245662193,362.373186079363
2021-08-09 05:07:30,42.57186943592504,17.50368788792484,-2.016118702619067,224.7567526272219,8.390162037037037,2021-08-13 05:07:30+00:00,312.6810868857917,199.67013661447513,6.5504857910808765,357.3098020510374
2021-08-09 05:22:30,42.99596526393407,17.4529837140614,-2.0488638758664344,223.9334619962724,8.400578703703705,2021-08-13 05:22:30+00:00,312.3681310540831,199.5324356304349,6.551030138812972,353.7562604340568
2021-08-09 05:37:30,43.4233941145028,17.40298377870957,-2.0815928144898885,226.63057250122213,8.41099537037037,2021-08-13 05:37:30+00:00,312.0655986493335,199.394734696358,6.55157428883782,358.0968280467446
2021-08-09 05:52:30,43.854138241699054,17.353697197362028,-2.114297585893265,227.2642825886559,8.421412037037037,2021-08-13 05:52:30+00:00,312.0655986493335,199.25703381227805,6.552118241134878,362.85475792988314
2021-08-09 06:07:30,44.288178400050285,17.305133075693902,-2.1469700870547066,232.1736945087691,8.431828703703705,2021-08-13 06:07:30+00:00,311.7733390995592,199.1193329781704,6.552661995683521,366.1817314571906
2021-08-09 06:22:30,44.725493818350834,17.257300504453156,-2.1796020474041216,217.35309235739328,8.44224537037037,2021-08-13 06:22:30+00:00,311.491183168071,198.98163219403912,6.55320555246319,364.8580968280468
2021-08-09 06:37:30,45.16606217449385,17.21020855425131,-2.212185032045821,219.3656093489149,8.452662037037037,2021-08-13 06:37:30+00:00,311.491183168071,198.8439314598452,6.553748911453261,366.110183639399
2021-08-09 06:52:30,45.609859571039046,17.163866270211884,-2.2447104453566142,231.12236975855956,8.463078703703705,2021-08-13 06:52:30+00:00,311.2189429738191,198.7062307756075,6.554292072633178,370.28380634390646
2021-08-09 07:07:30,46.05686051257635,17.118282666458658,-2.2771695349846053,210.79670089684356,8.47349537037037,2021-08-13 07:07:30+00:00,310.9564121447887,198.56853014130175,6.554835035982334,374.0519914142618
2021-08-09 07:22:30,46.50703788383948,17.073466720503642,-2.309553396218864,204.0623749930064,8.483912037037037,2021-08-13 07:22:30+00:00,310.9564121447887,198.43082955691773,6.555377801480167,374.83901740996896
2021-08-09 07:37:30,46.96036292922895,17.029427367517403,-2.3418529767487444,221.03058438112984,8.494328703703705,2021-08-13 07:37:30+00:00,310.703366110285,198.2931290224601,6.5559203691061105,380.9682804674457
2021-08-09 07:52:30,47.41680523363415,16.986173494476073,-2.3740590818261817,212.36464901158672,8.50474537037037,2021-08-13 07:52:30+00:00,310.703366110285,198.15542853788975,6.5564627388395715,383.8540424517052
2021-08-09 08:07:30,47.87633270522546,16.94371393417718,-2.406162379843171,183.58298229607485,8.515162037037037,2021-08-13 08:07:30+00:00,310.4595625365657,198.017728103226,6.5570049106600194,379.03171953255423
2021-08-09 08:22:30,48.338911559536754,16.902057459161952,-2.43815340830837,182.95498145207915,8.525578703703705,2021-08-13 08:22:30+00:00,310.22474190874726,197.8800277184445,6.557546884546833,381.4214166467923
2021-08-09 08:37:30,48.80450630493358,16.8612127755654,-2.470022580208808,185.8417442424045,8.53599537037037,2021-08-13 08:37:30+00:00,310.22474190874726,197.74232738353535,6.5580886604795126,380.96828046744577
2021-08-09 08:52:30,49.27307973045415,16.821188516824,-2.5017601908155775,168.7530449581988,8.546412037037037,2021-08-13 08:52:30+00:00,309.9986282602282,197.60462709850327,6.55863023843744,382.9716193656093
2021-08-09 09:07:30,49.744592894957705,16.781993237340142,-2.5333564248658584,155.9750747369647,8.556828703703705,2021-08-13 09:07:30+00:00,309.78093004908067,197.4669268633098,6.559171618400116,383.0019729852785
2021-08-09 09:22:30,50.21900511877974,16.743635406029295,-2.564801364179699,153.12583228857434,8.56724537037037,2021-08-13 09:22:30+00:00,309.78093004908067,197.3292266779885,6.559712800346947,383.2101120915812
2021-08-09 09:37:30,50.696273976864035,16.706123399835775,-2.5960849956477063,146.37263656481733,8.577662037037037,2021-08-13 09:37:30+00:00,309.5713411789719,197.19152654248623,6.560253784257407,381.3628775231446
2021-08-09 09:52:30,51.17635529432646,16.66946549715999,-2.627197219636032,145.85398491649505,8.588078703703705,2021-08-13 09:52:30+00:00,309.3695421602429,197.053826456808,6.560794570110949,381.4819571080006
2021-08-09 10:07:30,51.6592031441136,16.63366987124594,-2.6581278587743755,158.47342470008152,8.59849537037037,2021-08-13 10:07:30+00:00,309.3695421602429,196.9161264209587,6.561335157887015,392.0104936799428
2021-08-09 10:22:30,52.14476984690265,16.598744583520258,-2.688866667124922,170.83985631045255,8.608912037037037,2021-08-13 10:22:30+00:00,309.17520140480406,196.7784264349144,6.561875547565107,391.83487630899987
2021-08-09 10:37:30,52.63300597337518,16.564697576903566,-2.719403339725381,163.60795123655703,8.619328703703705,2021-08-13 10:37:30+00:00,308.9879766465733,196.64072649866563,6.562415739124638,392.86906749344143
2021-08-09 10:52:30,53.12386034894309,16.531536669088684,-2.7497275224973277,157.6989071094032,8.62974537037037,2021-08-13 10:52:30+00:00,308.9879766465733,196.5030266122028,6.562955732545128,395.7504932463197
2021-08-09 11:07:30,53.61728006074141,16.499269545822855,-2.779828822492946,158.1032987796198,8.640162037037037,2021-08-13 11:07:30+00:00,308.80751647729517,196.3653267755311,6.5634955278059985,396.73264965418554
2021-08-09 11:22:30,54.1132104670817,16.467903754189393,-2.8096968184695306,163.11833692391883,8.650578703703705,2021-08-13 11:22:30+00:00,308.63346198579916,196.2276269886266,6.564035124886759,390.3505843071786
2021-08-09 11:37:30,54.61159521014834,16.437446695862807,-2.83932107182071,168.84232620710893,8.66099537037037,2021-08-13 11:37:30+00:00,308.63346198579916,196.08992725146564,6.564574523766898,390.5079895063201
2021-08-09 11:52:30,55.11237623037151,16.40790562044686,-2.868691137750888,173.61776722718096,8.671412037037037,2021-08-13 11:52:30+00:00,308.46544848711295,195.9522275640824,6.565113724425842,389.5659432387312
2021-08-09 12:07:30,55.6154937839762,16.379287618800273,-2.8977965767681244,182.77200584217132,8.681828703703705,2021-08-13 12:07:30+00:00,308.46544848711295,195.81452792643864,6.56565272684313,389.0054853326974
2021-08-09 12:22:30,56.120886459645,16.35159961604091,-2.9266269686185535,184.4277565885799,8.69224537037037,2021-08-13 12:22:30+00:00,308.30310732637884,195.67682833851055,6.566191530998257,389.6494156928213
2021-08-09 12:37:30,56.628491206162,16.324848365448197,-2.955171921454924,202.56915426073328,8.702662037037037,2021-08-13 12:37:30+00:00,308.1460677412665,195.53912880031817,6.566730136870676,394.11840246564793
2021-08-09 12:52:30,57.13824336492234,16.299040442897017,-2.983421079304332,207.91534504883967,8.713078703703705,2021-08-13 12:52:30+00:00,308.1460677412665,195.40142931183783,6.56726854443989,395.1919866444074
2021-08-09 13:07:30,57.650076684171914,16.27418223883227,-3.011364143520297,207.35560271471311,8.72349537037037,2021-08-13 13:07:30+00:00,307.99395876556196,195.26372987307496,6.567806753685429,403.3722871452421
2021-08-09 13:22:30,58.163923356042105,16.250279952626432,-3.038990881569172,227.2770044265566,8.733912037037037,2021-08-13 13:22:30+00:00,307.84641115586044,195.12603048399149,6.568344764586776,416.6229430002385
2021-08-09 13:37:30,58.67971405030905,16.22733958639704,-3.066291139693123,218.2063957728901,8.744328703703705,2021-08-13 13:37:30+00:00,307.84641115586044,194.9883311446221,6.568882577123424,415.8931552587646
2021-08-09 13:52:30,59.19737795118857,16.205366938940944,-3.0932548556807435,215.72008258884335,8.75474537037037,2021-08-13 13:52:30+00:00,307.7030593228273,194.85063185491407,6.569420191274918,420.98735988552346
2021-08-09 14:07:30,59.71684279628603,16.184367599821027,-3.1198720716919572,226.17003402809544,8.765162037037037,2021-08-13 14:07:30+00:00,307.5635432483152,194.71293261488773,6.569957607020741,440.51196438508623
2021-08-09 14:22:30,60.23803491882732,16.164346943588733,-3.146132947137916,207.22058527791089,8.775578703703705,2021-08-13 14:22:30+00:00,307.5635432483152,194.5752334245196,6.5704948243404235,441.1638445027426
2021-08-09 14:37:30,60.76087929204954,16.14531012418075,-3.172027771552996,218.19251234814388,8.78599537037037,2021-08-13 14:37:30+00:00,307.4275103697545,194.4375342838009,6.571031843213477,438.7312186978297
2021-08-09 14:52:30,61.28529957675277,16.12726206947895,-3.19754697745625,233.1426780803574,8.796412037037037,2021-08-13 14:52:30+00:00,307.29461741364975,194.2998351927376,6.571568663619448,436.7278797996661
2021-08-09 15:07:30,61.81121817071863,16.11020747607423,-3.222681153130684,242.28091602976397,8.806828703703705,2021-08-13 15:07:30+00:00,307.29461741364975,194.16213615129152,6.572105285537839,432.6377295492488
2021-08-09 15:22:30,62.33855626125099,16.09415080421762,-3.2474210553227656,230.33785245244695,8.81724537037037,2021-08-13 15:22:30+00:00,307.16453216072114,194.0244371594833,6.572641708948212,424.1235392320534
2021-08-09 15:37:30,62.867233879488225,16.079096272998235,-3.2717576217935136,228.35959969240355,8.827662037037037,2021-08-13 15:37:30+00:00,307.03693512619515,193.8867382173042,6.5731779338300775,440.5914619604102
2021-08-09 15:52:30,63.397169957890185,16.065047855727048,-3.295681983728445,193.34681619071455,8.838078703703705,2021-08-13 15:52:30+00:00,307.03693512619515,193.7490393247167,6.573713960162968,437.0283806343906
2021-08-09 16:07:30,63.92828238882862,16.05200927557709,-3.319185477910332,189.2486158460193,8.84849537037037,2021-08-13 16:07:30+00:00,306.9115211399588,193.6113404817411,6.574249787926443,432.93584545671354
2021-08-09 16:22:30,64.46048808642112,16.0399840014533,-3.3422596586889473,182.0093484161429,8.858912037037037,2021-08-13 16:22:30+00:00,306.9115211399588,193.4736416883544,6.57478541710006,435.72621035058427
2021-08-09 16:37:30,64.99370304974533,16.028975244127277,-3.3648963096585343,195.72041590352853,8.869328703703705,2021-08-13 16:37:30+00:00,306.78800081271305,193.3359429445483,6.575320847663331,434.4383496303363
2021-08-09 16:52:30,65.52784242811605,16.018985952633958,-3.387087455036805,181.2879070295152,8.87974537037037,2021-08-13 16:52:30+00:00,306.66610187585775,193.19824425032863,6.575856079595848,431.61936560934896
2021-08-09 17:07:30,66.0628205881111,16.010018810950033,-3.408825370697468,187.66984888514295,8.890162037037037,2021-08-13 17:07:30+00:00,306.66610187585775,193.0605456056728,6.576391112877138,436.22704507512515
2021-08-09 17:22:30,66.59855118260636,16.00207623494446,-3.4301025948459123,185.00067534347968,8.900578703703705,2021-08-13 17:22:30+00:00,306.5455703845787,192.92284701057216,6.576925947486791,430.8848080133556
2021-08-09 17:37:30,67.13494722067082,15.995160369634451,-3.450911938266908,187.4794560513477,8.91099537037037,2021-08-13 17:37:30+00:00,306.4261717754462,192.7851484650331,6.577460583404357,420.7011686143573
2021-08-09 17:52:30,67.67192113949554,15.989273086727689,-3.471246494158628,188.52669381933367,8.921412037037037,2021-08-13 17:52:30+00:00,306.4261717754462,192.64744996901828,6.577995020609394,422.7045075125209
2021-08-09 18:07:30,68.20938487720252,15.984415982477996,-3.4910996474886553,187.9967016224452,8.931828703703705,2021-08-13 18:07:30+00:00,306.30769177173283,192.5097515225486,6.578529259081495,421.54873507127263
2021-08-09 18:22:30,68.74724994679679,15.980590375846544,-3.510465083862484,184.98111739630775,8.94224537037037,2021-08-13 18:22:30+00:00,306.18993713157585,192.37205312561585,6.579063298800216,426.2103505843072
2021-08-09 18:37:30,69.28542751136591,15.977797306978037,-3.529336797879978,182.45554889216655,8.952662037037037,2021-08-13 18:37:30+00:00,306.18993713157585,192.23435477818268,6.579597139745165,423.87312186978295
2021-08-09 18:52:30,69.8238284594312,15.976037536001488,-3.547709100929964,184.650226104997,8.963078703703705,2021-08-13 18:52:30+00:00,306.07273623601156,192.09665648028488,6.58013078189589,423.9923682327689
2021-08-09 19:07:30,70.36236348144634,15.975311542147557,-3.565576628435796,179.94165032335445,8.97349537037037,2021-08-13 19:07:30+00:00,305.9559395157546,191.95895823187064,6.580664225231991,426.073759295796
2021-08-09 19:22:30,70.90094314637821,15.975619523193435,-3.5829343465027588,185.082013712174,8.983912037037037,2021-08-13 19:22:30+00:00,305.9559395157546,191.8212600329611,6.581197469733084,426.3772954924875
2021-08-09 19:37:30,71.43947797891072,15.976961395232374,-3.5997775579688827,185.88206418927524,8.994328703703705,2021-08-13 19:37:30+00:00,305.8394197173535,191.68356188351913,6.581730515378725,426.2938230383973
2021-08-09 19:52:30,71.97787853673627,15.979336792774118,-3.616101907831508,191.30267968574532,9.00474537037037,2021-08-13 19:52:30+00:00,305.723072011002,191.54586378358067,6.582263362148537,421.8459336990222
2021-08-09 20:07:30,72.51605548702331,15.982745069164515,-3.6319033880205662,205.30935461693437,9.015162037037037,2021-08-13 20:07:30+00:00,305.723072011002,191.4081657330941,6.58279601002212,417.80745687256535
2021-08-09 20:22:30,73.05391968390906,15.987185297338105,-3.647178341551665,206.19158778067572,9.025578703703705,2021-08-13 20:22:30+00:00,305.6068139437888,191.27046773209537,6.583328458979079,418.4116384450274
2021-08-09 20:37:30,73.59138224426344,15.992656270889087,-3.6619234659922824,207.371270291228,9.03599537037037,2021-08-13 20:37:30+00:00,305.6068139437888,191.13276978053273,6.583860708999003,418.8519327083601
2021-08-09 20:52:30,74.12835462427024,15.999156505467116,-3.67613581629016,196.9989510950984,9.046412037037037,2021-08-13 20:52:30+00:00,305.4905852435218,190.9950718784279,6.584392760061547,416.2652039112807
2021-08-09 21:07:30,74.66474869397325,16.006684240484315,-3.689812806905858,189.00171627289637,9.056828703703705,2021-08-13 21:07:30+00:00,305.37434747944076,190.85737402574375,6.584924612146318,412.90245647507754
2021-08-09 21:22:30,75.20047681164701,16.015237441140172,-3.702952213288875,188.9184987176786,9.06724537037037,2021-08-13 21:22:30+00:00,305.37434747944076,190.71967622250216,6.585456265232897,413.02170283806345
2021-08-09 21:37:30,75.7354518971492,16.02481380075231,-3.7155521726782386,147.0042303515568,9.077662037037037,2021-08-13 21:37:30+00:00,305.25808358713675,190.58197846869524,6.585987719300957,412.6162652039113
2021-08-09 21:52:30,76.26958750373447,16.035410743387498,-3.727611184230894,140.9689287971863,9.088078703703705,2021-08-13 21:52:30+00:00,305.14179726581784,190.4442807643011,6.586518974330109,414.52420701168614
2021-08-09 22:07:30,76.80279788848567,16.047025426782408,-3.739128108482809,140.42238682593967,9.09849537037037,2021-08-13 22:07:30+00:00,305.14179726581784,190.30658310931204,6.587050030299977,403.9732888146912
2021-08-09 22:22:30,77.33499808183211,16.059654745564615,-3.7501021661650302,141.5660404881923,9.108912037037037,2021-08-13 22:22:30+00:00,305.02551225670294,190.16888550373525,6.5875808871902155,400.6677796327212
2021-08-09 22:37:30,77.86610395471561,16.073295334737953,-3.760532936357477,144.43489958993143,9.119328703703705,2021-08-13 22:37:30+00:00,304.90927151179744,190.03118794754872,6.588111544980481,403.17195325542576
2021-08-09 22:52:30,78.39603228432921,16.087943573442526,-3.770420354013552,169.06721558584695,9.12974537037037,2021-08-13 22:52:30+00:00,304.90927151179744,189.89349044074504,6.588642003650384,400.75125208681135
2021-08-09 23:07:30,78.92470081817771,16.10359558898394,-3.779764706867475,164.12208049013728,9.140162037037037,2021-08-13 23:07:30+00:00,304.7931362626086,189.75579298331715,6.589172263179566,400.88242308609586
2021-08-09 23:22:30,79.45202833559044,16.120247261095887,-3.788566631723686,154.53522861727475,9.150578703703705,2021-08-13 23:22:30+00:00,304.67718499851804,189.61809557528656,6.589702323547738,397.2004623089765
2021-08-09 23:37:30,79.97793470745452,16.137894226454847,-3.7968271101686737,173.5008185162974,9.16099537037037,2021-08-13 23:37:30+00:00,304.67718499851804,189.48039821660257,6.590232184734503,393.38291091212625
2021-08-09 23:52:30,80.50234095392555,16.15653188342505,-3.8045474637119905,200.00810412175633,9.171412037037037,2021-08-13 23:52:30+00:00,304.5615123645474,189.34270090728705,6.590761846719559,402.30687509485506
2021-08-10 00:07:30,81.02516929922197,16.17615539700251,-3.8117293483757857,168.74037793209175,9.181828703703705,2021-08-14 00:07:30+00:00,304.4462279881586,189.2050036473183,6.591291309482551,399.8664440734558
2021-08-10 00:22:30,81.5463432249143,16.19675970397963,-3.818374748768654,218.7195487625006,9.19224537037037,2021-08-14 00:22:30+00:00,304.4462279881586,189.06730643668925,6.591820573003136,396.73264965418554
2021-08-10 00:37:30,82.06578751973832,16.218339518327003,-3.8244859716502817,348.8956715048497,9.202662037037037,2021-08-14 00:37:30+00:00,304.3314552445359,188.9296092754074,6.592349637261022,394.6577629382304
2021-08-10 00:52:30,82.58342832768484,16.240889336724607,-3.8300656390294354,266.69131427643674,9.213078703703705,2021-08-14 00:52:30+00:00,304.3314552445359,188.79191216345123,6.592878502235845,392.2537562604341
2021-08-10 01:07:30,83.09919319292443,16.264403444255603,-3.8351166808089534,246.3566060165126,9.22349537037037,2021-08-14 01:07:30+00:00,304.2173299695184,188.6542151008281,6.593407167907342,392.4540901502504
2021-08-10 01:22:30,83.61301110256427,16.28887592028066,-3.839642327016348,293.3719865692633,9.233912037037037,2021-08-14 01:22:30+00:00,304.10399912901875,188.5165180875024,6.593935634255151,397.3895887084535
2021-08-10 01:37:30,84.12481252647338,16.314300644437864,-3.8436460996385464,321.1771970794385,9.244328703703705,2021-08-14 01:37:30+00:00,304.10399912901875,188.37882112351065,6.594463901258985,384.82319016542726
2021-08-10 01:52:30,84.63452945430257,16.340671302779402,-3.847131804096776,261.58363377615456,9.25474537037037,2021-08-14 01:52:30+00:00,303.9916194533831,188.24112420880243,6.594991968898533,384.211781540663
2021-08-10 02:07:30,85.1420954299743,16.367981394022856,-3.850103520388142,194.83923506516285,9.265162037037037,2021-08-14 02:07:30+00:00,303.8803560447463,188.10342734340009,6.595519837153489,387.1837678181585
2021-08-10 02:22:30,85.64744558327602,16.396224235905663,-3.852565593924738,192.4163010702592,9.275578703703705,2021-08-14 02:22:30+00:00,303.8803560447463,187.96573052728223,6.5960475060035595,388.0634390651085
2021-08-10 02:37:30,86.15051665881163,16.425392971633965,-3.854522626101171,198.85504931788296,9.28599537037037,2021-08-14 02:37:30+00:00,303.77038096502287,187.82803376045703,6.596574975428449,387.0617696160267
2021-08-10 02:52:30,86.65124704213737,16.455480576406075,-3.855979464619621,206.5885002135342,9.296412037037037,2021-08-14 02:52:30+00:00,303.661871811776,187.69033704290308,6.597102245407872,385.4606161784793
2021-08-10 03:07:30,87.14957678306617,16.48647986399614,-3.85694119360305,224.4635222127671,9.306828703703705,2021-08-14 03:07:30+00:00,303.661871811776,187.55264037462837,6.597629315921551,386.7875029811591
2021-08-10 03:22:30,87.64544761653212,16.518383493403984,-3.8574131235273135,201.81862104368608,9.31724537037037,2021-08-14 03:22:30+00:00,303.555010288817,187.4149437555973,6.598156186949175,384.2768250113826
2021-08-10 03:37:30,88.13880298034117,16.55118397552661,-3.8574007810017026,206.77077849261332,9.327662037037037,2021-08-14 03:37:30+00:00,303.4499807780416,187.27724718583244,6.598682858470512,384.7126162652039
2021-08-10 03:52:30,88.62958803061753,16.584873679871304,-3.8569098984262102,216.45870893969217,9.338078703703705,2021-08-14 03:52:30+00:00,303.4499807780416,187.1395506653273,6.599209330465248,384.2768250113826
2021-08-10 04:07:30,89.11774965439909,16.619444841276206,-3.8559464035557025,214.43831654689,9.34849537037037,2021-08-14 04:07:30+00:00,303.3469689186926,187.0018541940612,6.599735602913127,384.6410684474123
2021-08-10 04:22:30,89.60323647971829,16.65488956663784,-3.8545164089989714,219.36223766186808,9.358912037037037,2021-08-14 04:22:30+00:00,303.24616019997546,186.86415777202745,6.600261675793901,385.64273789649417
2021-08-10 04:37:30,90.08599888327126,16.691199841633825,-3.852626201678389,272.79953803429845,9.369328703703705,2021-08-14 04:37:30+00:00,303.24616019997546,186.72646139923452,6.600787549087303,383.63939899833053
2021-08-10 04:52:30,90.5659889954074,16.728367537427985,-3.850282232279313,229.9627804931716,9.37974537037037,2021-08-14 04:52:30+00:00,303.1477385727361,186.5887650756761,6.601313222773083,380.0179786824194
2021-08-10 05:07:30,91.04316070259678,16.766384417325064,-3.847491104713967,242.37445116817716,9.390162037037037,2021-08-14 05:07:30+00:00,303.1477385727361,186.45106880131672,6.601838696830971,378.1757474578843
2021-08-10 05:22:30,91.51746964812686,16.805242143433965,-3.844259565621284,230.1590755762105,9.400578703703705,2021-08-14 05:22:30+00:00,303.05188508574616,186.31337257617977,6.602363971240739,380.63439065108514
2021-08-10 05:37:30,91.9888732297931,16.844932283230193,-3.8405944939329233,260.0311149812256,9.41099537037037,2021-08-14 05:37:30+00:00,302.95877655202924,186.17567640025857,6.602889045982128,379.2320534223706
2021-08-10 05:52:30,92.45733059603788,16.885446316102595,-3.836502890520443,283.41518180971747,9.421412037037037,2021-08-14 05:52:30+00:00,302.95877655202924,186.0379802735183,6.603413921034925,378.0586692105891
2021-08-10 06:07:30,92.92280263921651,16.926775639793597,-3.831991867952824,292.4362499590821,9.431828703703705,2021-08-14 06:07:30+00:00,302.8685842505991,185.90028419599653,6.603938596378858,372.2871452420701
2021-08-10 06:22:30,93.3852519874784,16.968911576796362,-3.827068640377575,280.04747495826376,9.44224537037037,2021-08-14 06:22:30+00:00,302.78147266895627,185.76258816764351,6.604463071993725,365.53780109706656
2021-08-10 06:37:30,93.84464299474512,17.011845380680334,-3.8217405135441793,270.98823954736594,9.452662037037037,2021-08-14 06:37:30+00:00,302.78147266895627,185.6248921884828,6.604987347859308,364.7746243739566
2021-08-10 06:52:30,94.30094172776847,17.055568242255568,-3.8160148750010054,254.48138555509468,9.463078703703705,2021-08-14 06:52:30+00:00,302.6975982917109,185.48719625850808,6.605511423955378,362.7474362031958
2021-08-10 07:07:30,94.75411595277988,17.100071295734075,-3.809899184459041,250.52522014357632,9.47349537037037,2021-08-14 07:07:30+00:00,302.6171084407389,185.34950037769923,6.606035300261714,361.0183639398998
2021-08-10 07:22:30,95.20413511947444,17.14534562471795,-3.8034009643595623,271.9015407578707,9.483912037037037,2021-08-14 07:22:30+00:00,302.6171084407389,185.2118045460503,6.606558976758084,364.53613164798475
2021-08-10 07:37:30,95.65097034388712,17.19138226812126,-3.7965277906446344,290.5046169722731,9.494328703703705,2021-08-14 07:37:30+00:00,302.54014017234545,185.07410876357045,6.607082453424319,363.0336274743621
2021-08-10 07:52:30,96.0945943891799,17.238172225929244,-3.7892872837558618,293.60104588355176,9.50474537037037,2021-08-14 07:52:30+00:00,302.46681923697173,184.93641303023904,6.607605730240194,359.1819699499165
2021-08-10 08:07:30,96.5349816455992,17.285706464885752,-3.7816870998587184,303.3502219461376,9.515162037037037,2021-08-14 08:07:30+00:00,302.46681923697173,184.7987173460508,6.608128807185513,358.59766277128546
2021-08-10 08:22:30,96.97210810890962,17.33397592403964,-3.7737349223124297,288.969348311367,9.525578703703705,2021-08-14 08:22:30+00:00,302.3972591070485,184.6610217110143,6.6086516842401,358.0133555926544
2021-08-10 08:37:30,97.4059513572241,17.382971520140266,-3.765438453395572,219.8612674871556,9.53599537037037,2021-08-14 08:37:30+00:00,302.3315600786374,184.5233261251243,6.609174361383738,358.59766277128546
2021-08-10 08:52:30,97.83649052706986,17.432684152930346,-3.75680540628668,218.33032356131815,9.546412037037037,2021-08-14 08:52:30+00:00,302.3315600786374,184.38563058836075,6.609696838596252,358.8288172595351
2021-08-10 09:07:30,98.26370628818776,17.483104710285893,-3.74784349731443,223.30939162169503,9.556828703703705,2021-08-14 09:07:30+00:00,302.2698084525121,184.2479351007181,6.610219115857479,356.737419508705
2021-08-10 09:22:30,98.68758081730309,17.534224073219494,-3.7385604384796727,241.72605011811737,9.56724537037037,2021-08-14 09:22:30+00:00,302.2698084525121,184.11023966220557,6.610741193147216,356.7056204785754
2021-08-10 09:37:30,99.10809777117484,17.58603312075253,-3.728963930252676,248.47967189854833,9.577662037037037,2021-08-14 09:37:30+00:00,302.212075800293,183.97254427280336,6.611263070445306,359.6708800381589
2021-08-10 09:52:30,99.5252422585832,17.63852273463113,-3.719061654653044,257.8219211006671,9.588078703703705,2021-08-14 09:52:30+00:00,302.15841832115035,183.8348489325205,6.611784747731575,358.6887236302929
2021-08-10 10:07:30,99.93900081153474,17.691683803888775,-3.708861268614314,264.94668704359276,9.59849537037037,2021-08-14 10:07:30+00:00,302.15841832115035,183.69715364133748,6.612306224985867,358.669210589077
2021-08-10 10:22:30,100.34936135632444,17.745507229315372,-3.698370397622964,263.1868207713245,9.608912037037037,2021-08-14 10:22:30+00:00,302.10887629442175,183.55945839926332,6.61282750218802,360.7440973050322
2021-08-10 10:37:30,100.7563131832072,17.799983927695187,-3.687596629657977,292.59230500446483,9.619328703703705,2021-08-14 10:37:30+00:00,302.0634736332359,183.42176320626416,6.613348579317893,358.59766277128546
2021-08-10 10:52:30,101.15984691293936,17.85510483028559,-3.676547518980685,247.5164633862983,9.62974537037037,2021-08-14 10:52:30+00:00,302.0634736332359,183.2840680623782,6.613869456355307,352.0868113522538
2021-08-10 11:07:30,101.55995447478116,17.910860902076177,-3.665230554760297,272.41951545053615,9.640162037037037,2021-08-14 11:07:30+00:00,302.0222175438892,183.14637296757155,6.614390133280154,354.4999241159508
2021-08-10 11:22:30,101.95662906818708,17.96724313386908,-3.653653175938805,308.0710015625809,9.650578703703705,2021-08-14 11:22:30+00:00,301.98509829527336,183.0086779218391,6.614910610072267,355.44955878845695
2021-08-10 11:37:30,102.34986513129589,18.024242546382393,-3.6418227654517383,277.8125421073426,9.66099537037037,2021-08-14 11:37:30+00:00,301.98509829527336,182.87098292519048,6.615430886711536,360.01669449081805
2021-08-10 11:52:30,102.73965831046743,18.08185019555565,-3.6297466426285783,264.02705078548405,9.671412037037037,2021-08-14 11:52:30+00:00,301.9520891021026,182.7332879776062,6.6159509631778,353.30312425471027
2021-08-10 12:07:30,103.126005428294,18.140057175944552,-3.617432058807448,274.392204061032,9.681828703703705,2021-08-14 12:07:30+00:00,301.9231461250292,182.5955930790961,6.616470839450972,351.58597662771285
2021-08-10 12:22:30,103.508904451432,18.198854623976285,-3.6048861932198055,253.8672905406047,9.69224537037037,2021-08-14 12:22:30+00:00,301.9231461250292,182.45789822965523,6.616990515510901,349.74958263772953
2021-08-10 12:37:30,103.88835445845189,18.258233721057692,-3.5921161491389073,237.64765260842856,9.702662037037037,2021-08-14 12:37:30+00:00,301.89820858996825,182.32020342924977,6.617509991337488,348.4974958263773
2021-08-10 12:52:30,104.26435560767804,18.318185696549342,-3.5791289502873824,272.22304588673194,9.713078703703705,2021-08-14 12:52:30+00:00,301.8771990280841,182.1825086779041,6.618029266910591,349.4395420939661
2021-08-10 13:07:30,104.63690910526849,18.378701830613604,-3.5659315374961005,276.17821720019924,9.72349537037037,2021-08-14 13:07:30+00:00,301.8771990280841,182.04481397561375,6.618548342210135,354.17362270450747
2021-08-10 13:22:30,105.00601717284104,18.439773456871105,-3.5525307656218943,264.04299622419944,9.733912037037037,2021-08-14 13:22:30+00:00,301.86002363692455,181.90711932235936,6.619067217216024,351.3355592654424
2021-08-10 13:37:30,105.37168301581586,18.50139196498114,-3.538933400696055,257.4673718513101,9.744328703703705,2021-08-14 13:37:30+00:00,301.86002363692455,181.769424718151,6.619585891908122,351.3713331743382
2021-08-10 13:52:30,105.73391079175909,18.56354880307759,-3.5251461173089584,271.3135081466217,9.75474537037037,2021-08-14 13:52:30+00:00,301.8465727621376,181.63173016296955,6.620104366266383,345.12065563818487
2021-08-10 14:07:30,106.09270557874814,18.626235480025855,-3.5111754962357047,292.2780700392126,9.765162037037037,2021-08-14 14:07:30+00:00,301.83672149807813,181.49403565682547,6.620622640270684,347.7223944669688
2021-08-10 14:22:30,106.44807334432448,18.68944356761967,-3.497028022268879,290.77117567394555,9.775578703703705,2021-08-14 14:22:30+00:00,301.83672149807813,181.35634119969924,6.621140713900959,345.37562604340565
2021-08-10 14:37:30,106.80002091450967,18.75316470261192,-3.4827100822729964,299.825791172334,9.78599537037037,2021-08-14 14:37:30+00:00,301.83033040443684,181.2186467915869,6.621658587137118,355.3780109706654
2021-08-10 14:52:30,107.14855594333883,18.817390588626495,-3.4682279634487823,297.81844114843994,9.796412037037037,2021-08-14 14:52:30+00:00,301.8272463348017,181.0809524324987,6.622176259959107,353.86249810289877
2021-08-10 15:07:30,107.49368688238704,18.882112997947452,-3.4535878517966845,273.75846465790073,9.806828703703705,2021-08-14 15:07:30+00:00,301.8272463348017,180.94325812243025,6.62269373234683,355.8788456952063
2021-08-10 15:22:30,107.83542295123976,18.947323773206246,-3.4387958307702897,254.8154650932952,9.81724537037037,2021-08-14 15:22:30+00:00,301.82730337183284,180.8055638613627,6.623211004280246,360.1001669449082
2021-08-10 15:37:30,108.17377410791214,19.01301482894519,-3.42385788011789,319.4147107924973,9.827662037037037,2021-08-14 15:37:30+00:00,301.8303238625077,180.6678696493068,6.623728075739285,360.3505843071786
2021-08-10 15:52:30,108.50875102008771,19.079178153084207,-3.408779874899351,334.18833321843255,9.838078703703705,2021-08-14 15:52:30+00:00,301.8303238625077,180.53017548624368,6.624244946703908,360.7440973050322
2021-08-10 16:07:30,108.84036503630324,19.145805808228392,-3.3935675846844253,304.93403818400344,9.84849537037037,2021-08-14 16:07:30+00:00,301.836119545702,180.3924813721693,6.624761617154045,361.10183639399
2021-08-10 16:22:30,109.16862815818084,19.21288993294297,-3.3782266728992685,308.50518265418583,9.858912037037037,2021-08-14 16:22:30+00:00,301.84449276323727,180.2547873070942,6.625278087069653,359.5277844025757
2021-08-10 16:37:30,109.49355301280843,19.28042274287779,-3.3627626963387804,301.7160383585045,9.869328703703705,2021-08-14 16:37:30+00:00,301.84449276323727,180.11709329102922,6.625794356430711,360.1456973744119
2021-08-10 16:52:30,109.8151528257791,19.34839653180867,-3.3471811048262534,247.8466761695252,9.87974537037037,2021-08-14 16:52:30+00:00,301.85523774447597,179.97939932391174,6.626310425217184,359.7328881469115
2021-08-10 17:07:30,110.1334413946024,19.416803672578247,-3.331487241012935,265.569628569978,9.890162037037037,2021-08-14 17:07:30+00:00,301.8681419535984,179.84170540579666,6.62682629340902,360.51752921535893
2021-08-10 17:22:30,110.44843306283023,19.485636617936457,-3.3156863403174843,280.0583332792007,9.900578703703705,2021-08-14 17:22:30+00:00,301.8681419535984,179.70401153666546,6.6273419609862145,358.5261149534939
2021-08-10 17:37:30,110.76014269465075,19.554887901330357,-3.299783530980673,286.13810380808894,9.91099537037037,2021-08-14 17:37:30+00:00,301.8829874878808,179.56631771648512,6.627857427928727,357.0951585976628
2021-08-10 17:52:30,111.06858565010673,19.624550137557684,-3.283783834255665,300.81891283538397,9.921412037037037,2021-08-14 17:52:30+00:00,301.8829874878808,179.4286239452813,6.628372694216568,359.17004531361795
2021-08-10 18:07:30,111.37377776065284,19.6946160233586,-3.2676921647049313,255.41508555847963,9.931828703703705,2021-08-14 18:07:30+00:00,301.89955251462186,179.29093022305028,6.628887759829715,360.01669449081805
2021-08-10 18:22:30,111.67573530553454,19.7650783379316,-3.2515133306052326,243.99156054664752,9.94224537037037,2021-08-14 18:22:30+00:00,301.9176127338616,179.15323654977374,6.629402624748165,362.30383973288815
2021-08-10 18:37:30,111.97447498865564,19.835929943367013,-3.2352520344551383,242.09124952616523,9.952662037037037,2021-08-14 18:37:30+00:00,301.9176127338616,179.01554292546305,6.6299172889519165,364.7746243739566
2021-08-10 18:52:30,112.27001391604765,19.907163785017985,-3.218912873573895,227.40578907057923,9.963078703703705,2021-08-14 18:52:30+00:00,301.93694285371043,178.8778493501144,6.630431752420978,366.48580968280464
2021-08-10 19:07:30,112.56236957383116,19.978772891783105,-3.2025003407944457,217.08944219613755,9.97349537037037,2021-08-14 19:07:30+00:00,301.95731806495996,178.74015582369543,6.630946015135367,366.2467749279101
2021-08-10 19:22:30,112.8515598066719,20.05075037630583,-3.18601882524209,220.9205264588267,9.983912037037037,2021-08-14 19:22:30+00:00,301.95731806495996,178.6024623462464,6.6314600770750785,359.45623658478416
2021-08-10 19:37:30,113.13760279723266,20.12308943517369,-3.1694726131767026,237.461082534259,9.994328703703705,2021-08-14 19:37:30+00:00,301.97851550170276,178.46476891772028,6.631973938220141,362.6758883854043
2021-08-10 19:52:30,113.42051704563058,20.195783348967986,-3.152865888925475,221.70089684357652,10.00474537037037,2021-08-14 19:52:30+00:00,302.00031567492334,178.32707553815737,6.632487598550596,363.02170283806345
2021-08-10 20:07:30,113.70032134982034,20.26882548232133,-3.1362027358684856,220.1824451507776,10.015162037037037,2021-08-14 20:07:30+00:00,302.00031567492334,178.18938220752548,6.6330010580464664,355.7929883138564
2021-08-10 20:22:30,113.97703478668004,20.342209283904175,-3.119487137487649,228.16257069275665,10.025578703703705,2021-08-14 20:22:30+00:00,302.02250386645085,178.05168892583603,6.633514316687777,357.89649415692816
2021-08-10 20:37:30,114.2506766930408,20.415928286303483,-3.1027229784858545,244.27697264571952,10.03599537037037,2021-08-14 20:37:30+00:00,302.04487147126656,177.91399569307114,6.634027374454579,360.60100166944903
2021-08-10 20:52:30,114.52126664809526,20.489976105951605,-3.0859140459331194,231.4506736032923,10.046412037037037,2021-08-14 20:52:30+00:00,302.04487147126656,177.77630250924236,6.634540231326914,360.1456973744119
2021-08-10 21:07:30,114.78882445556556,20.564346442873713,-3.0690640304919587,230.01955269158063,10.056828703703705,2021-08-14 21:07:30+00:00,302.0672172769245,177.63860937433233,6.635052887284823,364.1523751707391
2021-08-10 21:22:30,115.05337012720484,20.639033080554697,-3.0521765276466573,227.74702022751097,10.06724537037037,2021-08-14 21:22:30+00:00,302.0893486697578,177.50091628835233,6.635565342308383,366.68256618173143
2021-08-10 21:37:30,115.31492386603088,20.714029885563946,-3.0352550390171076,234.80411580909816,10.077662037037037,2021-08-14 21:37:30+00:00,302.0893486697578,177.36322325128492,6.6360775963776515,362.4040066777963
2021-08-10 21:52:30,115.5735060506786,20.789330807312165,-3.0183029736670934,231.1490912317872,10.088078703703705,2021-08-14 21:52:30+00:00,302.1110827585815,177.22553026314193,6.63658964947268,361.7696160267112
2021-08-10 22:07:30,115.82913722025016,20.86492987770255,-3.001323649459874,229.68845611687445,10.09849537037037,2021-08-14 22:07:30+00:00,302.1110827585815,177.0878373239207,6.637101501573556,361.9669145545606
2021-08-10 22:22:30,116.0818380591206,20.940821210669455,-2.984320294456676,230.7360620413868,10.108912037037037,2021-08-14 22:22:30+00:00,302.13224740774547,176.9501444335891,6.637613152660348,364.4645838301932
2021-08-10 22:37:30,116.33162938305912,21.016999001831056,-2.9672960483065243,219.4500561896286,10.119328703703705,2021-08-14 22:37:30+00:00,302.1526821726106,176.812451592188,6.638124602713145,368.28046744574294
2021-08-10 22:52:30,116.57853212514314,21.09345752798057,-2.950253963684722,220.21159296501924,10.12974537037037,2021-08-14 22:52:30+00:00,302.1526821726106,176.67475879968595,6.638635851712031,364.9654185547341
2021-08-10 23:07:30,116.8225673225817,21.170191146601816,-2.9331970077371436,246.7830258916528,10.140162037037037,2021-08-14 23:07:30+00:00,302.17223913179845,176.53706605610915,6.639146899637104,365.15404461982087
2021-08-10 23:22:30,117.0637561039184,21.247194295361588,-2.9161280635370135,248.22874472096044,10.150578703703705,2021-08-14 23:22:30+00:00,302.1907836118582,176.39937336141168,6.639657746468458,373.4796088719294
2021-08-10 23:37:30,117.3021196766087,21.32446149154431,-2.899049931560564,249.0417139553508,10.16099537037037,2021-08-14 23:37:30+00:00,302.1907836118582,176.26168071561992,6.640168392186185,370.8488506485168
2021-08-10 23:52:30,117.53767931520476,21.40198733149385,-2.8819653311648867,247.0681790472221,10.171412037037037,2021-08-14 23:52:30+00:00,302.20819480130257,176.12398811871688,6.640678836770422,373.53164364850505
2021-08-11 00:07:30,117.77045634980952,21.479766489979493,-2.864876902082795,242.2721809319446,10.181828703703705,2021-08-15 00:07:30+00:00,302.2243662522331,175.98629557071487,6.641189080201249,377.2716432148819
2021-08-11 00:22:30,118.00047215508748,21.557793719596923,-2.847787205910228,247.47575810262356,10.19224537037037,2021-08-15 00:22:30+00:00,302.2243662522331,175.84860307161145,6.641699122458804,374.24874791318865
2021-08-11 00:37:30,118.22774813986096,21.636063850140108,-2.8306987275975137,233.991282487674,10.202662037037037,2021-08-15 00:37:30+00:00,302.2392062690078,175.7109106213897,6.6422089635232195,374.1950870498449
2021-08-11 00:52:30,118.45230573676938,21.714571787901388,-2.813613876952553,238.39646611708577,10.213078703703705,2021-08-15 00:52:30+00:00,302.25263818456176,175.57321822006216,6.642718603374595,371.2341081289328
2021-08-11 01:07:30,118.67416639258576,21.793312515012957,-2.796534990127213,239.9175576117691,10.22349537037037,2021-08-15 01:07:30+00:00,302.25263818456176,175.4355258676265,6.6432280419931145,373.4796088719294
2021-08-11 01:22:30,118.89335155883816,21.872281088733075,-2.779464331111078,237.6484101801491,10.233912037037037,2021-08-15 01:22:30+00:00,302.26460052606365,175.297833564066,6.64373727935888,370.52663530125966
2021-08-11 01:37:30,119.10988268294425,21.9514726407568,-2.762404093209743,238.49431782692795,10.244328703703705,2021-08-15 01:37:30+00:00,302.27504707256196,175.16014130939325,6.644246315452045,367.04030527068926
2021-08-11 01:52:30,119.3237811995646,22.030882376461303,-2.7453564005271187,244.57713760660533,10.25474537037037,2021-08-15 01:52:30+00:00,302.27504707256196,175.02244910359155,6.644755150252769,371.50806900389534
2021-08-11 02:07:30,119.53506852235596,22.11050557418065,-2.728323309431277,255.40071713168248,10.265162037037037,2021-08-15 02:07:30+00:00,302.28394680813284,174.88475694667352,6.645263783741199,380.7059384688767
2021-08-11 02:22:30,119.74376603618862,22.190337584448542,-2.7113068100134834,261.45588632485396,10.275578703703705,2021-08-15 02:22:30+00:00,302.28394680813284,174.7470648386228,6.645772215897504,378.4879561173384
2021-08-11 02:37:30,119.94989508973656,22.270373829257164,-2.6943088275323896,244.22063004886812,10.28599537037037,2021-08-15 02:37:30+00:00,302.29128377477485,174.60937277945197,6.646280446701849,373.08334403493006
2021-08-11 02:52:30,120.153476988053,22.350609801259008,-2.677331223854319,244.7288505000971,10.296412037037037,2021-08-15 02:52:30+00:00,302.29705682990584,174.47168076915912,6.64678847613442,373.83734796088714
2021-08-11 03:07:30,120.3545329859394,22.43104106299275,-2.660375798874502,240.1481067667903,10.306828703703705,2021-08-15 03:07:30+00:00,302.29705682990584,174.33398880774263,6.647296304175382,373.37228714524207
2021-08-11 03:22:30,120.5530842813412,22.51166324610005,-2.6434442919244994,237.23622666444376,10.31724537037037,2021-08-15 03:22:30+00:00,302.3012793137958,174.1962968951717,6.647803930804919,378.4164082995469
2021-08-11 03:37:30,120.74915200922966,22.59247205056003,-2.626538383158905,245.78747614497465,10.327662037037037,2021-08-15 03:37:30+00:00,302.3039786326253,174.05860503148827,6.648311356003226,373.6227045075125
2021-08-11 03:52:30,120.94275723553032,22.67346324384809,-2.6096596949407274,237.28911865621944,10.338078703703705,2021-08-15 03:52:30+00:00,302.3039786326253,173.92091321667618,6.6488185797505075,374.55282613880274
2021-08-11 04:07:30,121.1339209517527,22.75463266017271,-2.5928097931942755,238.2761528941794,10.34849537037037,2021-08-15 04:07:30+00:00,302.30519576308836,173.78322145070487,6.649325602026937,377.71285475792985
2021-08-11 04:22:30,121.32266406933591,22.8359761996415,-2.575990188752271,235.37808492189825,10.358912037037037,2021-08-15 04:22:30+00:00,302.3049846845804,173.6455297336019,6.649832422812753,377.8440257572143
2021-08-11 04:37:30,121.50900741490776,22.917489827480583,-2.5592023386756244,241.46244124508812,10.369328703703705,2021-08-15 04:37:30+00:00,302.3049846845804,173.50783806538035,6.65033904208814,395.6594323873122
2021-08-11 04:52:30,121.69297172514064,22.999169573184343,-2.5424476475671973,257.62381747356704,10.37974537037037,2021-08-15 04:52:30+00:00,302.3034117450224,173.37014644599512,6.650845459833335,396.8614357262104
2021-08-11 05:07:30,121.87457764263053,23.08101152977684,-2.525727468843611,246.1727789850901,10.390162037037037,2021-08-15 05:07:30+00:00,302.300554966296,173.23245487548868,6.651351676028573,393.810196481315
2021-08-11 05:22:30,122.05384571115836,23.163011852923667,-2.5090431060191194,268.19146545628666,10.400578703703705,2021-08-15 05:22:30+00:00,302.300554966296,173.09476335383053,6.6518576906540305,389.8035186849878
2021-08-11 05:37:30,122.23079637189508,23.245166760157502,-2.49239581394505,263.101231850637,10.41099537037037,2021-08-15 05:37:30+00:00,302.2965032951075,172.95707188103407,6.6523635036899975,395.0870498449797
2021-08-11 05:52:30,122.40544995948925,23.327472530076943,-2.475786800035355,256.4162277352866,10.421412037037037,2021-08-15 05:52:30+00:00,302.2913558048732,172.81938045708338,6.652869115116681,403.83973288814695
2021-08-11 06:07:30,122.57782669849044,23.409925501526573,-2.4592172254765834,244.57562022198317,10.431828703703705,2021-08-15 06:07:30+00:00,302.2913558048732,172.68168908199235,6.653374524914341,401.669449081803
2021-08-11 06:22:30,122.74794669989008,23.492522072769994,-2.442688206418,247.5447565367724,10.44224537037037,2021-08-15 06:22:30+00:00,302.2852208539512,172.5439977557595,6.653879733063229,397.1062882582081
2021-08-11 06:37:30,122.91582995799148,23.575258700737617,-2.4262008151265717,265.4683530051166,10.452662037037037,2021-08-15 06:37:30+00:00,302.2852208539512,172.4063064783547,6.654384739543605,393.9422847603148
2021-08-11 06:52:30,123.08149634739844,23.658131900169614,-2.40975608114398,276.10094532288474,10.463078703703705,2021-08-15 06:52:30+00:00,302.27821520523736,172.268615249821,6.6548895443357114,403.0050083472454
2021-08-11 07:07:30,123.24496562018446,23.741138242853783,-2.393354992402487,259.13862552094884,10.47349537037037,2021-08-15 07:07:30+00:00,302.2704631118189,172.1309240701426,6.655394147419844,397.948962556642
2021-08-11 07:22:30,123.40625740328063,23.82427435679738,-2.3769984963343656,259.39951598918094,10.483912037037037,2021-08-15 07:22:30+00:00,302.2704631118189,171.99323293930416,6.655898548776269,400.3338898163606
2021-08-11 07:37:30,123.5653911961412,23.90753692549585,-2.3606875009430857,253.38130516405135,10.494328703703705,2021-08-15 07:37:30+00:00,302.2620953730546,171.8555418573196,6.65640274838524,411.3284044836632
2021-08-11 07:52:30,123.7223863682812,23.99092268706742,-2.3444228758789376,271.48508496072265,10.50474537037037,2021-08-15 07:52:30+00:00,302.25324836513346,171.7178508241881,6.656906746227081,414.69115191986646
2021-08-11 08:07:30,123.8772621574054,24.07442843355398,-2.328205453463746,262.21643475432217,10.515162037037037,2021-08-15 08:07:30+00:00,302.25324836513346,171.58015983989426,6.657410542282057,399.9666110183639
2021-08-11 08:22:30,124.03003766724837,24.15805101006544,-2.3120360297243,285.18261087978453,10.525578703703705,2021-08-15 08:22:30+00:00,302.24406304987133,171.4424689044521,6.657914136530477,426.325927828432
2021-08-11 08:37:30,124.18073186598782,24.24178731408734,-2.2959153653765068,267.97315740903895,10.53599537037037,2021-08-15 08:37:30+00:00,302.2346839652538,171.3047780178467,6.65841752895264,413.2341781757475
2021-08-11 08:52:30,124.32936358438864,24.325634294660972,-2.2798441868128174,284.7739086983483,10.546412037037037,2021-08-15 08:52:30+00:00,302.2346839652538,171.16708718010642,6.6589207195288695,409.94991652754584
2021-08-11 09:07:30,124.47595151444489,24.409588951633612,-2.263823187057927,277.2762133563441,10.556828703703705,2021-08-15 09:07:30+00:00,302.2252582010232,171.0293963911871,6.659423708239457,411.93656093489153
2021-08-11 09:22:30,124.62051420801056,24.49364833492917,-2.247853026699865,290.92141345507855,10.56724537037037,2021-08-15 09:22:30+00:00,302.21593436245803,170.89170565113213,6.65992649506472,412.4373956594323
2021-08-11 09:37:30,124.7630700754526,24.57780954378396,-2.2319343348111564,297.0144038513802,10.577662037037037,2021-08-15 09:37:30+00:00,302.21593436245803,170.75401495991187,6.66042907998502,416.5123691000152
2021-08-11 09:52:30,124.90363738464784,24.662069726012053,-2.216067709842821,293.30150259697234,10.588078703703705,2021-08-15 09:52:30+00:00,302.20686152540344,170.6163243175406,6.660931462980649,409.5006829564426
2021-08-11 10:07:30,125.04223425991432,24.746426077268985,-2.2002537205017325,319.1923208115408,10.59849537037037,2021-08-15 10:07:30+00:00,302.19818818559474,170.47863372401815,6.661433644031971,410.9849749582638
2021-08-11 10:22:30,125.17887868119512,24.830875840345236,-2.1844929066042145,324.90597169082065,10.608912037037037,2021-08-15 10:22:30+00:00,302.19818818559474,170.34094317932983,6.661935623119324,420.3672787979967
2021-08-11 10:37:30,125.31358848321004,24.915416304417665,-2.1687857799179837,286.42256186380115,10.619328703703705,2021-08-15 10:37:30+00:00,302.190061205364,170.20325268348986,6.662437400223051,417.77321176319504
2021-08-11 10:52:30,125.44638135476754,25.000044804359103,-2.153132824977355,283.7169937008524,10.62974537037037,2021-08-15 10:52:30+00:00,302.190061205364,170.06556223649818,6.662938975323497,427.04507512520865
2021-08-11 11:07:30,125.57727483831782,25.084758720026116,-2.1375344998834747,288.2590013112627,10.640162037037037,2021-08-15 11:07:30+00:00,302.18262476094384,169.9278718383403,6.663440348401071,444.88433102790367
2021-08-11 11:22:30,125.70628632939965,25.169555475581976,-2.1219912370807625,286.4389898816759,10.650578703703705,2021-08-15 11:22:30+00:00,302.17601929377867,169.7901814890308,6.663941519436081,439.87598378249464
2021-08-11 11:37:30,125.8334330762453,25.254432538791484,-2.106503444122968,291.37217526418334,10.66099537037037,2021-08-15 11:37:30+00:00,302.17601929377867,169.65249118856957,6.664442488408935,433.6513236346291
2021-08-11 11:52:30,125.95873217952418,25.339387420340735,-2.0910715044165364,298.44179339106034,10.671412037037037,2021-08-15 11:52:30+00:00,302.1703804695114,169.514800936957,6.6649432552999945,431.3439065108514
2021-08-11 12:07:30,126.08220059204793,25.42441767315404,-2.075695777948427,296.00872672258214,10.681828703703705,2021-08-15 12:07:30+00:00,302.165838148637,169.37711073417856,6.665443820089659,422.2752206057715
2021-08-11 12:22:30,126.20385511877768,25.50952089176643,-2.0603766019876097,301.77913130266774,10.69224537037037,2021-08-15 12:22:30+00:00,302.165838148637,169.23942058024883,6.6659441827583406,423.6227045075125
2021-08-11 12:37:30,126.32371241665902,25.59469471163619,-2.045114291782111,296.80700642606394,10.702662037037037,2021-08-15 12:37:30+00:00,302.16251537318954,169.10173047515386,6.666444343286387,416.7660386358216
2021-08-11 12:52:30,126.44178899468652,25.67993680851021,-2.0299091412304016,305.2591522668738,10.713078703703705,2021-08-15 12:52:30+00:00,302.16052737424246,168.96404041892316,6.666944301654223,417.2509738452977
2021-08-11 13:07:30,126.5581012139003,25.76524489775127,-2.0147614235443787,309.5423897710655,10.72349537037037,2021-08-15 13:07:30+00:00,302.16052737424246,168.8263504115277,6.667444057842272,424.8509420462675
2021-08-11 13:22:30,126.6726652876577,25.85061673376344,-1.999671391880212,298.60147230866556,10.733912037037037,2021-08-15 13:22:30+00:00,302.15998060545627,168.6886604529828,6.66794361183095,410.4698306701646
2021-08-11 13:37:30,126.78549728178837,25.936050109324857,-1.9846392799701007,302.7663426708096,10.744328703703705,2021-08-15 13:37:30+00:00,302.16097180836425,168.55097054327416,6.668442963600656,418.6978297161936
2021-08-11 13:52:30,126.89661311490444,26.02154285498759,-1.9696653027297215,306.75845039418647,10.75474537037037,2021-08-15 13:52:30+00:00,302.16097180836425,168.41328068243158,6.668942113131828,414.8452549120328
2021-08-11 14:07:30,127.00602855862466,26.10709283845946,-1.9547496568518896,314.30217998990565,10.765162037037037,2021-08-15 14:07:30+00:00,302.16358711555796,168.27559087042647,6.669441060404903,407.6794657762938
2021-08-11 14:22:30,127.11375923807802,26.19269796401618,-1.9398925213839384,302.15301725628234,10.775578703703705,2021-08-15 14:22:30+00:00,302.16790119837833,168.13790110727425,6.6699398054003245,410.3267350345815
2021-08-11 14:37:30,127.21982063222404,26.278356171880837,-1.92509405829482,287.4396223528042,10.78599537037037,2021-08-15 14:37:30+00:00,302.16790119837833,168.00021139296078,6.670438348098529,419.36560934891486
2021-08-11 14:52:30,127.32422807443886,26.364065437695594,-1.9103544130151544,284.85886210270235,10.796412037037037,2021-08-15 14:52:30+00:00,302.17397646613665,167.8625217275019,6.670936688479976,425.6379680419747
2021-08-11 15:07:30,127.42699675298137,26.44982377188935,-1.8956737149807636,280.88684236039103,10.806828703703705,2021-08-15 15:07:30+00:00,302.17397646613665,167.72483211089792,6.671434826525126,426.43800273182575
2021-08-11 15:22:30,127.52814171155268,26.535629219146543,-1.8810520781465736,278.5727771464637,10.81724537037037,2021-08-15 15:22:30+00:00,302.18186232424944,167.58714254314998,6.671932762214419,428.26933778519754
2021-08-11 15:37:30,127.62767784994156,26.621479857831694,-1.86648960149646,324.48579590640566,10.827662037037037,2021-08-15 15:37:30+00:00,302.19159449896426,167.44945302424438,6.672430495528356,424.2070116861436
2021-08-11 15:52:30,127.72561992461134,26.70737379941449,-1.851986369539402,285.826949354736,10.838078703703705,2021-08-15 15:52:30+00:00,302.19159449896426,167.31176355419683,6.67292802644742,424.7848979067677
2021-08-11 16:07:30,127.82198254950625,26.79330918799544,-1.837542452778377,284.93225142679665,10.84849537037037,2021-08-15 16:07:30+00:00,302.20319443655256,167.1740741330083,6.67342535495206,421.9174815168137
2021-08-11 16:22:30,127.91678019663829,26.87928419970308,-1.8231579081878135,279.0548156387167,10.858912037037037,2021-08-15 16:22:30+00:00,302.2166687849423,167.0363847606799,6.673922481022788,426.31051752921536
2021-08-11 16:37:30,128.01002719681924,26.96529704216761,-1.808832779669119,270.53854448587106,10.869328703703705,2021-08-15 16:37:30+00:00,302.2166687849423,166.89869543719826,6.674419404640093,429.0007154781779
2021-08-11 16:52:30,128.10173774061468,27.05134595405637,-1.7945670984813795,271.6822027200544,10.87974537037037,2021-08-15 16:52:30+00:00,302.23200896572945,166.76100616257904,6.6749161257844785,428.0133555926544
2021-08-11 17:07:30,128.19192587897385,27.137429204510237,-1.7803608836821183,266.0118802655589,10.890162037037037,2021-08-15 17:07:30+00:00,302.24919084434123,166.62331693682353,6.675412644436443,425.20868113522533
2021-08-11 17:22:30,128.2806055241667,27.22354509264855,-1.7662141425422198,278.18357399744417,10.900578703703705,2021-08-15 17:22:30+00:00,302.24919084434123,166.48562775993344,6.675908960576514,426.7946577629382
2021-08-11 17:37:30,128.3677904505825,27.3096919470856,-1.7521268709515043,294.54713427939623,10.91099537037037,2021-08-15 17:37:30+00:00,302.2681745058017,166.34793863190956,6.67640507418522,433.9375149057953
2021-08-11 17:52:30,128.4534942956599,27.395868125440067,-1.7380990538138996,273.6349168198619,10.921412037037037,2021-08-15 17:52:30+00:00,302.28890414307324,166.2102495527393,6.676900985243066,455.9265442404007
2021-08-11 18:07:30,128.53773056072907,27.482072013819955,-1.724130665437453,263.59403916087535,10.931828703703705,2021-08-15 18:07:30+00:00,302.28890414307324,166.0725605224383,6.677396693730596,454.5075125208681
2021-08-11 18:22:30,128.620512612046,27.568302026400133,-1.7102216698998425,288.00098402571706,10.94224537037037,2021-08-15 18:22:30+00:00,302.3113080642961,165.9348715409939,6.677892199628344,457.762938230384
2021-08-11 18:37:30,128.70185368158317,27.654556604913463,-1.6963720214182765,294.02330757981645,10.952662037037037,2021-08-15 18:37:30+00:00,302.3113080642961,165.79718260843654,6.67838750291687,455.59265442404006
2021-08-11 18:52:30,128.78176686811207,27.740834218198646,-1.6825816647013878,300.689258047543,10.963078703703705,2021-08-15 18:52:30+00:00,302.3352988244398,165.6594937247389,6.6788826035767155,434.9977234785248
2021-08-11 19:07:30,128.8602651380755,27.827133361753862,-1.6688505352919047,314.39228755435937,10.97349537037037,2021-08-15 19:07:30+00:00,302.3607734858958,165.52180488991746,6.679377501588442,442.3622704507512
2021-08-11 19:22:30,128.937361326699,27.913452557295116,-1.6551785598986828,314.20590738130346,10.983912037037037,2021-08-15 19:22:30+00:00,302.3607734858958,165.38411610397355,6.679872196932611,441.4630444680528
2021-08-11 19:37:30,129.0130681389552,27.999790352326755,-1.641565656719577,301.890748146135,10.994328703703705,2021-08-15 19:37:30+00:00,302.38761401140204,165.24642736689486,6.680366689589786,436.45469722264386
2021-08-11 19:52:30,129.08739815044217,28.08614531965174,-1.6280117357656831,311.7037323262846,11.00474537037037,2021-08-15 19:52:30+00:00,302.41568779140476,165.10873867871203,6.680860979540557,430.5032196518006
2021-08-11 20:07:30,129.16036380856704,28.172516057011,-1.6145166991565756,331.5736258237326,11.015162037037037,2021-08-15 20:07:30+00:00,302.41568779140476,164.97105003939805,6.681355066765524,430.288576198426
2021-08-11 20:22:30,129.23197743361038,28.25890118665544,-1.601080441418978,292.9975485193975,11.025578703703705,2021-08-15 20:22:30+00:00,302.4448483065416,164.83336144898422,6.6818489512452555,456.7612687813022
2021-08-11 20:37:30,129.3022512196092,28.34529935490394,-1.5877028497799763,282.51155025818224,11.03599537037037,2021-08-15 20:37:30+00:00,302.4749359244025,164.69567290742864,6.682342632960342,457.66277128547586
2021-08-11 20:52:30,129.37119723547693,28.431709231740808,-1.5743838044463938,274.44292849909056,11.046412037037037,2021-08-15 20:52:30+00:00,302.4749359244025,164.55798441477722,6.682836111891405,465.0828303582894
2021-08-11 21:07:30,129.4388274261811,28.518129510471297,-1.561123178868711,276.25346184208826,11.056828703703705,2021-08-15 21:07:30+00:00,302.50577882810563,164.42029597100296,6.6833293880190485,457.6377295492487
2021-08-11 21:22:30,129.50515361357122,28.60455890723389,-1.5479208400196698,255.6672534639445,11.06724537037037,2021-08-15 21:22:30+00:00,302.5371940725531,164.28260757612267,6.683822461323893,447.6349471341125
2021-08-11 21:37:30,129.57018749768736,28.69099616071563,-1.5347766486351258,240.11451759248473,11.077662037037037,2021-08-15 21:37:30+00:00,302.5371940725531,164.14491923013864,6.684315331786553,458.90770331504893
2021-08-11 21:52:30,129.63394065775654,28.777440031716573,-1.5216904594711356,227.57254308412857,11.088078703703705,2021-08-15 21:52:30+00:00,302.56898876252876,164.0072309330531,6.68480799938768,435.0584307178631
2021-08-11 22:07:30,129.6964245531219,28.863889302758412,-1.508662121548503,197.19299607873583,11.09849537037037,2021-08-15 22:07:30+00:00,302.60096134510536,163.86954268485405,6.685300464107882,438.8313856427379
2021-08-11 22:22:30,129.75765052461094,28.9503427777847,-1.4956914783764723,240.79018621414184,11.108912037037037,2021-08-15 22:22:30+00:00,302.60096134510536,163.73185448557263,6.685792725927816,447.2909394445287
2021-08-11 22:37:30,129.8176297953754,29.036799281742223,-1.4827783681889188,228.23512598819045,11.119328703703705,2021-08-15 22:37:30+00:00,302.6329030071774,163.59416633518288,6.686284784828132,450.6081564512283
2021-08-11 22:52:30,129.87637347201388,29.123257660222915,-1.4699226241654315,230.1911454491336,11.12974537037037,2021-08-15 22:52:30+00:00,302.6329030071774,163.45647823371593,6.68677664078948,444.86644407345574
2021-08-11 23:07:30,129.93389254585443,29.209716779176375,-1.4571240746356675,230.98790739800725,11.140162037037037,2021-08-15 23:07:30+00:00,302.66459916735874,163.3187901811454,6.687268293792533,459.3039681520483
2021-08-11 23:22:30,129.99019789377263,29.296175524498345,-1.4443825432973536,231.67354057597484,11.150578703703705,2021-08-15 23:22:30+00:00,302.69583105002533,163.18110217747423,6.687759743817953,462.0200333889816
2021-08-11 23:37:30,130.04530027946208,29.38263280172653,-1.431697849412718,230.68199438018985,11.16099537037037,2021-08-15 23:37:30+00:00,302.69583105002533,163.0434142227193,6.688250990846404,463.13552891182275
2021-08-11 23:52:30,130.09921035445026,29.469087535703046,-1.4190698080041564,198.61008657840583,11.171412037037037,2021-08-15 23:52:30+00:00,302.7263773279623,162.90572631689815,6.688742034858583,457.66277128547586
2021-08-12 00:07:30,130.15193865923277,29.555538670254233,-1.4064982300423137,193.0376827786908,11.181828703703705,2021-08-16 00:07:30+00:00,302.7560158189374,162.76803845998424,6.689232875835184,444.7412353923205
2021-08-12 00:22:30,130.20349562421694,29.641985167838634,-1.393982922634864,198.9090344372403,11.19224537037037,2021-08-16 00:22:30+00:00,302.7560158189374,162.63035065199549,6.6897235137569,441.4500357739089
2021-08-12 00:37:30,130.25389157100267,29.72842600927077,-1.3815236891983007,228.19441828035917,11.202662037037037,2021-08-16 00:37:30+00:00,302.78452522058205,162.4926628929345,6.690213948604431,454.64663327768505
2021-08-12 00:52:30,130.30313671334605,29.81486019341118,-1.3691203296300034,203.89796948402375,11.213078703703705,2021-08-16 00:52:30+00:00,302.8116868672503,162.35497518280434,6.690704180358489,456.0267111853088
2021-08-12 01:07:30,130.35124115825232,29.9012867368212,-1.3567726404821858,199.398478657685,11.22349537037037,2021-08-16 01:07:30+00:00,302.8116868672503,162.21728752159345,6.691194208999784,452.6711185308848
2021-08-12 01:22:30,130.39821490699663,29.98770467348701,-1.3444804151190834,195.69825678456343,11.233912037037037,2021-08-16 01:22:30+00:00,302.8372864920496,162.07959990931948,6.6916840345090405,442.0224183162413
2021-08-12 01:37:30,130.44406785633024,30.074113054544444,-1.3322434438723003,230.92761382571743,11.244328703703705,2021-08-16 01:37:30+00:00,302.86111597702177,161.94191234600044,6.692173656866987,441.6360601001669
2021-08-12 01:52:30,130.48880979939705,30.16051094794731,-1.320061514198044,229.243183082916,11.25474537037037,2021-08-16 01:52:30+00:00,302.86111597702177,161.8042248316099,6.692663076054363,454.686382065347
2021-08-12 02:07:30,130.53245042692075,30.246897438227716,-1.3079344108186073,189.89626030413856,11.265162037037037,2021-08-16 02:07:30+00:00,302.8829750744835,161.66653736616618,6.693152292051917,446.8697829716193
2021-08-12 02:22:30,130.57499932809577,30.33327162616682,-1.2958619158715294,194.43258143417324,11.275578703703705,2021-08-16 02:22:30+00:00,302.90267308283177,161.52884994967238,6.693641304840389,446.74457429048414
2021-08-12 02:37:30,130.61646599181455,30.41963262856266,-1.283843809042266,228.2948883677725,11.28599537037037,2021-08-16 02:37:30+00:00,302.90267308283177,161.3911625821319,6.694130114400545,445.7429048414024
2021-08-12 02:52:30,130.65685980760696,30.505979577936387,-1.2718798677010668,200.04658927670147,11.296412037037037,2021-08-16 02:52:30+00:00,302.92003046065213,161.2534752635337,6.694618720713137,443.2943795214246
2021-08-12 03:07:30,130.69619006670325,30.592311622271815,-1.259969867031753,192.64013303625367,11.306828703703705,2021-08-16 03:07:30+00:00,302.92003046065213,161.1157879938958,6.695107123758936,436.2270450751252
2021-08-12 03:22:30,130.7344659630814,30.67862792475962,-1.2481135801564942,195.00330007376635,11.31724537037037,2021-08-16 03:22:30+00:00,302.9348803637408,160.97810077322177,6.6955953235187335,431.8308291597106
2021-08-12 03:37:30,130.77169659447392,30.76492766352601,-1.2363107782595013,234.83660948476412,11.327662037037037,2021-08-16 03:37:30+00:00,302.94707009063137,160.84041360152963,6.6960833199733125,437.49839476049823
2021-08-12 03:52:30,130.80789096338265,30.85121003140446,-1.2245612307013072,247.8883200473448,11.338078703703705,2021-08-16 03:52:30+00:00,302.94707009063137,160.70272647877948,6.696571113103422,443.322203672788
2021-08-12 04:07:30,130.84305797809,30.937474235643307,-1.212864705137977,262.19715089351257,11.34849537037037,2021-08-16 04:07:30+00:00,302.9564624233917,160.56503940501878,6.697058702889932,439.8239490059189
2021-08-12 04:22:30,130.87720645370763,31.023719497711237,-1.201220967625512,256.2110876851825,11.358912037037037,2021-08-16 04:22:30+00:00,302.9629368517835,160.4273523802367,6.697546089313599,436.5275459098498
2021-08-12 04:37:30,130.91034511315584,31.10994505304138,-1.1896297827280566,269.4184644099873,11.369328703703705,2021-08-16 04:37:30+00:00,302.9629368517835,160.28966540443707,6.698033272355244,439.9475316002862
2021-08-12 04:52:30,130.94248258812476,31.19615015077614,-1.1780909136234516,273.5757135991153,11.37974537037037,2021-08-16 04:52:30+00:00,302.9663906703429,160.15197847760913,6.698520251995687,436.7278797996661
2021-08-12 05:07:30,130.97362742006302,31.282334053542428,-1.1666041222024777,233.75083805796885,11.390162037037037,2021-08-16 05:07:30+00:00,302.96673993949435,160.01429159977164,6.699007028215751,445.9098497495826
2021-08-12 05:22:30,131.0037880612609,31.368496037264656,-1.1551691691600117,228.2186811906888,11.400578703703705,2021-08-16 05:22:30+00:00,302.96673993949435,159.87660477094272,6.699493600996264,438.3973288814691
2021-08-12 05:37:30,131.03297287563572,31.454635390878845,-1.1437858140958022,254.6721838602599,11.41099537037037,2021-08-16 05:37:30+00:00,302.9639203034335,159.73891799109765,6.6999799703180845,442.5948008585738
2021-08-12 05:52:30,131.06119013985466,31.540751416149043,-1.132453815600557,203.81255581007105,11.421412037037037,2021-08-16 05:52:30+00:00,302.9578876591622,159.6012312602549,6.700466136162047,433.2220367278798
2021-08-12 06:07:30,131.0884480442307,31.62684342744374,-1.1211729313439884,199.13344549606023,11.431828703703705,2021-08-16 06:07:30+00:00,302.9578876591622,159.46354457840428,6.700952098509007,449.0210957656701
2021-08-12 06:22:30,131.11475469364396,31.71291075153026,-1.1099429181579004,190.08036650231003,11.44224537037037,2021-08-16 06:22:30+00:00,302.9486186727094,159.32585794557903,6.7014378573398075,462.8428332935846
2021-08-12 06:37:30,131.1401181085229,31.798952727345092,-1.0987635321206746,190.25873212812536,11.452662037037037,2021-08-16 06:37:30+00:00,302.93611114018324,159.18817136176884,6.701923412635347,450.0
2021-08-12 06:52:30,131.16454622576717,31.88496870581165,-1.08763452863286,228.7916183672677,11.463078703703705,2021-08-16 06:52:30+00:00,302.93611114018324,159.0504848269635,6.7024087643764725,450.9333738048262
2021-08-12 07:07:30,131.18804689967055,31.970958049632262,-1.076555662493972,232.2120669483005,11.47349537037037,2021-08-16 07:07:30+00:00,302.9203841928572,158.91279834119658,6.702893912544091,437.3121869782972
2021-08-12 07:22:30,131.2106279028325,32.05692013307925,-1.0655266879773686,231.04075267564804,11.483912037037037,2021-08-16 07:22:30+00:00,302.9203841928572,158.7751119044433,6.703378857119073,433.15048891008826
2021-08-12 07:37:30,131.23229692703137,32.14285434181368,-1.0545473588996042,207.11951826325327,11.494328703703705,2021-08-16 07:37:30+00:00,302.90147834696506,158.63742551673738,6.70386359808231,434.4513583244802
2021-08-12 07:52:30,131.25306158422327,32.228760072691735,-1.043617428688845,207.57852234344065,11.50474537037037,2021-08-16 07:52:30+00:00,302.8794554002481,158.49973917805417,6.704348135414738,447.1897607122983
2021-08-12 08:07:30,131.2729294072873,32.31463673355986,-1.0327366504530635,231.0632599635672,11.515162037037037,2021-08-16 08:07:30+00:00,302.8794554002481,158.36205288841282,6.704832469097223,428.338898163606
2021-08-12 08:22:30,131.29190785108136,32.40048374311132,-1.0219047770391672,232.45142221731112,11.525578703703705,2021-08-16 08:22:30+00:00,302.85439817855234,158.2243666478181,6.705316599110711,424.0704203976324
2021-08-12 08:37:30,131.31000429317342,32.486300530648194,-1.0111215611011697,226.0412403725188,11.53599537037037,2021-08-16 08:37:30+00:00,302.8264101368967,158.08668045627468,6.705800525436126,421.9890293346052
2021-08-12 08:52:30,131.3272260347446,32.572086535946866,-1.0003867551541057,226.35658914728683,11.546412037037037,2021-08-16 08:52:30+00:00,302.8264101368967,157.94899431378738,6.706284248054359,420.0333889816361
2021-08-12 09:07:30,131.34358030153473,32.65784120906666,-0.9897001116333624,230.68408436888976,11.556828703703705,2021-08-16 09:07:30+00:00,302.7956148204267,157.8113082203609,6.706767766946398,426.4249940376818
2021-08-12 09:22:30,131.3590742445036,32.74356401017111,-0.9790613829507367,228.7537799864546,11.56724537037037,2021-08-16 09:22:30+00:00,302.76215519152004,157.67362217598568,6.707251082093188,435.5036171396772
2021-08-12 09:37:30,131.37371494089203,32.829254409366165,-0.9684703215467908,227.25684181807551,11.577662037037037,2021-08-16 09:37:30+00:00,302.76215519152004,157.5359361806958,6.707734193475656,439.0889577867875
2021-08-12 09:52:30,131.38750939490606,32.91491188653946,-0.9579266799411872,231.04819401845452,11.588078703703705,2021-08-16 09:52:30+00:00,302.72619283004065,157.39825023448168,6.70821710107477,434.92487479131887
2021-08-12 10:07:30,131.4004645385891,33.000535931192054,-0.9474302107831036,229.69410755929144,11.59849537037037,2021-08-16 10:07:30+00:00,302.68790701432835,157.26056433733385,6.70869980487151,437.9799666110183
2021-08-12 10:22:30,131.41258723267504,33.08612604227336,-0.9369806668993385,204.9384633303568,11.608912037037037,2021-08-16 10:22:30+00:00,302.68790701432835,157.12287848928645,6.7091823048468155,441.37198360904534
2021-08-12 10:37:30,131.42388426729914,33.17168172801749,-0.9265778013404342,233.1954034935009,11.619328703703705,2021-08-16 10:37:30+00:00,302.64749369099457,156.98519269031547,6.70966460098172,444.6577629382303
2021-08-12 10:52:30,131.43436236288227,33.25720250581,-0.91622136742286,236.84072219130653,11.62974537037037,2021-08-16 10:52:30+00:00,302.6051643419711,156.8475069404555,6.7101466932571805,454.9725733365131
2021-08-12 11:07:30,131.44402817092163,33.3426879020125,-0.9059111187738548,272.04019277412044,11.640162037037037,2021-08-16 11:07:30+00:00,302.6051643419711,156.70982123966806,6.7106285816541895,461.5692821368948
2021-08-12 11:22:30,131.45288827471646,33.42813745182658,-0.8956468093706405,262.9026193515396,11.650578703703705,2021-08-16 11:22:30+00:00,302.56114475753753,156.57213558800194,6.711110266153773,471.71476269973766
2021-08-12 11:37:30,131.46094919019828,33.513550699139266,-0.8854281935810557,243.137582244918,11.66099537037037,2021-08-16 11:37:30+00:00,302.56114475753753,156.43444998546278,6.711591746736928,471.45242070116865
2021-08-12 11:52:30,131.46821736662304,33.59892719638436,-0.8752550262003851,235.22637112340885,11.671412037037037,2021-08-16 11:52:30+00:00,302.5156737242671,156.2967644320268,6.712073023384663,466.87813021702834
2021-08-12 12:07:30,131.4746991874652,33.68426650439268,-0.8651270624884642,233.344809442456,11.681828703703705,2021-08-16 12:07:30+00:00,302.4690016369712,156.15907892771412,6.712554096078022,465.0250417362271
2021-08-12 12:22:30,131.480400971402,33.769568191551656,-0.8550440588100933,252.4371553179257,11.69224537037037,2021-08-16 12:22:30+00:00,302.4690016369712,156.0213934725301,6.713034964798028,467.4934414500358
2021-08-12 12:37:30,131.4853289755307,33.85483182892386,-0.8450057767300085,262.71465294415344,11.702662037037037,2021-08-16 12:37:30+00:00,302.4213890438331,155.88370806649522,6.713515629525731,470.0333889816361
2021-08-12 12:52:30,131.48948938667118,33.940057008578954,-0.8350119671901307,268.82271486068515,11.713078703703705,2021-08-16 12:52:30+00:00,302.37310513399075,155.74602270957135,6.71399609024218,460.26711185308847
2021-08-12 13:07:30,131.4928883322174,34.025243323576895,-0.8250623876442662,272.11727717401897,11.72349537037037,2021-08-16 13:07:30+00:00,302.37310513399075,155.60833740180777,6.714476346928426,467.6683361157485
2021-08-12 13:22:30,131.49553187739284,34.11039037470602,-0.8151567961713074,252.9738929343978,11.733912037037037,2021-08-16 13:22:30+00:00,302.32442617689185,155.4706521431958,6.714956399565526,466.4697572877874
2021-08-12 13:37:30,131.49742602590203,34.19549777034805,-0.8052949515050635,252.189048931682,11.744328703703705,2021-08-16 13:37:30+00:00,302.2756339228013,155.3329669337412,6.715436248134539,482.9716193656094
2021-08-12 13:52:30,131.49857672066105,34.280565126350055,-0.795476613061524,266.9209661089772,11.75474537037037,2021-08-16 13:52:30+00:00,302.2756339228013,155.19528177343548,6.715915892616562,471.9294061531123
2021-08-12 14:07:30,131.4989898445326,34.36559206590755,-0.7857015409643138,289.03488094775906,11.765162037037037,2021-08-16 14:07:30+00:00,302.2270139739121,155.0575966623136,6.71639533299269,474.3290098882753
