time,longitude,radius,latitude,Vr,Time_days,Times_Earth,Vr_pred_Earth,Lon-L1,Lat-L1,Vr_obs_Earth
2022-02-23 02:22:30,47.68240597480715,32.855120257817916,2.315112876308595,360.2870738901608,15.348483796296296,2022-02-27 02:22:30+00:00,455.7769864507338,110.66722872786764,-7.188241554094357,384.7444152953335
2022-02-23 02:37:30,47.6835730631398,32.76257096016851,2.3070675222775985,341.9359013376049,15.358900462962962,2022-02-27 02:37:30+00:00,456.4180138077517,110.53002782693324,-7.188417029001924,384.8543869411983
2022-02-23 02:52:30,47.68558270613378,32.66994722128478,2.298960858542512,360.7233516342732,15.36931712962963,2022-02-27 02:52:30+00:00,457.1616039067602,110.39282688928884,-7.188592262661829,385.34594694861806
2022-02-23 03:07:30,47.688442762584856,32.57724925424847,2.290792246859659,381.6203216079479,15.379733796296296,2022-02-27 03:07:30+00:00,457.1616039067602,110.25562591488612,-7.188767255072151,388.9917539333232
2022-02-23 03:22:30,47.692161188581025,32.484477279582904,2.2825610408502617,366.80060430192344,15.390150462962962,2022-02-27 03:22:30+00:00,457.99705538971784,110.11842490369126,-7.18894200623095,394.92487479131887
2022-02-23 03:37:30,47.696746039011096,32.39163152539364,2.2742665858838276,351.3593322036036,15.40056712962963,2022-02-27 03:37:30+00:00,458.911300134647,109.98122385567024,-7.189116516136295,404.1974719771046
2022-02-23 03:52:30,47.70220546897264,32.298712227600326,2.26590821896677,376.83346559147463,15.410983796296296,2022-02-27 03:52:30+00:00,458.911300134647,109.84402277078918,-7.189290784786266,405.5091819699499
2022-02-23 04:07:30,47.70854773527518,32.20571963004896,2.257485268619549,385.2299886323835,15.421400462962962,2022-02-27 04:07:30+00:00,459.8891107517395,109.70682164901406,-7.189464812178948,404.23987068394416
2022-02-23 04:22:30,47.71578119799903,32.11265398469646,2.248997054757642,393.62501129008933,15.43181712962963,2022-02-27 04:22:30+00:00,460.91342943044657,109.56962049031078,-7.189638598312412,402.2556112038583
2022-02-23 04:37:30,47.72391432199511,32.01951555180602,2.240442888571808,397.6362720937012,15.442233796296296,2022-02-27 04:37:30+00:00,460.91342943044657,109.43241929467436,-7.1898121431847635,400.4451864218142
2022-02-23 04:52:30,47.73295567847494,31.926304600117763,2.231822072404105,384.9595429630481,15.452650462962962,2022-02-27 04:52:30+00:00,461.9658083147876,109.29521806201248,-7.1899854467940925,394.0984974958264
2022-02-23 05:07:30,47.74291394659641,31.83302140703971,2.223133899623805,392.475122119428,15.46306712962963,2022-02-27 05:07:30+00:00,463.0269406149443,109.1580167923346,-7.190158509138489,395.3599915202587
2022-02-23 05:22:30,47.75379791510107,31.739666258837545,2.2143776545011526,391.41883893766294,15.473483796296296,2022-02-27 05:22:30+00:00,463.0269406149443,109.02081548559192,-7.190331330216059,390.0372674997049
2022-02-23 05:37:30,47.76561648392549,31.64623945081707,2.205552612078257,385.52346767827186,15.483900462962962,2022-02-27 05:37:30+00:00,464.0772520653648,108.8836141417356,-7.190503910024892,403.1635216944065
2022-02-23 05:52:30,47.77837866594982,31.552741287538662,2.196658038041331,281.2279003700504,15.49431712962963,2022-02-27 05:52:30+00:00,465.0975155957881,108.74641276077504,-7.190676248563107,396.39081008029257
2022-02-23 06:07:30,47.79209358863245,31.459172082994975,2.187693188587106,273.47784499957646,15.504733796296296,2022-02-27 06:07:30+00:00,465.0975155957881,108.60921134263204,-7.190848345828808,395.5926544240401
2022-02-23 06:22:30,47.8067704957573,31.365532160875095,2.1786573102950557,239.3926055294224,15.515150462962962,2022-02-27 06:22:30+00:00,466.06944930020353,108.4720098873015,-7.191020201820109,394.9508439992581
2022-02-23 06:37:30,47.82241874924151,31.27182185469216,2.169549639985374,215.05280326759484,15.52556712962963,2022-02-27 06:37:30+00:00,466.06944930020353,108.33480839471974,-7.191191816535142,403.1979224633649
2022-02-23 06:52:30,47.83904783082518,31.17804150809069,2.160369404591089,211.72071858184628,15.535983796296296,2022-02-27 06:52:30+00:00,466.9762594520716,108.19760686488128,-7.191363189972013,411.9829345204971
2022-02-23 07:07:30,47.85666734398154,31.084191475007547,2.151115821014683,210.4412978194863,15.546400462962962,2022-02-27 07:07:30+00:00,467.8030961626395,108.06040529773716,-7.191534322128843,421.1871637915043
2022-02-23 07:22:30,47.87528701577834,30.99027211989315,2.141788095987997,223.60842398097495,15.55681712962963,2022-02-27 07:22:30+00:00,467.8030961626395,107.9232036932382,-7.191705213003776,420.9529109362164
2022-02-23 07:37:30,47.894916698633374,30.896283818012403,2.13238542593763,220.8870547736232,15.567233796296296,2022-02-27 07:37:30+00:00,468.53739836832057,107.7860020513788,-7.191875862594952,421.7399369319235
2022-02-23 07:52:30,47.915566372352,30.80222695561109,2.1229069968357104,230.51598811994236,15.577650462962962,2022-02-27 07:52:30+00:00,469.1691157458827,107.64880037210976,-7.192046270900478,415.8889153880807
2022-02-23 08:07:30,47.9372461460188,30.708101930186753,2.11335198405778,240.36979313991387,15.58806712962963,2022-02-27 08:07:30+00:00,469.1691157458827,107.51159865541088,-7.192216437918519,413.1734709364091
2022-02-23 08:22:30,47.959966259975594,30.613909150741858,2.103719552237407,260.5183569285211,15.598483796296296,2022-02-27 08:22:30+00:00,469.6908063066566,107.37439690121832,-7.192386363647199,413.0031534038212
2022-02-23 08:37:30,47.983737087784,30.519649038030387,2.0940088551178113,268.9039775286854,15.608900462962962,2022-02-27 08:37:30+00:00,470.09761837423287,107.2371951095118,-7.192556048084686,415.902164983968
2022-02-23 08:52:30,48.00856913632352,30.425322020423195,2.0842190391042155,266.8239794662164,15.61931712962963,2022-02-27 08:52:30+00:00,470.09761837423287,107.09999328027104,-7.192725491229122,422.894639213504
2022-02-23 09:07:30,48.03447305370855,30.330928546958106,2.0743492323792867,245.7761351857163,15.629733796296296,2022-02-27 09:07:30+00:00,470.38717335040786,106.96279141341736,-7.192894693078658,440.2496223865171
2022-02-23 09:22:30,48.06145962588585,30.23646907561707,2.0643985547635726,258.6229819209264,15.640150462962962,2022-02-27 09:22:30+00:00,470.55937057395454,106.82558950897416,-7.193063653631459,445.82047520277905
2022-02-23 09:37:30,48.089539780220186,30.141944076832072,2.0543661149308425,258.062387049183,15.65056712962963,2022-02-27 09:37:30+00:00,470.55937057395454,106.68838756687732,-7.19323237288568,435.76794657762935
2022-02-23 09:52:30,48.11872458782465,30.047354034138625,2.0442510099010716,276.040806935646,15.660983796296296,2022-02-27 09:52:30+00:00,470.61613763083494,106.55118558709178,-7.193400850839486,432.80467445742903
2022-02-23 10:07:30,48.14902526583621,29.952699444494264,2.0340523248860114,259.99767823574416,15.671400462962962,2022-02-27 10:07:30+00:00,470.5611490384846,106.4139835695824,-7.193569087491047,432.7874499827756
2022-02-23 10:22:30,48.18045317962161,29.85798081854296,2.023769133126939,270.0348615299693,15.68181712962963,2022-02-27 10:22:30+00:00,470.5611490384846,106.2767815143142,-7.193737082838546,435.7707289927657
2022-02-23 10:37:30,48.21301984508175,29.763198680937055,2.013400495736239,277.1794279735912,15.692233796296296,2022-02-27 10:37:30+00:00,470.39953390511596,106.13957942125184,-7.193904836880146,440.50136470837634
2022-02-23 10:52:30,48.246736930925294,29.668353570659516,2.0029454615368705,274.1452691014877,15.702650462962962,2022-02-27 10:52:30+00:00,470.39953390511596,106.0023772903457,-7.194072349614042,438.404748655166
2022-02-23 11:07:30,48.28161626114745,29.57344604130634,1.9924030668951012,278.643992019722,15.71306712962963,2022-02-27 11:07:30+00:00,470.137589653053,105.86517512160412,-7.194239621038392,443.2313114450009
2022-02-23 11:22:30,48.31766981722211,29.478476661473216,1.9817723355629155,283.23226883515537,15.723483796296296,2022-02-27 11:22:30+00:00,469.7825148506693,105.72797291494824,-7.194406651151416,447.0089037284363
2022-02-23 11:37:30,48.35490974070483,29.383446015029467,1.9710522785050792,276.93682178631053,15.733900462962962,2022-02-27 11:37:30+00:00,469.7825148506693,105.59077067035716,-7.1945734399512675,446.1417176776108
2022-02-23 11:52:30,48.393348335617176,29.288354701496456,1.9602418937365207,286.20264415018613,15.74431712962963,2022-02-27 11:52:30+00:00,469.34217015712784,105.45356838779558,-7.194739987436179,449.159373366385
2022-02-23 12:07:30,48.432998070956735,29.193203336396714,1.9493401661534535,311.3893433116111,15.754733796296296,2022-02-27 12:07:30+00:00,468.8248727260412,105.3163660672426,-7.194906293604323,450.52865887590434
2022-02-23 12:22:30,48.473871583333064,29.0979925515586,1.9383460673578925,316.11692804904135,15.765150462962962,2022-02-27 12:22:30+00:00,468.8248727260412,105.1791637086337,-7.195072358453906,461.0684474123539
2022-02-23 12:37:30,48.51598167949641,29.002722995550535,1.9272585554944583,301.84489269750657,15.77556712962963,2022-02-27 12:37:30+00:00,468.2392263583773,105.04196131196244,-7.195238181983129,461.2687813021703
2022-02-23 12:52:30,48.55934133880786,28.907395334053735,1.9160765750784976,305.7585722203391,15.785983796296296,2022-02-27 12:52:30+00:00,467.59398732704517,104.90475887717876,-7.195403764190208,471.5822667408645
2022-02-23 13:07:30,48.603963716249346,28.812010250177025,1.9047990568149584,313.5719254312744,15.796400462962962,2022-02-27 13:07:30+00:00,467.59398732704517,104.76755640423252,-7.195569105073366,467.74253385271754
2022-02-23 13:22:30,48.64986214485453,28.71656844491746,1.8934249174327056,311.0310362116463,15.80681712962963,2022-02-27 13:22:30+00:00,466.89796410175745,104.6303538931172,-7.195734204630792,465.7577443887961
2022-02-23 13:37:30,48.69705013855305,28.621070637514045,1.881953059504084,309.3470079939517,15.817233796296296,2022-02-27 13:37:30+00:00,466.1599481055947,104.49315134378256,-7.195899062860715,470.6176961602671
2022-02-23 13:52:30,48.745541395024006,28.525517565904607,1.8703823712746792,310.5747638913067,15.827650462962962,2022-02-27 13:52:30+00:00,466.1599481055947,104.35594875619296,-7.196063679761376,465.025041736227
2022-02-23 14:07:30,48.79534979838527,28.42990998711621,1.858711726483738,311.7156107293862,15.83806712962963,2022-02-27 14:07:30+00:00,465.3886720241695,104.21874613031255,-7.196228055330966,470.278747407295
2022-02-23 14:22:30,48.84648942224734,28.33424867768418,1.84693998418571,312.69622497444055,15.848483796296296,2022-02-27 14:22:30+00:00,464.592791945111,104.08154346610569,-7.196392189567746,476.63530125967526
2022-02-23 14:37:30,48.898974532586,28.23853443411678,1.8350659885759713,312.35413636370635,15.858900462962962,2022-02-27 14:37:30+00:00,464.592791945111,103.9443407635218,-7.196556082469942,470.58059729178257
2022-02-23 14:52:30,48.95281959059238,28.14276807333999,1.8230885688122032,330.92357194992144,15.86931712962963,2022-02-27 14:52:30+00:00,463.78088961647046,103.80713802255433,-7.196719734035786,470.56204785754034
2022-02-23 15:07:30,49.00803925584237,28.04695043315244,1.8110065388359504,316.9099245573298,15.879733796296296,2022-02-27 15:07:30+00:00,463.78088961647046,103.66993524315272,-7.1968831442635155,468.0538993560697
2022-02-23 15:22:30,49.0646483892577,27.95108237270332,1.798818697194717,327.8523799355515,15.890150462962962,2022-02-27 15:22:30+00:00,462.9614912789432,103.53273242529552,-7.1970463131513815,459.8101212458475
2022-02-23 15:37:30,49.12266205632199,27.855164772962407,1.7865238268621833,331.60650370591713,15.90056712962963,2022-02-27 15:37:30+00:00,462.1430997679631,103.39552956891772,-7.197209240697623,465.25425974507783
2022-02-23 15:52:30,49.182095530041025,27.759198537226283,1.7741206950620112,321.7883352307192,15.910983796296296,2022-02-27 15:52:30+00:00,462.1430997679631,103.25832667399784,-7.197371926900501,459.54368391764046
2022-02-23 16:07:30,49.24296429433504,27.663184591627743,1.7616080530900156,286.54594191021266,15.921400462962962,2022-02-27 16:07:30+00:00,461.3342368354668,103.12112374049984,-7.197534371758264,462.6182526432944
2022-02-23 16:22:30,49.30528404716845,27.56712388563761,1.7489846361346897,270.13259992794525,15.93181712962963,2022-02-27 16:22:30+00:00,460.54349286170685,102.98392076838756,-7.197696575269156,459.888173410711
2022-02-23 16:37:30,49.369070703829784,27.47101739259486,1.7362491631009218,278.13427697264575,15.942233796296296,2022-02-27 16:37:30+00:00,460.54349286170685,102.84671775762492,-7.197858537431466,459.2097941012799
2022-02-23 16:52:30,49.43434040036359,27.374866110265454,1.7234003364357997,278.55559441460633,15.952650462962962,2022-02-27 16:52:30+00:00,459.7795812832082,102.7095147081902,-7.198020258243449,456.38457257822864
2022-02-23 17:07:30,49.50110949683122,27.27867106138386,1.7104368419516252,282.2124602618975,15.96306712962963,2022-02-27 17:07:30+00:00,459.0513951336751,102.57231162001816,-7.198181737703356,454.572435540716
2022-02-23 17:22:30,49.56939458077922,27.18243329423373,1.697357348654437,277.9449787971375,15.973483796296296,2022-02-27 17:22:30+00:00,459.0513951336751,102.43510849310164,-7.198342975809478,456.42274160638107
2022-02-23 17:37:30,49.63921247076095,27.086153883195593,1.68416050856614,285.2155305886154,15.983900462962962,2022-02-27 17:37:30+00:00,458.3680630697599,102.29790532737512,-7.198503972560079,457.0626970877388
2022-02-23 17:52:30,49.710580219814425,26.98983392938463,1.6708449565603285,266.6035770211334,15.99431712962963,2022-02-27 17:52:30+00:00,457.7390021307452,102.16070212281711,-7.198664727953451,466.33277685030606
2022-02-23 18:07:30,49.78351511901534,26.893474561226913,1.657409310188532,263.5268289891755,16.004733796296296,2022-02-27 18:07:30+00:00,457.7390021307452,102.02349887940538,-7.198825241987861,457.46614728250785
2022-02-23 18:22:30,49.85803470107047,26.797076935117147,1.6438521695182895,272.2037138148736,16.015150462962964,2022-02-27 18:22:30+00:00,457.1739642657567,101.88629559707472,-7.198985514661604,457.6453179541661
2022-02-23 18:37:30,49.93415674404789,26.700642236012293,1.630172116962567,268.1382908168985,16.02556712962963,2022-02-27 18:37:30+00:00,456.6830733675602,101.7490922758032,-7.199145545972971,463.5039881283621
2022-02-23 18:52:30,50.011899275055306,26.60417167811511,1.616367717122767,263.18897754488705,16.035983796296296,2022-02-27 18:52:30+00:00,456.6830733675602,101.61188891555422,-7.1993053359202435,460.7679465776294
2022-02-23 19:07:30,50.091280574000976,26.507666505526934,1.6024375166275613,299.72532262531644,16.046400462962964,2022-02-27 19:07:30+00:00,456.27684920080424,101.4746855163204,-7.199464884501735,468.69782971619367
2022-02-23 19:22:30,50.17231917733725,26.4111279929422,1.5883800439794231,303.3494068065402,16.05681712962963,2022-02-27 19:22:30+00:00,456.27684920080424,101.33748207800704,-7.199624191715735,461.2091581206774
2022-02-23 19:37:30,50.25503388195796,26.314557446337556,1.574193809401443,279.7484346566184,16.067233796296296,2022-02-27 19:37:30+00:00,455.96621423767306,101.2002786006066,-7.199783257560529,467.5199406418104
2022-02-23 19:52:30,50.3394437490497,26.2179562037175,1.5598773046943015,296.4298310946652,16.077650462962964,2022-02-27 19:52:30+00:00,455.7624790602726,101.06307508409694,-7.199942082034452,460.7636103462481
2022-02-23 20:07:30,50.42556810813235,26.12132563578458,1.5454290030836748,305.89606364938936,16.08806712962963,2022-02-27 20:07:30+00:00,455.7624790602726,100.92587152841236,-7.200100665135809,472.84362826933784
2022-02-23 20:22:30,50.513426560909025,26.024667146756048,1.5308473590921656,288.61475515067355,16.098483796296296,2022-02-27 20:22:30+00:00,455.67730171468327,100.78866793354536,-7.200259006862898,462.474494527917
2022-02-23 20:37:30,50.60303898531496,25.927982175096023,1.5161308084009282,295.55987731529456,16.108900462962964,2022-02-27 20:37:30+00:00,455.7226162777189,100.65146429942985,-7.200417107214043,460.1478654901025
2022-02-23 20:52:30,50.69442553962988,25.831272194319805,1.5012777677253797,286.00013108452407,16.11931712962963,2022-02-27 20:52:30+00:00,455.7226162777189,100.51426062605832,-7.20057496618756,452.1272828451459
2022-02-23 21:07:30,50.78760666661469,25.73453871376102,1.4862866346887589,281.3761188944463,16.129733796296296,2022-02-27 21:07:30+00:00,455.91052600663687,100.37705691336488,-7.200732583781792,453.04674457429047
2022-02-23 21:22:30,50.882603097535345,25.637783279453956,1.471155787716486,266.10371290652375,16.140150462962964,2022-02-27 21:22:30+00:00,456.25315687398,100.23985316134156,-7.200889959995051,492.5292153589316
2022-02-23 21:37:30,50.97943585645883,25.5410074749312,1.455883585922978,286.58106173776514,16.15056712962963,2022-02-27 21:37:30+00:00,456.25315687398,100.10264936992264,-7.201047094825656,487.2363029291243
2022-02-23 21:52:30,51.078126264492,25.444212922083697,1.4404683690115674,277.65021388903153,16.160983796296296,2022-02-27 21:52:30+00:00,456.76246813323775,99.9654455391002,-7.2012039882719625,495.8263772954924
2022-02-23 22:07:30,51.17869594395411,25.34740128207928,1.4249084571899473,308.84803772946447,16.171400462962964,2022-02-27 22:07:30+00:00,457.4500178927931,99.82824166880812,-7.2013606403322905,494.3516972732332
2022-02-23 22:22:30,51.281166822787306,25.25057425621857,1.4092021510807544,287.2123707053642,16.18181712962963,2022-02-27 22:22:30+00:00,457.4500178927931,99.6910377590386,-7.201517051005004,479.8603733495219
2022-02-23 22:37:30,51.38556113881638,25.15373358691253,1.3933477316580207,273.89447717661733,16.192233796296296,2022-02-27 22:37:30+00:00,458.326683545693,99.55383380972546,-7.201673220288417,472.5653867557039
2022-02-23 22:52:30,51.49190144415869,25.05688105857264,1.3773434601769006,286.4107608014882,16.202650462962964,2022-02-27 22:52:30+00:00,458.326683545693,99.41662982086078,-7.2018291481809005,463.3266983433928
2022-02-23 23:07:30,51.600210609635965,24.960018498615845,1.3611875781288847,279.97384033847464,16.21306712962963,2022-02-27 23:07:30+00:00,459.4023393185284,99.27942579237828,-7.201984834680802,465.64909770252007
2022-02-23 23:22:30,51.71051182920674,24.863147778436655,1.3448783072002797,283.9426841915706,16.223483796296296,2022-02-27 23:22:30+00:00,460.68549611421554,99.14222172425544,-7.2021402797864695,478.7582478734398
2022-02-23 23:37:30,51.82282862433608,24.76627081443782,1.3284138492491882,310.0153902337229,16.233900462962964,2022-02-27 23:37:30+00:00,460.68549611421554,99.00501761645516,-7.202295483496256,502.7479661870313
2022-02-23 23:52:30,51.93718484862224,24.66938956904126,1.3117923862883594,288.313856427379,16.24431712962963,2022-02-27 23:52:30+00:00,462.18291211426515,98.86781346895464,-7.202450445808537,493.09247606409537
2022-02-24 00:07:30,52.053604692312625,24.572506051745293,1.2950120804864311,272.1954690812456,16.254733796296296,2022-02-28 00:07:30+00:00,463.89918609333216,98.73060928168772,-7.202605166721665,493.3791167096677
2022-02-24 00:22:30,52.17211268666341,24.475622320249418,1.2780710741919308,271.87461299563535,16.265150462962964,2022-02-28 00:22:30+00:00,463.89918609333216,98.59340505464604,-7.202759646234019,494.4565729206797
2022-02-24 00:37:30,52.292733708582254,24.37874048152684,1.2609674899602468,287.04426406738713,16.27556712962963,2022-02-28 00:37:30+00:00,465.83634884569403,98.45620078776332,-7.2029138843439675,499.0261547022816
2022-02-24 00:52:30,52.4154929852098,24.28186269297269,1.2436994306063145,297.6721975383294,16.285983796296296,2022-02-28 00:52:30+00:00,467.993471263411,98.31899648101684,-7.20306788104988,506.87042506742
2022-02-24 01:07:30,52.54041609851392,24.184991163554653,1.226264979271765,302.952018594814,16.296400462962964,2022-02-28 01:07:30+00:00,467.993471263411,98.18179213436906,-7.203221636350133,514.261865013117
2022-02-24 01:22:30,52.66752898975338,24.088128155009176,1.208662199514847,283.3872683219544,16.30681712962963,2022-02-28 01:22:30+00:00,470.3663101740468,98.04458774778276,-7.203375150243123,507.7629382303839
2022-02-24 01:37:30,52.796857964239464,23.99127598302625,1.1908891354136557,286.50222445071046,16.317233796296296,2022-02-28 01:37:30+00:00,472.94701480486714,97.9073833212204,-7.203528422727213,487.9958661260832
2022-02-24 01:52:30,52.928429695673685,23.894437018554584,1.172943811708927,297.3029828678062,16.327650462962964,2022-02-28 01:52:30+00:00,472.94701480486714,97.77017885464454,-7.203681453800824,485.6241884622519
2022-02-24 02:07:30,53.06227123088628,23.797613689014835,1.1548242339478485,305.2019952347764,16.33806712962963,2022-02-28 02:07:30+00:00,475.72391749209396,97.6329743480322,-7.203834243462309,488.82396586904105
2022-02-24 02:22:30,53.19840999435179,23.700808479614736,1.1365283886649036,325.5191522517534,16.348483796296296,2022-02-28 02:22:30+00:00,478.681431824266,97.49576980131688,-7.203986791710092,476.4236690780931
2022-02-24 02:37:30,53.3368737928128,23.604023934647724,1.1180542435815122,288.753490699452,16.358900462962964,2022-02-28 02:37:30+00:00,478.681431824266,97.3585652144608,-7.204139098542565,489.83491003524387
2022-02-24 02:52:30,53.4776908196288,23.507262658907862,1.099399747848279,290.6719128249629,16.36931712962963,2022-02-28 02:52:30+00:00,481.8000796118906,97.2213605874702,-7.204291163958128,497.3160395531013
2022-02-24 03:07:30,53.62088965934525,23.410527319045578,1.0805628323000969,290.9041961598812,16.379733796296296,2022-02-28 03:07:30+00:00,481.8000796118906,97.0841559202492,-7.204442987955183,495.2327953997402
2022-02-24 03:22:30,53.76649929237065,23.313820644931553,1.0615414097369698,282.0577985963661,16.390150462962964,2022-02-28 03:22:30+00:00,485.0566646732043,96.94695121280384,-7.204594570532154,491.28604654481114
2022-02-24 03:37:30,53.914549098963896,23.21714543121535,1.0423333752686883,305.80163358180744,16.40056712962963,2022-02-28 03:37:30+00:00,488.4246061202508,96.80974646508176,-7.204745911687427,483.90372843628273
2022-02-24 03:52:30,54.065068863994455,23.120504538709692,1.0229366066540433,321.8699142884071,16.410983796296296,2022-02-28 03:52:30+00:00,488.4246061202508,96.67254167704536,-7.204897011419445,480.20510374433576
2022-02-24 04:07:30,54.21808878112556,23.023900895927703,1.0033489646985845,314.6739821890391,16.421400462962964,2022-02-28 04:07:30+00:00,491.87443632577657,96.53533684864227,-7.2050478697266165,482.00241142645154
2022-02-24 04:22:30,54.37363945702018,22.9273375006478,0.9835682936901406,283.25973919367647,16.43181712962963,2022-02-28 04:22:30+00:00,495.37445890883833,96.39813197986383,-7.205198486607358,485.9872273895646
2022-02-24 04:37:30,54.53175191557065,22.830817421475512,0.9635924218667092,301.63496293387135,16.442233796296296,2022-02-28 04:37:30+00:00,495.37445890883833,96.2609270706432,-7.205348862060097,484.75868872363026
2022-02-24 04:52:30,54.69245760202044,22.734343799444755,0.9434191619267674,302.0981847840763,16.452650462962964,2022-02-28 04:52:30+00:00,498.89155012488425,96.12372212097158,-7.205498996083276,490.6987836870976
2022-02-24 05:07:30,54.85578838693905,22.63791984968717,0.9230463115919828,298.1132710303357,16.46306712962963,2022-02-28 05:07:30+00:00,502.3920737896801,95.98651713078196,-7.205648888675316,482.4299758857355
2022-02-24 05:22:30,55.02177657020192,22.541548863077207,0.9024716542031688,297.4626269275392,16.473483796296296,2022-02-28 05:22:30+00:00,502.3920737896801,95.8493121000656,-7.205798539834659,486.60863343668024
2022-02-24 05:37:30,55.19045488472261,22.44523420797812,0.8816929593788193,312.94956175147485,16.483900462962964,2022-02-28 05:37:30+00:00,505.8428667732143,95.71210702876996,-7.205947949559739,474.54415367604014
2022-02-24 05:52:30,55.3618565001606,22.348979331963772,0.8607079837132705,331.6452481230713,16.49431712962963,2022-02-28 05:52:30+00:00,509.2122411683735,95.57490191684256,-7.206097117849005,483.73479608871935
2022-02-24 06:07:30,55.536015026451224,22.252787763632412,0.839514471539663,318.30892357113373,16.504733796296296,2022-02-28 06:07:30+00:00,509.2122411683735,95.43769676425998,-7.206246044700904,473.20401727747304
2022-02-24 06:22:30,55.712964517336054,22.156663114387204,0.8181101557353301,317.92356771225275,16.515150462962964,2022-02-28 06:22:30+00:00,512.4709426233579,95.30049157098422,-7.206394730113883,485.9070673344463
2022-02-24 06:37:30,55.8927394733315,22.06060908034987,0.7964927586074398,333.80625352874745,16.52556712962963,2022-02-28 06:37:30+00:00,515.5930037891854,95.16328633697717,-7.206543174086396,475.3292524578
2022-02-24 06:52:30,56.07537484507445,21.96462944420138,0.7746599928169255,324.4703802068018,16.535983796296296,2022-02-28 06:52:30+00:00,515.5930037891854,95.0260810622008,-7.2066913766169,470.97013541087
2022-02-24 07:07:30,56.2609060360359,21.868728077145892,0.752609562386102,287.11165948486405,16.546400462962964,2022-02-28 07:07:30+00:00,518.5564382019395,94.8888757466169,-7.206839337703845,477.6479317380821
2022-02-24 07:22:30,56.44936890526591,21.772908940860503,0.730339163764836,294.4815488318649,16.55681712962963,2022-02-28 07:22:30+00:00,518.5564382019395,94.75167039018756,-7.206987057345714,480.4971248376925
2022-02-24 07:37:30,56.640799769774226,21.67717608952315,0.7078464869764735,275.33182062266434,16.567233796296296,2022-02-28 07:37:30+00:00,521.3437327458535,94.61446499285988,-7.207134535540956,489.2333783819593
2022-02-24 07:52:30,56.83523540689375,21.581533671810224,0.6851292168229872,293.26507291061245,16.577650462962964,2022-02-28 07:52:30+00:00,523.942114411267,94.4772595546248,-7.2072817722880655,480.7827861250232
2022-02-24 08:07:30,57.032713055946594,21.485985933069884,0.6621850342031365,247.37441401295143,16.58806712962963,2022-02-28 08:07:30+00:00,523.942114411267,94.34005407542956,-7.207428767585479,491.4487108143201
2022-02-24 08:22:30,57.23327042023886,21.390537217342935,0.6390116174655266,217.0864584308224,16.598483796296296,2022-02-28 08:22:30+00:00,526.3435867559085,94.20284855522142,-7.207575521431711,483.68577258393617
2022-02-24 08:37:30,57.436945668292765,21.295191969566073,0.6156066438836924,213.1447909406724,16.608900462962964,2022-02-28 08:37:30+00:00,528.5447503992681,94.06564299399118,-7.207722033825213,470.31295545485864
2022-02-24 08:52:30,57.64377743483886,21.19995473778718,0.5919677912151052,201.56695621660455,16.61931712962963,2022-02-28 08:52:30+00:00,528.5447503992681,93.92843739167132,-7.207868304764505,471.802210032594
2022-02-24 09:07:30,57.85380482173016,21.104830175347704,0.5680927393357061,202.1146374954136,16.629733796296296,2022-02-28 09:07:30+00:00,530.5464374969085,93.7912317482528,-7.208014334248031,470.79206084214434
2022-02-24 09:22:30,58.067067398047165,21.009823043217697,0.5439791720033647,226.50615246367815,16.640150462962964,2022-02-28 09:22:30+00:00,532.3532007843683,93.65402606366808,-7.208160122274313,483.4296477034374
2022-02-24 09:37:30,58.28360520032065,20.91493821225311,0.51962477869324,238.33901336374495,16.65056712962963,2022-02-28 09:37:30+00:00,532.3532007843683,93.51682033787876,-7.208305668841828,489.46349977234786
2022-02-24 09:52:30,58.50345873185765,20.82018066557347,0.4950272565616814,239.9444037745619,16.660983796296296,2022-02-28 09:52:30+00:00,533.9727028517553,93.37961457089006,-7.208450973949081,486.8888623896971
2022-02-24 10:07:30,58.72666896205734,20.725555500932035,0.4701843125112677,245.48261090752047,16.671400462962964,2022-02-28 10:07:30+00:00,535.415051208393,93.24240876260542,-7.208596037594583,488.89816360601
2022-02-24 10:22:30,58.953277324857034,20.631067933146277,0.4450936653776254,221.4803982208577,16.68181712962963,2022-02-28 10:22:30+00:00,535.415051208393,93.10520291302998,-7.208740859776825,497.2192711758655
2022-02-24 10:37:30,59.18332571698227,20.5367232965548,0.4197530482354626,238.5496640801139,16.692233796296296,2022-02-28 10:37:30+00:00,536.6921205290571,92.96799702211077,-7.208885440494313,493.86013726581336
2022-02-24 10:52:30,59.41685649548147,20.442527047512307,0.3941602108317396,225.17503421595063,16.702650462962964,2022-02-28 10:52:30+00:00,537.8168966842437,92.83079108980915,-7.209029779745574,497.6745754709027
2022-02-24 11:07:30,59.65391247485767,20.3484847669018,0.3683129221451071,238.03605388700697,16.71306712962963,2022-02-28 11:07:30+00:00,537.8168966842437,92.69358511607214,-7.209173877529107,490.21433028110823
2022-02-24 11:22:30,59.89453692334782,20.254602162715923,0.3422089730923777,233.66218465162993,16.723483796296296,2022-02-28 11:22:30+00:00,538.802869185328,92.55637910089034,-7.209317733843431,487.40830677391614
2022-02-24 11:37:30,60.13877355895784,20.160885072626716,0.3158461793642192,237.2132121397442,16.733900462962964,2022-02-28 11:37:30+00:00,538.802869185328,92.41917304419586,-7.209461348687083,481.25663985430265
2022-02-24 11:52:30,60.38666654435403,20.06733946664525,0.2892223844249745,237.47004089182985,16.74431712962963,2022-02-28 11:52:30+00:00,539.663490710487,92.28196694596474,-7.209604722058573,495.92839918382487
2022-02-24 12:07:30,60.63826048140888,19.97397144975265,0.2623354626493264,243.2881009050434,16.754733796296296,2022-02-28 12:07:30+00:00,540.4117152367949,92.14476080617288,-7.209747853956431,490.6232609905398
2022-02-24 12:22:30,60.89360040487773,19.880787264587855,0.2351833226254368,242.49354938050524,16.765150462962964,2022-02-28 12:22:30+00:00,540.4117152367949,92.0075546247526,-7.209890744379191,481.7389251446013
2022-02-24 12:37:30,61.15273177507092,19.787793294188997,0.2077639106303605,247.17012956660724,16.77556712962963,2022-02-28 12:37:30+00:00,541.0596204209857,91.87034840167968,-7.210033393325391,491.7900204043777
2022-02-24 12:52:30,61.41570047030352,19.694996064666924,0.1800752142490021,247.08056880192612,16.785983796296296,2022-02-28 12:52:30+00:00,541.6181153539836,91.73314213691542,-7.210175800793582,485.80133555926545
2022-02-24 13:07:30,61.682552777535285,19.602402248060397,0.1521152662160985,252.0476919722661,16.796400462962964,2022-02-28 13:07:30+00:00,541.6181153539836,91.59593583040652,-7.21031796678228,485.237300262342
2022-02-24 13:22:30,61.953335383000905,19.51001866502986,0.1238821483866166,262.387930501453,16.80681712962963,2022-02-28 13:22:30+00:00,542.0967315409843,91.45872948214334,-7.210459891290045,492.8517225679163
2022-02-24 13:37:30,62.2280953612718,19.417852287717544,0.0953739959381032,253.60754551780693,16.817233796296296,2022-02-28 13:37:30+00:00,542.5034926807095,91.32152309205796,-7.210601574315425,482.2773405411135
2022-02-24 13:52:30,62.506880163376,19.32591024255076,0.0665890017467102,279.77113960160136,16.827650462962964,2022-02-28 13:52:30+00:00,542.5034926807095,91.1843166601408,-7.210743015856971,478.668150621406
2022-02-24 14:07:30,62.7897376041264,19.234199813072433,0.0375254209676002,289.75583086821115,16.83806712962963,2022-02-28 14:07:30+00:00,542.8448572462405,91.0471101863238,-7.210884215913249,480.4674457429048
2022-02-24 14:22:30,63.07671584788648,19.14272844280508,0.0081815758291846,327.33420671765407,16.848483796296296,2022-02-28 14:22:30+00:00,543.125726743669,90.90990367059722,-7.211025174482801,488.33770569997614
2022-02-24 14:37:30,63.36786339363897,19.05150373806327,-0.0214441393781357,308.5339082197363,16.858900462962964,2022-02-28 14:37:30+00:00,543.125726743669,90.77269711289313,-7.211165891564208,492.294565015767
2022-02-24 14:52:30,63.66322905818099,18.960533470860717,-0.0513532530653292,286.70253391279664,16.86931712962963,2022-02-28 14:52:30+00:00,543.3495116482904,90.63549051317258,-7.211306367156018,481.70654795028753
2022-02-24 15:07:30,63.96286195861816,18.8698255817325,-0.0815472109103514,282.8930570558774,16.879733796296296,2022-02-28 15:07:30+00:00,543.5182462794792,90.49828387142584,-7.211446601256816,471.95325542570953
2022-02-24 15:22:30,64.2668114929807,18.77938818262369,-0.1120273701704464,285.78504627453526,16.890150462962964,2022-02-28 15:22:30+00:00,543.5182462794792,90.36107718759936,-7.21158659386518,469.92606725494875
2022-02-24 15:37:30,64.57512731998959,18.68922955966378,-0.142794993793098,281.8907665608689,16.90056712962963,2022-02-28 15:37:30+00:00,543.6327432445269,90.2238704616396,-7.211726344979653,476.9059543683918
2022-02-24 15:52:30,64.8878593363883,18.59935817612143,-0.173851244220111,272.3368516315694,16.910983796296296,2022-02-28 15:52:30+00:00,543.6327432445269,90.08666369353668,-7.211865854598863,473.87312186978295
2022-02-24 16:07:30,65.20505765386694,18.50978267509452,-0.2051971770286809,269.2292980209735,16.921400462962964,2022-02-28 16:07:30+00:00,543.692777593635,89.94945688322257,-7.212005122721358,471.1488845044772
2022-02-24 16:22:30,65.52677257331952,18.42051188238907,-0.2368337342468772,243.6011729811255,16.93181712962963,2022-02-28 16:22:30+00:00,543.6972905579343,89.81225003067266,-7.212144149345742,470.5461483424756
2022-02-24 16:37:30,65.8530545581195,18.331554809223185,-0.2687617374645302,241.29824216831975,16.942233796296296,2022-02-28 16:37:30+00:00,543.6972905579343,89.6750431358481,-7.2122829344706,476.0155815247635
2022-02-24 16:52:30,66.18395420496886,18.242920655029216,-0.3009818806344492,235.26565027315303,16.952650462962964,2022-02-28 16:52:30+00:00,543.6446027760913,89.53783619870958,-7.212421478094526,489.6017171476271
2022-02-24 17:07:30,66.5195222135759,18.15461881006757,-0.3334947226623072,236.61377376533704,16.96306712962963,2022-02-28 17:07:30+00:00,543.5326273231926,89.40062921921817,-7.212559780216126,490.0071547817791
2022-02-24 17:22:30,66.85980935394986,18.06665885808792,-0.3663006796933967,210.47506361735577,16.973483796296296,2022-02-28 17:22:30+00:00,543.5326273231926,89.26342219733469,-7.212697840833974,479.7996661101837
2022-02-24 17:37:30,67.20486643167226,17.979050578943085,-0.3994000171255893,212.66901145922816,16.983900462962964,2022-02-28 17:37:30+00:00,543.3590736717371,89.12621513300545,-7.21283565994672,507.7629382303839
2022-02-24 17:52:30,67.5547442513561,17.89180395107686,-0.4327928413713508,213.5248067166961,16.99431712962963,2022-02-28 17:52:30+00:00,543.1216349238526,88.98900802622043,-7.212973237552932,480.64956746091974
2022-02-24 18:07:30,67.90949357773883,17.80492915397358,-0.4664790913333949,204.42420214921307,17.004733796296296,2022-02-28 18:07:30+00:00,543.1216349238526,88.85180087691143,-7.21311057365124,516.6086334366802
2022-02-24 18:22:30,68.26916509464293,17.718436570541215,-0.5004585295991865,187.4230513639237,17.015150462962964,2022-02-28 18:22:30+00:00,542.8181521915684,88.71459368503909,-7.213247668240267,491.5802431662198
2022-02-24 18:37:30,68.63380936164491,17.63233678935964,-0.5347307333773913,196.28247726793848,17.02556712962963,2022-02-28 18:37:30+00:00,542.4467517621276,88.57738645059342,-7.213384521318605,481.8924397805867
2022-02-24 18:52:30,69.00347676820353,17.546640606880516,-0.5692950851413433,195.7612201565716,17.035983796296296,2022-02-28 18:52:30+00:00,542.4467517621276,88.44017917352058,-7.213521132884901,489.8163606010016
2022-02-24 19:07:30,69.37821748546504,17.461359029483674,-0.6041507630121866,189.78815825728964,17.046400462962964,2022-02-28 19:07:30+00:00,542.0059525362318,88.30297185378132,-7.213657502937768,501.14476508466487
2022-02-24 19:22:30,69.75808141537702,17.376503275437713,-0.6392967308639916,240.8430393067564,17.05681712962963,2022-02-28 19:22:30+00:00,541.4947430305049,88.16576449132191,-7.213793631475852,499.276572064552
2022-02-24 19:37:30,70.14311813747724,17.292084776689787,-0.6747317281816753,227.4240498678489,17.067233796296296,2022-02-28 19:37:30+00:00,541.4947430305049,88.02855708613204,-7.213929518497764,503.07777920465736
2022-02-24 19:52:30,70.53337685261907,17.20811518055422,-0.7104542596404074,223.78073488176085,17.077650462962964,2022-02-28 19:52:30+00:00,540.9126288652557,87.89134963815795,-7.214065164002147,486.6829330936175
2022-02-24 20:07:30,70.92890632440131,17.12460635119203,-0.7464625844596962,229.61589473892587,17.08806712962963,2022-02-28 20:07:30+00:00,540.9126288652557,87.75414214733107,-7.214200567987648,490.3627257550463
2022-02-24 20:22:30,71.32975481705051,17.041570371013258,-0.7827547054725671,237.05152759711996,17.098483796296296,2022-02-28 20:22:30+00:00,540.2596530157384,87.61693461365586,-7.2143357304529,491.55735750059625
2022-02-24 20:37:30,71.73597003119393,16.959019541786883,-0.8193283580123851,238.63850754493737,17.108900462962964,2022-02-28 20:37:30+00:00,539.5363921267433,87.47972703707833,-7.214470651396571,500.75125208681135
2022-02-24 20:52:30,72.14759903613016,16.876966385631444,-0.8561809985467822,254.6204069488752,17.11931712962963,2022-02-28 20:52:30+00:00,539.5363921267433,87.34251941755915,-7.214605330817284,485.73813498688287
2022-02-24 21:07:30,72.5646881994519,16.7954236457468,-0.8933097931259525,252.4696108096828,17.129733796296296,2022-02-28 21:07:30+00:00,538.7439328524189,87.20531175504435,-7.214739768713702,476.126878130217
2022-02-24 21:22:30,72.98728311311629,16.714404286976354,-0.9307116056182726,264.72945104586074,17.140150462962964,2022-02-28 21:22:30+00:00,537.8838324973989,87.06810404952355,-7.214873965084501,470.11686143572615
2022-02-24 21:37:30,73.41542851706487,16.633921496047982,-0.9683829858106752,268.0156247467462,17.15056712962963,2022-02-28 21:37:30+00:00,537.8838324973989,86.9308963009283,-7.215007919928312,486.24373956594326
2022-02-24 21:52:30,73.84916821895766,16.553988681636305,-1.006320157323554,285.1530546982364,17.160983796296296,2022-02-28 21:52:30+00:00,536.9580682414163,86.7936885092192,-7.215141633243832,475.94800858573814
2022-02-24 22:07:30,74.28854501139266,16.474619474079233,-1.0445190054314382,299.39997082516163,17.171400462962964,2022-02-28 22:07:30+00:00,535.9689789863398,86.65648067438578,-7.215275105029701,486.38100537933593
2022-02-24 22:22:30,74.73360058532444,16.395827724870212,-1.0829750647528766,309.30580093035314,17.18181712962963,2022-02-28 22:22:30+00:00,535.9689789863398,86.51927279638855,-7.215408335284606,486.2018708429393
2022-02-24 22:37:30,75.1843754404057,16.3176275058121,-1.1216835068790538,310.06045674830216,17.192233796296296,2022-02-28 22:37:30+00:00,534.9192034394031,86.38206487514444,-7.215541324007223,479.43795214245966
2022-02-24 22:52:30,75.6409087926366,16.24003310777636,-1.1606391279973152,330.4738667009118,17.202650462962964,2022-02-28 22:52:30+00:00,533.8116175070589,86.24485691064301,-7.215674071196226,465.0906272358693
2022-02-24 23:07:30,76.10323847778774,16.163059039248683,-1.199836336440767,323.1541241875618,17.21306712962963,2022-02-28 23:07:30+00:00,533.8116175070589,86.10764890285925,-7.215806576850297,469.1430161380078
2022-02-24 23:22:30,76.57140085222095,16.086720024415087,-1.2392691403166216,320.66259299479714,17.223483796296296,2022-02-28 23:22:30+00:00,532.6492734816525,85.97044085172456,-7.215938840968124,465.8153199054702
2022-02-24 23:37:30,77.04543069041918,16.01103100088089,-1.278931135195586,325.34612704021265,17.233900462962964,2022-02-28 23:37:30+00:00,531.4353429086915,85.83323275719933,-7.216070863548399,471.45242070116865
2022-02-24 23:52:30,77.52536107939058,15.93600711697824,-1.3188154919212378,343.54715486262415,17.24431712962963,2022-02-28 23:52:30+00:00,531.4353429086915,85.69602461927312,-7.216202644589805,493.45879496129913
2022-02-25 00:07:30,78.01122330956109,15.861663728706995,-1.358914944551021,367.0566429613661,17.254733796296296,2022-03-01 00:07:30+00:00,530.1730644641221,85.55881643787725,-7.216334184091064,478.1909242677189
2022-02-25 00:22:30,78.5030467631774,15.78801639614222,-1.3992217785555887,332.7494977504881,17.265150462962964,2022-03-01 00:22:30+00:00,530.1730644641221,85.42160821300116,-7.216465482050854,504.75792988313856
2022-02-25 00:37:30,79.00085879923768,15.715080879470175,-1.439727819235287,342.4299298001846,17.27556712962963,2022-03-01 00:37:30+00:00,528.8656976743583,85.28439994457614,-7.216596538467884,481.582941265746
2022-02-25 00:52:30,79.50468463185219,15.642873133749552,-1.4804244203150243,342.1544157754673,17.285983796296296,2022-03-01 00:52:30+00:00,527.5164828912879,85.1471916325772,-7.216727353340861,497.4067890929327
2022-02-25 01:07:30,80.01454721377358,15.571409304591748,-1.5213024532713022,344.26309220869734,17.296400462962964,2022-03-01 01:07:30+00:00,527.5164828912879,85.00998327694992,-7.21685792666851,484.5174858530451
2022-02-25 01:22:30,80.53046712606564,15.50070572490696,-1.5623522974671462,335.67619183723843,17.30681712962963,2022-03-01 01:22:30+00:00,526.1286075951416,84.87277487769863,-7.216988258449535,485.8494315923364
2022-02-25 01:37:30,81.0524624316978,15.430778905217196,-1.603563829338817,335.81211404120137,17.317233796296296,2022-03-01 01:37:30+00:00,524.7051788381441,84.73556643472507,-7.2171183486826465,492.3910220738267
2022-02-25 01:52:30,81.58054855600072,15.361645528495671,-1.6449264134379522,329.88985666923077,17.327650462962964,2022-03-01 01:52:30+00:00,524.7051788381441,84.59835794801893,-7.2172481973665965,489.9554813578186
2022-02-25 02:07:30,82.11473815725043,15.293322442949686,-1.686428893792614,336.19580392271723,17.33806712962963,2022-03-01 02:07:30+00:00,523.2492014545567,84.46114941755499,-7.21737780450007,478.3210112091581
2022-02-25 02:22:30,82.65504099503585,15.225826654232444,-1.728059585986458,364.14671702027647,17.348483796296296,2022-03-01 02:22:30+00:00,521.7635615386893,84.32394084324977,-7.217507170081838,477.271643214882
2022-02-25 02:37:30,83.20146379690239,15.159175317088827,-1.76980627002383,342.0486803557161,17.358900462962964,2022-03-01 02:37:30+00:00,521.7635615386893,84.18673222510732,-7.217636294110607,511.7696160267112
2022-02-25 02:52:30,83.75401012439004,15.093385726284156,-1.8116561841438423,337.2933809313283,17.36931712962963,2022-03-01 02:52:30+00:00,520.2510146209605,84.04952356307334,-7.217765176585115,491.7134618303233
2022-02-25 03:07:30,84.312680237579,15.028475306975524,-1.853596019562356,327.66375331434745,17.379733796296296,2022-03-01 03:07:30+00:00,518.7141779424104,83.9123148570934,-7.217893817504119,495.3088480801336
2022-02-25 03:22:30,84.87747095947789,14.964461604353886,-1.8956119163217604,345.0408214604249,17.390150462962964,2022-03-01 03:22:30+00:00,518.7141779424104,83.77510610714242,-7.218022216866338,499.77740678909294
2022-02-25 03:37:30,85.4483755392377,14.901362272732822,-1.937689460222958,336.0341605198571,17.40056712962963,2022-03-01 03:37:30+00:00,517.1555262301321,83.6378973131805,-7.218150374670556,497.2692582876222
2022-02-25 03:52:30,86.02538351705466,14.839195063809408,-1.9798136810921416,348.87246974123536,17.410983796296296,2022-03-01 03:52:30+00:00,515.5773904010376,83.50068847516796,-7.218278290915501,481.3021702838064
2022-02-25 04:07:30,86.60848058815186,14.777977814376234,-2.0219690522895206,322.93239541630874,17.421400462962964,2022-03-01 04:07:30+00:00,515.5773904010376,83.36347959305043,-7.218405965599934,500.32104790034674
2022-02-25 04:22:30,87.19764846879596,14.717728433255624,-2.0641394916913964,309.6208891842391,17.43181712962963,2022-03-01 04:22:30+00:00,513.9819586616829,83.22627066681711,-7.218533398722619,491.8567983676498
2022-02-25 04:37:30,87.79286476307308,14.658464887606296,-2.106308364132845,314.4541873997115,17.442233796296296,2022-03-01 04:37:30+00:00,513.9819586616829,83.08906169639916,-7.218660590282309,487.7653231576437
2022-02-25 04:52:30,88.3941028326694,14.600205188446,-2.1484584855047597,301.44663416451056,17.452650462962964,2022-03-01 04:52:30+00:00,512.371279521495,82.95185268178577,-7.218787540277782,461.7696160267112
2022-02-25 05:07:30,89.00133166791292,14.542967375583649,-2.190572128452772,300.6272590239396,17.46306712962963,2022-03-01 05:07:30+00:00,510.74726629092976,82.81464362290806,-7.218914248707798,473.5771740780088
2022-02-25 05:22:30,89.61451576302453,14.486769501776458,-2.232631029899108,294.10960014263253,17.473483796296296,2022-03-01 05:22:30+00:00,510.74726629092976,82.67743451972616,-7.2190407155711505,481.02392877017246
2022-02-25 05:37:30,90.2336149944848,14.431629616233517,-2.274616400376977,276.5930272136409,17.483900462962964,2022-03-01 05:37:30+00:00,509.1117026912972,82.54022537222924,-7.219166940866588,480.228953016933
2022-02-25 05:52:30,90.85858450364944,14.377565747463343,-2.3165089352695705,280.9222154340731,17.49431712962963,2022-03-01 05:52:30+00:00,507.46624925671205,82.40301618034837,-7.219292924592913,486.7809986340871
2022-02-25 06:07:30,91.48937458473075,14.324595885396288,-2.3582888280753895,276.4607679465776,17.504733796296296,2022-03-01 06:07:30+00:00,507.46624925671205,82.26580694405818,-7.219418666748912,494.99593339326225
2022-02-25 06:22:30,92.1259305778012,14.272737962927469,-2.3999357856726147,274.8561518388252,17.515150462962964,2022-03-01 06:22:30+00:00,505.81245025915916,82.12859766331884,-7.219544167333376,504.869226488592
2022-02-25 06:37:30,92.76819276792594,14.222009836810647,-2.4414290457038708,298.15323273416857,17.52556712962963,2022-03-01 06:37:30+00:00,504.1517409339655,81.99138833809036,-7.219669426345077,513.7610302885762
2022-02-25 06:52:30,93.41609629187894,14.1724292679131,-2.4827473961415745,283.05492846851735,17.535983796296296,2022-03-01 06:52:30+00:00,504.1517409339655,81.85417896833286,-7.2197944437828365,515.8764607679466
2022-02-25 07:07:30,94.06957105167032,14.124013900926869,-2.5238691970187883,323.26422460948606,17.546400462962964,2022-03-01 07:07:30+00:00,502.48545482451095,81.71696955397731,-7.219919219645452,515.5407160081618
2022-02-25 07:22:30,94.72854163647504,14.076781243540797,-2.5647724043813023,341.7013968124332,17.55681712962963,2022-03-01 07:22:30+00:00,500.8148311016024,81.57976009502741,-7.22004375393171,515.8968651456131
2022-02-25 07:37:30,95.3929272533699,14.030748645079138,-2.6054345964939194,345.44323354659423,17.567233796296296,2022-03-01 07:37:30+00:00,500.8148311016024,81.44255059144318,-7.220168046640443,510.9998145056575
2022-02-25 07:52:30,96.06264166800148,13.985933274664724,-2.645833002303475,348.946588446547,17.577650462962964,2022-03-01 07:52:30+00:00,499.14102174467604,81.30534104314114,-7.220292097770444,506.6638842515304
2022-02-25 08:07:30,96.73759315500132,13.942352098973265,-2.685944532128438,332.39476797899414,17.58806712962963,2022-03-01 08:07:30+00:00,497.4650984991154,81.16813145012482,-7.220415907320537,496.629061904521
2022-02-25 08:22:30,97.41768445921696,13.900021859601702,-2.725745810574085,301.94985169457186,17.598483796296296,2022-03-01 08:22:30+00:00,497.4650984991154,81.03092181232526,-7.220539475289545,491.9680949731033
2022-02-25 08:37:30,98.10281276924958,13.85895905006591,-2.7652132116797037,285.23850430328866,17.608900462962964,2022-03-01 08:37:30+00:00,495.78805954685834,80.89371212971697,-7.220662801676291,511.8730647946007
2022-02-25 08:52:30,98.79286970192778,13.819179892585716,-2.8043228961497317,279.74834841467293,17.61931712962963,2022-03-01 08:52:30+00:00,495.78805954685834,80.75650240226001,-7.220785886479593,529.1411611945836
2022-02-25 09:07:30,99.48774130037356,13.78070031459178,-2.8430508507243086,293.13113000834727,17.629733796296296,2022-03-01 09:07:30+00:00,494.11083584650186,80.61929262991427,-7.220908729698301,524.7475951983464
2022-02-25 09:22:30,100.18730804496916,13.743535925106505,-2.8813729295266177,309.0999619248455,17.640150462962964,2022-03-01 09:22:30+00:00,492.4342971147538,80.48208281262536,-7.221031331331233,522.5932109070674
2022-02-25 09:37:30,100.89144487774452,13.707701991036435,-2.9192648973155624,295.54037605837084,17.65056712962963,2022-03-01 09:37:30+00:00,492.4342971147538,80.34487295036773,-7.221153691377231,527.2014203566791
2022-02-25 09:52:30,101.600021241664,13.673213413416018,-2.9567024745639054,286.86257030325623,17.660983796296296,2022-03-01 09:52:30+00:00,490.7592574337405,80.20766304310139,-7.221275809835157,532.3548506770543
2022-02-25 10:07:30,102.31290113375604,13.64008470372775,-2.9936613841793815,280.535520365658,17.671400462962964,2022-03-01 10:07:30+00:00,489.0864804787653,80.07045309078633,-7.2213976867038365,532.4429604897051
2022-02-25 10:22:30,103.0299431735501,13.608329960332046,-3.0301173997707895,269.1009287323533,17.68181712962963,2022-03-01 10:22:30+00:00,489.0864804787653,79.93324309336793,-7.221519321982123,531.7886713546146
2022-02-25 10:37:30,103.75100068686716,13.5779628450958,-3.0660463952830552,244.50848501547887,17.692233796296296,2022-03-01 10:37:30+00:00,487.4166843690079,79.79603305083523,-7.221640715668888,526.5273772786294
2022-02-25 10:52:30,104.47592180466826,13.548996560306126,-3.1014243958178187,230.73601633790943,17.702650462962964,2022-03-01 10:52:30+00:00,485.7505461496942,79.65882296311918,-7.22176186776297,516.1194583565201
2022-02-25 11:07:30,105.20454957743614,13.521443825947442,-3.1362276294565663,215.61422084797616,17.71306712962963,2022-03-01 11:07:30+00:00,485.7505461496942,79.52161283019421,-7.221882778263242,520.4499080959848
2022-02-25 11:22:30,105.9367221057945,13.495316857401283,-3.170432579901229,275.92680407683366,17.723483796296296,2022-03-01 11:22:30+00:00,484.08870591875154,79.3844026520203,-7.222003447168562,517.9558523465034
2022-02-25 11:37:30,106.67227268564974,13.470627343699988,-3.2040160396675232,268.76311361997625,17.733900462962964,2022-03-01 11:37:30+00:00,482.4317706141681,79.24719242855736,-7.222123874477817,524.3507698015211
2022-02-25 11:52:30,107.41102997028592,13.447386426343602,-3.2369551636810217,285.830508930041,17.74431712962963,2022-03-01 11:52:30+00:00,482.4317706141681,79.10998215975083,-7.222244060189871,530.2003338898163
2022-02-25 12:07:30,108.15281814641251,13.425604678841768,-3.2692275229477805,245.40901502504175,17.754733796296296,2022-03-01 12:07:30+00:00,480.7803174804197,78.97277184557512,-7.222364004303604,526.6852161009089
2022-02-25 12:22:30,108.89745712583088,13.405292087012432,-3.300811158109104,246.55850365495888,17.765150462962964,2022-03-01 12:22:30+00:00,479.1348972336195,78.8355614859902,-7.222483706817895,524.8098682990168
2022-02-25 12:37:30,109.6447627520069,13.3864580301181,-3.3316846326315392,271.70137932152295,17.77556712962963,2022-03-01 12:37:30+00:00,479.1348972336195,78.69835108095602,-7.222603167731636,527.0535066862279
2022-02-25 12:52:30,110.39454702024965,13.369111262945042,-3.3618270853294354,256.1161806894987,17.785983796296296,2022-03-01 12:52:30+00:00,477.4960369456455,78.56114063040333,-7.222722387043712,528.4283329358454
2022-02-25 13:07:30,111.14661831214696,13.353259898872482,-3.391218282006039,251.06309869199475,17.796400462962964,2022-03-01 13:07:30+00:00,477.4960369456455,78.42393013435033,-7.222841364753026,516.9828502048869
2022-02-25 13:22:30,111.90078164275133,13.338911394019988,-3.4198386659223576,237.9512729549249,17.80681712962963,2022-03-01 13:22:30+00:00,475.8642426675644,78.28671959271311,-7.222960100858468,515.9988870339454
2022-02-25 13:37:30,112.6568389199243,13.326072532544297,-3.447669406830695,274.6830477981101,17.817233796296296,2022-03-01 13:37:30+00:00,474.2400018122944,78.14950900545173,-7.223078595358945,523.2609905397886
2022-02-25 13:52:30,113.41458921561924,13.314749413131334,-3.4746924483449164,267.9887222343828,17.827650462962964,2022-03-01 13:52:30+00:00,474.2400018122944,78.0122983725552,-7.2231968482533535,525.4206746694226
2022-02-25 14:07:30,114.1738290471466,13.304947436773045,-3.500890553349343,300.91900740716727,17.83806712962963,2022-03-01 14:07:30+00:00,472.62378531576974,77.87508769395426,-7.223314859540628,543.0187879269682
2022-02-25 14:22:30,114.93435266891515,13.29667129585092,-3.5262473472572267,326.89239347131956,17.848483796296296,2022-03-01 14:22:30+00:00,471.0160495949308,77.73787696962324,-7.223432629219663,538.1899124803966
2022-02-25 14:37:30,115.69595237212482,13.289924964605357,-3.55074735883305,336.422840656758,17.858900462962964,2022-03-01 14:37:30+00:00,471.0160495949308,77.60066619952222,-7.223550157289382,539.695789278427
2022-02-25 14:52:30,116.45841879247122,13.284711691017009,-3.5743760583962287,331.365868680811,17.86931712962963,2022-03-01 14:52:30+00:00,469.4172383197638,77.46345538361108,-7.2236674437487025,537.3603441633492
2022-02-25 15:07:30,117.22154122416568,13.281033990142054,-3.597119893182728,351.2806133199345,17.879733796296296,2022-03-01 15:07:30+00:00,467.82778401539844,77.32624452183501,-7.223784488596563,531.4412910406232
2022-02-25 15:22:30,117.98510793871958,13.278893638937102,-3.618966319660244,378.23839732888143,17.890150462962964,2022-03-01 15:22:30+00:00,467.82778401539844,77.18903361416858,-7.223901291831892,543.00264751016
2022-02-25 15:37:30,118.74890650895134,13.278291672590122,-3.6399038326775153,385.1334857816248,17.90056712962963,2022-03-01 15:37:30+00:00,466.24810950898603,77.0518226605715,-7.22401785345362,526.3772954924875
2022-02-25 15:52:30,119.51272413413412,13.279228382381786,-3.659921991217461,392.5441278535386,17.910983796296296,2022-03-01 15:52:30+00:00,464.6786292347686,76.91461166100389,-7.224134173460675,552.179558523465
2022-02-25 16:07:30,120.27634796830888,13.281703315081916,-3.679011440702819,400.31412899049434,17.921400462962964,2022-03-01 16:07:30+00:00,464.6786292347686,76.77740061541093,-7.224250251852028,539.7567374195087
2022-02-25 16:22:30,121.03956544740376,13.285715273887597,-3.6971639316832703,374.992576560407,17.93181712962963,2022-03-01 16:22:30+00:00,463.11975040944156,76.64018952376703,-7.224366088626597,538.7801217517411
2022-02-25 16:37:30,121.80216461609184,13.291262320895411,-3.714372334855089,327.2677763910725,17.942233796296296,2022-03-01 16:37:30+00:00,461.5718740886317,76.50297838604668,-7.224481683783354,515.2476349471341
2022-02-25 16:52:30,122.56393445212932,13.298341781101236,-3.730630652345082,360.1555991377215,17.952650462962964,2022-03-01 16:52:30+00:00,461.5718740886317,76.36576720216608,-7.224597037321245,515.1177889074384
2022-02-25 17:07:30,123.32466518705152,13.30695024790135,-3.745934025212058,354.0032607952826,17.96306712962963,2022-03-01 17:07:30+00:00,460.03539611408735,76.22855597211424,-7.224712149239237,514.5361316479848
2022-02-25 17:22:30,124.0841486091022,13.317083583185497,-3.7602787400661737,365.2231631031638,17.973483796296296,2022-03-01 17:22:30+00:00,460.03539611408735,76.09134469585096,-7.224827019536278,512.9920237432758
2022-02-25 17:37:30,124.84217841197652,13.32873694607493,-3.7736622204442134,392.9014110275116,17.983900462962964,2022-03-01 17:37:30+00:00,458.5107079600211,75.95413337335069,-7.224941648211353,527.3816148607467
2022-02-25 17:52:30,125.59855045846469,13.341904783080215,-3.786083031312678,419.5223866890135,17.99431712962963,2022-03-01 17:52:30+00:00,456.9981974859791,75.81692200452962,-7.225056035263428,538.4211781540663
2022-02-25 18:07:30,126.35306308699596,13.356580845298833,-3.7975408690626384,405.9292960795465,18.004733796296296,2022-03-01 18:07:30+00:00,456.9981974859791,75.6797105893913,-7.225170180691482,539.6494156928214
2022-02-25 18:22:30,127.1055173974145,13.372758201198238,-3.8080365503289406,412.028714524207,18.015150462962964,2022-03-01 18:22:30+00:00,455.49824960264544,75.54249912786655,-7.225284084494485,510.1436867713997
2022-02-25 18:37:30,127.85571752494656,13.39042925037344,-3.8175719974187454,319.17842869428847,18.02556712962963,2022-03-01 18:37:30+00:00,454.01124685613905,75.40528761992971,-7.22539774667144,507.7490261547023
2022-02-25 18:52:30,128.60347090394785,13.40958573851535,-3.8261502203859807,300.22270126586386,18.035983796296296,2022-03-01 18:52:30+00:00,454.01124685613905,75.2680760655407,-7.225511167221313,514.5613058801706
2022-02-25 19:07:30,129.3485885191752,13.43021877350643,-3.833775295880254,303.6865363841697,18.046400462962964,2022-03-01 19:07:30+00:00,452.5375699356438,75.13086446464477,-7.225624346143119,519.7226859580783
2022-02-25 19:22:30,130.09088514417166,13.4523188425634,-3.840452342928806,321.7519395070216,18.05681712962963,2022-03-01 19:22:30+00:00,451.0775981086275,74.99365281721643,-7.22573728343585,506.4994363825749
2022-02-25 19:37:30,130.83017956628993,13.475875830382154,-3.8461874958405065,375.0167602171598,18.067233796296296,2022-03-01 19:37:30+00:00,451.0775981086275,74.85644112323016,-7.225849979098501,505.7158756657921
2022-02-25 19:52:30,131.566294797569,13.50087903817716,-3.850987874409578,379.9513395506718,18.077650462962964,2022-03-01 19:52:30+00:00,449.6317095874799,74.71922938261658,-7.225962433130076,504.9526989426822
2022-02-25 20:07:30,132.29905827113393,13.52731720356205,-3.8548615516293743,364.6330135179904,18.08806712962963,2022-03-01 20:07:30+00:00,448.20028183113465,74.58201759532105,-7.226074645529602,496.1894162228051
2022-02-25 20:22:30,133.02830202247995,13.55517852117364,-3.8578175191234174,339.90826134171846,18.098483796296296,2022-03-01 20:22:30+00:00,448.20028183113465,74.4448057613617,-7.226186616296075,497.9443854235173
2022-02-25 20:37:30,133.75386285607652,13.58445066398433,-3.8598656505158297,325.55035090847207,18.108900462962964,2022-03-01 20:37:30+00:00,446.7836917851543,74.30759388065475,-7.226298345428519,497.3686302567771
2022-02-25 20:52:30,134.47558249527447,13.615120805164471,-3.8610166629604983,318.35194579963365,18.11931712962963,2022-03-01 20:52:30+00:00,445.3823160638571,74.17038195317465,-7.226409832925959,500.0927471712114
2022-02-25 21:07:30,135.19330771811804,13.647175640493964,-3.861282077065272,310.02062260630464,18.129733796296296,2022-03-01 21:07:30+00:00,445.3823160638571,74.03316997886668,-7.226521078787427,494.5027426663487
2022-02-25 21:22:30,135.90689047668624,13.680601411175216,-3.860674175434495,308.8272120200334,18.140150462962964,2022-03-01 21:22:30+00:00,443.9965310783685,73.89595795770528,-7.226632083011951,495.715080690039
2022-02-25 21:37:30,136.61618800021196,13.715383926968268,-3.8592059600621815,304.4075455099817,18.15056712962963,2022-03-01 21:37:30+00:00,443.9965310783685,73.75874588966501,-7.226742845598553,492.0979410127991
2022-02-25 21:52:30,137.32106288440568,13.75150858964063,-3.856891108803912,290.6517347329856,18.160983796296296,2022-03-01 21:52:30+00:00,442.6267131149951,73.62153377467651,-7.226853366546299,490.8736783528102
2022-02-25 22:07:30,138.0213831634856,13.788960416535788,-3.853743931151808,295.8056307437963,18.171400462962964,2022-03-01 22:07:30+00:00,441.2732383690601,73.48432161269969,-7.22696364585422,491.5428848650885
2022-02-25 22:22:30,138.71702236873932,13.827724064304867,-3.8497793235290896,281.7530836183283,18.18181712962963,2022-03-01 22:22:30+00:00,441.2732383690601,73.3471094036945,-7.2270736835213665,493.0015634523147
2022-02-25 22:37:30,139.407859571324,13.867783852630025,-3.845012724319124,255.79733101722488,18.192233796296296,2022-03-01 22:37:30+00:00,439.9364829403213,73.20989714766448,-7.22718347954679,491.16304952698937
2022-02-25 22:52:30,140.09377941151072,13.909123787949444,-3.839460068829547,242.6296254274924,18.202650462962964,2022-03-01 22:52:30+00:00,438.6168227973162,73.07268484452591,-7.227293033929549,494.64583830193175
2022-02-25 23:07:30,140.77467211315843,13.951727587032048,-3.8331377443910064,270.7455896279374,18.21306712962963,2022-03-01 23:07:30+00:00,438.6168227973162,72.93547249423868,-7.227402346668722,493.00011804185425
2022-02-25 23:22:30,141.45043348556135,13.995578700417145,-3.8260625457708506,325.503730707642,18.223483796296296,2022-03-01 23:22:30+00:00,437.31463371946836,72.79826009677726,-7.2275114177633455,497.16458648011235
2022-02-25 23:37:30,142.12096491196223,14.040660335607264,-3.8182516310768753,362.4646655448324,18.233900462962964,2022-03-01 23:37:30+00:00,436.0302912275437,72.66104765210153,-7.22762024721252,494.6661944992496
2022-02-25 23:52:30,142.78617332566665,14.086955479962043,-3.8097224783169414,365.92650621194775,18.24431712962963,2022-03-01 23:52:30+00:00,436.0302912275437,72.52383516017144,-7.2277288350152995,493.5955530279403
2022-02-26 00:07:30,143.44597117504497,14.134446923276188,-3.800492842754743,372.1322203672788,18.254733796296296,2022-03-02 00:07:30+00:00,434.76417051507065,72.38662262094695,-7.227837181170769,491.0823594880356
2022-02-26 00:22:30,144.10027637652544,14.183117279905794,-3.7905807152152247,366.848737077008,18.265150462962964,2022-03-02 00:22:30+00:00,433.5166463956488,72.24941003437334,-7.227945285678023,494.3185732835148
2022-02-26 00:37:30,144.74901225793317,14.23294901055388,-3.780004281445493,335.85375211273447,18.27556712962963,2022-03-02 00:37:30+00:00,433.5166463956488,72.11219740042525,-7.228053148536137,491.08699684659615
2022-02-26 00:52:30,145.3921074918418,14.283924443506468,-3.7687818826563113,353.82404548958243,18.285983796296296,2022-03-02 00:52:30+00:00,432.28809328365884,71.97498471904788,-7.228160769744218,492.0163235021332
2022-02-26 01:07:30,146.02949601916356,14.336025795318172,-3.756931977347034,336.3926544240401,18.296400462962964,2022-03-02 01:07:30+00:00,431.0788852287583,71.83777199023048,-7.228268149301358,495.4507512520868
2022-02-26 01:22:30,146.66111696541265,14.38923519102336,-3.7444731044778488,294.6942821368948,18.30681712962963,2022-03-02 01:22:30+00:00,431.0788852287583,71.7005592138892,-7.228375287206651,492.525421156473
2022-02-26 01:37:30,147.28691454849343,14.443534683717884,-3.731423848088108,311.93428736610304,18.317233796296296,2022-03-02 01:37:30+00:00,429.88939602769744,71.56334639004227,-7.228482183459225,487.70172509738455
2022-02-26 01:52:30,147.90683797948856,14.49890627352496,-3.7178028034131976,309.1560367602963,18.327650462962964,2022-03-02 01:52:30+00:00,429.88939602769744,71.42613351859147,-7.228588838058157,486.2966054535337
2022-02-26 02:07:30,148.52084135700247,14.555331925939596,-3.703628544547852,301.5995037843045,18.33806712962963,2022-03-02 02:07:30+00:00,428.7199994404118,71.28892059954038,-7.2286952510026,480.62595909006586
2022-02-26 02:22:30,149.12888355615098,14.612793589544234,-3.68891959369085,287.9011945475469,18.348483796296296,2022-03-02 02:22:30+00:00,427.57106954103483,71.15170763280533,-7.228801422291659,482.35948803561496
2022-02-26 02:37:30,149.7309281119395,14.67127321301258,-3.6736943920150953,291.64829815606436,18.358900462962964,2022-03-02 02:37:30+00:00,427.57106954103483,71.01449461838992,-7.228907351924452,485.000927471712
2022-02-26 02:52:30,150.32694309874347,14.730752761498152,-3.6579712721546858,308.22272092832316,18.36931712962963,2022-03-02 02:52:30+00:00,426.4429812384125,70.87728155623962,-7.229013039900123,478.8443702467075
2022-02-26 03:07:30,150.91690100510556,14.791214232248468,-3.641768432356422,285.94218917580383,18.379733796296296,2022-03-02 03:07:30+00:00,425.3361110048783,70.74006844629996,-7.229118486217789,477.2795929724143
2022-02-26 03:22:30,151.50077860597588,14.852639669602777,-3.625103912252107,281.3065724821965,18.390150462962964,2022-03-02 03:22:30+00:00,425.3361110048783,70.60285528854543,-7.229223690876598,476.90595436839175
2022-02-26 03:37:30,152.07855683201998,14.915011179262118,-3.607995570271432,250.84804115809095,18.40056712962963,2022-03-02 03:37:30+00:00,424.2508378564438,70.46564208292146,-7.229328653875703,476.87170925902143
2022-02-26 03:52:30,152.65022063672856,14.978310941867598,-3.590461062670873,330.821271698786,18.410983796296296,2022-03-02 03:52:30+00:00,423.18754463216214,70.32842882941713,-7.229433375214246,477.9076238174736
2022-02-26 04:07:30,153.21575886176777,15.042521225877042,-3.5725178241581643,320.53033372773393,18.421400462962964,2022-03-02 04:07:30+00:00,423.18754463216214,70.19121552796351,-7.229537854891371,477.8098177096508
2022-02-26 04:22:30,153.77516410131105,15.10762439976097,-3.554183050078823,324.92989934680776,18.43181712962963,2022-03-02 04:22:30+00:00,422.1466196252031,70.05400217853506,-7.229642092906243,477.6002331928876
2022-02-26 04:37:30,154.32843256578315,15.173602943529083,-3.5354736801305187,330.30569621568446,18.442233796296296,2022-03-02 04:37:30+00:00,421.12845862311747,69.91678878109191,-7.229746089258019,475.4186270046037
2022-02-26 04:52:30,154.87556394481214,15.240439459527517,-3.5164063835834054,414.3744184972319,18.452650462962964,2022-03-02 04:52:30+00:00,421.12845862311747,69.77957533557955,-7.22984984394588,473.3815618623632
2022-02-26 05:07:30,155.41656127101433,15.308116682657264,-3.4969975459250424,409.363547479531,18.46306712962963,2022-03-02 05:07:30+00:00,420.1334674198417,69.64236184198705,-7.229953356968974,476.2044484915937
2022-02-26 05:22:30,155.9514307838639,15.376617489880468,-3.4772632569234547,427.3776021259923,18.473483796296296,2022-03-02 05:22:30+00:00,419.16206486715936,69.5051483002309,-7.230056628326504,475.1027353281109
2022-02-26 05:37:30,156.48018179436312,15.445924909091534,-3.457219300039653,415.93528897368634,18.483900462962964,2022-03-02 05:37:30+00:00,419.16206486715936,69.36793471031487,-7.230159658017626,474.2153589315526
2022-02-26 05:52:30,157.00282655128382,15.5160221274058,-3.4368811431292023,403.55520069681353,18.49431712962963,2022-03-02 05:52:30+00:00,418.2146865385613,69.23072107216986,-7.230262446041531,471.9373559106448
2022-02-26 06:07:30,157.51938010809724,15.5868924987597,-3.4162639304085274,411.722641649713,18.504733796296296,2022-03-02 06:07:30+00:00,418.2146865385613,69.09350738577056,-7.230364992397427,470.8873763965583
2022-02-26 06:22:30,158.02986019299684,15.658519551050876,-3.3953824755755937,346.4611561905501,18.515150462962964,2022-03-02 06:22:30+00:00,417.2917890836605,68.95629365107709,-7.230467297084486,468.41958820255985
2022-02-26 06:37:30,158.5342870793689,15.730886992565972,-3.374251256099999,362.2208889816361,18.52556712962963,2022-03-02 06:37:30+00:00,416.39385535645033,68.8190798680495,-7.230569360101937,470.205898720089
2022-02-26 06:52:30,159.0326834593647,15.80397871792155,-3.35288440856854,416.8965081859121,18.535983796296296,2022-03-02 06:52:30+00:00,416.39385535645033,68.68186603661889,-7.230671181448944,469.1691539771673
2022-02-26 07:07:30,159.52507431990722,15.877778813490671,-3.331295725041872,409.49961998921674,18.546400462962964,2022-03-02 07:07:30+00:00,415.5214004056076,68.54465215678903,-7.230772761124742,465.9087897819117
2022-02-26 07:22:30,160.01148682092247,15.952271562270436,-3.3094986503832304,380.6854561524109,18.55681712962963,2022-03-02 07:22:30+00:00,414.67497841957544,68.4074382284909,-7.230874099128552,465.6609500682957
2022-02-26 07:37:30,160.49195017628054,16.0274414482512,-3.2875062804874,344.35992542694373,18.567233796296296,2022-03-02 07:37:30+00:00,414.67497841957544,68.2702242517138,-7.230975195459568,465.961788165461
2022-02-26 07:52:30,160.9664955378578,16.103273160335085,-3.265331361350622,340.660791241216,18.577650462962964,2022-03-02 07:52:30+00:00,413.85519072304555,68.13301022638883,-7.231076050117045,463.6135984216118
2022-02-26 08:07:30,161.43515588238932,16.17975159577886,-3.2429862889341674,343.3075878734337,18.58806712962963,2022-03-02 08:07:30+00:00,413.06269492433285,67.99579615249067,-7.231176663100176,462.3038397328881
2022-02-26 08:22:30,161.89796590134708,16.256861863201042,-3.2204831097644857,345.8331980018578,18.598483796296296,2022-03-02 08:22:30+00:00,413.06269492433285,67.858582029965,-7.231277034408224,460.84214431459833
2022-02-26 08:37:30,162.35496189403727,16.33458928517103,-3.197833522215882,328.95699181174973,18.608900462962964,2022-03-02 08:37:30+00:00,412.29821531448226,67.72136785878656,-7.231377164040417,460.0971315829413
2022-02-26 08:52:30,162.80618166382342,16.412919400398074,-3.175048878425955,338.51360568522114,18.61931712962963,2022-03-02 08:52:30+00:00,411.5625546180499,67.58415363891551,-7.231477051995992,460.4197879656978
2022-02-26 09:07:30,163.25166441755266,16.49183796554527,-3.1521401867921917,317.36030639300793,18.629733796296296,2022-03-02 09:07:30+00:00,411.5625546180499,67.44693937031214,-7.231576698274202,459.7755518456688
2022-02-26 09:22:30,163.6914506682239,16.571330956656013,-3.12911811500789,198.29157545325216,18.640150462962964,2022-03-02 09:22:30+00:00,410.8566071913803,67.30972505293659,-7.231676102874304,459.654980523094
2022-02-26 09:37:30,164.12558214120526,16.65138457030851,-3.1059929935699033,177.01595682727026,18.65056712962963,2022-03-02 09:37:30+00:00,410.1813737555562,67.17251068672007,-7.231775265795555,460.06222492032174
2022-02-26 09:52:30,164.55410168300787,16.731985224329794,-3.0827748197595333,184.9268885236743,18.660983796296296,2022-03-02 09:52:30+00:00,410.1813737555562,67.03529627168109,-7.231874187037204,459.5542835943504
2022-02-26 10:07:30,164.97705316967608,16.813119558109314,-3.059473263930618,187.81302170283809,18.671400462962964,2022-03-02 10:07:30+00:00,409.5379777363025,66.8980818077216,-7.231972866598542,458.4399925802263
2022-02-26 10:22:30,165.3944814313754,16.894774433158133,-3.0360976704693883,190.51986774325565,18.68181712962963,2022-03-02 10:22:30+00:00,409.5379777363025,66.76086729484567,-7.232071304478825,458.6957097808517
2022-02-26 10:37:30,165.80643217209797,16.976936933116967,-3.0126570624810607,195.03435959156735,18.692233796296296,2022-03-02 10:37:30+00:00,408.9276832597614,66.62365273296973,-7.232169500677331,457.39194954553886
2022-02-26 10:52:30,166.21295188164245,17.05959436291227,-2.9891601514011796,210.5922321898365,18.702650462962964,2022-03-02 10:52:30+00:00,408.35191481839576,66.486438122098,-7.232267455193346,456.8646156292232
2022-02-26 11:07:30,166.61408776616864,17.142734248446647,-2.9656153404827705,228.69651355301713,18.71306712962963,2022-03-02 11:07:30+00:00,408.35191481839576,66.34922346216155,-7.232365168026155,455.4535336672232
2022-02-26 11:22:30,167.0098876765646,17.226344335780723,-2.942030730603396,235.01914956299711,18.723483796296296,2022-03-02 11:22:30+00:00,407.8122785718109,66.21200875313522,-7.232462639175059,454.6757823886372
2022-02-26 11:37:30,167.40040003963247,17.310412590078634,-2.9184141262674963,248.90293346052948,18.733900462962964,2022-03-02 11:37:30+00:00,407.3105851787255,66.07479399497944,-7.232559868639342,453.7265813392691
2022-02-26 11:52:30,167.78567379303948,17.394927194480864,-2.894773041732746,239.02483386708067,18.74431712962963,2022-03-02 11:52:30+00:00,407.3105851787255,65.93757918765459,-7.232656856418319,453.0656507284221
2022-02-26 12:07:30,168.16575832232166,17.479876548662883,-2.8711147073073904,240.10171992079825,18.754733796296296,2022-03-02 12:07:30+00:00,406.84887396356703,65.80036433110645,-7.2327536025112975,455.375361051488
2022-02-26 12:22:30,168.54070340145398,17.565249267320684,-2.8474460757269893,238.6032056061816,18.765150462962964,2022-03-02 12:22:30+00:00,406.42943809832605,65.66314942530992,-7.232850106917584,454.6061617847929
2022-02-26 12:37:30,168.91055913572504,17.651034178441353,-2.8237738286308516,251.48891563458477,18.77556712962963,2022-03-02 12:37:30+00:00,406.42943809832605,65.5259344702255,-7.232946369636489,453.7085618888625
2022-02-26 12:52:30,169.27537590766445,17.737220321489705,-2.8001043830864623,263.0064374476267,18.785983796296296,2022-03-02 12:52:30+00:00,406.0548503207857,65.38871946579897,-7.233042390667351,452.9215358931553
2022-02-26 13:07:30,169.63520432554887,17.82379694543079,-2.7764438981607915,274.05365531700124,18.796400462962964,2022-03-02 13:07:30+00:00,405.7279885070564,65.2515044120199,-7.233138170009488,453.1759281341919
2022-02-26 13:22:30,169.99009517410636,17.910753506597242,-2.7527982815278436,277.7079828248118,18.80681712962963,2022-03-02 13:22:30+00:00,405.7279885070564,65.1142893088051,-7.233233707662245,452.43925060285665
2022-02-26 13:37:30,170.3400993684047,17.998079666540253,-2.7291731960528613,284.9904880226735,18.817233796296296,2022-03-02 13:37:30+00:00,405.4520601625741,64.97707415614403,-7.233329003624939,450.7698015210536
2022-02-26 13:52:30,170.6852679097876,18.08576528973723,-2.7055740663817276,289.4941634241245,18.827650462962964,2022-03-02 13:52:30+00:00,405.4520601625741,64.83985895401182,-7.233424057896926,449.8970145046939
2022-02-26 14:07:30,171.025651843867,18.17380044115249,-2.682006085519239,282.8318515355049,18.83806712962963,2022-03-02 14:07:30+00:00,405.230624585322,64.70264370233986,-7.233518870477567,449.5693881336619
2022-02-26 14:22:30,171.36130222137953,18.26217538382247,-2.6584742213416055,287.4515268229201,18.848483796296296,2022-03-02 14:22:30+00:00,405.06761108407363,64.56542840108855,-7.233613441366185,448.9907421460009
2022-02-26 14:37:30,171.69227006082463,18.3508805763116,-2.634983223075698,292.6558269384549,18.858900462962964,2022-03-02 14:37:30+00:00,405.06761108407363,64.42821305024762,-7.233707770562167,447.6092633020847
2022-02-26 14:52:30,172.01860631319997,18.43990667008282,-2.6115376277220035,281.41042362270446,18.86931712962963,2022-03-02 14:52:30+00:00,404.96733120285586,64.2909976497484,-7.233801858064863,447.2984073985743
2022-02-26 15:07:30,172.34036182923742,18.529244506915283,-2.588141766381744,298.5799862515958,18.879733796296296,2022-03-02 15:07:30+00:00,404.9344824167219,64.15378219956617,-7.233895703873639,446.80022259321095
2022-02-26 15:22:30,172.65758732802482,18.618885116158705,-2.5647997705343655,295.5977212344829,18.890150462962964,2022-03-02 15:22:30+00:00,404.9344824167219,64.01656669964675,-7.233989307987881,445.54416090309246
2022-02-26 15:37:30,172.97033336755456,18.708819711975377,-2.541515578219851,299.17304033854873,18.90056712962963,2022-03-02 15:37:30+00:00,404.9741402387921,63.879351149965395,-7.23408267040696,446.57931569450767
2022-02-26 15:52:30,173.27865031772868,18.79903969063618,-2.518292940106019,279.3488498989886,18.910983796296296,2022-03-02 15:52:30+00:00,405.0917351428876,63.74213555049712,-7.2341757911302675,443.2519808145851
2022-02-26 16:07:30,173.58258833434272,18.88953662767307,-2.4951354254847296,272.7569204488101,18.921400462962964,2022-03-02 16:07:30+00:00,405.0917351428876,63.60491990115904,-7.234268670157193,441.8753478018921
2022-02-26 16:22:30,173.88219733502078,18.98030227506326,-2.472046428148516,269.51534009341117,18.93181712962963,2022-03-02 16:22:30+00:00,405.2930102058146,63.46770420194085,-7.2343613074871245,441.285740784906
2022-02-26 16:37:30,174.1775269769991,19.071328558420596,-2.449029172152723,270.40324123869163,18.942233796296296,2022-03-02 16:37:30+00:00,405.58395497590465,63.330488452803166,-7.234453703119454,441.55073270265257
2022-02-26 16:52:30,174.4686266359253,19.162607574110424,-2.42608671747929,269.8193487199808,18.952650462962964,2022-03-02 16:52:30+00:00,405.58395497590465,63.19327265370664,-7.234545857053622,439.4731960675199
2022-02-26 17:07:30,174.7555453865557,19.254131586415127,-2.403221965569997,280.78397328881465,18.96306712962963,2022-03-02 17:07:30+00:00,405.97071087228966,63.05605680461204,-7.234637769289007,435.593714391711
2022-02-26 17:22:30,175.0383319846873,19.345893024675615,-2.380437664744919,301.5064017201172,18.973483796296296,2022-03-02 17:22:30+00:00,406.45944353147985,62.918840905465416,-7.234729439825034,437.4049341495085
2022-02-26 17:37:30,175.3170348503382,19.437884480423353,-2.3577364155022003,281.55452886593935,18.983900462962964,2022-03-02 17:37:30+00:00,406.45944353147985,62.781624956242055,-7.234820868661125,436.9663725256379
2022-02-26 17:52:30,175.59170205232925,19.530098704529017,-2.3351206756923286,278.92337030756136,18.99431712962963,2022-03-02 17:52:30+00:00,407.05617808663345,62.64440895688816,-7.234912055796719,433.4525796963192
2022-02-26 18:07:30,175.86238129418828,19.62252860439242,-2.312592765560062,278.85623325697867,19.004733796296296,2022-03-02 18:07:30+00:00,407.05617808663345,62.50719290739362,-7.235003001231226,430.7549619736598
2022-02-26 18:22:30,176.12911990079942,19.715167241062876,-2.29015487267956,295.83030541097907,19.015150462962964,2022-03-02 18:22:30+00:00,407.76659454740036,62.36997680769005,-7.235093704964112,428.4733815618624
2022-02-26 18:37:30,176.3919648065581,19.808007826436945,-2.2678090567513665,289.4138079595024,19.02556712962963,2022-03-02 18:37:30+00:00,408.59578239748276,62.232760657752834,-7.235184166994792,425.4720831014654
2022-02-26 18:52:30,176.6509625445263,19.90104372048805,-2.2455572542683906,279.96076469862226,19.035983796296296,2022-03-02 18:52:30+00:00,408.59578239748276,62.09554445752816,-7.235274387322735,425.5796698200705
2022-02-26 19:07:30,176.90615923623807,19.994268428437405,-2.223401283077212,269.74026478238926,19.046400462962964,2022-03-02 19:07:30+00:00,409.54795636284877,61.958328206991496,-7.235364365947384,424.80854333942807
2022-02-26 19:22:30,177.15760058293276,20.0876755980344,-2.201342846792484,280.4089825454876,19.05681712962963,2022-03-02 19:22:30+00:00,410.62613907113627,61.82111190608904,-7.2354541028682124,423.60415507327025
2022-02-26 19:37:30,177.40533185746006,20.181259016841157,-2.179383539094445,279.21341771169,19.067233796296296,2022-03-02 19:37:30+00:00,410.62613907113627,61.68389555481083,-7.235543598084659,421.6365900840024
2022-02-26 19:52:30,177.64939789668978,20.275012609436587,-2.1575248479273688,301.4204961485517,19.077650462962964,2022-03-02 19:52:30+00:00,411.83182094254073,61.546679153088554,-7.235632851596224,421.0615576224925
2022-02-26 20:07:30,177.8898430956459,20.36893043485779,-2.1357681595272626,275.9578376792562,19.08806712962963,2022-03-02 20:07:30+00:00,413.1646128676859,61.4094627008978,-7.235721863402366,415.1085141903172
2022-02-26 20:22:30,178.1267114012244,20.463006683844753,-2.114114762384921,272.013667396374,19.098483796296296,2022-03-02 20:22:30+00:00,413.1646128676859,61.27224619819936,-7.235810633502567,414.7044015157538
2022-02-26 20:37:30,178.3600463076649,20.55723567628644,-2.0925658510484664,266.85172962689757,19.108900462962964,2022-03-02 20:37:30+00:00,414.62191256386626,61.135029644954344,-7.235899161896319,414.2311259506585
2022-02-26 20:52:30,178.58989085212426,20.651611858611837,-2.071122529831409,261.12392249079204,19.11931712962963,2022-03-02 20:52:30+00:00,416.19861025393055,60.99781304109437,-7.235987448583109,414.7653496568355
2022-02-26 21:07:30,178.81628761095453,20.746129801221503,-2.049785816402935,259.840181593829,19.129733796296296,2022-03-02 21:07:30+00:00,416.19861025393055,60.8605963866388,-7.236075493562447,413.59673529957337
2022-02-26 21:22:30,179.03927869692873,20.84078419600561,-2.028556645255514,287.09658769804406,19.140150462962964,2022-03-02 21:22:30+00:00,417.8868625891203,60.72337968149037,-7.236163296833832,414.7044015157538
2022-02-26 21:37:30,179.25890575648896,20.935569853805145,-2.007435871081226,281.1424725964462,19.15056712962963,2022-03-02 21:37:30+00:00,419.67596456399843,60.58616292563916,-7.236250858396762,414.0339719638551
2022-02-26 21:52:30,179.47520996816678,21.030481702027977,-1.986424272014239,277.4700294914351,19.160983796296296,2022-03-02 21:52:30+00:00,419.67596456399843,60.44894611903171,-7.236338178250764,413.88374563666713
2022-02-26 22:07:30,179.6882320408709,21.125514782172377,-1.965522552795402,277.2658478682663,19.171400462962964,2022-03-02 22:07:30+00:00,421.5523466705208,60.3117292616727,-7.236425256395346,414.49638286032274
2022-02-26 22:22:30,179.89801221321787,21.220664247487985,-1.944731347810836,304.4027659588289,19.18181712962963,2022-03-02 22:22:30+00:00,421.5523466705208,60.17451235346507,-7.236512092830049,416.97104601946006
2022-02-26 22:37:30,180.10459025291016,21.315925360622987,-1.924051224040625,271.3075983580617,19.192233796296296,2022-03-02 22:37:30+00:00,423.4997181578795,60.03729539438443,-7.236598687554398,417.5551845668707
2022-02-26 22:52:30,180.308005456744,21.411293491324844,-1.9034826839049144,285.0586185778498,19.202650462962964,2022-03-02 22:52:30+00:00,425.49936701258287,59.90007838442094,-7.236685040567924,412.0868113522538
2022-02-26 23:07:30,180.50829665102455,21.506764114178537,-1.8830261680134517,275.9353786791215,19.21306712962963,2022-03-02 23:07:30+00:00,425.49936701258287,59.76286132352123,-7.236771151870188,412.3274240135676
2022-02-26 23:22:30,180.7055021921363,21.602332806379085,-1.8626820578215917,268.31540940326903,19.223483796296296,2022-03-02 23:22:30+00:00,427.53061388201303,59.62564421163201,-7.236857021460718,417.5403450194769
2022-02-26 23:37:30,180.89965996774455,21.69799524553752,-1.8424506781956511,234.23474922536263,19.233900462962964,2022-03-02 23:37:30+00:00,429.5714021161618,59.48842704871432,-7.2369426493390625,414.0604711556298
2022-02-26 23:52:30,181.09080739803417,21.793747207520273,-1.8223322998896636,287.80137438366273,19.24431712962963,2022-03-02 23:52:30+00:00,429.5714021161618,59.351209834758606,-7.237028035504817,413.94917455017617
2022-02-27 00:07:30,181.2789814376413,21.88958456439418,-1.802327141921012,285.4368175233691,19.254733796296296,2022-03-03 00:07:30+00:00,431.59899145884305,59.21399256969686,-7.237113179957509,411.5728595277844
2022-02-27 00:22:30,181.46421857734163,21.985503282255696,-1.7824353738938292,295.3138952517762,19.265150462962964,2022-03-03 00:22:30+00:00,433.5907109662843,59.07677525350493,-7.237198082696734,409.4963467250612
2022-02-27 00:37:30,181.64655484654412,22.0814994193127,-1.7626571181954376,292.38803979190493,19.27556712962963,2022-03-03 00:37:30+00:00,433.5907109662843,58.939557886144115,-7.237282743722052,406.5850491560007
2022-02-27 00:52:30,181.82602581545916,22.177569123753894,-1.7429924521639264,291.9175972899817,19.285983796296296,2022-03-03 00:52:30+00:00,435.5247194971336,58.80234046756109,-7.237367163033064,402.6036660427312
2022-02-27 01:07:30,182.00266659818348,22.273708631920258,-1.7234414101251854,291.3963401786149,19.296400462962964,2022-03-03 01:07:30+00:00,437.38072090650354,58.665122997731814,-7.237451340629345,400.0980470095662
2022-02-27 01:22:30,182.17651185521763,22.36991426627396,-1.7040039854018698,286.4832974050603,19.30681712962963,2022-03-03 01:22:30+00:00,437.38072090650354,58.52790547661756,-7.237535276510484,394.45636908074306
2022-02-27 01:37:30,182.34759579683688,22.466182433581892,-1.6846801322150575,251.85081932670957,19.317233796296296,2022-03-03 01:37:30+00:00,439.1405861410301,58.39068790416516,-7.237618970676104,395.8115377480987
2022-02-27 01:52:30,182.5159521862154,22.562509623024095,-1.665469767536159,248.06633645607695,19.327650462962964,2022-03-03 01:52:30+00:00,440.78884490576513,58.25347028035056,-7.237702423125786,394.1887272438191
2022-02-27 02:07:30,182.6816143429479,22.65889240441247,-1.646372772856658,267.102758813327,19.33806712962963,2022-03-03 02:07:30+00:00,440.78884490576513,58.11625260513511,-7.237785633859161,396.5637173066222
2022-02-27 02:22:30,182.84461514661183,22.75532742638224,-1.6273889959024226,270.47404589043754,19.348483796296296,2022-03-03 02:22:30+00:00,442.313023678899,57.979034878480235,-7.237868602875835,394.4908180300501
2022-02-27 02:37:30,183.0049870404692,22.85181141469255,-1.6085182522710633,274.4028633974913,19.358900462962964,2022-03-03 02:37:30+00:00,442.313023678899,57.84181710033289,-7.237951330175432,394.7412353923205
2022-02-27 02:52:30,183.1627620353481,22.94834117047984,-1.5897603270214002,280.07321439346697,19.36931712962963,2022-03-03 02:52:30+00:00,443.7038223164701,57.70459927065453,-7.238033815757587,392.97440178074567
2022-02-27 03:07:30,183.31797171354984,23.0449135686084,-1.5711149761912957,292.9720265483122,19.379733796296296,2022-03-03 03:07:30+00:00,444.9551360551491,57.56738138943577,-7.23811605962192,394.0363568911149
2022-02-27 03:22:30,183.4706472328653,23.141525556001927,-1.5525819282673892,283.1699891976824,19.390150462962964,2022-03-03 03:22:30+00:00,444.9551360551491,57.430163456608966,-7.238198061768093,393.20295730980206
2022-02-27 03:37:30,183.62081933089473,23.238174150097795,-1.5341608855806532,286.289194591564,19.40056712962963,2022-03-03 03:37:30+00:00,446.0639415743691,57.29294547215024,-7.238279822195747,392.16842886291965
2022-02-27 03:52:30,183.768518329102,23.334856437224804,-1.5158515256700682,280.44006212870323,19.410983796296296,2022-03-03 03:52:30+00:00,447.0300738275906,57.1557274360212,-7.2383613409045315,392.7471712112781
2022-02-27 04:07:30,183.91377413724925,23.431569571105673,-1.4976535025740016,277.7940104026424,19.421400462962964,2022-03-03 04:07:30+00:00,447.0300738275906,57.01850934816887,-7.238442617894104,394.40734557595994
2022-02-27 04:22:30,184.0566162576579,23.528310771321166,-1.4795664480856388,277.3173306311182,19.43181712962963,2022-03-03 04:22:30+00:00,447.8559242902996,56.881291208583974,-7.238523653164114,388.590411628809
2022-02-27 04:37:30,184.19707378968496,23.625077321845577,-1.461589972951297,279.4930997187271,19.442233796296296,2022-03-03 04:37:30+00:00,448.54609146558784,56.74407301719904,-7.238604446714265,389.7925113284045
2022-02-27 04:52:30,184.33517543414703,23.721866569630382,-1.4437236680178809,277.91448297582855,19.452650462962964,2022-03-03 04:52:30+00:00,448.54609146558784,56.606854773961096,-7.2386849985442145,389.334075310703
2022-02-27 05:07:30,184.47094949793,23.818675923163138,-1.4259671053448983,267.3447874907573,19.46306712962963,2022-03-03 05:07:30+00:00,449.1070117523944,56.46963647889015,-7.238765308653638,386.22704507512526
2022-02-27 05:22:30,184.60442389841305,23.91550285110372,-1.4083198392639598,263.8899258653112,19.473483796296296,2022-03-03 05:22:30+00:00,449.5465941296651,56.33241813190427,-7.238845377042248,387.4513077351141
2022-02-27 05:37:30,184.735626168084,24.0123448809302,-1.3907814073990488,258.79875018675745,19.483900462962964,2022-03-03 05:37:30+00:00,449.5465941296651,56.195199732979624,-7.23892520370972,377.58168375864534
2022-02-27 05:52:30,184.86458345921807,24.10919959762708,-1.3733513316428028,264.38282149836294,19.49431712962963,2022-03-03 05:52:30+00:00,449.87387653529333,56.057981282049,-7.239004788655749,377.4995362641439
2022-02-27 06:07:30,184.9913225482987,24.20606464237995,-1.3560291190976057,248.3425683532216,19.504733796296296,2022-03-03 06:07:30+00:00,450.0987161486179,55.92076277913227,-7.239084131880067,381.6638842515303
2022-02-27 06:22:30,185.1158698408258,24.30293771132435,-1.3388142629740134,244.1154657484199,19.515150462962964,2022-03-03 06:22:30+00:00,450.0987161486179,55.78354422414775,-7.239163233382359,385.1996917940157
2022-02-27 06:37:30,185.23825137582017,24.39981655431297,-1.3217062434530693,232.46526311686793,19.52556712962963,2022-03-03 06:37:30+00:00,450.2315206095259,55.6463256170571,-7.239242093162365,383.1385642737896
2022-02-27 06:52:30,185.35849283052295,24.49669897369177,-1.3047045285165293,221.4427146018558,19.535983796296296,2022-03-03 06:52:30+00:00,450.2315206095259,55.50910695783685,-7.239320711219795,385.7858335320773
2022-02-27 07:07:30,185.4766195249931,24.59358282314999,-1.28780857473575,222.42128580058852,19.546400462962964,2022-03-03 07:07:30+00:00,450.28302287238085,55.37188824644889,-7.239399087554393,380.3654238545725
2022-02-27 07:22:30,185.59265642665864,24.690466006521852,-1.271017828038327,214.26020111037775,19.55681712962963,2022-03-03 07:22:30+00:00,450.26409903720304,55.23466948284052,-7.239477222165888,379.4604764554681
2022-02-27 07:37:30,185.70662815507137,24.787346476698332,-1.2543317244299246,177.38513605685222,19.567233796296296,2022-03-03 07:37:30+00:00,450.26409903720304,55.09745066698829,-7.239555115054015,378.6217770358005
2022-02-27 07:52:30,185.81855898633657,24.884222234496352,-1.237749690696781,178.14574678728113,19.577650462962964,2022-03-03 07:52:30+00:00,450.1856261081607,54.96023179886869,-7.239632766218547,377.14709701354104
2022-02-27 08:07:30,185.92847285782145,24.981091327601582,-1.2212711450698417,193.7470362406865,19.58806712962963,2022-03-03 08:07:30+00:00,450.05837508829876,54.82301287840001,-7.239710175659223,375.6724169912818
2022-02-27 08:22:30,186.03639337257897,25.077951849492184,-1.204895497868181,189.82412548045193,19.598483796296296,2022-03-03 08:22:30+00:00,450.05837508829876,54.685793905588014,-7.239787343375808,375.83008718234095
2022-02-27 08:37:30,186.1423438039911,25.17480193841967,-1.1886221521098967,230.76296328604,19.608900462962964,2022-03-03 08:37:30+00:00,449.89293397001177,54.54857488035103,-7.239864269368065,375.91355963643105
2022-02-27 08:52:30,186.24634710029915,25.27163977642399,-1.1724505040935222,234.52618352645527,19.61931712962963,2022-03-03 08:52:30+00:00,449.69965485286684,54.41135580269483,-7.239940953635787,373.7446007896758
2022-02-27 09:07:30,186.3484258889104,25.368463588308163,-1.1563799439658655,270.80038310688616,19.629733796296296,2022-03-03 09:07:30+00:00,449.69965485286684,54.27413667255233,-7.240017396178725,371.2597919609605
2022-02-27 09:22:30,186.44860248099943,25.465271640674025,-1.1404098562589966,205.55188880692629,19.640150462962964,2022-03-03 09:22:30+00:00,449.4886194570216,54.13691748990033,-7.240093596996683,372.24719261447143
2022-02-27 09:37:30,186.54689887589632,25.56206224104097,-1.1245396203921194,197.79658704845295,19.65056712962963,2022-03-03 09:37:30+00:00,449.26961757083535,53.99969825470085,-7.240169556089459,369.523279539974
2022-02-27 09:52:30,186.6433367653948,25.65883373685619,-1.1087686111742556,250.98209548213427,19.660983796296296,2022-03-03 09:52:30+00:00,449.26961757083535,53.86247896690155,-7.240245273456843,367.18394293519503
2022-02-27 10:07:30,186.73793753817665,25.755584514637217,-1.0930961992659651,254.42529444955775,19.671400462962964,2022-03-03 10:07:30+00:00,449.05213337567363,53.72525962649383,-7.24032074909864,369.6637252563796
2022-02-27 10:22:30,186.83072228414196,25.852312999103273,-1.0775217516250035,217.1526187055946,19.68181712962963,2022-03-03 10:22:30+00:00,448.84533506063923,53.58804023341075,-7.240395983014664,366.7148951956965
2022-02-27 10:37:30,186.92171179856632,25.949017652272243,-1.0620446319416912,240.7624900125371,19.692233796296296,2022-03-03 10:37:30+00:00,448.84533506063923,53.450820787614525,-7.240470975204736,367.13040252272305
2022-02-27 10:52:30,187.01092658642116,26.045696972664565,-1.0466642010399485,229.46383507396047,19.702650462962964,2022-03-03 10:52:30+00:00,448.65806363415555,53.31360128909665,-7.240545725668678,366.1936560934891
2022-02-27 11:07:30,187.09838686657025,26.142349494459104,-1.0313798172715931,187.01597344471656,19.71306712962963,2022-03-03 11:07:30+00:00,448.65806363415555,53.17638173777573,-7.240620234406316,370.1407107083234
2022-02-27 11:22:30,187.1841125758479,26.23897378672156,-1.016190836882848,199.1031564234965,19.723483796296296,2022-03-03 11:22:30+00:00,448.49881734054634,53.03916213365774,-7.240694501417496,369.4490818030051
2022-02-27 11:37:30,187.26812337319615,26.335568452577732,-1.0010966143765008,196.13623224180375,19.733900462962964,2022-03-03 11:37:30+00:00,448.3757285991791,52.90194247667598,-7.240768526702057,372.42229112012086
2022-02-27 11:52:30,187.3504386437551,26.43213212849232,-0.9860965028436302,235.7982119600321,19.74431712962963,2022-03-03 11:52:30+00:00,448.3757285991791,52.76472276680733,-7.24084231025985,373.4942853473738
2022-02-27 12:07:30,187.4310775028898,26.528663483514816,-0.9711898542870944,277.54614184656475,19.754733796296296,2022-03-03 12:07:30+00:00,448.29653091644605,52.62750300401431,-7.240915852090731,375.5604069460497
2022-02-27 12:22:30,187.51005880003535,26.62516121852094,-0.9563760199329924,247.17171878651683,19.765150462962964,2022-03-03 12:22:30+00:00,448.2685138011176,52.49028318825938,-7.240989152194562,376.9483530752312
2022-02-27 12:37:30,187.58740112280148,26.721624065532417,-0.9416543505185032,251.28266089829785,19.77556712962963,2022-03-03 12:37:30+00:00,448.2685138011176,52.35306331949041,-7.241062210571193,374.9110470312474
2022-02-27 12:52:30,187.6631228007231,26.818050787010577,-0.9270241965721552,204.21244710175873,19.785983796296296,2022-03-03 12:52:30+00:00,448.2984643701737,52.21584339768442,-7.241135027220541,376.3256220685269
2022-02-27 13:07:30,187.73724190911145,26.914440175165,-0.9124849086807384,206.2386727555004,19.796400462962964,2022-03-03 13:07:30+00:00,448.3925950932351,52.07862342280416,-7.24120760214246,372.5468373214617
2022-02-27 13:22:30,187.8097762729415,27.010791051312548,-0.8980358377375532,209.10726697543896,19.80681712962963,2022-03-03 13:22:30+00:00,448.3925950932351,51.94140339478283,-7.241279935336843,371.7905911562005
2022-02-27 13:37:30,187.8807434704814,27.10710226521965,-0.8836763351838193,233.45331920864783,19.817233796296296,2022-03-03 13:37:30+00:00,448.55645801104197,51.80418331364139,-7.241352026803586,369.17084028937114
2022-02-27 13:52:30,187.95016083694105,27.203372694423475,-0.8694057532434187,237.409300845118,19.827650462962964,2022-03-03 13:52:30+00:00,448.79484678643536,51.66696317928418,-7.241423876542592,371.8790576887405
2022-02-27 14:07:30,188.01804546827776,27.299601243686627,-0.8552234451273154,243.56704281706257,19.83806712962963,2022-03-03 14:07:30+00:00,448.79484678643536,51.529742991717605,-7.2414954845537665,368.0068632906696
2022-02-27 14:22:30,188.08441422470375,27.395786844356874,-0.841128765245744,251.96991351087345,19.848483796296296,2022-03-03 14:22:30+00:00,449.11168909523315,51.39252275087521,-7.241566850837025,369.13639134006416
2022-02-27 14:37:30,188.14928373419747,27.491928453760593,-0.8271210694039876,233.6537640253135,19.858900462962964,2022-03-03 14:37:30+00:00,449.5099331040649,51.25530245673425,-7.2416379753922815,368.17447067864424
2022-02-27 14:52:30,188.2126703960883,27.588025054636297,-0.8131997149861605,239.9953229442066,19.86931712962963,2022-03-03 14:52:30+00:00,449.5099331040649,51.11808210924288,-7.241708858219468,366.730876246736
2022-02-27 15:07:30,188.274590384465,27.68407565459034,-0.7993640611274957,251.14962271237425,19.879733796296296,2022-03-03 15:07:30+00:00,449.9914330470971,50.98086170837845,-7.241779499318535,363.8498025810213
2022-02-27 15:22:30,188.33505965158813,27.780079285511967,-0.7856134688849364,245.17548703091404,19.890150462962964,2022-03-03 15:22:30+00:00,449.9914330470971,50.84364125410377,-7.241849898689395,370.76874155338265
2022-02-27 15:37:30,188.3940939312166,27.876035003051385,-0.7719473013912428,223.496525216446,19.90056712962963,2022-03-03 15:37:30+00:00,450.556840105678,50.70642074638167,-7.241920056332012,367.8213689482471
2022-02-27 15:52:30,188.4517087420122,27.971941886098698,-0.7583649240037821,240.34220458221552,19.910983796296296,2022-03-03 15:52:30+00:00,451.2055057864789,50.569200185160454,-7.2419899722463486,369.19866444073455
2022-02-27 16:07:30,188.5079193907009,28.067799036241635,-0.7448657044472543,233.18709477035372,19.921400462962964,2022-03-03 16:07:30+00:00,451.2055057864789,50.43197957041761,-7.242059646432343,367.51729072263294
2022-02-27 16:22:30,188.56274097540393,28.16360557731022,-0.7314490129402695,229.84221432608172,19.93181712962963,2022-03-03 16:22:30+00:00,451.9354056359043,50.29475890211596,-7.242129078889973,375.00463735856056
2022-02-27 16:37:30,188.6161883887129,28.25936065483935,-0.7181142223264787,234.39841596459215,19.942233796296296,2022-03-03 16:37:30+00:00,452.7430912675163,50.157538180204035,-7.242198269619217,374.33553276625065
2022-02-27 16:52:30,188.6682763208929,28.355063435616337,-0.7048607081885355,239.6367486667143,19.952650462962964,2022-03-03 16:52:30+00:00,452.7430912675163,50.020317404673875,-7.242267218620048,375.9801689684828
2022-02-27 17:07:30,188.71901926285724,28.450713107186804,-0.6916878489618873,232.2009550801724,19.96306712962963,2022-03-03 17:07:30+00:00,453.6236781786828,49.883096575444725,-7.242335925892458,376.166626917879
2022-02-27 17:22:30,188.7684315093781,28.54630887743306,-0.6785950260344651,299.4913701824701,19.973483796296296,2022-03-03 17:22:30+00:00,454.5708756012103,49.745875692523384,-7.242404391436437,375.1967564989268
2022-02-27 17:37:30,188.8165271618838,28.6418499740849,-0.6655816238493822,258.57825057265984,19.983900462962964,2022-03-03 17:37:30+00:00,454.5708756012103,49.60865475584384,-7.242472615251994,378.668150621406
2022-02-27 17:52:30,188.86332013159455,28.73733564432719,-0.6526470299913892,283.940159669488,19.99431712962963,2022-03-03 17:52:30+00:00,455.57706264932176,49.4714337653837,-7.242540597339128,379.42072766780615
2022-02-27 18:07:30,188.90882414228636,28.832765154320303,-0.6397906352787175,308.0987692666071,20.004733796296296,2022-03-03 18:07:30+00:00,456.6334123722789,49.33421272109155,-7.242608337697857,381.0694591996762
2022-02-27 18:22:30,188.9530527331653,28.92813778881578,-0.6270118338400106,259.6584450088669,20.015150462962964,2022-03-03 18:22:30+00:00,456.6334123722789,49.19699162295973,-7.242675836328195,383.8434427749953
2022-02-27 18:37:30,188.99601926178352,29.02345285074896,-0.6143100231882506,289.92118647358,20.02556712962963,2022-03-03 18:37:30+00:00,457.7300621676317,49.05977047092223,-7.242743093230176,384.429890272962
2022-02-27 18:52:30,189.0377369067171,29.11870966082357,-0.6016846042933409,247.4786122136115,20.035983796296296,2022-03-03 18:52:30+00:00,458.8563256403081,48.9225492649569,-7.242810108403838,384.560347832468
2022-02-27 19:07:30,189.07821867040013,29.213907557150588,-0.5891349816431938,256.21772721978493,20.046400462962964,2022-03-03 19:07:30+00:00,458.8563256403081,48.78532800501245,-7.242876881849219,383.0997790931013
2022-02-27 19:22:30,189.11747738157356,29.3090458948045,-0.5766605633123624,260.37169601735707,20.05681712962963,2022-03-03 19:22:30+00:00,460.0009377470242,48.648106691081225,-7.242943413566357,382.234941834274
2022-02-27 19:37:30,189.1555256982797,29.4041240455358,-0.564260761006429,256.2604340567613,20.067233796296296,2022-03-03 19:37:30+00:00,460.0009377470242,48.51088532308289,-7.243009703555314,381.6799042174668
2022-02-27 19:52:30,189.192376110231,29.4991413973395,-0.5519349901228109,315.2666896188849,20.077650462962964,2022-03-03 19:52:30+00:00,461.15232231255067,48.37366390100995,-7.243075751816158,387.46343621134946
2022-02-27 20:07:30,189.22804094141384,29.59409735413367,-0.5396826697938732,256.32061187250065,20.08806712962963,2022-03-03 20:07:30+00:00,462.2988690789399,48.23644242484034,-7.24314155834896,386.99419667700136
2022-02-27 20:22:30,189.2625323526832,29.6889913353914,-0.5275032229326644,243.80062750498564,20.098483796296296,2022-03-03 20:22:30+00:00,462.2988690789399,48.09922089450834,-7.243207123153777,398.100537933593
2022-02-27 20:37:30,189.29586234416095,29.78382277581626,-0.5153960762710519,254.6686337694607,20.108900462962964,2022-03-03 20:37:30+00:00,463.42920659660706,47.961999309991974,-7.243272446230706,397.1937355910645
2022-02-27 20:52:30,189.32804275782135,29.878591125023288,-0.5033606603946855,250.7642439084596,20.11931712962963,2022-03-03 20:52:30+00:00,464.53245760020843,47.824777671240135,-7.2433375275798335,394.46215072258474
2022-02-27 21:07:30,189.35908527966455,29.973295847149483,-0.491396409783841,251.6985673797414,20.129733796296296,2022-03-03 21:07:30+00:00,464.53245760020843,47.68755597823095,-7.243402367201258,397.7740678909293
2022-02-27 21:22:30,189.3890014424029,30.067936420639473,-0.4795027628295054,258.51646388598385,20.140150462962964,2022-03-03 21:22:30+00:00,465.5984649918893,47.55033423092783,-7.243466965095077,396.77239844184754
2022-02-27 21:37:30,189.4178026274898,30.16251233784014,-0.467679161873184,269.0647202702178,20.15056712962963,2022-03-03 21:37:30+00:00,466.61797899199865,47.41311242929454,-7.243531321261398,404.825502822164
2022-02-27 21:52:30,189.44550006765107,30.257023104756044,-0.4559250532219397,282.60719876837527,20.160983796296296,2022-03-03 21:52:30+00:00,466.61797899199865,47.27589057328,-7.243595435700347,405.082544982378
2022-02-27 22:07:30,189.47210484893628,30.35146824070389,-0.4442398871754618,259.8633381216756,20.171400462962964,2022-03-03 22:07:30+00:00,467.5827991110752,47.13866866286249,-7.243659308412042,403.7469857169356
2022-02-27 22:22:30,189.49762791318776,30.445847278095904,-0.4326231180358709,249.674879663252,20.18181712962963,2022-03-03 22:22:30+00:00,468.48586798265944,47.00144669799106,-7.243722939396624,405.0732702652569
2022-02-27 22:37:30,189.5220800599841,30.540159762081053,-0.4210742041312399,265.61323135458326,20.192233796296296,2022-03-03 22:37:30+00:00,468.48586798265944,46.864224678658545,-7.243786328654217,407.7156371730662
2022-02-27 22:52:30,189.54547194898015,30.634405250311925,-0.4095926078243935,263.8249222114679,20.202650462962964,2022-03-03 22:52:30+00:00,469.3213174062733,46.72700260479959,-7.243849476184963,407.1865808092853
2022-02-27 23:07:30,189.5678141018816,30.728583312654365,-0.3981777955250704,302.86912295686614,20.21306712962963,2022-03-03 23:07:30+00:00,470.08446986520175,46.58978047637796,-7.243912381989034,410.4062326099054
2022-02-27 23:22:30,189.58911690464095,30.822693530930582,-0.3868292376979449,306.1795599670008,20.223483796296296,2022-03-03 23:22:30+00:00,470.08446986520175,46.45255829338659,-7.243975046066569,409.5609083922941
2022-02-27 23:37:30,189.6093906094642,30.916735498667016,-0.3755464088679833,303.6417284621656,20.233900462962964,2022-03-03 23:37:30+00:00,470.7718010738198,46.31533605576018,-7.244037468417753,412.7620107586719
2022-02-27 23:52:30,189.6286453368578,31.01070882084125,-0.3643287876247147,304.42956159097844,20.24431712962963,2022-03-03 23:52:30+00:00,470.7718010738198,46.1781137634771,-7.244099649042738,413.5257480416078
2022-02-28 00:07:30,189.64689107748725,31.104613113596905,-0.3531758566292956,289.95142141355353,20.254733796296296,2022-03-04 00:07:30+00:00,471.3808706497042,46.040891416501346,-7.244161587941726,412.46521981079576
2022-02-28 00:22:30,189.6641376943644,31.198448004074265,-0.3420871026059769,352.98586636486533,20.265150462962964,2022-03-04 00:22:30+00:00,471.9102287769409,45.90366901478232,-7.244223285114883,421.75848636616576
2022-02-28 00:37:30,189.68039492450828,31.292213130095487,-0.3310620163509842,341.64228121678394,20.27556712962963,2022-03-04 00:37:30+00:00,471.9102287769409,45.766446558298426,-7.244284740562425,425.3160028619127
2022-02-28 00:52:30,189.69567238106956,31.385908140004712,-0.3201000927203876,314.5102093715877,20.285983796296296,2022-03-04 00:52:30+00:00,472.3593067965653,45.629224046999155,-7.244345954284531,428.18719029069615
2022-02-28 01:07:30,189.70997955501292,31.47953269237458,-0.3092008306338172,321.4551061632773,20.296400462962964,2022-03-04 01:07:30+00:00,472.72829915635583,45.49200148087779,-7.2444069262814255,435.8467816731589
2022-02-28 01:22:30,189.72332581706823,31.57308645585012,-0.2983637330616649,300.2255948630337,20.30681712962963,2022-03-04 01:22:30+00:00,472.72829915635583,45.35477885986912,-7.24446765655332,432.2988456544383
2022-02-28 01:37:30,189.7357204194296,31.66656910886926,-0.2875883070240095,281.498671829894,20.317233796296296,2022-03-04 01:37:30+00:00,473.01804323503376,45.21755618395184,-7.24452814510044,423.71412671913504
2022-02-28 01:52:30,189.74717249760565,31.759980339500153,-0.2768740635770452,272.95691844742356,20.327650462962964,2022-03-04 01:52:30+00:00,473.2299023900113,45.080333453075575,-7.244588391922997,423.9658690409942
2022-02-28 02:07:30,189.75769107213353,31.85331984520934,-0.2662205178056794,266.06393196615187,20.33806712962963,2022-03-04 02:07:30+00:00,473.2299023900113,44.943110667233654,-7.244648397021271,421.86183321408697
2022-02-28 02:22:30,189.76728505028672,31.94658733269078,-0.2556271888090987,267.043653595819,20.348483796296296,2022-03-04 02:22:30+00:00,473.36565631256667,44.80588782636105,-7.244708160395461,424.5826377295491
2022-02-28 02:37:30,189.77596322774653,32.03978251761609,-0.2450935996941008,266.1006654000729,20.358900462962964,2022-03-04 02:37:30+00:00,473.42740153115835,44.66866493042206,-7.2447676820458335,427.19061684003253
2022-02-28 02:52:30,189.78373429035025,32.13290512448595,-0.2346192775567278,272.7523572298335,20.36931712962963,2022-03-04 02:52:30+00:00,473.42740153115835,44.53144197941008,-7.2448269619726675,432.33166388425144
2022-02-28 03:07:30,189.79060681550376,32.22595488639728,-0.2242037534728551,262.31980320577594,20.379733796296296,2022-03-04 03:07:30+00:00,473.41746377060394,44.39421897327485,-7.244886000176208,428.97136252728905
2022-02-28 03:22:30,189.79658927413792,32.31893154494763,-0.2138465624727425,266.2627875752214,20.390150462962964,2022-03-04 03:22:30+00:00,473.33832290698746,44.25699591195162,-7.244944796656729,433.72287145242063
2022-02-28 03:37:30,189.8016900318881,32.41183484990992,-0.2035472435409259,263.4396367486667,20.40056712962963,2022-03-04 03:37:30+00:00,473.33832290698746,44.11977279544842,-7.245003351414518,431.991414261865
2022-02-28 03:52:30,189.80591735098665,32.504664559216664,-0.193305339581106,260.6853800261418,20.410983796296296,2022-03-04 03:52:30+00:00,473.19255048142713,43.982549623700514,-7.245061664449858,444.09571508069
2022-02-28 04:07:30,189.80927939153585,32.597420438650495,-0.1831203974133223,261.949196529172,20.421400462962964,2022-03-04 04:07:30+00:00,473.19255048142713,43.8453263966869,-7.245119735763065,441.003524392506
2022-02-28 04:22:30,189.8117842132128,32.69010226176232,-0.1729919677455667,255.75442274592024,20.43181712962963,2022-03-04 04:22:30+00:00,472.9827591533461,43.70810311437218,-7.245177565354408,435.60961390677585
2022-02-28 04:37:30,189.81343977658057,32.78270980966658,-0.1629196051589,252.73064891365172,20.442233796296296,2022-03-04 04:37:30+00:00,472.71156307258536,43.57087977670616,-7.245235153224211,432.5626043405676
2022-02-28 04:52:30,189.81425394467743,32.87524287088915,-0.1529028680858342,251.66310776358532,20.452650462962964,2022-03-04 04:52:30+00:00,472.71156307258536,43.433656383682546,-7.245292499372809,429.7241434136258
